{"PREVALENCE_BY_GENDER_AGE_YEAR":{"TRELLIS_NAME":["50-59","70-79","60-69","80-89","50-59","30-39","70-79","60-69","40-49","50-59","60-69","70-79","50-59","80-89","60-69","60-69","80-89","70-79","70-79","40-49","40-49","40-49","80-89","60-69","50-59","70-79","80-89","70-79","80-89","40-49","60-69","70-79","60-69","50-59","60-69","50-59","80-89","40-49","70-79","60-69","40-49","70-79","80-89","70-79","50-59","50-59","30-39","40-49","70-79","60-69","80-89","50-59","70-79","60-69","70-79","40-49","50-59","60-69","80-89","70-79","60-69","80-89","80-89","60-69","70-79","50-59","40-49","70-79","80-89","60-69","70-79","80-89","40-49","50-59","70-79","80-89","60-69","60-69","30-39","70-79","60-69","70-79","50-59","80-89","80-89","60-69","70-79","70-79","60-69","50-59"],"SERIES_NAME":["MALE","MALE","MALE","MALE","FEMALE","MALE","FEMALE","MALE","MALE","MALE","FEMALE","MALE","MALE","FEMALE","MALE","FEMALE","MALE","MALE","FEMALE","FEMALE","MALE","MALE","FEMALE","MALE","MALE","MALE","MALE","FEMALE","MALE","MALE","FEMALE","MALE","MALE","MALE","MALE","MALE","MALE","MALE","MALE","MALE","FEMALE","MALE","MALE","FEMALE","MALE","MALE","MALE","MALE","MALE","FEMALE","MALE","FEMALE","FEMALE","MALE","MALE","FEMALE","MALE","MALE","FEMALE","FEMALE","FEMALE","MALE","FEMALE","FEMALE","MALE","MALE","MALE","FEMALE","MALE","MALE","MALE","FEMALE","FEMALE","MALE","FEMALE","MALE","MALE","FEMALE","MALE","MALE","MALE","FEMALE","MALE","FEMALE","MALE","MALE","MALE","MALE","MALE","MALE"],"X_CALENDAR_YEAR":[2005,2005,2005,2006,2006,2006,2006,2006,2006,2006,2006,2006,2007,2007,2007,2007,2007,2007,2007,2007,2007,2008,2008,2008,2008,2008,2008,2008,2009,2009,2009,2009,2009,2009,2010,2010,2010,2010,2010,2011,2011,2011,2011,2011,2011,2012,2012,2012,2012,2012,2012,2012,2012,2012,2013,2013,2013,2013,2013,2013,2013,2013,2014,2014,2014,2014,2014,2014,2014,2014,2015,2015,2015,2015,2015,2015,2015,2015,2015,2016,2016,2016,2016,2017,2017,2017,2017,2018,2018,2018],"Y_PREVALENCE_1000PP":[0.01884,0.08864,0.03382,0.07781,0.01879,0.01793,0.03575,0.07464,0.03517,0.04258,0.03095,0.10267,0.03742,0.04331,0.08416,0.02418,0.19066,0.12767,0.02842,0.01466,0.02553,0.01576,0.04863,0.07694,0.03941,0.13903,0.18054,0.03221,0.23136,0.02012,0.02582,0.14749,0.05245,0.02229,0.07055,0.02184,0.27092,0.02442,0.13577,0.07799,0.01819,0.12286,0.21035,0.03129,0.02913,0.02366,0.01477,0.01337,0.12709,0.02135,0.11381,0.01611,0.04904,0.08468,0.12895,0.01402,0.0362,0.06879,0.04177,0.05245,0.02732,0.08187,0.05122,0.02249,0.13201,0.05887,0.01468,0.07628,0.17975,0.11598,0.15373,0.07197,0.017,0.05756,0.06345,0.26259,0.11904,0.03493,0.0288,0.10155,0.03466,0.03396,0.03371,0.06484,0.10579,0.02947,0.1238,0.06075,0.03313,0.02916]},"PREVALENCE_BY_MONTH":{"X_CALENDAR_MONTH":[200507,200508,200509,200510,200511,200512,200601,200602,200603,200604,200605,200606,200607,200608,200609,200610,200611,200612,200701,200702,200703,200704,200705,200706,200707,200708,200709,200710,200711,200712,200801,200802,200803,200804,200805,200806,200807,200808,200809,200810,200811,200812,200901,200902,200903,200904,200905,200906,200907,200908,200909,200910,200911,200912,201001,201002,201003,201004,201005,201006,201007,201008,201009,201010,201011,201012,201101,201102,201103,201104,201105,201106,201107,201108,201109,201110,201111,201112,201201,201202,201203,201204,201205,201206,201207,201208,201209,201210,201211,201212,201301,201302,201303,201304,201305,201306,201307,201308,201309,201310,201311,201312,201401,201402,201403,201404,201405,201406,201407,201408,201409,201410,201411,201412,201501,201502,201503,201504,201505,201506,201507,201508,201509,201510,201511,201512,201601,201602,201603,201605,201607,201608,201609,201610,201611,201612,201701,201702,201703,201705,201706,201710,201712,201804,201807,201808,201809,201810,201901,201903],"Y_PREVALENCE_1000PP":[0.002,0.002,0.00549,0.00417,0.00438,0.00372,0.00584,0.00477,0.00585,0.00409,0.00301,0.00363,0.00299,0.00192,0.00425,0.00422,0.00441,0.00336,0.00395,0.00456,0.00414,0.00474,0.00491,0.00365,0.00281,0.00261,0.00239,0.00472,0.0039,0.00449,0.00484,0.00446,0.00448,0.00407,0.00407,0.00499,0.0023,0.00268,0.00437,0.00379,0.00493,0.00341,0.00302,0.00358,0.00489,0.00359,0.0017,0.00264,0.00301,0.00471,0.003,0.00169,0.00396,0.00342,0.0036,0.00532,0.00419,0.00247,0.00438,0.00382,0.0021,0.00191,0.00513,0.00434,0.006,0.00638,0.00449,0.00317,0.00501,0.00352,0.00479,0.00515,0.00202,0.0022,0.00328,0.00327,0.00365,0.0031,0.00455,0.00346,0.00327,0.00327,0.00346,0.00309,0.0031,0.00291,0.00236,0.00381,0.00311,0.00294,0.00422,0.00442,0.00426,0.00352,0.00316,0.00279,0.00334,0.00334,0.0037,0.00505,0.00264,0.00365,0.00401,0.00592,0.00364,0.00326,0.0046,0.00484,0.00431,0.00395,0.00575,0.00506,0.00409,0.00311,0.00436,0.0071,0.00518,0.00497,0.00497,0.00473,0.00832,0.00247,0.00157,0.00419,0.00355,0.00148,0.00247,0.00199,0.0015,0.00152,0.00184,0.00187,0.00188,0.00217,0.00219,0.00219,0.00301,0.00252,0.00312,0.00228,0.00204,0.00207,0.00304,0.00309,0.00315,0.00255,0.00192,0.0026,0.00197,0.00231]},"OBS_FREQUENCY_DISTRIBUTION":{"Y_NUM_PERSONS":[0,0,0,0,0,0,0,0,0,0,0,0,0,0,0,0,0,0,0,0,0,0,0,0,0,0],"X_COUNT":[1,2,3,4,5,6,7,8,9,10,11,12,13,14,15,16,17,19,20,21,22,23,24,27,32,34]},"OBSERVATIONS_BY_TYPE":{"CONCEPT_NAME":"Observation recorded from EHR","COUNT_VALUE":2908},"AGE_AT_FIRST_OCCURRENCE":{"CATEGORY":["FEMALE","MALE"],"MIN_VALUE":[0,1],"P10_VALUE":[23,35],"P25_VALUE":[41,54],"MEDIAN_VALUE":[62,67],"P75_VALUE":[75,77],"P90_VALUE":[83,83],"MAX_VALUE":[97,93]}}
