{"PREVALENCE_BY_GENDER_AGE_YEAR":{"TRELLIS_NAME":["20-29","0-9","0-9","30-39","20-29","10-19","30-39","20-29","20-29","0-9","30-39","10-19","10-19","0-9","20-29","20-29","0-9"],"SERIES_NAME":["FEMALE","MALE","FEMALE","FEMALE","MALE","FEMALE","MALE","MALE","FEMALE","FEMALE","MALE","FEMALE","MALE","MALE","FEMALE","FEMALE","MALE"],"X_CALENDAR_YEAR":[2002,2002,2002,2002,2002,2002,2002,2003,2003,2003,2003,2003,2003,2006,2008,2010,2010],"Y_PREVALENCE_1000PP":[0.0536,0.03957,0.03339,0.02461,0.0678,0.04138,0.02103,0.03402,0.02539,0.0356,0.02295,0.0336,0.03782,0.02057,0.01546,0.01521,0.0208]},"PREVALENCE_BY_MONTH":{"X_CALENDAR_MONTH":[200203,200204,200205,200208,200306,200307,200308,200309,200410,200503,200506,200603,200808,200907,201001,201006,201401],"Y_PREVALENCE_1000PP":[0.0046,0.01089,0.00887,0.00164,0.00234,0.00952,0.0018,0.00409,0.00184,0.00339,0.00157,0.00433,0.00115,0.00113,0.0017,0.00115,0.00115]},"OBS_FREQUENCY_DISTRIBUTION":{"Y_NUM_PERSONS":[0,0],"X_COUNT":[1,2]},"OBSERVATIONS_BY_TYPE":{"CONCEPT_NAME":"Observation recorded from EHR","COUNT_VALUE":436},"AGE_AT_FIRST_OCCURRENCE":{"CATEGORY":["FEMALE","MALE"],"MIN_VALUE":[0,0],"P10_VALUE":[3,3],"P25_VALUE":[16,13],"MEDIAN_VALUE":[26,25],"P75_VALUE":[44,39],"P90_VALUE":[63,57],"MAX_VALUE":[93,86]}}
