{"PREVALENCE_BY_GENDER_AGE_YEAR":{"TRELLIS_NAME":["70-79","50-59","60-69","40-49","50-59","60-69","70-79","60-69","60-69","50-59","60-69","50-59","70-79","60-69","50-59","70-79","70-79","40-49","60-69","50-59","60-69","70-79","50-59","60-69"],"SERIES_NAME":["FEMALE","FEMALE","FEMALE","FEMALE","FEMALE","FEMALE","FEMALE","MALE","FEMALE","FEMALE","FEMALE","FEMALE","FEMALE","FEMALE","FEMALE","FEMALE","MALE","FEMALE","MALE","FEMALE","FEMALE","FEMALE","FEMALE","FEMALE"],"X_CALENDAR_YEAR":[2011,2011,2011,2011,2012,2012,2012,2013,2013,2013,2014,2014,2014,2015,2015,2015,2015,2015,2015,2016,2016,2018,2018,2019],"Y_PREVALENCE_1000PP":[0.02682,0.02438,0.02129,0.02501,0.02416,0.0183,0.04904,0.02189,0.02732,0.02633,0.03856,0.03805,0.05385,0.05589,0.03214,0.04393,0.03843,0.017,0.02525,0.02054,0.02516,0.04776,0.0382,0.03495]},"PREVALENCE_BY_MONTH":{"X_CALENDAR_MONTH":[201103,201106,201107,201108,201109,201111,201112,201201,201205,201209,201303,201306,201307,201310,201401,201402,201404,201407,201408,201409,201501,201502,201503,201504,201505,201506,201507,201508,201509,201510,201604,201803,201805,201903],"Y_PREVALENCE_1000PP":[0.00148,0.0011,0.00165,0.0011,0.00127,0.00128,0.00128,0.00146,0.00127,0.00127,0.0013,0.00204,0.00111,0.00112,0.00229,0.00172,0.0023,0.00157,0.00118,0.00178,0.00145,0.00209,0.00173,0.00151,0.0013,0.00158,0.00135,0.00202,0.00157,0.00233,0.00225,0.00185,0.00185,0.00396]},"OBS_FREQUENCY_DISTRIBUTION":{"Y_NUM_PERSONS":[0,0,0,0,0],"X_COUNT":[1,2,3,4,5]},"OBSERVATIONS_BY_TYPE":{"CONCEPT_NAME":"Observation recorded from EHR","COUNT_VALUE":441},"AGE_AT_FIRST_OCCURRENCE":{"CATEGORY":["MALE","FEMALE"],"MIN_VALUE":[1,0],"P10_VALUE":[40,42],"P25_VALUE":[52,51],"MEDIAN_VALUE":[62,61],"P75_VALUE":[72,71],"P90_VALUE":[79,77],"MAX_VALUE":[90,94]}}
