{"PREVALENCE_BY_GENDER_AGE_YEAR":{"TRELLIS_NAME":["80-89","70-79","80-89","90-99","70-79","70-79","80-89","80-89","90-99","70-79","90-99","70-79","80-89","90-99","70-79","90-99","80-89","90-99","80-89","90-99","80-89","70-79","70-79","70-79","70-79","80-89","80-89","80-89","70-79","90-99","80-89","90-99","70-79","80-89","80-89","90-99","70-79","70-79"],"SERIES_NAME":["MALE","FEMALE","FEMALE","FEMALE","MALE","FEMALE","FEMALE","MALE","MALE","MALE","FEMALE","MALE","FEMALE","FEMALE","FEMALE","MALE","MALE","FEMALE","FEMALE","MALE","MALE","MALE","FEMALE","FEMALE","MALE","MALE","FEMALE","MALE","MALE","FEMALE","FEMALE","MALE","FEMALE","MALE","FEMALE","FEMALE","MALE","FEMALE"],"X_CALENDAR_YEAR":[2004,2004,2004,2004,2004,2005,2005,2005,2005,2005,2005,2006,2006,2006,2006,2006,2006,2007,2007,2007,2007,2007,2007,2008,2008,2008,2008,2009,2009,2009,2009,2009,2009,2010,2010,2010,2010,2010],"Y_PREVALENCE_1000PP":[0.23389,0.28014,0.48084,0.67985,0.21011,0.1435,0.57474,0.53805,0.55499,0.1013,0.52976,0.04832,0.18629,0.54498,0.08171,0.70323,0.29826,0.67253,0.40419,1.00234,0.34557,0.04996,0.05684,0.25309,0.24064,0.07899,0.11116,0.30848,0.08955,0.39702,0.3307,0.86369,0.04105,0.35762,0.43021,0.23351,0.10966,0.10888]},"PREVALENCE_BY_MONTH":{"X_CALENDAR_MONTH":[200306,200402,200403,200404,200405,200406,200407,200408,200410,200411,200412,200501,200502,200503,200504,200505,200506,200507,200508,200509,200510,200511,200512,200602,200603,200606,200607,200608,200609,200611,200612,200702,200703,200704,200705,200706,200707,200708,200709,200710,200711,200801,200802,200803,200804,200805,200806,200807,200809,200812,200901,200902,200903,200904,200905,200907,200909,200910,200911,200912,201001,201002,201003,201004,201005,201006,201007,201008,201009,201010],"Y_PREVALENCE_1000PP":[0.00182,0.00296,0.00797,0.00262,0.00544,0.00305,0.00676,0.00256,0.00645,0.00275,0.00229,0.00362,0.00226,0.00316,0.00316,0.00225,0.00336,0.004,0.00288,0.00351,0.00351,0.00131,0.00657,0.0026,0.00303,0.00406,0.00449,0.00149,0.00212,0.00126,0.00126,0.00249,0.00166,0.0033,0.00328,0.00203,0.00402,0.00301,0.00199,0.00197,0.0039,0.00252,0.00349,0.00253,0.00213,0.00232,0.0023,0.00134,0.00342,0.00227,0.00264,0.0017,0.00508,0.00113,0.00226,0.0047,0.0015,0.00169,0.00151,0.00114,0.00265,0.00247,0.00285,0.0019,0.00133,0.00363,0.00363,0.00362,0.00266,0.00358]},"OBS_FREQUENCY_DISTRIBUTION":{"Y_NUM_PERSONS":[0,0,0,0,0],"X_COUNT":[1,2,3,4,5]},"OBSERVATIONS_BY_TYPE":{"CONCEPT_NAME":"Observation recorded from EHR","COUNT_VALUE":1040},"AGE_AT_FIRST_OCCURRENCE":{"CATEGORY":["MALE","FEMALE"],"MIN_VALUE":[59,43],"P10_VALUE":[75,76],"P25_VALUE":[77,77],"MEDIAN_VALUE":[78,80],"P75_VALUE":[83,85],"P90_VALUE":[86,90],"MAX_VALUE":[98,100]}}
