{"PREVALENCE_BY_GENDER_AGE_YEAR":{"TRELLIS_NAME":["40-49","50-59","30-39","40-49","30-39","50-59","30-39","50-59","40-49","40-49","20-29","30-39","50-59","50-59","30-39","40-49","30-39","40-49","20-29","50-59","60-69","50-59","30-39","40-49","30-39","40-49","20-29","20-29","30-39","40-49","50-59","30-39","40-49","50-59","40-49","50-59","30-39","50-59"],"SERIES_NAME":["MALE","MALE","FEMALE","FEMALE","MALE","MALE","FEMALE","FEMALE","MALE","FEMALE","MALE","MALE","MALE","FEMALE","FEMALE","FEMALE","MALE","MALE","MALE","MALE","MALE","FEMALE","MALE","FEMALE","FEMALE","MALE","MALE","MALE","FEMALE","MALE","FEMALE","MALE","FEMALE","MALE","MALE","FEMALE","MALE","MALE"],"X_CALENDAR_YEAR":[2014,2014,2014,2014,2014,2015,2015,2015,2015,2015,2015,2015,2016,2016,2016,2016,2016,2016,2016,2017,2017,2017,2017,2017,2017,2017,2017,2018,2018,2018,2018,2018,2018,2018,2019,2019,2019,2019],"Y_PREVALENCE_1000PP":[0.06363,0.01606,0.02102,0.02274,0.0447,0.03742,0.03453,0.01753,0.07705,0.03117,0.02128,0.05761,0.05056,0.02396,0.04049,0.02068,0.05078,0.0801,0.03275,0.05583,0.02947,0.03777,0.12185,0.06274,0.04041,0.15117,0.04864,0.0277,0.0369,0.09025,0.04244,0.05746,0.0448,0.06248,0.08672,0.03212,0.04217,0.0318]},"PREVALENCE_BY_MONTH":{"X_CALENDAR_MONTH":[201312,201401,201402,201403,201404,201405,201406,201407,201410,201411,201412,201501,201502,201503,201504,201505,201506,201507,201508,201509,201510,201511,201512,201601,201602,201603,201604,201605,201606,201607,201608,201609,201610,201612,201701,201702,201703,201704,201705,201706,201707,201708,201709,201710,201711,201712,201801,201802,201804,201805,201806,201807,201808,201810,201811,201812,201901,201902,201903],"Y_PREVALENCE_1000PP":[0.00115,0.00229,0.00229,0.00268,0.00268,0.00402,0.00213,0.00176,0.00283,0.00123,0.00373,0.00145,0.00167,0.00216,0.00346,0.0013,0.00315,0.00225,0.00247,0.00292,0.00442,0.00213,0.00148,0.00297,0.00547,0.0015,0.002,0.00228,0.00412,0.0021,0.00374,0.00188,0.00272,0.00329,0.00712,0.00224,0.00425,0.00627,0.00513,0.007,0.00526,0.00383,0.00738,0.00474,0.00573,0.00244,0.00278,0.00371,0.0034,0.00247,0.00341,0.0041,0.0035,0.00456,0.00624,0.00592,0.00591,0.00892,0.00528]},"OBS_FREQUENCY_DISTRIBUTION":{"Y_NUM_PERSONS":[0,0,0,0,0,0,0,0],"X_COUNT":[1,2,3,4,5,6,7,8]},"OBSERVATIONS_BY_TYPE":{"CONCEPT_NAME":"Observation recorded from EHR","COUNT_VALUE":870},"AGE_AT_FIRST_OCCURRENCE":{"CATEGORY":["MALE","FEMALE"],"MIN_VALUE":[15,1],"P10_VALUE":[29,28],"P25_VALUE":[35,35],"MEDIAN_VALUE":[42,42],"P75_VALUE":[48,48],"P90_VALUE":[55,56],"MAX_VALUE":[73,74]}}
