{"PREVALENCE_BY_GENDER_AGE_YEAR":{"TRELLIS_NAME":["20-29","20-29","30-39","20-29","50-59","40-49","20-29","30-39","40-49","20-29","30-39","50-59","40-49","30-39","20-29","50-59","20-29","40-49","30-39","30-39","20-29","50-59","30-39","20-29","30-39","50-59","20-29","20-29","40-49","50-59","30-39","30-39","20-29","50-59","20-29","30-39","20-29","30-39","30-39","20-29","40-49","20-29","20-29","40-49"],"SERIES_NAME":["FEMALE","FEMALE","FEMALE","FEMALE","FEMALE","FEMALE","FEMALE","FEMALE","FEMALE","FEMALE","FEMALE","FEMALE","FEMALE","FEMALE","FEMALE","FEMALE","FEMALE","FEMALE","FEMALE","FEMALE","FEMALE","FEMALE","FEMALE","FEMALE","FEMALE","FEMALE","FEMALE","FEMALE","FEMALE","FEMALE","FEMALE","FEMALE","FEMALE","FEMALE","FEMALE","FEMALE","FEMALE","FEMALE","FEMALE","FEMALE","FEMALE","FEMALE","FEMALE","FEMALE"],"X_CALENDAR_YEAR":[2000,2001,2002,2002,2002,2003,2003,2003,2004,2004,2004,2004,2005,2005,2005,2005,2006,2006,2006,2007,2007,2007,2008,2008,2009,2009,2009,2010,2010,2010,2010,2011,2011,2011,2012,2012,2013,2013,2014,2014,2015,2015,2016,2018],"Y_PREVALENCE_1000PP":[0.0378,0.03885,0.04,0.06126,0.03113,0.02666,0.04353,0.03529,0.02978,0.05942,0.04399,0.03718,0.01963,0.04871,0.07195,0.0194,0.04381,0.0159,0.05286,0.02279,0.02693,0.02071,0.01762,0.03351,0.03028,0.02006,0.05081,0.04056,0.01623,0.02526,0.03264,0.03471,0.0346,0.02167,0.03941,0.03234,0.02713,0.02726,0.02628,0.02098,0.02267,0.02322,0.02435,0.02688]},"PREVALENCE_BY_MONTH":{"X_CALENDAR_MONTH":[200008,200112,200209,200401,200403,200406,200411,200502,200503,200505,200508,200510,200512,200602,200603,200606,200711,200808,200910,201003,201009,201105,201108,201112,201201,201205,201312],"Y_PREVALENCE_1000PP":[0.00247,0.00182,0.00163,0.00148,0.00145,0.00141,0.00161,0.00136,0.00136,0.0018,0.00177,0.00176,0.00131,0.0013,0.00152,0.00171,0.00156,0.00115,0.00169,0.00133,0.0019,0.00111,0.0011,0.00109,0.00146,0.00127,0.00154]},"OBS_FREQUENCY_DISTRIBUTION":{"Y_NUM_PERSONS":[0,0],"X_COUNT":[1,2]},"OBSERVATIONS_BY_TYPE":{"CONCEPT_NAME":"Observation recorded from EHR","COUNT_VALUE":721},"AGE_AT_FIRST_OCCURRENCE":{"CATEGORY":["MALE","FEMALE"],"MIN_VALUE":[6,17],"P10_VALUE":[25,24],"P25_VALUE":[28,26],"MEDIAN_VALUE":[32,33],"P75_VALUE":[38,44],"P90_VALUE":[46,54],"MAX_VALUE":[59,94]}}
