{"PREVALENCE_BY_GENDER_AGE_YEAR":{"TRELLIS_NAME":["70-79","40-49","50-59","80-89","60-69","70-79","80-89","50-59","80-89","40-49","60-69","30-39","80-89","70-79","70-79","30-39","50-59","60-69","40-49","50-59","50-59","40-49","60-69","80-89","50-59","30-39","70-79","80-89","30-39","70-79","90-99","40-49","60-69","30-39","80-89","50-59","40-49","70-79","50-59","60-69","80-89","70-79","40-49","60-69","70-79","40-49","80-89","80-89","70-79","60-69"],"SERIES_NAME":["MALE","MALE","FEMALE","MALE","MALE","FEMALE","FEMALE","MALE","MALE","FEMALE","MALE","FEMALE","FEMALE","FEMALE","MALE","MALE","MALE","FEMALE","MALE","FEMALE","MALE","MALE","FEMALE","FEMALE","FEMALE","MALE","MALE","MALE","FEMALE","FEMALE","FEMALE","FEMALE","MALE","FEMALE","MALE","MALE","MALE","FEMALE","FEMALE","MALE","FEMALE","MALE","FEMALE","FEMALE","MALE","FEMALE","MALE","FEMALE","FEMALE","FEMALE"],"X_CALENDAR_YEAR":[2015,2015,2015,2015,2015,2015,2015,2015,2016,2016,2016,2016,2016,2016,2016,2016,2016,2016,2016,2016,2017,2017,2017,2017,2017,2017,2017,2017,2017,2017,2017,2017,2017,2018,2018,2018,2018,2018,2018,2018,2018,2018,2018,2018,2019,2019,2019,2019,2019,2019],"Y_PREVALENCE_1000PP":[0.07687,0.02477,0.01753,0.07992,0.02886,0.05369,0.07997,0.04029,0.28582,0.03447,0.14729,0.03712,0.20198,0.19808,0.21579,0.02031,0.11124,0.10062,0.03337,0.06846,0.13027,0.07937,0.15319,0.19453,0.11331,0.02585,0.39892,0.36272,0.03306,0.25807,0.26419,0.03921,0.25537,0.0328,0.28575,0.09164,0.06017,0.14327,0.08913,0.14357,0.15832,0.24298,0.0448,0.10298,0.08802,0.02998,0.12676,0.09308,0.05055,0.05243]},"PREVALENCE_BY_MONTH":{"X_CALENDAR_MONTH":[201505,201506,201507,201508,201509,201510,201511,201512,201601,201602,201603,201604,201605,201606,201607,201608,201609,201610,201611,201612,201701,201702,201703,201704,201705,201706,201707,201708,201709,201710,201711,201712,201801,201802,201803,201804,201805,201806,201807,201808,201809,201810,201811,201812,201901,201902,201903],"Y_PREVALENCE_1000PP":[0.00195,0.00203,0.00247,0.0018,0.00247,0.00326,0.00497,0.0032,0.00495,0.00448,0.00399,0.0055,0.00683,0.00926,0.00604,0.00748,0.00938,0.00842,0.00438,0.00602,0.01342,0.0112,0.01077,0.0077,0.00742,0.00845,0.01111,0.01118,0.01181,0.01095,0.00995,0.00548,0.00586,0.00185,0.0068,0.0034,0.00432,0.00651,0.00473,0.00445,0.01086,0.00554,0.00887,0.00954,0.0082,0.00991,0.00661]},"OBS_FREQUENCY_DISTRIBUTION":{"Y_NUM_PERSONS":[0,0,0,0],"X_COUNT":[1,2,3,4]},"OBSERVATIONS_BY_TYPE":{"CONCEPT_NAME":"Observation recorded from EHR","COUNT_VALUE":1134},"AGE_AT_FIRST_OCCURRENCE":{"CATEGORY":["MALE","FEMALE"],"MIN_VALUE":[10,19],"P10_VALUE":[43,37],"P25_VALUE":[54,53],"MEDIAN_VALUE":[66,67],"P75_VALUE":[76,77],"P90_VALUE":[83,85],"MAX_VALUE":[95,100]}}
