{"PREVALENCE_BY_GENDER_AGE_YEAR":{"TRELLIS_NAME":["90-99","90-99","60-69","70-79","80-89","50-59","80-89","70-79","60-69","50-59","80-89","20-29","40-49","70-79","60-69","90-99","20-29","30-39","90-99","30-39","50-59","50-59","70-79","60-69","80-89","40-49","70-79","70-79","80-89","20-29","90-99","80-89","30-39","10-19","20-29","50-59","30-39","40-49","50-59","40-49","60-69","0-9","60-69","90-99","90-99","60-69","70-79","50-59","80-89","60-69","90-99","50-59","80-89","70-79","80-89","50-59","80-89","90-99","90-99","60-69","70-79","50-59","60-69","70-79","60-69","80-89","70-79","80-89","60-69","70-79","90-99","90-99","70-79","70-79","60-69","60-69","80-89","80-89"],"SERIES_NAME":["MALE","FEMALE","FEMALE","FEMALE","MALE","MALE","FEMALE","MALE","MALE","FEMALE","FEMALE","FEMALE","MALE","MALE","MALE","FEMALE","MALE","MALE","MALE","FEMALE","MALE","FEMALE","FEMALE","FEMALE","MALE","FEMALE","FEMALE","MALE","FEMALE","FEMALE","FEMALE","MALE","MALE","FEMALE","MALE","FEMALE","FEMALE","FEMALE","MALE","MALE","MALE","FEMALE","FEMALE","MALE","MALE","FEMALE","FEMALE","FEMALE","MALE","MALE","FEMALE","MALE","FEMALE","MALE","MALE","MALE","FEMALE","FEMALE","MALE","FEMALE","MALE","FEMALE","MALE","FEMALE","FEMALE","MALE","MALE","FEMALE","MALE","FEMALE","MALE","FEMALE","FEMALE","MALE","FEMALE","MALE","FEMALE","MALE"],"X_CALENDAR_YEAR":[2013,2013,2013,2013,2013,2013,2013,2013,2013,2013,2014,2014,2014,2014,2014,2014,2014,2014,2014,2014,2014,2014,2014,2014,2014,2014,2015,2015,2015,2015,2015,2015,2015,2015,2015,2015,2015,2015,2015,2015,2015,2015,2015,2015,2016,2016,2016,2016,2016,2016,2016,2016,2016,2016,2017,2017,2017,2017,2017,2017,2017,2017,2017,2017,2018,2018,2018,2018,2018,2018,2018,2018,2019,2019,2019,2019,2019,2019],"Y_PREVALENCE_1000PP":[0.76193,0.54389,0.48575,0.99221,1.51461,0.0543,1.26005,1.34403,0.85983,0.0395,4.68326,0.01573,0.10524,5.26527,3.04532,3.61776,0.02482,0.03944,4.80998,0.03416,0.25956,0.21469,3.85004,1.99855,6.55551,0.08337,2.54796,3.36564,3.35874,0.04353,2.3735,4.39548,0.02304,0.02229,0.03344,0.16656,0.0259,0.03683,0.15542,0.0798,1.9227,0.02051,1.17722,2.57053,1.12528,0.41508,0.8093,0.02738,1.57881,0.63683,0.82538,0.0236,1.16377,1.04085,1.14861,0.0335,0.91859,0.64161,0.59448,0.29201,1.02482,0.03022,0.46163,0.71276,0.33604,1.09257,1.13897,0.9134,0.44728,0.69589,0.75514,0.72681,0.10832,0.24006,0.0932,0.14257,0.18617,0.27162]},"PREVALENCE_BY_MONTH":{"X_CALENDAR_MONTH":[201306,201307,201308,201309,201310,201311,201312,201401,201402,201403,201404,201405,201406,201407,201408,201409,201410,201411,201412,201501,201502,201503,201504,201505,201506,201507,201508,201509,201510,201511,201512,201601,201602,201603,201604,201605,201606,201607,201608,201609,201610,201611,201612,201701,201702,201703,201704,201705,201706,201707,201708,201709,201710,201711,201712,201801,201802,201803,201804,201805,201806,201807,201808,201809,201810,201811,201812,201901,201902,201903],"Y_PREVALENCE_1000PP":[0.00279,0.03169,0.04343,0.02649,0.04246,0.05649,0.05779,0.1144,0.07995,0.11484,0.05019,0.06398,0.07324,0.08481,0.07263,0.12192,0.0914,0.08826,0.09001,0.121,0.0794,0.1135,0.03545,0.03221,0.04165,0.04654,0.02787,0.04475,0.10403,0.0388,0.02017,0.04675,0.0316,0.03015,0.011,0.01088,0.0108,0.01916,0.01523,0.01716,0.00923,0.00958,0.01369,0.01534,0.01876,0.01843,0.01597,0.01712,0.01341,0.01316,0.02384,0.0124,0.01421,0.01327,0.01035,0.01759,0.01236,0.01483,0.01389,0.01265,0.01612,0.01482,0.01623,0.01597,0.01888,0.01478,0.01151,0.0128,0.00991,0.01618]},"OBS_FREQUENCY_DISTRIBUTION":{"Y_NUM_PERSONS":[0,0,0,0,0],"X_COUNT":[1,2,3,4,5]},"OBSERVATIONS_BY_TYPE":{"CONCEPT_NAME":"Observation recorded from EHR","COUNT_VALUE":12274},"AGE_AT_FIRST_OCCURRENCE":{"CATEGORY":["MALE","FEMALE"],"MIN_VALUE":[3,3],"P10_VALUE":[61,62],"P25_VALUE":[66,67],"MEDIAN_VALUE":[72,75],"P75_VALUE":[79,82],"P90_VALUE":[85,87],"MAX_VALUE":[101,103]}}
