{"PREVALENCE_BY_GENDER_AGE_YEAR":{"TRELLIS_NAME":["50-59","80-89","70-79","40-49","50-59","60-69","40-49","80-89","70-79","60-69","40-49","80-89","70-79","50-59","40-49","60-69","50-59","70-79","80-89","60-69","80-89","40-49","60-69","40-49","60-69","70-79","50-59","80-89","50-59","90-99","70-79","50-59","40-49","20-29","80-89","30-39","80-89","60-69","40-49","60-69","70-79","70-79","50-59","50-59","80-89","50-59","60-69","80-89","70-79","60-69","70-79"],"SERIES_NAME":["MALE","FEMALE","MALE","FEMALE","FEMALE","MALE","MALE","MALE","FEMALE","FEMALE","MALE","MALE","FEMALE","MALE","FEMALE","MALE","FEMALE","MALE","FEMALE","FEMALE","FEMALE","MALE","MALE","FEMALE","FEMALE","MALE","MALE","MALE","FEMALE","MALE","FEMALE","MALE","FEMALE","FEMALE","MALE","FEMALE","FEMALE","MALE","MALE","FEMALE","FEMALE","MALE","FEMALE","MALE","FEMALE","FEMALE","FEMALE","MALE","FEMALE","MALE","MALE"],"X_CALENDAR_YEAR":[2015,2015,2015,2015,2015,2015,2015,2015,2015,2015,2016,2016,2016,2016,2016,2016,2016,2016,2016,2016,2017,2017,2017,2017,2017,2017,2017,2017,2017,2017,2017,2018,2018,2018,2018,2018,2018,2018,2018,2018,2018,2018,2018,2019,2019,2019,2019,2019,2019,2019,2019],"Y_PREVALENCE_1000PP":[0.05469,0.17593,0.16471,0.07366,0.06429,0.0974,0.03577,0.28542,0.17084,0.12925,0.04005,0.34026,0.22638,0.08427,0.06205,0.21661,0.05477,0.26656,0.29816,0.1132,0.28098,0.03401,0.15224,0.02745,0.12925,0.282,0.0856,0.40806,0.10576,0.59448,0.19048,0.10413,0.06271,0.0264,0.50426,0.0369,0.341,0.20431,0.04728,0.17344,0.24561,0.47837,0.06791,0.04089,0.07979,0.02753,0.05825,0.10865,0.11554,0.0594,0.15204]},"PREVALENCE_BY_MONTH":{"X_CALENDAR_MONTH":[201411,201412,201501,201502,201503,201504,201505,201506,201507,201508,201509,201510,201511,201512,201601,201602,201603,201604,201605,201606,201607,201608,201609,201610,201611,201612,201701,201702,201703,201704,201705,201706,201707,201708,201709,201710,201711,201712,201801,201802,201803,201804,201805,201806,201807,201808,201809,201810,201811,201812,201901,201902,201903],"Y_PREVALENCE_1000PP":[0.00163,0.00166,0.00291,0.00188,0.00388,0.00432,0.0067,0.00743,0.00899,0.00337,0.0054,0.00675,0.00662,0.00615,0.00594,0.00796,0.00673,0.0075,0.00304,0.00875,0.00604,0.00668,0.00456,0.0076,0.00931,0.00685,0.01123,0.00644,0.0051,0.00542,0.00856,0.00612,0.00468,0.01118,0.0065,0.00622,0.00513,0.00457,0.0071,0.00896,0.00988,0.0037,0.00648,0.00775,0.00757,0.00923,0.00735,0.01237,0.01347,0.0102,0.01509,0.00958,0.00793]},"OBS_FREQUENCY_DISTRIBUTION":{"Y_NUM_PERSONS":[0,0,0],"X_COUNT":[1,2,3]},"OBSERVATIONS_BY_TYPE":{"CONCEPT_NAME":"Observation recorded from EHR","COUNT_VALUE":1376},"AGE_AT_FIRST_OCCURRENCE":{"CATEGORY":["FEMALE","MALE"],"MIN_VALUE":[1,1],"P10_VALUE":[43,48],"P25_VALUE":[54,58],"MEDIAN_VALUE":[68,68],"P75_VALUE":[77,77],"P90_VALUE":[85,84],"MAX_VALUE":[97,95]}}
