{"PREVALENCE_BY_GENDER_AGE_YEAR":{"TRELLIS_NAME":["20-29","50-59","60-69","30-39","70-79","50-59","60-69","70-79","20-29","30-39","60-69","40-49","50-59","20-29","50-59","30-39","30-39","50-59","20-29","70-79","40-49","60-69","40-49","60-69","80-89","70-79","60-69","20-29","70-79","60-69","50-59","70-79","30-39","40-49","50-59","30-39","70-79","70-79","10-19","50-59","60-69","60-69","80-89","40-49","30-39","70-79","40-49","20-29","60-69","50-59","70-79","80-89","30-39","30-39","60-69"],"SERIES_NAME":["FEMALE","FEMALE","MALE","FEMALE","MALE","FEMALE","FEMALE","FEMALE","FEMALE","FEMALE","MALE","FEMALE","MALE","FEMALE","FEMALE","FEMALE","FEMALE","FEMALE","FEMALE","MALE","MALE","MALE","FEMALE","FEMALE","MALE","FEMALE","FEMALE","FEMALE","FEMALE","MALE","FEMALE","MALE","FEMALE","FEMALE","MALE","MALE","MALE","FEMALE","FEMALE","FEMALE","MALE","FEMALE","FEMALE","FEMALE","FEMALE","FEMALE","FEMALE","FEMALE","FEMALE","FEMALE","MALE","FEMALE","FEMALE","FEMALE","FEMALE"],"X_CALENDAR_YEAR":[2001,2001,2001,2001,2002,2002,2002,2002,2002,2002,2003,2003,2003,2003,2003,2003,2004,2004,2004,2004,2004,2004,2004,2004,2004,2004,2005,2005,2005,2005,2005,2005,2005,2005,2005,2005,2006,2006,2006,2006,2006,2006,2006,2006,2006,2007,2007,2007,2007,2007,2007,2007,2008,2011,2012],"Y_PREVALENCE_1000PP":[0.04317,0.02659,0.03722,0.02771,0.05332,0.03502,0.04771,0.05584,0.0268,0.0523,0.03983,0.02999,0.03559,0.02539,0.03662,0.03235,0.03299,0.04056,0.01981,0.04596,0.01699,0.04448,0.0268,0.03504,0.10233,0.06042,0.05418,0.03128,0.07972,0.0465,0.05172,0.05698,0.03247,0.03365,0.02826,0.02101,0.07247,0.0715,0.02704,0.02818,0.02357,0.05804,0.06986,0.03975,0.03965,0.02842,0.01466,0.01616,0.03454,0.02071,0.06661,0.05774,0.02014,0.01487,0.0183]},"PREVALENCE_BY_MONTH":{"X_CALENDAR_MONTH":[200101,200106,200108,200109,200111,200201,200202,200204,200205,200206,200207,200208,200209,200211,200301,200303,200305,200306,200307,200308,200309,200310,200311,200312,200401,200402,200404,200405,200406,200407,200408,200409,200410,200411,200412,200501,200502,200503,200504,200505,200506,200507,200508,200509,200510,200511,200512,200601,200602,200603,200604,200605,200606,200607,200608,200609,200610,200702,200703,200705,200706,200707,200708,200709,200710,200711,200804,201410],"Y_PREVALENCE_1000PP":[0.00258,0.00369,0.00259,0.0019,0.00184,0.00205,0.00203,0.00251,0.00249,0.00193,0.00247,0.00355,0.0019,0.00268,0.00292,0.00184,0.00209,0.00234,0.00283,0.0018,0.0023,0.00204,0.00177,0.00151,0.00272,0.00148,0.00428,0.00213,0.00305,0.00233,0.00302,0.00278,0.00138,0.00161,0.00138,0.00226,0.00384,0.00203,0.00203,0.00315,0.00403,0.00511,0.00222,0.00285,0.00329,0.00175,0.00263,0.00346,0.00174,0.00477,0.00129,0.00236,0.00214,0.00363,0.00384,0.00403,0.00127,0.00187,0.00207,0.00205,0.00122,0.00121,0.00221,0.0012,0.00256,0.00117,0.00155,0.00121]},"OBS_FREQUENCY_DISTRIBUTION":{"Y_NUM_PERSONS":[0,0,0,0,0,0],"X_COUNT":[1,2,3,4,5,6]},"OBSERVATIONS_BY_TYPE":{"CONCEPT_NAME":"Observation recorded from EHR","COUNT_VALUE":1135},"AGE_AT_FIRST_OCCURRENCE":{"CATEGORY":["FEMALE","MALE"],"MIN_VALUE":[3,2],"P10_VALUE":[24,23],"P25_VALUE":[34,39],"MEDIAN_VALUE":[51,62],"P75_VALUE":[69,74],"P90_VALUE":[82,81],"MAX_VALUE":[99,93]}}
