{"PREVALENCE_BY_GENDER_AGE_YEAR":{"TRELLIS_NAME":["20-29","30-39","20-29","30-39","20-29","30-39","20-29","30-39","40-49","60-69","70-79","10-19","80-89","20-29","60-69","80-89","80-89","70-79","30-39","40-49","70-79","10-19","20-29","80-89","60-69","70-79","40-49","30-39","80-89","10-19","20-29","70-79","80-89","90-99","30-39","50-59","90-99","60-69","10-19","60-69","40-49","80-89","20-29","20-29","70-79","50-59","70-79","30-39","40-49","70-79","50-59","80-89","20-29","30-39","40-49","20-29","40-49","60-69","50-59","30-39","90-99","10-19","90-99","70-79","60-69","80-89","40-49","60-69","20-29","80-89","70-79","10-19","30-39","70-79","90-99","90-99","80-89","30-39","60-69","50-59","50-59","20-29","40-49","60-69","20-29","80-89","70-79","50-59","40-49","70-79","60-69","20-29","30-39","50-59","80-89","40-49"],"SERIES_NAME":["FEMALE","FEMALE","FEMALE","FEMALE","FEMALE","FEMALE","FEMALE","FEMALE","FEMALE","MALE","FEMALE","FEMALE","FEMALE","FEMALE","MALE","MALE","FEMALE","MALE","FEMALE","FEMALE","FEMALE","FEMALE","FEMALE","FEMALE","MALE","MALE","FEMALE","FEMALE","MALE","FEMALE","FEMALE","FEMALE","MALE","FEMALE","MALE","MALE","MALE","FEMALE","FEMALE","MALE","MALE","FEMALE","FEMALE","MALE","FEMALE","FEMALE","MALE","FEMALE","FEMALE","FEMALE","MALE","FEMALE","FEMALE","MALE","FEMALE","MALE","MALE","FEMALE","FEMALE","FEMALE","MALE","FEMALE","FEMALE","MALE","MALE","MALE","MALE","MALE","MALE","MALE","FEMALE","FEMALE","MALE","MALE","FEMALE","MALE","FEMALE","FEMALE","FEMALE","FEMALE","MALE","FEMALE","FEMALE","MALE","MALE","FEMALE","MALE","FEMALE","FEMALE","FEMALE","FEMALE","FEMALE","FEMALE","MALE","MALE","MALE"],"X_CALENDAR_YEAR":[2009,2010,2010,2011,2011,2012,2012,2013,2013,2013,2013,2013,2013,2013,2014,2014,2014,2014,2014,2014,2014,2014,2014,2015,2015,2015,2015,2015,2015,2015,2015,2015,2016,2016,2016,2016,2016,2016,2016,2016,2016,2016,2016,2016,2016,2016,2016,2016,2016,2017,2017,2017,2017,2017,2017,2017,2017,2017,2017,2017,2017,2017,2017,2017,2017,2017,2018,2018,2018,2018,2018,2018,2018,2018,2018,2018,2018,2018,2018,2018,2018,2018,2018,2019,2019,2019,2019,2019,2019,2019,2019,2019,2019,2019,2019,2019],"Y_PREVALENCE_1000PP":[0.02032,0.06026,0.03042,0.09916,0.04695,0.16669,0.17241,0.59231,0.04439,0.01876,0.03934,0.04866,0.15316,0.52042,0.01988,0.23261,0.15367,0.07108,0.65429,0.09347,0.06282,0.06845,0.63195,0.14395,0.02164,0.04392,0.08783,0.78849,0.137,0.03714,0.65004,0.04881,0.3947,0.46221,0.06432,0.06742,0.60015,0.06289,0.06134,0.1083,0.05006,0.52899,0.50782,0.08368,0.2377,0.07531,0.27925,0.86716,0.15167,0.32566,0.06327,0.67003,0.54879,0.05539,0.21173,0.14186,0.05669,0.10053,0.07177,0.64283,0.59448,0.09126,0.33967,0.29575,0.07858,0.51385,0.04298,0.13253,0.1385,0.75639,0.3343,0.08017,0.07799,0.37966,0.38478,0.66075,0.81597,0.52476,0.14092,0.06791,0.11246,0.40914,0.13887,0.06535,0.05332,0.22606,0.06402,0.02753,0.04996,0.12999,0.03495,0.14174,0.11722,0.04089,0.32595,0.03854]},"PREVALENCE_BY_MONTH":{"X_CALENDAR_MONTH":[201003,201008,201011,201101,201103,201105,201106,201107,201108,201109,201201,201203,201204,201205,201206,201207,201208,201209,201210,201211,201212,201301,201302,201303,201304,201305,201306,201307,201308,201309,201310,201311,201312,201401,201402,201403,201404,201405,201406,201407,201408,201409,201410,201411,201412,201501,201502,201503,201504,201505,201506,201507,201508,201509,201510,201511,201512,201601,201602,201603,201604,201605,201606,201607,201608,201609,201610,201611,201612,201701,201702,201703,201704,201705,201706,201707,201708,201709,201710,201711,201712,201801,201802,201803,201804,201805,201806,201807,201808,201809,201810,201811,201812,201901,201902,201903],"Y_PREVALENCE_1000PP":[0.00114,0.00114,0.00112,0.00131,0.00167,0.00148,0.00203,0.0011,0.00147,0.00164,0.00127,0.00254,0.00182,0.00291,0.00145,0.00364,0.00327,0.00254,0.00381,0.00311,0.00184,0.01028,0.00718,0.00593,0.00944,0.00798,0.0078,0.01149,0.01021,0.00722,0.01048,0.00847,0.0071,0.01337,0.00992,0.00919,0.01073,0.01169,0.01066,0.00921,0.01007,0.01209,0.01072,0.01226,0.00975,0.01287,0.01107,0.01165,0.01362,0.01362,0.00968,0.00989,0.01056,0.01124,0.01257,0.01585,0.00664,0.01237,0.02239,0.01645,0.01849,0.01593,0.02238,0.01523,0.02191,0.0193,0.01575,0.01396,0.01616,0.02054,0.01708,0.01843,0.01568,0.0194,0.01953,0.01755,0.02031,0.01949,0.02132,0.01688,0.01401,0.01605,0.01916,0.02039,0.01729,0.01666,0.01643,0.01482,0.01845,0.01885,0.01758,0.01938,0.01348,0.021,0.01949,0.02114]},"OBS_FREQUENCY_DISTRIBUTION":{"Y_NUM_PERSONS":[0,0,0],"X_COUNT":[1,2,3]},"OBSERVATIONS_BY_TYPE":{"CONCEPT_NAME":"Observation recorded from EHR","COUNT_VALUE":4587},"AGE_AT_FIRST_OCCURRENCE":{"CATEGORY":["FEMALE","MALE"],"MIN_VALUE":[12,1],"P10_VALUE":[23,24],"P25_VALUE":[27,41],"MEDIAN_VALUE":[33,66],"P75_VALUE":[39,79],"P90_VALUE":[78,85],"MAX_VALUE":[101,99]}}
