{"PREVALENCE_BY_GENDER_AGE_YEAR":{"TRELLIS_NAME":["70-79","80-89","60-69","60-69","70-79","70-79","80-89","60-69","60-69","80-89","60-69","70-79","60-69","50-59","60-69","70-79","70-79","60-69","50-59","60-69","70-79","80-89","80-89","60-69","60-69","70-79","80-89","80-89","70-79","70-79","50-59","70-79","60-69","60-69","70-79","80-89","70-79","60-69","70-79","80-89","60-69","70-79","70-79","50-59","70-79","60-69","80-89","80-89","70-79","70-79","70-79","60-69"],"SERIES_NAME":["FEMALE","FEMALE","MALE","FEMALE","MALE","FEMALE","MALE","MALE","FEMALE","FEMALE","MALE","MALE","MALE","MALE","FEMALE","MALE","MALE","MALE","MALE","FEMALE","FEMALE","MALE","MALE","MALE","FEMALE","MALE","FEMALE","MALE","MALE","FEMALE","MALE","FEMALE","MALE","FEMALE","MALE","MALE","MALE","MALE","FEMALE","FEMALE","MALE","MALE","FEMALE","MALE","MALE","MALE","MALE","MALE","MALE","FEMALE","MALE","MALE"],"X_CALENDAR_YEAR":[2003,2003,2004,2004,2004,2004,2005,2005,2005,2006,2006,2006,2007,2007,2007,2007,2008,2008,2008,2008,2008,2008,2009,2009,2009,2009,2009,2010,2010,2010,2011,2011,2011,2011,2011,2011,2012,2012,2012,2012,2013,2013,2013,2013,2014,2014,2014,2015,2015,2015,2016,2017],"Y_PREVALENCE_1000PP":[0.03569,0.06351,0.02669,0.02628,0.04596,0.03296,0.08278,0.02537,0.03334,0.0621,0.03143,0.07851,0.03156,0.02015,0.03108,0.04441,0.08021,0.03011,0.01689,0.02312,0.03221,0.11284,0.0661,0.02951,0.02905,0.06321,0.04823,0.06502,0.06788,0.04083,0.01589,0.03576,0.02184,0.02129,0.04095,0.0631,0.06609,0.0345,0.04012,0.06206,0.03127,0.06943,0.03934,0.0181,0.03046,0.02651,0.07401,0.07992,0.08236,0.03417,0.05077,0.03438]},"PREVALENCE_BY_MONTH":{"X_CALENDAR_MONTH":[200310,200406,200409,200507,200511,200603,200604,200607,200608,200609,200611,200702,200703,200710,200801,200805,200806,200807,200810,200812,200901,200903,200904,200906,200911,201003,201004,201007,201008,201010,201102,201108,201109,201111,201112,201201,201203,201204,201207,201208,201211,201301,201304,201305,201307,201310,201311,201312,201404,201408,201409,201503,201506,201507,201511],"Y_PREVALENCE_1000PP":[0.00178,0.00141,0.00162,0.00156,0.00131,0.00217,0.00172,0.00128,0.00149,0.0017,0.00126,0.00145,0.00166,0.00157,0.00155,0.00116,0.00134,0.00115,0.00171,0.0017,0.00113,0.00113,0.00151,0.00188,0.0017,0.00114,0.00114,0.00153,0.00134,0.00113,0.00131,0.00147,0.00109,0.00109,0.00128,0.00127,0.00164,0.00127,0.00109,0.00109,0.00146,0.0011,0.00222,0.00149,0.00148,0.00131,0.00113,0.00115,0.00134,0.00138,0.00139,0.00151,0.00135,0.00202,0.00189]},"OBS_FREQUENCY_DISTRIBUTION":{"Y_NUM_PERSONS":[0,0,0],"X_COUNT":[1,2,3]},"OBSERVATIONS_BY_TYPE":{"CONCEPT_NAME":"Observation recorded from EHR","COUNT_VALUE":858},"AGE_AT_FIRST_OCCURRENCE":{"CATEGORY":["FEMALE","MALE"],"MIN_VALUE":[1,1],"P10_VALUE":[35,35],"P25_VALUE":[55,56],"MEDIAN_VALUE":[66,68],"P75_VALUE":[77,76],"P90_VALUE":[84,81],"MAX_VALUE":[92,97]}}
