{"PREVALENCE_BY_GENDER_AGE_YEAR":{"TRELLIS_NAME":["90-99","90-99","80-89","70-79","60-69","70-79","80-89","70-79","80-89","70-79","80-89","90-99","70-79","80-89","80-89","80-89"],"SERIES_NAME":["FEMALE","MALE","MALE","MALE","MALE","FEMALE","FEMALE","MALE","FEMALE","FEMALE","MALE","FEMALE","FEMALE","FEMALE","FEMALE","FEMALE"],"X_CALENDAR_YEAR":[2013,2013,2013,2013,2013,2013,2013,2014,2014,2014,2014,2014,2015,2015,2016,2017],"Y_PREVALENCE_1000PP":[0.49659,0.41027,0.22514,0.05455,0.02501,0.08742,0.3272,0.0457,0.25612,0.07628,0.24319,0.2495,0.06834,0.07997,0.06733,0.08646]},"PREVALENCE_BY_MONTH":{"X_CALENDAR_MONTH":[201301,201303,201307,201308,201309,201310,201311,201312,201401,201402,201404,201407,201408,201409,201502,201511],"Y_PREVALENCE_1000PP":[0.00147,0.00204,0.00241,0.00186,0.00389,0.00318,0.00603,0.00538,0.00497,0.00229,0.00172,0.00274,0.00336,0.00436,0.00313,0.00142]},"OBS_FREQUENCY_DISTRIBUTION":{"Y_NUM_PERSONS":[0,0],"X_COUNT":[1,2]},"OBSERVATIONS_BY_TYPE":{"CONCEPT_NAME":"Observation recorded from EHR","COUNT_VALUE":358},"AGE_AT_FIRST_OCCURRENCE":{"CATEGORY":["FEMALE","MALE"],"MIN_VALUE":[18,16],"P10_VALUE":[70,67],"P25_VALUE":[77,76],"MEDIAN_VALUE":[83,82],"P75_VALUE":[88,87],"P90_VALUE":[92,92],"MAX_VALUE":[100,98]}}
