{"PREVALENCE_BY_GENDER_AGE_YEAR":{"TRELLIS_NAME":["60-69","40-49","50-59","20-29","40-49","30-39","20-29","20-29","50-59","30-39","40-49","20-29","50-59","30-39","20-29","30-39","40-49","20-29","70-79","60-69","50-59","30-39","70-79","80-89","30-39","40-49","20-29","70-79","60-69","80-89","80-89","20-29","80-89","70-79","60-69","80-89","50-59","60-69","70-79","80-89","50-59","80-89","70-79","40-49","30-39","40-49","20-29","50-59","60-69","50-59","70-79","70-79","60-69","60-69","80-89","40-49","50-59","20-29","80-89","30-39"],"SERIES_NAME":["FEMALE","FEMALE","FEMALE","FEMALE","FEMALE","FEMALE","FEMALE","FEMALE","FEMALE","FEMALE","FEMALE","FEMALE","FEMALE","FEMALE","FEMALE","FEMALE","FEMALE","FEMALE","MALE","MALE","FEMALE","FEMALE","FEMALE","MALE","FEMALE","FEMALE","FEMALE","MALE","FEMALE","MALE","FEMALE","FEMALE","MALE","MALE","FEMALE","FEMALE","MALE","MALE","MALE","FEMALE","FEMALE","MALE","FEMALE","MALE","FEMALE","FEMALE","FEMALE","MALE","FEMALE","FEMALE","MALE","FEMALE","MALE","FEMALE","FEMALE","FEMALE","MALE","FEMALE","MALE","FEMALE"],"X_CALENDAR_YEAR":[2006,2006,2007,2008,2008,2008,2009,2010,2010,2011,2012,2012,2012,2012,2013,2013,2014,2014,2014,2014,2014,2014,2014,2014,2015,2015,2015,2015,2015,2015,2015,2016,2016,2016,2016,2016,2016,2018,2018,2018,2018,2018,2018,2018,2018,2018,2018,2018,2018,2019,2019,2019,2019,2019,2019,2019,2019,2019,2019,2019],"Y_PREVALENCE_1000PP":[0.02321,0.0318,0.01775,0.01804,0.02129,0.02517,0.02032,0.02028,0.01684,0.01983,0.01383,0.02217,0.01879,0.03732,0.03453,0.02478,0.03284,0.03147,0.03554,0.01988,0.02446,0.03153,0.02692,0.08459,0.02878,0.02833,0.02902,0.03843,0.02096,0.10275,0.09596,0.03478,0.08166,0.03808,0.02516,0.12503,0.0236,0.07179,0.21261,0.15832,0.12733,0.13447,0.10234,0.03008,0.0533,0.03584,0.0264,0.03749,0.09214,0.04589,0.20005,0.15887,0.10099,0.08738,0.14627,0.02998,0.0318,0.0315,0.18108,0.05158]},"PREVALENCE_BY_MONTH":{"X_CALENDAR_MONTH":[200609,200610,200702,200808,200811,200907,200908,201004,201202,201301,201307,201401,201402,201403,201404,201405,201406,201407,201409,201410,201411,201412,201501,201504,201506,201508,201509,201510,201511,201602,201603,201609,201610,201611,201701,201807,201808,201809,201810,201811,201812,201901,201902,201903],"Y_PREVALENCE_1000PP":[0.00616,0.00464,0.00187,0.00153,0.0036,0.00169,0.00113,0.00114,0.00273,0.00165,0.00111,0.00115,0.0021,0.00191,0.00192,0.00134,0.00174,0.00176,0.00178,0.00263,0.00306,0.0029,0.00125,0.00195,0.00158,0.00157,0.0018,0.00721,0.00189,0.00149,0.00199,0.00697,0.00353,0.00192,0.00164,0.00599,0.00541,0.01022,0.01726,0.01314,0.00789,0.02658,0.01453,0.01222]},"OBS_FREQUENCY_DISTRIBUTION":{"Y_NUM_PERSONS":[0,0,0,0],"X_COUNT":[1,2,3,4]},"OBSERVATIONS_BY_TYPE":{"CONCEPT_NAME":"Observation recorded from EHR","COUNT_VALUE":1008},"AGE_AT_FIRST_OCCURRENCE":{"CATEGORY":["FEMALE","MALE"],"MIN_VALUE":[0,1],"P10_VALUE":[26,31],"P25_VALUE":[32,51],"MEDIAN_VALUE":[50,68],"P75_VALUE":[69,76],"P90_VALUE":[82,85],"MAX_VALUE":[102,97]}}
