{"PREVALENCE_BY_GENDER_AGE_YEAR":{"TRELLIS_NAME":["10-19","20-29","30-39","20-29","20-29","40-49","40-49","10-19","30-39","30-39","60-69","20-29","0-9","10-19","50-59","30-39","20-29","30-39","10-19","40-49","60-69","50-59","40-49","20-29","30-39","0-9","10-19","40-49","40-49","10-19","20-29","30-39","50-59","0-9","20-29","20-29","30-39","30-39","10-19","40-49","20-29","30-39","30-39","20-29","10-19","20-29","40-49","20-29","30-39","20-29","30-39","10-19","40-49","20-29","30-39","30-39","20-29","40-49","20-29","40-49","40-49","30-39","20-29","30-39","40-49"],"SERIES_NAME":["FEMALE","FEMALE","FEMALE","MALE","FEMALE","MALE","FEMALE","FEMALE","FEMALE","MALE","FEMALE","MALE","MALE","MALE","FEMALE","MALE","MALE","FEMALE","FEMALE","FEMALE","FEMALE","MALE","MALE","FEMALE","MALE","MALE","FEMALE","MALE","FEMALE","MALE","FEMALE","FEMALE","FEMALE","FEMALE","MALE","FEMALE","MALE","FEMALE","FEMALE","FEMALE","MALE","FEMALE","MALE","MALE","FEMALE","FEMALE","MALE","FEMALE","MALE","MALE","FEMALE","FEMALE","MALE","FEMALE","MALE","FEMALE","MALE","FEMALE","FEMALE","MALE","MALE","MALE","FEMALE","FEMALE","FEMALE"],"X_CALENDAR_YEAR":[2001,2001,2001,2001,2002,2002,2002,2002,2002,2002,2002,2002,2003,2003,2003,2003,2003,2003,2003,2003,2003,2003,2003,2003,2004,2004,2004,2004,2004,2004,2004,2004,2004,2004,2004,2005,2005,2005,2005,2005,2005,2006,2006,2006,2006,2006,2006,2007,2007,2007,2007,2007,2007,2008,2017,2017,2017,2017,2017,2017,2018,2018,2018,2018,2018],"Y_PREVALENCE_1000PP":[0.03591,0.03022,0.02771,0.05868,0.09189,0.02056,0.0288,0.03104,0.03077,0.0631,0.0318,0.03988,0.02896,0.02942,0.04761,0.08319,0.07937,0.07353,0.0576,0.03332,0.03922,0.02492,0.03171,0.14873,0.06955,0.04136,0.0772,0.02832,0.0417,0.05662,0.08582,0.06874,0.04394,0.0402,0.09246,0.06569,0.03677,0.03247,0.05303,0.01682,0.03885,0.05815,0.03074,0.06675,0.04249,0.07886,0.0201,0.02154,0.01965,0.01676,0.03039,0.02147,0.01625,0.01546,0.08123,0.06979,0.05674,0.03137,0.06227,0.04535,0.04728,0.02873,0.03959,0.041,0.04032]},"PREVALENCE_BY_MONTH":{"X_CALENDAR_MONTH":[200105,200106,200110,200111,200112,200201,200202,200204,200205,200207,200208,200209,200210,200211,200301,200302,200303,200304,200305,200306,200307,200308,200309,200310,200311,200312,200401,200402,200403,200404,200405,200406,200407,200408,200409,200410,200411,200412,200501,200504,200505,200506,200507,200509,200510,200602,200603,200604,200605,200606,200607,200610,200611,200702,200703,200704,200705,200706,200907,201610,201701,201703,201706,201707,201708,201709,201710,201711,201801,201802,201803,201805,201806,201810],"Y_PREVALENCE_1000PP":[0.00274,0.00369,0.0031,0.00276,0.00182,0.00293,0.00174,0.00195,0.00249,0.00548,0.003,0.00326,0.00457,0.00241,0.00212,0.00158,0.00289,0.0021,0.00157,0.00416,0.00721,0.00539,0.0046,0.01197,0.00583,0.00227,0.00371,0.00592,0.00532,0.00381,0.00166,0.00423,0.00257,0.00395,0.00648,0.0046,0.00573,0.00206,0.00476,0.00248,0.0018,0.00179,0.00311,0.00373,0.00132,0.0026,0.00325,0.00517,0.00301,0.00299,0.00342,0.00253,0.00336,0.00124,0.00145,0.00124,0.00164,0.00142,0.00113,0.00244,0.00192,0.0017,0.00496,0.0038,0.005,0.00413,0.00444,0.00332,0.00216,0.00247,0.00247,0.0037,0.0031,0.00228]},"OBS_FREQUENCY_DISTRIBUTION":{"Y_NUM_PERSONS":[0,0],"X_COUNT":[1,2]},"OBSERVATIONS_BY_TYPE":{"CONCEPT_NAME":"Observation recorded from EHR","COUNT_VALUE":1208},"AGE_AT_FIRST_OCCURRENCE":{"CATEGORY":["FEMALE","MALE"],"MIN_VALUE":[0,0],"P10_VALUE":[16,13],"P25_VALUE":[22,24],"MEDIAN_VALUE":[30,32],"P75_VALUE":[40,41],"P90_VALUE":[53,51],"MAX_VALUE":[97,78]}}
