{"PREVALENCE_BY_GENDER_AGE_YEAR":{"TRELLIS_NAME":["50-59","40-49","60-69","60-69","50-59","40-49","60-69","50-59","40-49","50-59","60-69","40-49","60-69","50-59","40-49","40-49","60-69","50-59","50-59","40-49","50-59","40-49","60-69","60-69","60-69","60-69","50-59","40-49","50-59","40-49","30-39","50-59","30-39","40-49","60-69","60-69","40-49","50-59","50-59","50-59","30-39","40-49","60-69","30-39","40-49","60-69","60-69","30-39","40-49","50-59","50-59","40-49","60-69","30-39","20-29","40-49","60-69","50-59","30-39","20-29","60-69","30-39","50-59","40-49","20-29","80-89","70-79","30-39","30-39","50-59","70-79","40-49","60-69","50-59","80-89","40-49","60-69","70-79","30-39","40-49","40-49","60-69","50-59","80-89","20-29","70-79","60-69","30-39","80-89","50-59","80-89","70-79","50-59","30-39","80-89","30-39","40-49","60-69","70-79","60-69","50-59","40-49","20-29","40-49","50-59","60-69","60-69","50-59","40-49"],"SERIES_NAME":["FEMALE","FEMALE","FEMALE","MALE","MALE","MALE","MALE","FEMALE","FEMALE","MALE","FEMALE","MALE","MALE","MALE","FEMALE","MALE","FEMALE","FEMALE","MALE","FEMALE","FEMALE","MALE","MALE","FEMALE","MALE","FEMALE","FEMALE","MALE","MALE","FEMALE","FEMALE","MALE","MALE","FEMALE","MALE","FEMALE","MALE","FEMALE","FEMALE","MALE","MALE","FEMALE","MALE","FEMALE","MALE","FEMALE","MALE","FEMALE","FEMALE","MALE","FEMALE","MALE","FEMALE","MALE","FEMALE","FEMALE","MALE","FEMALE","MALE","MALE","FEMALE","FEMALE","MALE","MALE","MALE","MALE","MALE","MALE","FEMALE","MALE","FEMALE","MALE","FEMALE","FEMALE","FEMALE","FEMALE","MALE","MALE","MALE","FEMALE","MALE","MALE","MALE","FEMALE","MALE","FEMALE","FEMALE","FEMALE","MALE","FEMALE","MALE","FEMALE","FEMALE","FEMALE","FEMALE","MALE","MALE","MALE","MALE","FEMALE","MALE","FEMALE","MALE","MALE","MALE","FEMALE","MALE","FEMALE","FEMALE"],"X_CALENDAR_YEAR":[2007,2007,2007,2007,2007,2007,2008,2008,2008,2008,2008,2008,2009,2009,2009,2009,2009,2009,2010,2010,2010,2010,2010,2010,2011,2011,2011,2011,2011,2011,2012,2012,2012,2012,2012,2012,2012,2012,2013,2013,2013,2013,2013,2013,2013,2013,2014,2014,2014,2014,2014,2014,2014,2014,2015,2015,2015,2015,2015,2015,2015,2015,2015,2015,2016,2016,2016,2016,2016,2016,2016,2016,2016,2016,2016,2016,2016,2017,2017,2017,2017,2017,2017,2017,2017,2017,2017,2017,2017,2017,2018,2018,2018,2018,2018,2018,2018,2018,2018,2018,2018,2018,2018,2019,2019,2019,2019,2019,2019],"Y_PREVALENCE_1000PP":[0.38466,0.13198,0.24866,0.28054,0.37713,0.1114,0.4717,0.63855,0.22713,0.63332,0.38644,0.20936,0.4557,0.57665,0.41193,0.31973,0.45191,0.65063,0.97471,0.71414,1.24323,0.62596,0.80166,0.91453,0.57398,0.55668,0.83151,0.69739,0.71235,0.81626,0.02985,0.50731,0.05415,0.64304,0.38889,0.5428,0.50569,0.63616,0.99005,0.73171,0.06419,0.72665,0.53153,0.05452,0.64603,0.68613,0.39102,0.03153,0.56084,0.77064,0.81255,0.57514,0.52374,0.06311,0.02031,0.33149,0.33548,0.56689,0.1037,0.02736,0.3633,0.06043,0.48066,0.32471,0.06549,0.08166,0.08885,0.11849,0.12822,0.47529,0.08489,0.32372,0.23898,0.45184,0.08656,0.35159,0.25127,0.27512,0.07016,0.23526,0.31369,0.36341,0.37591,0.37824,0.04458,0.3318,0.51222,0.06245,0.24181,0.33994,0.15128,0.24561,0.30559,0.0369,0.21922,0.08209,0.23208,0.2761,0.26576,0.26016,0.32906,0.2419,0.0554,0.04818,0.04089,0.0466,0.04752,0.06424,0.04497]},"PREVALENCE_BY_MONTH":{"X_CALENDAR_MONTH":[200703,200704,200705,200706,200707,200708,200709,200710,200711,200712,200801,200802,200803,200804,200805,200806,200807,200808,200809,200810,200811,200812,200901,200902,200903,200904,200905,200906,200907,200908,200909,200910,200911,200912,201001,201002,201003,201004,201005,201006,201007,201008,201009,201010,201011,201012,201101,201102,201103,201104,201105,201106,201107,201108,201109,201110,201111,201112,201201,201202,201203,201204,201205,201206,201207,201208,201209,201210,201211,201212,201301,201302,201303,201304,201305,201306,201307,201308,201309,201310,201311,201312,201401,201402,201403,201404,201405,201406,201407,201408,201409,201410,201411,201412,201501,201502,201503,201504,201505,201506,201507,201508,201509,201510,201511,201512,201601,201602,201603,201604,201605,201606,201607,201608,201609,201610,201611,201612,201701,201702,201703,201704,201705,201706,201707,201708,201709,201710,201711,201712,201801,201802,201803,201804,201805,201806,201807,201808,201809,201810,201811,201812,201901,201902,201903],"Y_PREVALENCE_1000PP":[0.00124,0.00289,0.00368,0.00609,0.01448,0.02009,0.01753,0.0124,0.01425,0.01054,0.01065,0.01766,0.00953,0.01066,0.01258,0.02497,0.01817,0.01416,0.01445,0.01764,0.01156,0.01003,0.01905,0.01754,0.01732,0.0138,0.01904,0.02053,0.00714,0.01451,0.01502,0.01092,0.027,0.01502,0.02082,0.04082,0.04871,0.02891,0.04193,0.04412,0.02903,0.02499,0.03664,0.02036,0.01836,0.01388,0.02523,0.03212,0.03487,0.02443,0.0308,0.0289,0.02037,0.02582,0.02331,0.01872,0.02426,0.01477,0.01819,0.01746,0.0129,0.00891,0.01566,0.01818,0.01895,0.02488,0.0281,0.02996,0.02762,0.01417,0.02771,0.03223,0.03259,0.02813,0.02061,0.02192,0.01816,0.02766,0.03853,0.02563,0.02768,0.01882,0.01776,0.02576,0.03024,0.02318,0.02203,0.0186,0.0188,0.02112,0.02875,0.02487,0.02574,0.01638,0.01951,0.02779,0.02546,0.01708,0.01319,0.01621,0.01979,0.01618,0.01169,0.00977,0.00994,0.00639,0.0136,0.01592,0.02666,0.01849,0.01644,0.0126,0.00893,0.01282,0.01635,0.01439,0.01834,0.01561,0.01862,0.02156,0.03005,0.01597,0.01997,0.01691,0.01375,0.01295,0.01152,0.01362,0.01839,0.01462,0.01913,0.02256,0.01544,0.0108,0.01943,0.01767,0.00883,0.01495,0.01086,0.00847,0.00854,0.00263,0.00295,0.00958,0.0076]},"OBS_FREQUENCY_DISTRIBUTION":{"Y_NUM_PERSONS":[0,0,0,0],"X_COUNT":[1,2,3,4]},"OBSERVATIONS_BY_TYPE":{"CONCEPT_NAME":"Observation recorded from EHR","COUNT_VALUE":13481},"AGE_AT_FIRST_OCCURRENCE":{"CATEGORY":["MALE","FEMALE"],"MIN_VALUE":[17,17],"P10_VALUE":[42,43],"P25_VALUE":[46,47],"MEDIAN_VALUE":[53,53],"P75_VALUE":[60,60],"P90_VALUE":[64,64],"MAX_VALUE":[91,93]}}
