{"PREVALENCE_BY_GENDER_AGE_YEAR":{"TRELLIS_NAME":["80-89","70-79","80-89","70-79","80-89","70-79","70-79","80-89","70-79","80-89","60-69","80-89","70-79","70-79","80-89","70-79","80-89","70-79","80-89","70-79","70-79"],"SERIES_NAME":["FEMALE","FEMALE","FEMALE","FEMALE","FEMALE","FEMALE","MALE","FEMALE","FEMALE","FEMALE","MALE","FEMALE","FEMALE","MALE","FEMALE","FEMALE","FEMALE","FEMALE","FEMALE","MALE","MALE"],"X_CALENDAR_YEAR":[2007,2007,2008,2008,2009,2009,2009,2010,2011,2011,2012,2012,2012,2012,2013,2013,2014,2014,2015,2015,2016],"Y_PREVALENCE_1000PP":[0.06496,0.02842,0.04168,0.03221,0.04134,0.03649,0.03161,0.06245,0.02682,0.05496,0.01882,0.05516,0.02675,0.03559,0.05569,0.02623,0.04391,0.04487,0.06398,0.04392,0.03808]},"PREVALENCE_BY_MONTH":{"X_CALENDAR_MONTH":[200702,200901,200902,201102,201111,201208,201210,201211,201301,201303,201305,201403,201409],"Y_PREVALENCE_1000PP":[0.00145,0.00132,0.00132,0.00112,0.00128,0.00109,0.00109,0.0011,0.0011,0.00111,0.00111,0.00115,0.00159]},"OBS_FREQUENCY_DISTRIBUTION":{"Y_NUM_PERSONS":[0,0,0],"X_COUNT":[1,2,3]},"OBSERVATIONS_BY_TYPE":{"CONCEPT_NAME":"Observation recorded from EHR","COUNT_VALUE":414},"AGE_AT_FIRST_OCCURRENCE":{"CATEGORY":["MALE","FEMALE"],"MIN_VALUE":[0,0],"P10_VALUE":[37,43],"P25_VALUE":[59,61],"MEDIAN_VALUE":[72,75],"P75_VALUE":[80,82],"P90_VALUE":[88,87],"MAX_VALUE":[96,96]}}
