{"PREVALENCE_BY_GENDER_AGE_YEAR":{"TRELLIS_NAME":["30-39","30-39","30-39","20-29","30-39","20-29","30-39","20-29","30-39","20-29","30-39","20-29","30-39","30-39","20-29","30-39","20-29","30-39","30-39","20-29","30-39","30-39","20-29","30-39","20-29","20-29","30-39","20-29","30-39","30-39","30-39","20-29","20-29","30-39","20-29","30-39"],"SERIES_NAME":["FEMALE","FEMALE","FEMALE","FEMALE","FEMALE","FEMALE","FEMALE","FEMALE","FEMALE","FEMALE","FEMALE","FEMALE","FEMALE","FEMALE","FEMALE","FEMALE","FEMALE","FEMALE","FEMALE","FEMALE","FEMALE","FEMALE","FEMALE","FEMALE","FEMALE","FEMALE","FEMALE","FEMALE","FEMALE","FEMALE","FEMALE","FEMALE","FEMALE","FEMALE","FEMALE","FEMALE"],"X_CALENDAR_YEAR":[1996,1998,2000,2000,2001,2002,2002,2003,2003,2004,2004,2005,2005,2006,2007,2007,2008,2008,2009,2010,2010,2011,2011,2012,2012,2013,2013,2014,2014,2015,2016,2016,2017,2017,2018,2018],"Y_PREVALENCE_1000PP":[0.15508,0.05807,0.03081,0.0324,0.0381,0.03063,0.03692,0.02177,0.02059,0.02311,0.07974,0.0219,0.04059,0.04493,0.02693,0.03039,0.02835,0.03524,0.03028,0.02788,0.03766,0.01983,0.02224,0.04976,0.02463,0.03206,0.04957,0.01836,0.03679,0.03165,0.04049,0.02783,0.03114,0.04408,0.03959,0.0451]},"PREVALENCE_BY_MONTH":{"X_CALENDAR_MONTH":[200305,200601,200801,201212,201407],"Y_PREVALENCE_1000PP":[0.00157,0.0013,0.00116,0.0011,0.00118]},"OBS_FREQUENCY_DISTRIBUTION":{"Y_NUM_PERSONS":[0,0],"X_COUNT":[1,2]},"OBSERVATIONS_BY_TYPE":{"CONCEPT_NAME":"Observation recorded from EHR","COUNT_VALUE":477},"AGE_AT_FIRST_OCCURRENCE":{"CATEGORY":"FEMALE","MIN_VALUE":17,"P10_VALUE":24,"P25_VALUE":28,"MEDIAN_VALUE":31,"P75_VALUE":35,"P90_VALUE":38,"MAX_VALUE":45}}
