{"PREVALENCE_BY_GENDER_AGE_YEAR":{"TRELLIS_NAME":["30-39","30-39","20-29","30-39","10-19","10-19","20-29","30-39","30-39","40-49","20-29","40-49","60-69","20-29","30-39","40-49","20-29","40-49","30-39","40-49","30-39","30-39","20-29","20-29","40-49","40-49","20-29","50-59","20-29","30-39","30-39","20-29","30-39","20-29","40-49","30-39","40-49","30-39","30-39","20-29","30-39","40-49","20-29","30-39","40-49","40-49","30-39","20-29","30-39","40-49","40-49"],"SERIES_NAME":["MALE","FEMALE","FEMALE","MALE","FEMALE","FEMALE","FEMALE","MALE","FEMALE","MALE","MALE","FEMALE","MALE","FEMALE","MALE","MALE","MALE","FEMALE","FEMALE","MALE","MALE","FEMALE","FEMALE","MALE","MALE","FEMALE","MALE","MALE","FEMALE","MALE","FEMALE","MALE","FEMALE","FEMALE","MALE","MALE","MALE","MALE","FEMALE","MALE","FEMALE","MALE","FEMALE","MALE","FEMALE","MALE","MALE","MALE","FEMALE","MALE","FEMALE"],"X_CALENDAR_YEAR":[2008,2009,2009,2009,2009,2010,2010,2010,2010,2010,2010,2010,2010,2011,2011,2011,2011,2011,2011,2012,2012,2012,2012,2012,2013,2013,2013,2013,2013,2013,2013,2014,2014,2014,2014,2014,2015,2015,2015,2016,2016,2016,2016,2017,2017,2017,2018,2018,2018,2018,2018],"Y_PREVALENCE_1000PP":[0.01466,0.02019,0.07114,0.01967,0.02367,0.02685,0.04563,0.02459,0.0226,0.02886,0.04207,0.01623,0.01924,0.04448,0.0341,0.04591,0.03341,0.01364,0.02479,0.01782,0.05415,0.02985,0.03695,0.04368,0.03162,0.01636,0.02579,0.01551,0.02713,0.04197,0.02974,0.02482,0.03416,0.01573,0.02937,0.03944,0.03302,0.02016,0.03165,0.02183,0.02699,0.03337,0.03478,0.03323,0.02745,0.03023,0.03284,0.03232,0.0533,0.05587,0.03584]},"PREVALENCE_BY_MONTH":{"X_CALENDAR_MONTH":[200904,200907,200908,200910,201001,201003,201004,201005,201006,201008,201010,201011,201012,201101,201102,201103,201105,201106,201108,201109,201110,201111,201112,201201,201202,201203,201204,201208,201301,201302,201303,201304,201305,201307,201308,201309,201310,201311,201312,201401,201403,201404,201407,201410,201501,201504,201507,201508,201609,201611,201703,201708,201804,201806,201808,201810,201812,201903],"Y_PREVALENCE_1000PP":[0.00151,0.00169,0.0032,0.00151,0.00151,0.0019,0.00152,0.00172,0.00172,0.00229,0.00283,0.00206,0.00188,0.00131,0.00149,0.0013,0.00129,0.0011,0.00201,0.002,0.00127,0.00201,0.00219,0.00273,0.00236,0.00327,0.00145,0.00109,0.00147,0.00111,0.00222,0.00111,0.00167,0.00204,0.0013,0.0013,0.0015,0.00169,0.00134,0.0021,0.00153,0.00211,0.00118,0.00142,0.00208,0.0013,0.0018,0.00135,0.00161,0.00192,0.00284,0.00177,0.00185,0.00279,0.0035,0.00228,0.00263,0.00297]},"OBS_FREQUENCY_DISTRIBUTION":{"Y_NUM_PERSONS":[0,0,0],"X_COUNT":[1,2,3]},"OBSERVATIONS_BY_TYPE":{"CONCEPT_NAME":"Observation recorded from EHR","COUNT_VALUE":787},"AGE_AT_FIRST_OCCURRENCE":{"CATEGORY":["FEMALE","MALE"],"MIN_VALUE":[4,0],"P10_VALUE":[19,22],"P25_VALUE":[23,28],"MEDIAN_VALUE":[31,37],"P75_VALUE":[39,45],"P90_VALUE":[48,52],"MAX_VALUE":[70,73]}}
