{"PREVALENCE_BY_GENDER_AGE_YEAR":{"TRELLIS_NAME":["10-19","30-39","40-49","20-29","30-39","10-19","40-49","20-29","30-39","50-59","20-29","10-19","40-49","20-29","40-49","10-19","30-39","20-29","30-39","40-49","40-49","10-19","20-29","30-39","40-49","20-29","30-39","10-19","30-39","20-29","40-49","20-29"],"SERIES_NAME":["FEMALE","FEMALE","FEMALE","FEMALE","FEMALE","FEMALE","FEMALE","FEMALE","FEMALE","FEMALE","FEMALE","FEMALE","FEMALE","FEMALE","FEMALE","FEMALE","FEMALE","FEMALE","FEMALE","FEMALE","FEMALE","FEMALE","FEMALE","FEMALE","FEMALE","FEMALE","FEMALE","FEMALE","FEMALE","FEMALE","FEMALE","FEMALE"],"X_CALENDAR_YEAR":[2011,2011,2011,2011,2012,2012,2012,2012,2013,2013,2013,2013,2013,2014,2014,2014,2014,2015,2015,2015,2016,2016,2016,2016,2017,2017,2017,2018,2018,2018,2019,2019],"Y_PREVALENCE_1000PP":[0.01964,0.02727,0.01592,0.06672,0.08708,0.04906,0.06223,0.16502,0.09665,0.01843,0.15045,0.07785,0.04439,0.15996,0.06821,0.05134,0.11562,0.11608,0.04892,0.04816,0.02068,0.04382,0.1113,0.06411,0.04313,0.10509,0.08081,0.03207,0.0615,0.09239,0.02998,0.042]},"PREVALENCE_BY_MONTH":{"X_CALENDAR_MONTH":[201106,201107,201108,201109,201201,201202,201203,201204,201205,201206,201207,201208,201209,201210,201211,201212,201301,201302,201303,201304,201305,201306,201307,201308,201309,201310,201311,201312,201401,201402,201403,201404,201405,201406,201407,201408,201409,201410,201411,201412,201501,201502,201503,201507,201509,201511,201512,201601,201603,201604,201606,201607,201609,201702,201704,201706,201709,201710,201802,201805,201901,201902],"Y_PREVALENCE_1000PP":[0.00203,0.0011,0.0022,0.00182,0.00182,0.00109,0.00254,0.00218,0.00164,0.00255,0.00219,0.00236,0.00417,0.004,0.00219,0.00147,0.00184,0.00184,0.00204,0.00389,0.0039,0.00186,0.00222,0.00278,0.00185,0.00281,0.00207,0.00307,0.00191,0.00134,0.00172,0.00211,0.00153,0.00291,0.00333,0.00316,0.00238,0.00465,0.00327,0.00436,0.00187,0.00167,0.00194,0.0027,0.00202,0.00189,0.00271,0.00148,0.00249,0.00175,0.00206,0.00184,0.00214,0.00392,0.00285,0.00204,0.00266,0.00178,0.00247,0.00216,0.00197,0.00198]},"OBS_FREQUENCY_DISTRIBUTION":{"Y_NUM_PERSONS":[0,0,0],"X_COUNT":[1,2,3]},"OBSERVATIONS_BY_TYPE":{"CONCEPT_NAME":"Observation recorded from EHR","COUNT_VALUE":832},"AGE_AT_FIRST_OCCURRENCE":{"CATEGORY":["FEMALE","MALE"],"MIN_VALUE":[13,28],"P10_VALUE":[19,28],"P25_VALUE":[22,36],"MEDIAN_VALUE":[28,58],"P75_VALUE":[36,70],"P90_VALUE":[44,88],"MAX_VALUE":[70,88]}}
