{"PREVALENCE_BY_GENDER_AGE_YEAR":{"TRELLIS_NAME":["70-79","70-79","80-89","60-69","60-69","80-89","90-99","80-89","50-59","90-99","70-79","60-69","70-79","60-69","90-99","80-89","40-49","80-89","80-89","60-69","70-79","70-79","90-99","60-69","50-59","50-59","90-99","90-99","90-99","70-79","60-69","50-59","60-69","80-89","80-89","70-79","80-89","70-79","90-99","70-79","80-89"],"SERIES_NAME":["FEMALE","MALE","FEMALE","FEMALE","MALE","MALE","FEMALE","MALE","MALE","MALE","MALE","FEMALE","FEMALE","MALE","FEMALE","FEMALE","MALE","MALE","FEMALE","MALE","MALE","FEMALE","FEMALE","FEMALE","MALE","FEMALE","MALE","MALE","FEMALE","MALE","FEMALE","MALE","MALE","MALE","FEMALE","FEMALE","MALE","FEMALE","FEMALE","MALE","FEMALE"],"X_CALENDAR_YEAR":[2013,2013,2013,2013,2013,2013,2013,2014,2014,2014,2014,2014,2014,2014,2014,2014,2015,2015,2015,2015,2015,2015,2015,2015,2015,2015,2015,2016,2016,2016,2016,2016,2016,2016,2016,2016,2017,2017,2017,2017,2017],"Y_PREVALENCE_1000PP":[0.06119,0.07935,0.22973,0.01822,0.03752,0.16374,0.28377,0.57096,0.03211,0.89074,0.23864,0.05141,0.13462,0.11267,0.6986,0.39515,0.01926,0.49092,0.43184,0.12626,0.25805,0.17084,0.89006,0.08384,0.0259,0.03214,0.94044,1.50038,0.89141,0.13963,0.06289,0.03034,0.11264,0.70774,0.49052,0.16412,0.25693,0.06144,0.49064,0.10317,0.12968]},"PREVALENCE_BY_MONTH":{"X_CALENDAR_MONTH":[201307,201309,201310,201311,201312,201401,201402,201403,201405,201406,201408,201409,201410,201411,201412,201501,201502,201503,201506,201507,201508,201509,201510,201511,201512,201601,201602,201603,201604,201606,201607,201608,201609,201610,201611,201612,201701,201702,201703,201706,201711],"Y_PREVALENCE_1000PP":[0.0013,0.00426,0.00355,0.00603,0.00499,0.00783,0.0124,0.01225,0.00153,0.00155,0.00257,0.00337,0.00303,0.00654,0.00664,0.01121,0.01337,0.01014,0.00135,0.00382,0.0018,0.00247,0.00605,0.00875,0.01058,0.01286,0.00746,0.00847,0.00225,0.0018,0.0042,0.0016,0.00375,0.00516,0.01314,0.0063,0.00849,0.00308,0.00284,0.00291,0.00271]},"OBS_FREQUENCY_DISTRIBUTION":{"Y_NUM_PERSONS":[0,0],"X_COUNT":[1,2]},"OBSERVATIONS_BY_TYPE":{"CONCEPT_NAME":"Observation recorded from EHR","COUNT_VALUE":1109},"AGE_AT_FIRST_OCCURRENCE":{"CATEGORY":["MALE","FEMALE"],"MIN_VALUE":[1,1],"P10_VALUE":[58,65],"P25_VALUE":[68,73],"MEDIAN_VALUE":[77,82],"P75_VALUE":[84,88],"P90_VALUE":[90,93],"MAX_VALUE":[99,104]}}
