{"PREVALENCE_BY_GENDER_AGE_YEAR":{"TRELLIS_NAME":["40-49","40-49","50-59","40-49","60-69","30-39","60-69","20-29","30-39","50-59","40-49","50-59","50-59","40-49","60-69","30-39","30-39","60-69","20-29","40-49","40-49","50-59","60-69","50-59","60-69","50-59","60-69","50-59"],"SERIES_NAME":["FEMALE","MALE","FEMALE","FEMALE","FEMALE","MALE","MALE","FEMALE","FEMALE","MALE","FEMALE","MALE","FEMALE","MALE","FEMALE","MALE","FEMALE","MALE","FEMALE","FEMALE","MALE","FEMALE","MALE","MALE","FEMALE","FEMALE","MALE","FEMALE"],"X_CALENDAR_YEAR":[2011,2012,2012,2012,2012,2012,2012,2012,2012,2012,2013,2013,2013,2013,2013,2013,2013,2013,2013,2014,2014,2014,2014,2014,2015,2015,2015,2016],"Y_PREVALENCE_1000PP":[0.01819,0.03342,0.05368,0.02996,0.04269,0.01477,0.0345,0.01478,0.01742,0.02629,0.03037,0.02327,0.03686,0.02259,0.03643,0.01728,0.01487,0.04065,0.01973,0.02274,0.02203,0.03261,0.03314,0.02408,0.02445,0.01753,0.03247,0.02396]},"PREVALENCE_BY_MONTH":{"X_CALENDAR_MONTH":[201111,201112,201201,201202,201203,201204,201205,201206,201207,201208,201209,201210,201211,201212,201301,201302,201304,201305,201306,201307,201308,201309,201310,201311,201312,201402,201403,201404,201405,201406,201407,201408,201409,201505,201506,201602],"Y_PREVALENCE_1000PP":[0.00219,0.00237,0.00182,0.00146,0.00291,0.00164,0.00255,0.00145,0.00219,0.00218,0.00181,0.00182,0.0011,0.00166,0.00257,0.00129,0.00204,0.00167,0.00167,0.00185,0.00297,0.00167,0.00131,0.00113,0.00134,0.00153,0.00268,0.00153,0.00153,0.00116,0.00157,0.00158,0.00139,0.00151,0.00135,0.00149]},"OBS_FREQUENCY_DISTRIBUTION":{"Y_NUM_PERSONS":0,"X_COUNT":1},"OBSERVATIONS_BY_TYPE":{"CONCEPT_NAME":"Observation recorded from EHR","COUNT_VALUE":460},"AGE_AT_FIRST_OCCURRENCE":{"CATEGORY":["MALE","FEMALE"],"MIN_VALUE":[3,2],"P10_VALUE":[30,25],"P25_VALUE":[42,40],"MEDIAN_VALUE":[55,51],"P75_VALUE":[64,62],"P90_VALUE":[71,69],"MAX_VALUE":[92,90]}}
