{"PREVALENCE_BY_GENDER_AGE_YEAR":{"TRELLIS_NAME":["60-69","50-59","50-59","60-69","50-59","60-69","50-59"],"SERIES_NAME":["FEMALE","FEMALE","MALE","MALE","FEMALE","MALE","MALE"],"X_CALENDAR_YEAR":[2010,2010,2010,2010,2011,2011,2011],"Y_PREVALENCE_1000PP":[0.03143,0.07016,0.07372,0.05772,0.02167,0.02184,0.02913]},"PREVALENCE_BY_MONTH":{"X_CALENDAR_MONTH":[201009,201011,201012,201101,201102,201103],"Y_PREVALENCE_1000PP":[0.00304,0.006,0.00469,0.00262,0.00131,0.00167]},"OBS_FREQUENCY_DISTRIBUTION":{"Y_NUM_PERSONS":[0,0],"X_COUNT":[1,2]},"OBSERVATIONS_BY_TYPE":{"CONCEPT_NAME":"Observation recorded from EHR","COUNT_VALUE":200},"AGE_AT_FIRST_OCCURRENCE":{"CATEGORY":["FEMALE","MALE"],"MIN_VALUE":[11,19],"P10_VALUE":[51,50],"P25_VALUE":[53,52],"MEDIAN_VALUE":[58,59],"P75_VALUE":[66,66],"P90_VALUE":[74,71],"MAX_VALUE":[85,99]}}
