{"PREVALENCE_BY_GENDER_AGE_YEAR":{"TRELLIS_NAME":["70-79","70-79","50-59","0-9","70-79","0-9","40-49","60-69","40-49","20-29","40-49","30-39","10-19","30-39","20-29","40-49","70-79"],"SERIES_NAME":["MALE","MALE","FEMALE","FEMALE","MALE","MALE","MALE","FEMALE","FEMALE","FEMALE","FEMALE","FEMALE","FEMALE","FEMALE","FEMALE","FEMALE","MALE"],"X_CALENDAR_YEAR":[2003,2004,2005,2007,2008,2009,2010,2010,2012,2015,2015,2015,2015,2016,2016,2016,2017],"Y_PREVALENCE_1000PP":[0.05036,0.0394,0.0194,0.02015,0.03208,0.01821,0.01776,0.02514,0.01383,0.08126,0.05666,0.07482,0.04457,0.04724,0.04174,0.03102,0.04815]},"PREVALENCE_BY_MONTH":{"X_CALENDAR_MONTH":[200009,200210,200305,200307,200401,200405,200502,200508,200710,200810,200901,200903,200907,201004,201111,201506,201507,201508,201509,201510,201511,201512,201601,201602,201603,201606,201710,201811],"Y_PREVALENCE_1000PP":[0.00242,0.00188,0.00261,0.00206,0.00222,0.00189,0.00136,0.00133,0.00118,0.00114,0.00132,0.00132,0.00113,0.00114,0.00109,0.00203,0.00675,0.00382,0.00225,0.00349,0.00213,0.00221,0.00272,0.00498,0.0015,0.0018,0.00178,0.0023]},"OBS_FREQUENCY_DISTRIBUTION":{"Y_NUM_PERSONS":[0,0,0],"X_COUNT":[1,2,3]},"OBSERVATIONS_BY_TYPE":{"CONCEPT_NAME":"Observation recorded from EHR","COUNT_VALUE":829},"AGE_AT_FIRST_OCCURRENCE":{"CATEGORY":["MALE","FEMALE"],"MIN_VALUE":[0,0],"P10_VALUE":[3,11],"P25_VALUE":[22,25],"MEDIAN_VALUE":[48,39],"P75_VALUE":[68,61],"P90_VALUE":[78,77],"MAX_VALUE":[95,94]}}
