{"PREVALENCE_BY_GENDER_AGE_YEAR":{"TRELLIS_NAME":["20-29","30-39","20-29","40-49","20-29","30-39","40-49","30-39","30-39","20-29","20-29","30-39","50-59","20-29","40-49","30-39","20-29","50-59","40-49","30-39","40-49","30-39","30-39","20-29","40-49","40-49","20-29","30-39","40-49","30-39","30-39","20-29","30-39","30-39","20-29"],"SERIES_NAME":["MALE","MALE","MALE","MALE","FEMALE","MALE","FEMALE","MALE","FEMALE","MALE","MALE","FEMALE","MALE","MALE","MALE","MALE","MALE","MALE","MALE","MALE","FEMALE","MALE","FEMALE","MALE","MALE","MALE","MALE","MALE","MALE","FEMALE","MALE","MALE","MALE","MALE","MALE"],"X_CALENDAR_YEAR":[2008,2008,2009,2009,2009,2009,2010,2010,2010,2010,2011,2011,2012,2012,2012,2012,2013,2013,2013,2013,2014,2014,2014,2014,2014,2015,2015,2015,2016,2016,2016,2017,2017,2018,2018],"Y_PREVALENCE_1000PP":[0.02671,0.02198,0.0316,0.02012,0.02032,0.03196,0.01855,0.02213,0.01757,0.02892,0.01799,0.01487,0.0184,0.02055,0.01559,0.01477,0.02063,0.02327,0.02485,0.02716,0.01768,0.02104,0.01839,0.02758,0.03426,0.02201,0.0304,0.01728,0.03004,0.02024,0.03047,0.04053,0.02585,0.02463,0.0277]},"PREVALENCE_BY_MONTH":{"X_CALENDAR_MONTH":[200901,200904,200906,200907,200908,200909,201003,201005,201009,201010,201111,201207,201208,201212,201301,201307,201311,201312,201401,201406,201407,201408,201501,201505,201508,201511,201602,201603,201604,201708,201709,201710,201711,201805],"Y_PREVALENCE_1000PP":[0.00113,0.00113,0.00132,0.0015,0.00151,0.00131,0.00133,0.00114,0.00114,0.00132,0.00109,0.00109,0.00145,0.0011,0.0011,0.00111,0.00113,0.00154,0.0021,0.00116,0.00157,0.00118,0.00145,0.00195,0.00135,0.00189,0.00249,0.0015,0.002,0.00177,0.00177,0.00178,0.00241,0.00185]},"OBS_FREQUENCY_DISTRIBUTION":{"Y_NUM_PERSONS":[0,0,0],"X_COUNT":[1,2,3]},"OBSERVATIONS_BY_TYPE":{"CONCEPT_NAME":"Observation recorded from EHR","COUNT_VALUE":545},"AGE_AT_FIRST_OCCURRENCE":{"CATEGORY":["FEMALE","MALE"],"MIN_VALUE":[13,16],"P10_VALUE":[22,22],"P25_VALUE":[28,28],"MEDIAN_VALUE":[38,36],"P75_VALUE":[48,45],"P90_VALUE":[56,54],"MAX_VALUE":[69,76]}}
