{"PREVALENCE_BY_GENDER_AGE_YEAR":{"TRELLIS_NAME":["60-69","50-59","70-79","60-69","30-39","40-49","50-59","40-49","50-59","50-59","30-39","50-59","40-49","40-49","60-69","30-39","50-59","20-29","30-39","40-49","60-69","60-69","40-49","80-89","60-69","40-49","90-99","70-79","80-89","70-79","50-59","80-89","80-89","70-79","60-69","90-99","40-49","50-59","70-79","90-99","80-89","60-69","70-79","80-89","60-69","30-39","30-39","20-29","40-49","70-79","50-59","60-69","60-69","70-79","50-59","80-89","80-89","90-99","60-69","20-29","70-79","50-59","80-89"],"SERIES_NAME":["FEMALE","FEMALE","FEMALE","FEMALE","FEMALE","MALE","FEMALE","FEMALE","FEMALE","MALE","FEMALE","FEMALE","MALE","FEMALE","FEMALE","MALE","FEMALE","FEMALE","FEMALE","FEMALE","FEMALE","MALE","MALE","FEMALE","FEMALE","FEMALE","FEMALE","MALE","MALE","FEMALE","FEMALE","MALE","FEMALE","MALE","FEMALE","FEMALE","MALE","FEMALE","MALE","FEMALE","MALE","FEMALE","FEMALE","FEMALE","MALE","FEMALE","MALE","FEMALE","FEMALE","FEMALE","MALE","FEMALE","MALE","MALE","FEMALE","FEMALE","MALE","FEMALE","FEMALE","FEMALE","MALE","FEMALE","FEMALE"],"X_CALENDAR_YEAR":[2002,2002,2003,2003,2003,2003,2003,2003,2004,2004,2004,2005,2005,2005,2005,2006,2006,2006,2006,2006,2007,2011,2011,2011,2011,2011,2011,2011,2011,2011,2011,2012,2012,2012,2012,2012,2012,2013,2013,2013,2013,2013,2013,2013,2013,2014,2014,2014,2014,2014,2014,2014,2014,2014,2014,2014,2014,2014,2015,2015,2015,2015,2016],"Y_PREVALENCE_1000PP":[0.0318,0.03113,0.04164,0.03922,0.02059,0.02854,0.02564,0.04998,0.03042,0.01969,0.01925,0.02263,0.01863,0.01682,0.02918,0.01537,0.02505,0.02629,0.03172,0.0212,0.02072,0.03431,0.0153,0.26107,0.03955,0.02046,0.44381,0.08191,0.21035,0.09387,0.03792,0.07242,0.10343,0.061,0.0244,0.16821,0.01337,0.04213,0.09423,0.37836,0.13304,0.05465,0.10927,0.19492,0.03439,0.02102,0.01841,0.01573,0.03032,0.10769,0.02676,0.06105,0.04308,0.08632,0.03805,0.21221,0.17975,0.2495,0.02795,0.01741,0.03843,0.01753,0.06733]},"PREVALENCE_BY_MONTH":{"X_CALENDAR_MONTH":[200206,200207,200209,200210,200301,200303,200304,200305,200307,200308,200309,200312,200404,200409,200412,200503,200504,200505,200507,200509,200511,200512,200602,200603,200604,200605,200606,200609,200611,200707,200710,200808,201011,201012,201101,201102,201103,201104,201105,201106,201107,201108,201109,201110,201111,201112,201201,201204,201205,201206,201207,201208,201209,201210,201301,201302,201303,201304,201305,201306,201307,201308,201309,201310,201311,201312,201401,201402,201403,201404,201405,201406,201407,201408,201409,201410,201411,201503,201505,201507,201510,201511,201602,201606,201607,201609,201611,201801,201802],"Y_PREVALENCE_1000PP":[0.00276,0.00356,0.00163,0.00242,0.00212,0.00342,0.00183,0.00157,0.00154,0.00231,0.00153,0.00202,0.00214,0.00254,0.00138,0.00203,0.00248,0.0018,0.00178,0.00132,0.00131,0.00153,0.0013,0.00152,0.00151,0.00193,0.0015,0.00149,0.00126,0.00161,0.00157,0.00172,0.00206,0.00113,0.00336,0.00654,0.00371,0.00185,0.0024,0.00147,0.00294,0.00385,0.00164,0.00527,0.00274,0.00164,0.00291,0.00109,0.00109,0.00145,0.00146,0.00182,0.00109,0.00272,0.00367,0.00147,0.00204,0.00259,0.00278,0.00167,0.00278,0.00427,0.0037,0.00318,0.00433,0.0023,0.00458,0.00343,0.00325,0.0046,0.00402,0.00213,0.00764,0.00572,0.00198,0.00243,0.00184,0.00237,0.00151,0.0027,0.00326,0.00189,0.00149,0.00206,0.00263,0.00214,0.00164,0.00278,0.00185]},"OBS_FREQUENCY_DISTRIBUTION":{"Y_NUM_PERSONS":[0,0,0],"X_COUNT":[1,2,3]},"OBSERVATIONS_BY_TYPE":{"CONCEPT_NAME":"Observation recorded from EHR","COUNT_VALUE":1367},"AGE_AT_FIRST_OCCURRENCE":{"CATEGORY":["MALE","FEMALE"],"MIN_VALUE":[0,1],"P10_VALUE":[25,26],"P25_VALUE":[41,42],"MEDIAN_VALUE":[59,60],"P75_VALUE":[74,78],"P90_VALUE":[83,88],"MAX_VALUE":[96,101]}}
