{"PREVALENCE_BY_GENDER_AGE_YEAR":{"TRELLIS_NAME":["0-9","0-9","0-9","10-19","0-9","0-9","10-19","0-9","0-9","0-9","0-9","0-9","10-19","10-19","10-19","10-19","0-9","0-9","10-19","0-9","10-19","0-9","0-9","10-19","10-19","0-9","0-9","10-19","10-19","0-9","0-9","10-19","10-19","0-9","0-9","10-19","10-19","0-9","0-9","10-19","10-19","0-9","10-19","0-9","0-9","10-19","10-19","0-9","0-9","10-19","10-19","0-9","10-19","0-9","0-9","0-9","10-19","10-19","10-19","10-19","0-9","0-9","0-9","10-19"],"SERIES_NAME":["MALE","FEMALE","FEMALE","MALE","MALE","MALE","MALE","FEMALE","FEMALE","MALE","FEMALE","MALE","MALE","FEMALE","FEMALE","MALE","FEMALE","MALE","FEMALE","FEMALE","MALE","MALE","FEMALE","FEMALE","MALE","MALE","MALE","MALE","FEMALE","FEMALE","FEMALE","FEMALE","MALE","MALE","MALE","FEMALE","MALE","FEMALE","FEMALE","FEMALE","MALE","MALE","FEMALE","MALE","FEMALE","MALE","FEMALE","MALE","FEMALE","MALE","MALE","MALE","FEMALE","FEMALE","MALE","FEMALE","MALE","FEMALE","FEMALE","MALE","FEMALE","MALE","MALE","MALE"],"X_CALENDAR_YEAR":[2000,2000,2001,2002,2002,2003,2003,2003,2004,2004,2005,2005,2005,2005,2006,2006,2006,2006,2007,2007,2007,2007,2008,2008,2008,2008,2009,2009,2009,2009,2010,2010,2010,2010,2011,2011,2011,2011,2012,2012,2012,2012,2013,2013,2013,2013,2014,2014,2014,2014,2015,2015,2015,2015,2016,2016,2016,2016,2017,2017,2017,2017,2018,2018],"Y_PREVALENCE_1000PP":[0.04402,0.0419,0.07023,0.02714,0.05715,0.04136,0.03362,0.0267,0.07638,0.09023,0.09572,0.10812,0.03246,0.03263,0.02318,0.04465,0.17371,0.19885,0.03221,0.16118,0.05439,0.20133,0.19772,0.04815,0.04958,0.25305,0.19429,0.0799,0.06426,0.13362,0.084,0.04698,0.07663,0.14855,0.22949,0.04911,0.09385,0.19178,0.27225,0.0556,0.09785,0.28003,0.03893,0.35113,0.28877,0.0581,0.03765,0.29749,0.19943,0.04533,0.07418,0.33879,0.03714,0.23246,0.21307,0.16668,0.08386,0.03943,0.05284,0.04627,0.14046,0.16865,0.03478,0.031]},"PREVALENCE_BY_MONTH":{"X_CALENDAR_MONTH":[200404,200409,200410,200411,200502,200506,200507,200508,200510,200511,200512,200601,200603,200604,200605,200606,200607,200608,200609,200610,200611,200612,200701,200703,200704,200705,200706,200707,200708,200709,200710,200711,200712,200801,200802,200803,200804,200805,200806,200807,200808,200809,200810,200811,200812,200901,200902,200903,200904,200905,200906,200907,200908,200909,200910,200911,200912,201001,201002,201003,201004,201005,201006,201007,201008,201009,201010,201011,201012,201101,201102,201103,201104,201105,201106,201107,201108,201109,201110,201111,201112,201201,201202,201203,201204,201205,201206,201207,201208,201209,201210,201211,201212,201301,201302,201303,201304,201305,201306,201307,201308,201309,201310,201311,201312,201401,201402,201403,201404,201405,201406,201407,201408,201409,201410,201411,201412,201501,201502,201503,201504,201505,201506,201507,201508,201509,201510,201511,201512,201601,201602,201603,201604,201605,201606,201607,201608,201609,201611,201612,201701,201703,201704,201705,201706,201707,201708,201709,201710,201711],"Y_PREVALENCE_1000PP":[0.00143,0.00162,0.00138,0.00138,0.00181,0.00134,0.00178,0.00244,0.00241,0.00219,0.00219,0.00325,0.00217,0.00258,0.00258,0.0015,0.00235,0.0032,0.00276,0.00253,0.00294,0.0021,0.00249,0.0029,0.00165,0.00225,0.00284,0.00362,0.00221,0.00319,0.00276,0.00215,0.00293,0.00387,0.00214,0.00195,0.00291,0.00407,0.0023,0.0023,0.00268,0.00342,0.0055,0.00171,0.00416,0.00226,0.00358,0.00282,0.00378,0.00283,0.0032,0.00376,0.00207,0.00282,0.00207,0.00359,0.00171,0.00151,0.00228,0.00247,0.00209,0.00191,0.00115,0.0021,0.00172,0.00285,0.00302,0.00206,0.00244,0.00206,0.00205,0.00371,0.00167,0.0035,0.00405,0.00477,0.00403,0.00364,0.00364,0.0031,0.00365,0.00382,0.00418,0.00472,0.00418,0.0051,0.00364,0.00328,0.00418,0.0029,0.00454,0.00512,0.00497,0.00624,0.00442,0.0037,0.005,0.00427,0.00632,0.00315,0.00464,0.00352,0.00337,0.00339,0.00384,0.00286,0.00286,0.0044,0.00268,0.00287,0.00213,0.00313,0.00493,0.00317,0.00445,0.00143,0.00373,0.00249,0.00355,0.00367,0.00303,0.00411,0.00383,0.00472,0.00517,0.00675,0.00652,0.00213,0.00418,0.00594,0.00249,0.00274,0.0035,0.00253,0.00386,0.00236,0.00534,0.00268,0.00356,0.00219,0.00301,0.00312,0.00371,0.00257,0.00233,0.00175,0.00324,0.00236,0.00178,0.00362]},"OBS_FREQUENCY_DISTRIBUTION":{"Y_NUM_PERSONS":[0,0,0,0,0,0,0,0,0,0,0,0,0],"X_COUNT":[1,2,3,4,5,6,7,8,9,10,11,12,15]},"OBSERVATIONS_BY_TYPE":{"CONCEPT_NAME":"Observation recorded from EHR","COUNT_VALUE":2524},"AGE_AT_FIRST_OCCURRENCE":{"CATEGORY":["FEMALE","MALE"],"MIN_VALUE":[0,0],"P10_VALUE":[0,0],"P25_VALUE":[0,0],"MEDIAN_VALUE":[1,1],"P75_VALUE":[6,7],"P90_VALUE":[12,12],"MAX_VALUE":[52,74]}}
