{"PREVALENCE_BY_GENDER_AGE_YEAR":{"TRELLIS_NAME":["60-69","50-59","50-59","60-69","40-49","30-39","50-59","50-59","40-49","50-59","30-39","50-59","40-49","60-69","20-29","40-49","30-39","40-49","50-59","50-59","60-69","20-29","60-69","50-59","20-29","60-69","40-49","50-59","60-69","30-39","40-49","30-39","60-69","50-59","40-49","50-59","30-39","60-69","60-69","40-49","60-69","30-39","50-59","50-59","70-79","30-39","60-69","20-29","60-69","50-59","50-59","40-49","40-49","60-69","40-49","50-59","60-69","50-59","30-39","50-59","60-69","40-49","60-69","50-59","40-49","20-29","60-69","80-89","40-49","30-39","30-39","50-59","50-59","60-69","40-49","40-49","70-79","60-69","40-49","70-79","60-69","50-59","50-59","40-49","50-59","40-49","30-39","50-59","20-29","60-69","70-79","70-79","60-69","50-59","40-49","60-69","40-49","70-79","50-59","60-69","40-49","50-59","60-69"],"SERIES_NAME":["MALE","MALE","FEMALE","MALE","MALE","MALE","FEMALE","MALE","FEMALE","MALE","MALE","FEMALE","MALE","MALE","MALE","FEMALE","MALE","MALE","FEMALE","MALE","FEMALE","MALE","MALE","FEMALE","FEMALE","MALE","FEMALE","MALE","FEMALE","FEMALE","MALE","MALE","FEMALE","MALE","MALE","FEMALE","MALE","MALE","FEMALE","MALE","MALE","MALE","MALE","FEMALE","MALE","MALE","MALE","FEMALE","FEMALE","FEMALE","MALE","MALE","FEMALE","FEMALE","MALE","FEMALE","MALE","MALE","MALE","MALE","FEMALE","MALE","MALE","FEMALE","FEMALE","FEMALE","FEMALE","FEMALE","FEMALE","FEMALE","MALE","FEMALE","MALE","MALE","MALE","MALE","MALE","MALE","FEMALE","FEMALE","FEMALE","MALE","FEMALE","MALE","MALE","FEMALE","MALE","FEMALE","FEMALE","FEMALE","FEMALE","MALE","MALE","MALE","MALE","FEMALE","MALE","MALE","MALE","FEMALE","MALE","MALE","MALE"],"X_CALENDAR_YEAR":[2003,2003,2003,2004,2004,2004,2004,2004,2005,2005,2005,2005,2005,2005,2005,2006,2006,2006,2006,2006,2006,2006,2006,2007,2007,2007,2007,2007,2007,2007,2007,2007,2008,2008,2008,2008,2008,2008,2009,2009,2009,2009,2009,2009,2009,2010,2010,2010,2010,2010,2010,2010,2010,2011,2011,2011,2011,2011,2011,2012,2012,2012,2012,2012,2012,2012,2013,2013,2013,2013,2013,2013,2013,2013,2013,2014,2014,2014,2014,2014,2014,2014,2014,2015,2015,2015,2015,2015,2015,2015,2015,2015,2015,2016,2016,2016,2017,2017,2017,2017,2018,2018,2018],"Y_PREVALENCE_1000PP":[0.04481,0.04627,0.03662,0.04448,0.02549,0.0214,0.04732,0.04923,0.01682,0.0471,0.03152,0.0291,0.01597,0.0761,0.02266,0.02385,0.01793,0.03517,0.03131,0.05171,0.02708,0.03034,0.07071,0.02959,0.01616,0.04909,0.02444,0.03455,0.03799,0.01773,0.04178,0.01965,0.02312,0.03659,0.02927,0.02023,0.0171,0.0368,0.04196,0.02683,0.02295,0.02212,0.04457,0.02006,0.03161,0.01475,0.02245,0.01521,0.04086,0.02806,0.03549,0.01998,0.01391,0.02129,0.03279,0.03521,0.04679,0.03707,0.01705,0.04994,0.02745,0.03787,0.04391,0.04026,0.02074,0.01478,0.03947,0.04177,0.01869,0.01487,0.02469,0.0316,0.03878,0.07817,0.03162,0.03426,0.03554,0.06296,0.02021,0.02692,0.01928,0.04281,0.03805,0.04953,0.06332,0.0255,0.02592,0.03214,0.02322,0.03843,0.03905,0.04392,0.05772,0.04045,0.0267,0.02935,0.03023,0.04127,0.03722,0.02872,0.03438,0.05415,0.0497]},"PREVALENCE_BY_MONTH":{"X_CALENDAR_MONTH":[200302,200304,200305,200306,200307,200310,200311,200312,200401,200402,200403,200404,200405,200406,200407,200408,200409,200410,200411,200412,200501,200502,200503,200504,200505,200506,200507,200508,200509,200510,200511,200512,200601,200602,200603,200604,200605,200606,200607,200608,200609,200610,200611,200612,200701,200702,200703,200704,200705,200706,200707,200708,200709,200710,200711,200712,200801,200802,200803,200804,200805,200806,200807,200808,200809,200810,200811,200812,200901,200902,200903,200904,200906,200907,200908,200909,200910,200911,200912,201001,201002,201003,201004,201005,201006,201007,201008,201009,201010,201011,201012,201101,201102,201103,201104,201105,201106,201107,201108,201109,201110,201111,201112,201201,201202,201203,201204,201205,201206,201207,201208,201209,201210,201211,201212,201301,201302,201303,201304,201305,201306,201307,201308,201309,201310,201311,201312,201401,201402,201403,201404,201405,201406,201407,201408,201409,201410,201411,201412,201501,201502,201503,201504,201505,201506,201507,201508,201509,201510,201511,201512,201601,201602,201603,201605,201606,201607,201609,201611,201612,201702,201703,201706,201707,201708,201710,201711,201801,201802,201803,201804,201806,201808,201810,201901,201902,201903],"Y_PREVALENCE_1000PP":[0.00185,0.00262,0.00157,0.00208,0.00154,0.00306,0.00304,0.00177,0.00371,0.00148,0.00193,0.00214,0.0026,0.00258,0.00257,0.00163,0.00324,0.0023,0.00183,0.00138,0.00159,0.00271,0.00136,0.00226,0.00203,0.00291,0.00178,0.0031,0.00307,0.00241,0.00263,0.00175,0.00216,0.00282,0.0026,0.00172,0.00236,0.00491,0.00299,0.00341,0.00276,0.00464,0.00378,0.00294,0.00395,0.00249,0.00331,0.00227,0.00389,0.00264,0.00261,0.00241,0.00199,0.00157,0.00156,0.00137,0.00271,0.00272,0.00156,0.00116,0.00116,0.00154,0.00249,0.00153,0.00114,0.0019,0.00171,0.00227,0.00321,0.00132,0.00245,0.00246,0.00226,0.00301,0.00245,0.00131,0.00188,0.00189,0.00228,0.00246,0.0019,0.00228,0.00171,0.00172,0.00115,0.00229,0.00153,0.00114,0.0017,0.00131,0.00206,0.00131,0.00112,0.00167,0.0013,0.00129,0.0011,0.00275,0.00366,0.00255,0.00182,0.00274,0.00128,0.00255,0.00309,0.00291,0.00309,0.00382,0.00218,0.00237,0.00345,0.00254,0.00218,0.00256,0.00239,0.00257,0.00166,0.00333,0.00222,0.00316,0.00316,0.00315,0.00186,0.00204,0.00393,0.00339,0.0023,0.0021,0.00305,0.0023,0.00268,0.00172,0.00349,0.00215,0.00336,0.00218,0.00364,0.00327,0.00415,0.0027,0.00397,0.00712,0.00259,0.00411,0.0036,0.0045,0.00202,0.00517,0.00233,0.00189,0.00172,0.00148,0.00274,0.00249,0.00202,0.0018,0.00184,0.00214,0.00219,0.00274,0.00308,0.00312,0.00204,0.00292,0.00206,0.00207,0.00211,0.00278,0.00185,0.00278,0.00185,0.00279,0.00318,0.00228,0.00328,0.00231,0.00231]},"OBS_FREQUENCY_DISTRIBUTION":{"Y_NUM_PERSONS":[0,0,0,0,0,0,0,0,0,0,0,0,0,0,0,0,0,0,0,0],"X_COUNT":[1,2,3,4,5,6,7,8,9,10,11,12,13,14,15,16,17,18,19,23]},"OBSERVATIONS_BY_TYPE":{"CONCEPT_NAME":"Observation recorded from EHR","COUNT_VALUE":2351},"AGE_AT_FIRST_OCCURRENCE":{"CATEGORY":["FEMALE","MALE"],"MIN_VALUE":[1,1],"P10_VALUE":[27,31],"P25_VALUE":[40,43],"MEDIAN_VALUE":[54,54],"P75_VALUE":[64,64],"P90_VALUE":[73,71],"MAX_VALUE":[92,93]}}
