{"PREVALENCE_BY_GENDER_AGE_YEAR":{"TRELLIS_NAME":["70-79","80-89","90-99","70-79","80-89","90-99","80-89","90-99","60-69","50-59","70-79","60-69","70-79","80-89","60-69","60-69","90-99","80-89","70-79","90-99","80-89","70-79","70-79","70-79","80-89","70-79","80-89"],"SERIES_NAME":["MALE","MALE","FEMALE","FEMALE","FEMALE","MALE","MALE","FEMALE","FEMALE","FEMALE","FEMALE","MALE","MALE","FEMALE","MALE","FEMALE","FEMALE","FEMALE","FEMALE","MALE","MALE","MALE","MALE","MALE","FEMALE","FEMALE","MALE"],"X_CALENDAR_YEAR":[2014,2014,2014,2014,2014,2015,2015,2015,2015,2015,2015,2015,2015,2015,2016,2016,2016,2016,2016,2016,2016,2016,2017,2018,2018,2018,2018],"Y_PREVALENCE_1000PP":[0.03046,0.11631,0.1497,0.03141,0.07318,0.94044,0.63934,0.89006,0.04192,0.0263,0.19525,0.06493,0.25805,0.56779,0.02599,0.02935,0.75935,0.20198,0.07357,0.45011,0.31304,0.08251,0.04815,0.06075,0.1705,0.04093,0.10085]},"PREVALENCE_BY_MONTH":{"X_CALENDAR_MONTH":[201409,201410,201411,201412,201501,201502,201503,201504,201505,201506,201507,201508,201509,201510,201511,201512,201601,201602,201603,201604,201605,201606,201607,201608,201609,201701,201806,201808,201812,201901],"Y_PREVALENCE_1000PP":[0.00139,0.00344,0.00327,0.00415,0.02138,0.00752,0.00647,0.00627,0.00562,0.00788,0.00697,0.00494,0.0054,0.00652,0.00402,0.00394,0.00322,0.00373,0.00548,0.003,0.00632,0.00437,0.00236,0.00401,0.00188,0.00164,0.00186,0.00191,0.00296,0.00295]},"OBS_FREQUENCY_DISTRIBUTION":{"Y_NUM_PERSONS":[0,0,0,0,0,0],"X_COUNT":[1,2,3,4,5,6]},"OBSERVATIONS_BY_TYPE":{"CONCEPT_NAME":"Observation recorded from EHR","COUNT_VALUE":772},"AGE_AT_FIRST_OCCURRENCE":{"CATEGORY":["FEMALE","MALE"],"MIN_VALUE":[28,4],"P10_VALUE":[64,62],"P25_VALUE":[76,71],"MEDIAN_VALUE":[84,79],"P75_VALUE":[89,85],"P90_VALUE":[94,91],"MAX_VALUE":[101,97]}}
