{"PREVALENCE_BY_GENDER_AGE_YEAR":{"TRELLIS_NAME":["0-9","0-9","10-19","10-19","60-69","50-59","30-39","10-19","20-29","0-9","10-19","0-9","60-69","50-59","40-49","0-9","10-19","0-9","10-19","10-19","0-9","0-9","10-19","0-9","0-9","10-19","10-19","0-9","10-19","10-19","0-9","10-19","0-9","10-19","0-9","10-19","0-9","10-19","0-9","10-19","0-9","10-19","0-9","0-9","10-19","0-9","10-19","0-9","0-9","10-19","10-19","0-9","0-9","10-19","10-19","0-9"],"SERIES_NAME":["MALE","FEMALE","MALE","FEMALE","FEMALE","FEMALE","FEMALE","MALE","FEMALE","MALE","FEMALE","FEMALE","FEMALE","MALE","MALE","MALE","FEMALE","FEMALE","MALE","FEMALE","MALE","FEMALE","MALE","MALE","FEMALE","MALE","FEMALE","MALE","MALE","FEMALE","FEMALE","FEMALE","MALE","MALE","FEMALE","FEMALE","MALE","MALE","FEMALE","MALE","MALE","FEMALE","FEMALE","FEMALE","MALE","MALE","FEMALE","FEMALE","MALE","FEMALE","MALE","FEMALE","MALE","FEMALE","MALE","MALE"],"X_CALENDAR_YEAR":[2007,2007,2007,2007,2007,2008,2008,2008,2008,2008,2008,2008,2008,2008,2008,2009,2009,2009,2009,2010,2010,2010,2010,2011,2011,2011,2011,2012,2012,2012,2012,2013,2013,2013,2013,2014,2014,2014,2014,2015,2015,2015,2015,2016,2016,2016,2016,2017,2017,2017,2017,2018,2018,2018,2018,2019],"Y_PREVALENCE_1000PP":[0.08309,0.07051,0.03839,0.02505,0.02418,0.026,0.01762,0.05268,0.01804,0.18207,0.05502,0.15882,0.01982,0.02815,0.01351,0.05161,0.03382,0.03499,0.03688,0.03356,0.08616,0.09955,0.04291,0.0459,0.05394,0.02725,0.05238,0.08203,0.03364,0.06215,0.07102,0.04541,0.04214,0.06116,0.05304,0.06161,0.07437,0.05828,0.07167,0.06358,0.07167,0.05943,0.07521,0.10164,0.08386,0.17046,0.09201,0.0725,0.11676,0.06244,0.07403,0.04682,0.09439,0.08017,0.10334,0.04246]},"PREVALENCE_BY_MONTH":{"X_CALENDAR_MONTH":[200705,200706,200707,200708,200709,200710,200711,200712,200801,200802,200803,200804,200805,200806,200807,200808,200809,200810,200811,200812,200901,200902,200910,200911,201001,201002,201003,201004,201005,201006,201007,201009,201011,201101,201103,201107,201109,201111,201201,201202,201203,201205,201207,201208,201210,201211,201212,201301,201302,201305,201307,201308,201310,201312,201401,201402,201403,201404,201405,201406,201407,201409,201410,201412,201503,201504,201506,201509,201510,201511,201512,201601,201602,201603,201604,201605,201606,201607,201608,201610,201611,201612,201701,201702,201704,201706,201707,201710,201711,201801,201803,201804,201807,201809,201810,201902],"Y_PREVALENCE_1000PP":[0.00246,0.00203,0.00281,0.00181,0.00219,0.00354,0.00312,0.00176,0.00387,0.00641,0.00292,0.00291,0.00407,0.00326,0.00344,0.00191,0.00323,0.00531,0.00341,0.00114,0.00132,0.0017,0.00113,0.00113,0.00151,0.00171,0.00133,0.00228,0.00133,0.00134,0.00153,0.00133,0.00187,0.00224,0.00204,0.00128,0.00146,0.00109,0.00146,0.00109,0.00182,0.00127,0.00182,0.00109,0.00218,0.00128,0.00166,0.0011,0.00203,0.00149,0.00111,0.0013,0.00187,0.00134,0.00134,0.0021,0.00191,0.00115,0.00115,0.00136,0.00118,0.00278,0.00121,0.00124,0.00216,0.00151,0.00248,0.0018,0.00163,0.00213,0.00221,0.00272,0.00224,0.00174,0.0035,0.00202,0.00232,0.00184,0.0024,0.00326,0.00356,0.00219,0.00219,0.00252,0.002,0.00204,0.00205,0.00207,0.00241,0.00339,0.00216,0.00216,0.00347,0.00192,0.00195,0.00363]},"OBS_FREQUENCY_DISTRIBUTION":{"Y_NUM_PERSONS":[0,0],"X_COUNT":[1,2]},"OBSERVATIONS_BY_TYPE":{"CONCEPT_NAME":"Observation recorded from EHR","COUNT_VALUE":1134},"AGE_AT_FIRST_OCCURRENCE":{"CATEGORY":["MALE","FEMALE"],"MIN_VALUE":[0,0],"P10_VALUE":[1,1],"P25_VALUE":[3,4],"MEDIAN_VALUE":[8,9],"P75_VALUE":[13,15],"P90_VALUE":[17,40],"MAX_VALUE":[92,90]}}
