{"PREVALENCE_BY_GENDER_AGE_YEAR":{"TRELLIS_NAME":["10-19","10-19","10-19","10-19","10-19","0-9","10-19","10-19","10-19","10-19","10-19","10-19","10-19","0-9","0-9","10-19","10-19","0-9","0-9","0-9","10-19","10-19","0-9","0-9","0-9","0-9","0-9","0-9","0-9","0-9","0-9","0-9","0-9","0-9","0-9","0-9"],"SERIES_NAME":["MALE","FEMALE","MALE","FEMALE","MALE","FEMALE","MALE","MALE","FEMALE","MALE","FEMALE","FEMALE","MALE","FEMALE","MALE","FEMALE","MALE","MALE","FEMALE","MALE","MALE","FEMALE","FEMALE","MALE","MALE","MALE","FEMALE","FEMALE","MALE","MALE","FEMALE","FEMALE","MALE","FEMALE","MALE","MALE"],"X_CALENDAR_YEAR":[1996,1998,1998,1999,1999,2000,2000,2001,2001,2002,2002,2003,2003,2003,2003,2004,2004,2004,2004,2005,2005,2005,2006,2006,2007,2008,2008,2009,2009,2010,2010,2011,2011,2013,2013,2014],"Y_PREVALENCE_1000PP":[0.22364,0.10556,0.13177,0.14296,0.18589,0.0419,0.05462,0.16677,0.23343,0.22167,0.28452,0.15361,0.12608,0.11126,0.09514,0.10723,0.07549,0.06767,0.05226,0.03964,0.02525,0.04079,0.03257,0.03771,0.04474,0.03395,0.02917,0.03499,0.01821,0.0416,0.04355,0.04195,0.01721,0.02652,0.01685,0.02677]},"PREVALENCE_BY_MONTH":{"X_CALENDAR_MONTH":[200001,200110,200111,200112,200201,200202,200203,200204,200205,200206,200207,200208,200304,200305,200306,200307,200308,200309,200310,200311,200312,200401,200403,200404,200406,200411,200501,200605],"Y_PREVALENCE_1000PP":[0.00315,0.00373,0.00767,0.00699,0.00645,0.00407,0.00431,0.0053,0.00443,0.00165,0.00219,0.00273,0.00341,0.0047,0.00338,0.00489,0.00154,0.00281,0.00204,0.00228,0.00278,0.00395,0.00242,0.0019,0.00188,0.00183,0.00204,0.00129]},"OBS_FREQUENCY_DISTRIBUTION":{"Y_NUM_PERSONS":[0,0],"X_COUNT":[1,2]},"OBSERVATIONS_BY_TYPE":{"CONCEPT_NAME":"Observation recorded from EHR","COUNT_VALUE":743},"AGE_AT_FIRST_OCCURRENCE":{"CATEGORY":["MALE","FEMALE"],"MIN_VALUE":[0,0],"P10_VALUE":[0,0],"P25_VALUE":[1,1],"MEDIAN_VALUE":[12,13],"P75_VALUE":[14,15],"P90_VALUE":[15,16],"MAX_VALUE":[73,59]}}
