{"PREVALENCE_BY_GENDER_AGE_YEAR":{"TRELLIS_NAME":["70-79","80-89","60-69","70-79","60-69","70-79","50-59","80-89","50-59","80-89","70-79","80-89","50-59","60-69","60-69","60-69","50-59","80-89","50-59","70-79","70-79","80-89","70-79","60-69","80-89","70-79","50-59","60-69","50-59","80-89","70-79","60-69","50-59","50-59","70-79","60-69","40-49","80-89","70-79","40-49","50-59","80-89","60-69","70-79","60-69","80-89","40-49","80-89","60-69","70-79","70-79","80-89","60-69","50-59","50-59","70-79","60-69","70-79","80-89","80-89","40-49","50-59","50-59","60-69","60-69","70-79","40-49","80-89","80-89","50-59","70-79","50-59","60-69","70-79","70-79","60-69","80-89","60-69","50-59","80-89","80-89","50-59","60-69","70-79","70-79","80-89","50-59","70-79","60-69","70-79","60-69","50-59","70-79","60-69","70-79","60-69","70-79","50-59","60-69","60-69","60-69","70-79","70-79","50-59","60-69","70-79","80-89","70-79","50-59"],"SERIES_NAME":["FEMALE","FEMALE","FEMALE","MALE","MALE","FEMALE","FEMALE","FEMALE","FEMALE","MALE","MALE","FEMALE","MALE","FEMALE","FEMALE","MALE","FEMALE","MALE","MALE","MALE","FEMALE","FEMALE","FEMALE","FEMALE","MALE","MALE","FEMALE","MALE","MALE","MALE","MALE","MALE","MALE","FEMALE","FEMALE","FEMALE","FEMALE","FEMALE","FEMALE","FEMALE","FEMALE","FEMALE","FEMALE","MALE","MALE","MALE","FEMALE","MALE","FEMALE","MALE","FEMALE","FEMALE","MALE","MALE","FEMALE","FEMALE","FEMALE","MALE","FEMALE","MALE","FEMALE","FEMALE","MALE","MALE","MALE","MALE","FEMALE","FEMALE","MALE","FEMALE","FEMALE","MALE","FEMALE","MALE","FEMALE","MALE","FEMALE","FEMALE","MALE","MALE","FEMALE","FEMALE","MALE","MALE","FEMALE","MALE","FEMALE","FEMALE","MALE","MALE","FEMALE","FEMALE","FEMALE","MALE","MALE","FEMALE","FEMALE","FEMALE","MALE","MALE","FEMALE","FEMALE","FEMALE","FEMALE","FEMALE","FEMALE","MALE","MALE","FEMALE"],"X_CALENDAR_YEAR":[1996,1996,1997,1997,1997,1997,1997,1997,1998,1998,1998,1998,1998,1998,1999,1999,1999,1999,1999,1999,1999,2000,2000,2000,2000,2000,2000,2000,2000,2001,2001,2001,2001,2001,2001,2001,2001,2001,2002,2002,2002,2002,2002,2002,2002,2002,2003,2003,2003,2003,2003,2003,2003,2003,2003,2004,2004,2004,2004,2004,2004,2004,2004,2004,2005,2005,2005,2005,2005,2005,2005,2005,2005,2006,2006,2006,2006,2006,2006,2006,2007,2007,2007,2007,2007,2007,2008,2008,2008,2008,2009,2009,2009,2009,2009,2010,2010,2010,2010,2011,2011,2011,2012,2013,2014,2014,2015,2016,2016],"Y_PREVALENCE_1000PP":[0.32799,0.3643,0.14896,0.29146,0.13699,0.22386,0.14775,0.41495,0.07679,0.3603,0.23934,0.29356,0.06419,0.14097,0.08857,0.14213,0.05207,0.25271,0.04332,0.23612,0.17308,0.21322,0.25993,0.139,0.15818,0.28632,0.0402,0.13475,0.07261,0.34035,0.17371,0.14269,0.04309,0.08862,0.18046,0.13337,0.03317,0.12119,0.13029,0.0216,0.06226,0.12539,0.05301,0.18282,0.12405,0.20664,0.02333,0.55996,0.10294,0.2518,0.17847,0.15423,0.09958,0.04983,0.04395,0.13183,0.12704,0.17728,0.16872,0.21927,0.0268,0.05746,0.02626,0.08896,0.0465,0.08231,0.02523,0.07285,0.17935,0.03556,0.06378,0.02198,0.05418,0.09059,0.05107,0.03536,0.09314,0.0503,0.03346,0.15562,0.05052,0.03847,0.03507,0.03886,0.06158,0.08341,0.02311,0.05062,0.03011,0.06417,0.02582,0.02293,0.04561,0.03606,0.06321,0.02514,0.03176,0.01964,0.02245,0.01872,0.01825,0.02682,0.04458,0.01843,0.01928,0.03141,0.0685,0.05077,0.02396]},"PREVALENCE_BY_MONTH":{"X_CALENDAR_MONTH":[199701,199702,199704,199705,199706,199707,199708,199709,199710,199711,199712,199801,199804,199805,199809,199810,199811,199901,199903,199904,199905,199906,199907,199909,199911,199912,200001,200002,200003,200004,200005,200006,200007,200008,200009,200010,200011,200012,200101,200102,200103,200104,200105,200106,200107,200108,200109,200110,200111,200112,200201,200202,200204,200205,200206,200207,200208,200209,200210,200211,200212,200301,200302,200303,200304,200305,200307,200308,200309,200310,200311,200312,200401,200402,200403,200404,200405,200406,200407,200408,200409,200410,200411,200412,200501,200502,200503,200504,200505,200506,200507,200508,200510,200512,200601,200602,200603,200604,200606,200608,200609,200610,200611,200702,200703,200705,200707,200708,200709,200710,200804,200808,200809,200810,200812,200901,200903,200905,200907,200908,200909,200910,200912,201007,201008,201009,201011,201012,201103,201109,201204,201205,201301,201303,201407,201504,201603,201605],"Y_PREVALENCE_1000PP":[0.00942,0.00759,0.00718,0.00821,0.00655,0.00845,0.00729,0.00714,0.00709,0.00589,0.00774,0.0059,0.00811,0.0073,0.00762,0.00447,0.00736,0.00483,0.00531,0.00648,0.00829,0.00381,0.00746,0.00408,0.00693,0.00495,0.0063,0.00808,0.00793,0.00435,0.00387,0.00591,0.00458,0.00494,0.00282,0.008,0.00277,0.0043,0.00368,0.0076,0.00528,0.00487,0.00513,0.00738,0.00562,0.00388,0.00444,0.00435,0.00491,0.00395,0.00352,0.00262,0.00279,0.00333,0.00359,0.00576,0.00382,0.00353,0.00296,0.00456,0.00349,0.00584,0.00607,0.00342,0.00577,0.00444,0.00463,0.00488,0.00409,0.00484,0.00355,0.00631,0.00445,0.00419,0.00459,0.00547,0.00402,0.00493,0.0035,0.00163,0.00324,0.00345,0.0039,0.00206,0.00294,0.00317,0.00339,0.00135,0.00225,0.00246,0.002,0.00333,0.00197,0.00131,0.00346,0.00195,0.00173,0.00151,0.00214,0.0017,0.00255,0.00169,0.00189,0.00145,0.00228,0.00205,0.00181,0.00141,0.00159,0.00138,0.00116,0.00115,0.00133,0.00228,0.00132,0.00132,0.00207,0.00132,0.0015,0.00113,0.00131,0.00113,0.0019,0.00134,0.00114,0.00114,0.00112,0.00113,0.0013,0.00109,0.00109,0.00146,0.00165,0.0013,0.00118,0.00151,0.0015,0.00177]},"OBS_FREQUENCY_DISTRIBUTION":{"Y_NUM_PERSONS":[0,0,0,0,0],"X_COUNT":[1,2,3,4,5]},"OBSERVATIONS_BY_TYPE":{"CONCEPT_NAME":"Observation recorded from EHR","COUNT_VALUE":1991},"AGE_AT_FIRST_OCCURRENCE":{"CATEGORY":["FEMALE","MALE"],"MIN_VALUE":[22,28],"P10_VALUE":[48,54],"P25_VALUE":[57,62],"MEDIAN_VALUE":[69,71],"P75_VALUE":[78,79],"P90_VALUE":[85,84],"MAX_VALUE":[98,97]}}
