{"PREVALENCE_BY_GENDER_AGE_YEAR":{"TRELLIS_NAME":["30-39","40-49","20-29","30-39","10-19","20-29","40-49","20-29","10-19","30-39","30-39","10-19","20-29","10-19","20-29","30-39","30-39","20-29","20-29","30-39"],"SERIES_NAME":["FEMALE","FEMALE","FEMALE","FEMALE","FEMALE","FEMALE","FEMALE","FEMALE","FEMALE","FEMALE","FEMALE","FEMALE","FEMALE","FEMALE","FEMALE","FEMALE","FEMALE","FEMALE","FEMALE","FEMALE"],"X_CALENDAR_YEAR":[1998,1998,1998,1999,1999,1999,2000,2000,2000,2000,2001,2001,2001,2002,2002,2002,2003,2003,2004,2004],"Y_PREVALENCE_1000PP":[0.58901,0.07008,0.80191,0.29184,0.0919,0.47739,0.03222,0.32937,0.08688,0.22446,0.18009,0.05985,0.28923,0.03104,0.19909,0.1446,0.07059,0.09795,0.08582,0.09623]},"PREVALENCE_BY_MONTH":{"X_CALENDAR_MONTH":[199801,199804,199805,199806,199807,199809,199810,199811,199812,199902,199909,199910,199911,199912,200001,200002,200003,200005,200006,200007,200008,200009,200011,200012,200101,200103,200104,200105,200106,200108,200109,200110,200111,200112,200203,200204,200206,200208,200211,200212,200303,200310,200311,200312,200401,200402,200403,200407],"Y_PREVALENCE_1000PP":[0.01348,0.0284,0.01379,0.01376,0.01191,0.01447,0.01415,0.01103,0.01314,0.02354,0.00758,0.02759,0.00693,0.01089,0.0036,0.00628,0.00529,0.00731,0.00633,0.00416,0.00576,0.00363,0.00475,0.00781,0.00736,0.00317,0.00417,0.00787,0.00436,0.00259,0.00254,0.00279,0.00184,0.00638,0.00862,0.00335,0.00331,0.00601,0.00429,0.00268,0.00184,0.00433,0.00152,0.00227,0.00346,0.00444,0.00411,0.00233]},"OBS_FREQUENCY_DISTRIBUTION":{"Y_NUM_PERSONS":[0,0,0,0],"X_COUNT":[1,2,3,4]},"OBSERVATIONS_BY_TYPE":{"CONCEPT_NAME":"Observation recorded from EHR","COUNT_VALUE":812},"AGE_AT_FIRST_OCCURRENCE":{"CATEGORY":["MALE","FEMALE"],"MIN_VALUE":[12,0],"P10_VALUE":[12,20],"P25_VALUE":[19,24],"MEDIAN_VALUE":[33,29],"P75_VALUE":[50,33],"P90_VALUE":[60,37],"MAX_VALUE":[60,84]}}
