{"PREVALENCE_BY_GENDER_AGE_YEAR":{"TRELLIS_NAME":["60-69","0-9","20-29","90-99","60-69","90-99","70-79","50-59","60-69","70-79","80-89","0-9","0-9","80-89","30-39","40-49","50-59","20-29","60-69","80-89","80-89","90-99","40-49","20-29","70-79","90-99","70-79","50-59","50-59","30-39","60-69","50-59","40-49","40-49","60-69","70-79","50-59","70-79","90-99","60-69","80-89","20-29","80-89","80-89","50-59","60-69","70-79","70-79","80-89","60-69","80-89","70-79","80-89"],"SERIES_NAME":["MALE","FEMALE","FEMALE","FEMALE","FEMALE","MALE","MALE","MALE","MALE","FEMALE","MALE","FEMALE","MALE","FEMALE","FEMALE","FEMALE","FEMALE","FEMALE","MALE","FEMALE","MALE","MALE","MALE","FEMALE","FEMALE","FEMALE","MALE","FEMALE","MALE","FEMALE","FEMALE","MALE","FEMALE","MALE","MALE","MALE","FEMALE","FEMALE","FEMALE","FEMALE","FEMALE","FEMALE","MALE","FEMALE","FEMALE","MALE","MALE","FEMALE","MALE","FEMALE","FEMALE","FEMALE","FEMALE"],"X_CALENDAR_YEAR":[2012,2012,2012,2013,2013,2013,2013,2013,2013,2013,2013,2013,2013,2013,2013,2013,2013,2013,2014,2014,2014,2014,2014,2014,2014,2014,2014,2014,2014,2014,2014,2015,2015,2015,2015,2015,2015,2015,2015,2015,2015,2015,2015,2016,2016,2016,2016,2016,2016,2016,2017,2017,2019],"Y_PREVALENCE_1000PP":[0.01882,0.02071,0.01724,0.26012,0.11233,0.35166,0.10415,0.03103,0.06253,0.13113,0.28655,0.01768,0.02247,0.34112,0.01735,0.01869,0.05003,0.01727,0.06959,0.56345,0.38064,1.0095,0.02203,0.0236,0.20641,0.92315,0.16755,0.02989,0.03746,0.01577,0.10282,0.03742,0.017,0.02752,0.05411,0.10432,0.02338,0.12691,0.26972,0.04891,0.27989,0.02612,0.15984,0.18274,0.0445,0.05199,0.05712,0.07923,0.14971,0.07128,0.07565,0.03687,0.13298]},"PREVALENCE_BY_MONTH":{"X_CALENDAR_MONTH":[201112,201208,201210,201211,201212,201301,201302,201303,201304,201305,201306,201307,201308,201309,201310,201311,201312,201401,201402,201403,201404,201405,201406,201407,201408,201409,201410,201411,201412,201501,201502,201503,201504,201505,201506,201507,201509,201510,201511,201512,201601,201602,201603,201604,201605,201606,201607,201609,201610,201701,201703,201902,201903],"Y_PREVALENCE_1000PP":[0.00109,0.00145,0.002,0.00128,0.00129,0.00165,0.00239,0.00222,0.00111,0.00278,0.0026,0.00426,0.00891,0.01074,0.00842,0.00584,0.00384,0.0107,0.00992,0.00632,0.00364,0.00556,0.00484,0.00646,0.00474,0.00555,0.00667,0.00776,0.0027,0.00892,0.00585,0.00518,0.00346,0.00259,0.0054,0.00157,0.0036,0.00303,0.00308,0.00197,0.00519,0.00572,0.00473,0.003,0.00253,0.00206,0.00236,0.00188,0.00217,0.00164,0.00284,0.00363,0.00661]},"OBS_FREQUENCY_DISTRIBUTION":{"Y_NUM_PERSONS":[0,0,0],"X_COUNT":[1,2,3]},"OBSERVATIONS_BY_TYPE":{"CONCEPT_NAME":"Observation recorded from EHR","COUNT_VALUE":1200},"AGE_AT_FIRST_OCCURRENCE":{"CATEGORY":["FEMALE","MALE"],"MIN_VALUE":[0,1],"P10_VALUE":[30,28],"P25_VALUE":[59,55],"MEDIAN_VALUE":[76,71],"P75_VALUE":[84,81],"P90_VALUE":[90,88],"MAX_VALUE":[102,98]}}
