{"PREVALENCE_BY_GENDER_AGE_YEAR":{"TRELLIS_NAME":["20-29","30-39","20-29","10-19","30-39","30-39","20-29","10-19","20-29","10-19","30-39","10-19","30-39","20-29","20-29","30-39","10-19","20-29","10-19","30-39","40-49","20-29","30-39","10-19","20-29","10-19","30-39","30-39","20-29","30-39","20-29","30-39","20-29","30-39","20-29","10-19","30-39","10-19","20-29","10-19","20-29","30-39","20-29","30-39","10-19","30-39","20-29","30-39","20-29","30-39","20-29","20-29","30-39","20-29"],"SERIES_NAME":["FEMALE","FEMALE","FEMALE","FEMALE","FEMALE","FEMALE","FEMALE","FEMALE","FEMALE","FEMALE","FEMALE","FEMALE","FEMALE","FEMALE","FEMALE","FEMALE","FEMALE","FEMALE","FEMALE","FEMALE","FEMALE","FEMALE","FEMALE","FEMALE","FEMALE","FEMALE","FEMALE","FEMALE","FEMALE","FEMALE","FEMALE","FEMALE","FEMALE","FEMALE","FEMALE","FEMALE","FEMALE","FEMALE","FEMALE","FEMALE","FEMALE","FEMALE","FEMALE","FEMALE","FEMALE","FEMALE","FEMALE","FEMALE","FEMALE","FEMALE","FEMALE","FEMALE","FEMALE","FEMALE"],"X_CALENDAR_YEAR":[1997,1997,1998,1998,1998,1999,1999,1999,2000,2000,2000,2001,2001,2001,2002,2002,2002,2003,2003,2003,2004,2004,2004,2004,2005,2005,2005,2006,2006,2007,2007,2008,2008,2009,2009,2009,2010,2010,2010,2011,2011,2011,2012,2012,2012,2013,2013,2014,2014,2015,2015,2016,2017,2017],"Y_PREVALENCE_1000PP":[0.33573,0.0994,0.32272,0.09048,0.09125,0.07296,0.26597,0.12254,0.16198,0.04739,0.09242,0.10774,0.09351,0.19857,0.18378,0.10461,0.06208,0.24305,0.0528,0.12941,0.02085,0.22446,0.17047,0.04289,0.34096,0.05303,0.17588,0.12159,0.14604,0.07344,0.14812,0.04027,0.1134,0.02524,0.07368,0.02367,0.03013,0.02013,0.06844,0.02292,0.08155,0.02975,0.10345,0.05473,0.0229,0.03222,0.05426,0.01577,0.01573,0.02302,0.03192,0.02435,0.02571,0.04281]},"PREVALENCE_BY_MONTH":{"X_CALENDAR_MONTH":[199701,199705,199801,199805,199809,199810,199811,199812,199903,199904,199906,199907,199909,199911,200001,200002,200003,200004,200006,200009,200010,200101,200102,200104,200105,200107,200108,200109,200110,200111,200112,200201,200202,200203,200204,200205,200206,200207,200208,200209,200210,200211,200212,200301,200302,200303,200304,200305,200306,200307,200308,200309,200310,200311,200312,200401,200402,200403,200404,200405,200406,200407,200408,200409,200410,200412,200501,200502,200503,200504,200505,200506,200507,200508,200509,200510,200511,200512,200601,200602,200603,200604,200605,200606,200607,200608,200610,200611,200701,200702,200705,200706,200708,200709,200710,200711,200712,200801,200802,200805,200806,200807,200808,200904,200909,200910,200912,201001,201008,201009,201011,201012,201102,201103,201105,201111,201112,201201,201202,201203,201204,201205,201208,201209,201210,201302,201304,201512],"Y_PREVALENCE_1000PP":[0.02018,0.00704,0.00674,0.00649,0.00533,0.00447,0.00515,0.00511,0.00398,0.00454,0.00763,0.00684,0.00816,0.00427,0.0027,0.00359,0.00264,0.00435,0.00253,0.00282,0.004,0.00331,0.00326,0.00348,0.00377,0.00364,0.00194,0.00254,0.00186,0.0043,0.00182,0.00176,0.00233,0.0023,0.00223,0.00249,0.00193,0.00302,0.00382,0.00244,0.00161,0.00214,0.00268,0.00186,0.00185,0.00289,0.00393,0.00313,0.00338,0.00283,0.00231,0.00332,0.00433,0.00253,0.00454,0.00395,0.00222,0.00435,0.00309,0.00142,0.00211,0.0021,0.00604,0.00185,0.0046,0.0039,0.00226,0.00565,0.00362,0.00406,0.00338,0.00381,0.00222,0.00288,0.00593,0.00395,0.00481,0.00219,0.00346,0.00152,0.00325,0.00172,0.00193,0.00128,0.00214,0.00234,0.00232,0.00252,0.00166,0.00166,0.00225,0.00142,0.00281,0.00279,0.00216,0.00156,0.00117,0.0029,0.00311,0.00116,0.00192,0.00134,0.00134,0.00113,0.00113,0.00113,0.0019,0.00114,0.00114,0.00114,0.00131,0.0015,0.00149,0.00111,0.00148,0.00109,0.00146,0.002,0.00182,0.00109,0.00236,0.00164,0.00182,0.00109,0.00127,0.00129,0.00204,0.00148]},"OBS_FREQUENCY_DISTRIBUTION":{"Y_NUM_PERSONS":[0,0,0,0],"X_COUNT":[1,2,3,4]},"OBSERVATIONS_BY_TYPE":{"CONCEPT_NAME":"Observation recorded from EHR","COUNT_VALUE":1797},"AGE_AT_FIRST_OCCURRENCE":{"CATEGORY":"FEMALE","MIN_VALUE":14,"P10_VALUE":19,"P25_VALUE":22,"MEDIAN_VALUE":27,"P75_VALUE":32,"P90_VALUE":36,"MAX_VALUE":44}}
