{"PREVALENCE_BY_GENDER_AGE_YEAR":{"TRELLIS_NAME":["70-79","60-69","70-79","70-79","50-59","60-69","60-69","50-59","70-79","70-79","60-69","60-69","80-89","70-79","60-69","70-79","70-79","70-79"],"SERIES_NAME":["MALE","MALE","MALE","FEMALE","FEMALE","MALE","FEMALE","FEMALE","MALE","FEMALE","MALE","MALE","FEMALE","MALE","FEMALE","MALE","FEMALE","MALE"],"X_CALENDAR_YEAR":[2001,2001,2002,2002,2002,2003,2003,2003,2004,2004,2004,2005,2005,2006,2007,2011,2012,2014],"Y_PREVALENCE_1000PP":[0.09554,0.03722,0.06856,0.06204,0.02724,0.03485,0.03431,0.02564,0.05253,0.04944,0.02669,0.03805,0.05666,0.03624,0.02072,0.03072,0.02675,0.03554]},"PREVALENCE_BY_MONTH":{"X_CALENDAR_MONTH":[200112,200203,200211,200304,200305,200307,200406,200408,200412,200503,200602,200904],"Y_PREVALENCE_1000PP":[0.00182,0.00172,0.00268,0.00183,0.00157,0.00206,0.00164,0.00139,0.00138,0.00203,0.00152,0.00113]},"OBS_FREQUENCY_DISTRIBUTION":{"Y_NUM_PERSONS":[0,0],"X_COUNT":[1,2]},"OBSERVATIONS_BY_TYPE":{"CONCEPT_NAME":"Observation recorded from EHR","COUNT_VALUE":518},"AGE_AT_FIRST_OCCURRENCE":{"CATEGORY":["MALE","FEMALE"],"MIN_VALUE":[1,1],"P10_VALUE":[43,45],"P25_VALUE":[57,57],"MEDIAN_VALUE":[66,68],"P75_VALUE":[75,76],"P90_VALUE":[82,82],"MAX_VALUE":[93,91]}}
