{"PREVALENCE_BY_GENDER_AGE_YEAR":{"TRELLIS_NAME":["30-39","40-49","20-29","50-59","30-39","30-39","50-59","30-39","20-29","40-49","30-39","30-39","30-39"],"SERIES_NAME":["FEMALE","FEMALE","FEMALE","FEMALE","FEMALE","FEMALE","FEMALE","FEMALE","FEMALE","FEMALE","FEMALE","FEMALE","FEMALE"],"X_CALENDAR_YEAR":[2001,2002,2002,2002,2002,2003,2004,2004,2004,2005,2005,2006,2007],"Y_PREVALENCE_1000PP":[0.02424,0.0288,0.03446,0.03113,0.02769,0.02647,0.04394,0.01925,0.02641,0.01963,0.01624,0.02643,0.01519]},"PREVALENCE_BY_MONTH":{"X_CALENDAR_MONTH":[200208,200607,200705],"Y_PREVALENCE_1000PP":[0.00191,0.00128,0.00123]},"OBS_FREQUENCY_DISTRIBUTION":{"Y_NUM_PERSONS":0,"X_COUNT":1},"OBSERVATIONS_BY_TYPE":{"CONCEPT_NAME":"Observation recorded from EHR","COUNT_VALUE":338},"AGE_AT_FIRST_OCCURRENCE":{"CATEGORY":["FEMALE","MALE"],"MIN_VALUE":[19,1],"P10_VALUE":[26,1],"P25_VALUE":[32,7],"MEDIAN_VALUE":[43,25],"P75_VALUE":[56,37],"P90_VALUE":[69,41],"MAX_VALUE":[94,41]}}
