{"PREVALENCE_BY_GENDER_AGE_YEAR":{"TRELLIS_NAME":["30-39","20-29","50-59","40-49","20-29","30-39","40-49","20-29","30-39","40-49","30-39","30-39","40-49","20-29","30-39","10-19","40-49"],"SERIES_NAME":["FEMALE","FEMALE","FEMALE","FEMALE","FEMALE","FEMALE","FEMALE","FEMALE","FEMALE","FEMALE","FEMALE","FEMALE","FEMALE","FEMALE","FEMALE","FEMALE","FEMALE"],"X_CALENDAR_YEAR":[2010,2010,2010,2011,2011,2011,2012,2012,2012,2013,2013,2014,2014,2014,2015,2015,2015],"Y_PREVALENCE_1000PP":[0.0226,0.01521,0.01684,0.03183,0.01483,0.02727,0.01383,0.02956,0.02985,0.01636,0.02974,0.02628,0.02021,0.02098,0.02014,0.026,0.017]},"PREVALENCE_BY_MONTH":{"X_CALENDAR_MONTH":[201004,201011,201109,201111,201201,201208,201311,201403,201406,201410,201412,201507],"Y_PREVALENCE_1000PP":[0.00133,0.00131,0.00164,0.00146,0.00146,0.00145,0.00132,0.00191,0.00116,0.00142,0.00124,0.00135]},"OBS_FREQUENCY_DISTRIBUTION":{"Y_NUM_PERSONS":[0,0],"X_COUNT":[1,2]},"OBSERVATIONS_BY_TYPE":{"CONCEPT_NAME":"Observation recorded from EHR","COUNT_VALUE":372},"AGE_AT_FIRST_OCCURRENCE":{"CATEGORY":["FEMALE","MALE"],"MIN_VALUE":[2,4],"P10_VALUE":[19,16],"P25_VALUE":[27,29],"MEDIAN_VALUE":[35,43],"P75_VALUE":[45,61],"P90_VALUE":[56,68],"MAX_VALUE":[81,80]}}
