{"PREVALENCE_BY_GENDER_AGE_YEAR":{"TRELLIS_NAME":["50-59","30-39","20-29","40-49","20-29","30-39","40-49","50-59","20-29","50-59","10-19","40-49","30-39","20-29","40-49","50-59","30-39","50-59","20-29","40-49","30-39","40-49","30-39","50-59","20-29","40-49","50-59","30-39","20-29","30-39","40-49","20-29","50-59","20-29","30-39","50-59","40-49","40-49","20-29","30-39"],"SERIES_NAME":["FEMALE","FEMALE","FEMALE","FEMALE","FEMALE","FEMALE","FEMALE","FEMALE","FEMALE","FEMALE","FEMALE","FEMALE","FEMALE","FEMALE","FEMALE","FEMALE","FEMALE","FEMALE","FEMALE","FEMALE","FEMALE","FEMALE","FEMALE","FEMALE","FEMALE","FEMALE","FEMALE","FEMALE","FEMALE","FEMALE","FEMALE","FEMALE","FEMALE","FEMALE","FEMALE","FEMALE","FEMALE","FEMALE","FEMALE","FEMALE"],"X_CALENDAR_YEAR":[2010,2010,2010,2010,2011,2011,2011,2011,2012,2012,2012,2012,2012,2013,2013,2013,2013,2014,2014,2014,2014,2015,2015,2015,2015,2016,2016,2016,2016,2017,2017,2017,2017,2018,2018,2018,2018,2019,2019,2019],"Y_PREVALENCE_1000PP":[0.01964,0.03013,0.01521,0.0626,0.07908,0.13139,0.20463,0.05417,0.08621,0.04563,0.01962,0.26966,0.23386,0.10606,0.23131,0.02896,0.19826,0.03261,0.07604,0.19453,0.247,0.24932,0.25899,0.04383,0.08126,0.3447,0.07873,0.33404,0.12522,0.26815,0.35681,0.17904,0.08687,0.20677,0.36078,0.06791,0.47035,0.08494,0.03675,0.10784]},"PREVALENCE_BY_MONTH":{"X_CALENDAR_MONTH":[201008,201009,201010,201011,201012,201101,201102,201103,201104,201105,201106,201107,201108,201109,201110,201111,201112,201201,201202,201203,201204,201205,201206,201207,201208,201209,201210,201211,201212,201301,201302,201303,201304,201305,201306,201307,201308,201309,201310,201311,201312,201401,201402,201403,201404,201405,201406,201407,201408,201409,201410,201411,201412,201501,201502,201503,201504,201505,201506,201507,201508,201509,201510,201511,201512,201601,201602,201603,201604,201605,201606,201607,201608,201609,201610,201611,201612,201701,201702,201703,201704,201705,201706,201707,201708,201709,201710,201711,201712,201801,201802,201803,201804,201805,201806,201807,201808,201809,201810,201811,201812,201901,201902,201903],"Y_PREVALENCE_1000PP":[0.00191,0.00209,0.0017,0.0015,0.00131,0.00206,0.00187,0.00464,0.00167,0.00295,0.00295,0.00239,0.00458,0.00419,0.00345,0.00401,0.00201,0.00455,0.00291,0.00636,0.00327,0.00364,0.00309,0.00328,0.00381,0.00471,0.00617,0.00439,0.00405,0.00404,0.0035,0.00315,0.00278,0.00576,0.0052,0.00315,0.00353,0.00296,0.00187,0.00301,0.00518,0.00229,0.0021,0.00268,0.00402,0.0046,0.00329,0.00372,0.00257,0.00456,0.00526,0.00347,0.00394,0.00208,0.00397,0.00475,0.00411,0.00389,0.00495,0.00337,0.0036,0.00517,0.00396,0.00544,0.00541,0.00421,0.00473,0.00723,0.007,0.00506,0.00797,0.00551,0.00534,0.00536,0.00679,0.0052,0.00383,0.00602,0.00476,0.00737,0.00542,0.00542,0.00612,0.00468,0.00824,0.00472,0.00474,0.00392,0.00792,0.00833,0.00525,0.00525,0.00525,0.00987,0.00868,0.0082,0.00604,0.00543,0.00716,0.00526,0.00691,0.00558,0.00661,0.00462]},"OBS_FREQUENCY_DISTRIBUTION":{"Y_NUM_PERSONS":[0,0,0],"X_COUNT":[1,2,3]},"OBSERVATIONS_BY_TYPE":{"CONCEPT_NAME":"Observation recorded from EHR","COUNT_VALUE":2035},"AGE_AT_FIRST_OCCURRENCE":{"CATEGORY":["MALE","FEMALE"],"MIN_VALUE":[24,16],"P10_VALUE":[24,26],"P25_VALUE":[31,32],"MEDIAN_VALUE":[52,39],"P75_VALUE":[58,45],"P90_VALUE":[98,49],"MAX_VALUE":[98,73]}}
