{"PREVALENCE_BY_GENDER_AGE_YEAR":{"TRELLIS_NAME":["70-79","60-69","70-79","70-79","50-59","40-49","60-69","80-89","60-69","50-59","70-79","40-49","70-79","50-59","80-89","60-69","60-69","50-59","40-49","50-59","70-79","70-79","60-69","80-89","60-69","40-49","80-89","60-69","50-59","40-49","80-89","80-89","30-39","70-79","50-59","70-79","60-69","80-89","60-69","20-29","80-89","30-39","40-49","70-79","70-79","50-59","40-49","30-39","60-69","20-29","50-59","20-29","40-49","50-59","40-49","80-89","70-79","30-39","30-39","60-69","10-19","80-89","10-19","60-69","70-79","50-59","80-89","60-69","30-39","60-69","70-79","50-59","20-29","40-49","70-79","50-59"],"SERIES_NAME":["FEMALE","FEMALE","FEMALE","MALE","MALE","MALE","MALE","FEMALE","FEMALE","FEMALE","MALE","MALE","FEMALE","MALE","FEMALE","FEMALE","MALE","FEMALE","FEMALE","MALE","FEMALE","MALE","MALE","FEMALE","FEMALE","MALE","MALE","MALE","MALE","FEMALE","FEMALE","MALE","FEMALE","MALE","FEMALE","FEMALE","FEMALE","FEMALE","MALE","MALE","MALE","FEMALE","MALE","MALE","FEMALE","MALE","FEMALE","MALE","FEMALE","FEMALE","FEMALE","FEMALE","MALE","MALE","FEMALE","FEMALE","MALE","FEMALE","MALE","MALE","MALE","MALE","FEMALE","FEMALE","FEMALE","FEMALE","MALE","MALE","FEMALE","FEMALE","MALE","FEMALE","FEMALE","FEMALE","FEMALE","MALE"],"X_CALENDAR_YEAR":[2012,2012,2013,2013,2013,2013,2013,2013,2013,2014,2014,2014,2014,2014,2014,2014,2014,2015,2015,2015,2015,2015,2015,2015,2015,2015,2015,2016,2016,2016,2016,2016,2016,2016,2016,2016,2016,2017,2017,2017,2017,2017,2017,2017,2017,2017,2017,2017,2017,2017,2017,2018,2018,2018,2018,2018,2018,2018,2018,2018,2018,2018,2018,2018,2018,2018,2019,2019,2019,2019,2019,2019,2019,2019,2019,2019],"Y_PREVALENCE_1000PP":[0.03121,0.02745,0.04808,0.03968,0.02586,0.01355,0.04065,0.04873,0.03036,0.03805,0.08124,0.01468,0.04039,0.02408,0.07318,0.04177,0.02651,0.06429,0.017,0.03742,0.08786,0.08236,0.06132,0.12795,0.11528,0.01926,0.09133,0.09098,0.04719,0.05171,0.11542,0.10888,0.03037,0.10789,0.10269,0.11885,0.09224,0.25937,0.09822,0.03242,0.21159,0.09183,0.02646,0.22697,0.27036,0.05955,0.09802,0.04431,0.20106,0.07395,0.12087,0.09679,0.04298,0.11663,0.1523,0.38972,0.21261,0.12299,0.02463,0.11596,0.03617,0.26894,0.06413,0.1897,0.30019,0.22495,0.18108,0.03564,0.0422,0.11068,0.04801,0.05048,0.0315,0.06995,0.12999,0.03635]},"PREVALENCE_BY_MONTH":{"X_CALENDAR_MONTH":[201101,201102,201103,201107,201203,201207,201208,201304,201305,201306,201307,201308,201309,201310,201311,201312,201401,201402,201403,201404,201405,201406,201407,201408,201409,201410,201411,201412,201501,201502,201503,201504,201505,201506,201507,201508,201509,201510,201511,201512,201601,201602,201603,201604,201605,201606,201607,201608,201609,201610,201611,201612,201701,201702,201703,201704,201705,201706,201707,201708,201709,201710,201711,201712,201801,201802,201803,201804,201805,201806,201807,201808,201809,201810,201811,201812,201901,201902,201903],"Y_PREVALENCE_1000PP":[0.00112,0.00112,0.00111,0.0011,0.00145,0.00109,0.00109,0.0013,0.0026,0.00111,0.00167,0.00223,0.0013,0.00262,0.00132,0.00173,0.00115,0.00114,0.00191,0.00249,0.00268,0.00116,0.00372,0.00138,0.00278,0.00142,0.00204,0.00124,0.00394,0.00251,0.00345,0.00303,0.00281,0.00428,0.00472,0.00315,0.00382,0.00442,0.00379,0.00492,0.00421,0.00647,0.00548,0.0055,0.0043,0.00489,0.00499,0.00454,0.00617,0.00299,0.00438,0.00329,0.00356,0.00504,0.0051,0.00399,0.00685,0.01049,0.01082,0.01413,0.0127,0.01451,0.01658,0.00913,0.01234,0.01267,0.00988,0.01111,0.01481,0.01581,0.01293,0.01177,0.01118,0.014,0.0161,0.01283,0.01608,0.01255,0.01717]},"OBS_FREQUENCY_DISTRIBUTION":{"Y_NUM_PERSONS":[0,0,0,0,0,0],"X_COUNT":[1,2,3,4,5,6]},"OBSERVATIONS_BY_TYPE":{"CONCEPT_NAME":"Observation recorded from EHR","COUNT_VALUE":1835},"AGE_AT_FIRST_OCCURRENCE":{"CATEGORY":["MALE","FEMALE"],"MIN_VALUE":[5,5],"P10_VALUE":[31,29],"P25_VALUE":[49,46],"MEDIAN_VALUE":[62,59],"P75_VALUE":[73,72],"P90_VALUE":[82,81],"MAX_VALUE":[99,97]}}
