{"PREVALENCE_BY_GENDER_AGE_YEAR":{"TRELLIS_NAME":["30-39","30-39","60-69","20-29","30-39","30-39","20-29","20-29","30-39","20-29"],"SERIES_NAME":["FEMALE","FEMALE","MALE","FEMALE","FEMALE","FEMALE","FEMALE","FEMALE","FEMALE","FEMALE"],"X_CALENDAR_YEAR":[2003,2006,2007,2008,2009,2010,2010,2011,2012,2012],"Y_PREVALENCE_1000PP":[0.01765,0.01586,0.02104,0.02062,0.02019,0.01506,0.01774,0.01977,0.02737,0.02217]},"PREVALENCE_BY_MONTH":{"X_CALENDAR_MONTH":[200212,200502,200704,200906,201005,201205],"Y_PREVALENCE_1000PP":[0.00188,0.00136,0.00124,0.00188,0.00114,0.002]},"OBS_FREQUENCY_DISTRIBUTION":{"Y_NUM_PERSONS":[0,0],"X_COUNT":[1,2]},"OBSERVATIONS_BY_TYPE":{"CONCEPT_NAME":"Observation recorded from EHR","COUNT_VALUE":446},"AGE_AT_FIRST_OCCURRENCE":{"CATEGORY":["MALE","FEMALE"],"MIN_VALUE":[0,0],"P10_VALUE":[9,15],"P25_VALUE":[25,26],"MEDIAN_VALUE":[37,32],"P75_VALUE":[52,41],"P90_VALUE":[70,62],"MAX_VALUE":[93,91]}}
