{"PREVALENCE_BY_GENDER_AGE_YEAR":{"TRELLIS_NAME":["70-79","70-79","60-69","70-79","50-59","80-89","70-79","80-89","70-79","40-49","60-69","70-79","60-69","70-79","80-89","80-89","30-39","50-59","50-59","70-79","80-89","60-69","70-79","60-69","80-89","70-79","60-69","70-79","30-39","80-89","40-49","50-59","60-69","80-89","40-49","50-59","70-79","70-79","80-89","60-69","80-89","50-59","40-49","60-69","70-79","60-69","70-79","80-89","60-69","80-89","50-59","70-79","50-59","40-49","80-89","60-69","60-69","80-89","70-79","50-59","40-49","80-89","70-79","60-69","60-69","70-79","50-59","80-89","50-59","70-79","50-59","80-89","60-69","50-59","70-79","60-69","60-69","80-89","70-79","50-59","70-79","60-69","80-89","60-69","70-79","50-59","70-79","60-69","70-79","60-69","60-69"],"SERIES_NAME":["MALE","FEMALE","MALE","FEMALE","FEMALE","FEMALE","FEMALE","FEMALE","MALE","FEMALE","FEMALE","MALE","MALE","FEMALE","MALE","FEMALE","FEMALE","FEMALE","MALE","MALE","FEMALE","FEMALE","FEMALE","MALE","MALE","MALE","FEMALE","FEMALE","FEMALE","MALE","FEMALE","FEMALE","MALE","FEMALE","FEMALE","FEMALE","FEMALE","MALE","MALE","FEMALE","FEMALE","MALE","MALE","MALE","MALE","MALE","FEMALE","MALE","FEMALE","FEMALE","MALE","FEMALE","MALE","FEMALE","FEMALE","MALE","FEMALE","MALE","MALE","FEMALE","FEMALE","FEMALE","MALE","MALE","FEMALE","FEMALE","FEMALE","MALE","MALE","MALE","FEMALE","FEMALE","FEMALE","MALE","FEMALE","MALE","FEMALE","FEMALE","FEMALE","MALE","MALE","MALE","MALE","MALE","FEMALE","MALE","MALE","MALE","MALE","FEMALE","MALE"],"X_CALENDAR_YEAR":[2002,2003,2004,2004,2005,2005,2006,2006,2006,2006,2006,2007,2007,2007,2007,2007,2008,2008,2008,2008,2008,2008,2008,2008,2008,2009,2009,2009,2009,2009,2009,2009,2009,2009,2010,2010,2010,2010,2010,2010,2010,2010,2010,2010,2011,2011,2011,2011,2011,2011,2011,2012,2012,2012,2012,2012,2012,2012,2012,2012,2013,2013,2013,2013,2013,2013,2013,2013,2013,2014,2014,2014,2014,2014,2014,2014,2015,2015,2015,2015,2015,2015,2016,2016,2016,2016,2017,2017,2018,2018,2018],"Y_PREVALENCE_1000PP":[0.06856,0.03569,0.03114,0.03296,0.0194,0.04857,0.03575,0.04657,0.06039,0.0159,0.03869,0.06661,0.02805,0.07105,0.0715,0.05774,0.0151,0.02023,0.0197,0.06952,0.08337,0.02642,0.08283,0.04014,0.10155,0.04741,0.03551,0.07297,0.01766,0.08814,0.01404,0.0258,0.02951,0.10334,0.01623,0.02806,0.0862,0.10443,0.14088,0.044,0.10408,0.01911,0.01554,0.02245,0.09727,0.04055,0.04917,0.11569,0.03042,0.08244,0.02913,0.03567,0.01577,0.01383,0.04137,0.03763,0.0183,0.10346,0.06609,0.02416,0.01636,0.05569,0.03968,0.04065,0.02429,0.06556,0.0158,0.12281,0.02586,0.05585,0.02446,0.08049,0.0257,0.01873,0.04039,0.02982,0.02445,0.05598,0.05857,0.02015,0.0549,0.03247,0.08166,0.03033,0.05094,0.0236,0.04127,0.02947,0.04556,0.03252,0.03313]},"PREVALENCE_BY_MONTH":{"X_CALENDAR_MONTH":[200111,200204,200502,200603,200604,200605,200606,200609,200610,200702,200703,200706,200707,200708,200709,200710,200711,200801,200802,200803,200804,200805,200806,200807,200808,200809,200810,200811,200812,200901,200902,200904,200905,200907,200908,200909,200910,200911,200912,201003,201004,201005,201006,201007,201008,201009,201010,201011,201012,201101,201102,201103,201104,201105,201106,201107,201108,201109,201110,201111,201202,201203,201205,201206,201207,201208,201209,201210,201211,201301,201302,201303,201304,201305,201306,201307,201308,201310,201312,201401,201402,201403,201405,201407,201409,201410,201411,201412,201502,201503,201504,201505,201507,201508,201511,201512,201601,201602,201603,201606,201701,201702,201709,201805,201808,201902],"Y_PREVALENCE_1000PP":[0.00184,0.00167,0.00158,0.0013,0.00129,0.00172,0.00192,0.00127,0.00148,0.00187,0.00166,0.00183,0.00181,0.00121,0.0012,0.00177,0.00195,0.00155,0.00116,0.00156,0.00233,0.00136,0.00154,0.00268,0.00191,0.00171,0.00133,0.00133,0.00227,0.00245,0.00207,0.0017,0.00226,0.00169,0.00132,0.00188,0.00169,0.00132,0.00133,0.00266,0.00285,0.00286,0.00325,0.00306,0.00153,0.00323,0.00358,0.00131,0.00113,0.00168,0.00149,0.00148,0.00148,0.00148,0.00184,0.00184,0.00201,0.00237,0.00218,0.00164,0.00182,0.00127,0.00164,0.00164,0.00146,0.00182,0.00127,0.00163,0.00128,0.00147,0.00147,0.00148,0.00148,0.00111,0.00223,0.00204,0.00148,0.00262,0.00115,0.00115,0.00172,0.00211,0.00192,0.00137,0.00159,0.00142,0.00204,0.00145,0.00146,0.00129,0.00216,0.00173,0.00135,0.00135,0.00142,0.00148,0.00173,0.00149,0.0015,0.00206,0.00192,0.00168,0.00177,0.00216,0.00223,0.00198]},"OBS_FREQUENCY_DISTRIBUTION":{"Y_NUM_PERSONS":[0,0,0],"X_COUNT":[1,2,3]},"OBSERVATIONS_BY_TYPE":{"CONCEPT_NAME":"Observation recorded from EHR","COUNT_VALUE":1344},"AGE_AT_FIRST_OCCURRENCE":{"CATEGORY":["MALE","FEMALE"],"MIN_VALUE":[15,18],"P10_VALUE":[49,40],"P25_VALUE":[58,54],"MEDIAN_VALUE":[68,69],"P75_VALUE":[77,78],"P90_VALUE":[83,86],"MAX_VALUE":[96,99]}}
