{"PREVALENCE_BY_GENDER_AGE_YEAR":{"TRELLIS_NAME":["70-79","80-89","20-29","30-39","40-49","0-9","20-29","60-69","20-29","30-39","40-49","50-59","70-79","50-59","20-29","40-49","30-39","70-79"],"SERIES_NAME":["FEMALE","FEMALE","FEMALE","FEMALE","FEMALE","MALE","FEMALE","FEMALE","FEMALE","FEMALE","FEMALE","FEMALE","FEMALE","FEMALE","FEMALE","FEMALE","FEMALE","FEMALE"],"X_CALENDAR_YEAR":[2010,2010,2010,2010,2010,2010,2011,2011,2013,2013,2013,2013,2014,2014,2014,2014,2014,2015],"Y_PREVALENCE_1000PP":[0.0499,0.04163,0.05577,0.02762,0.03246,0.02377,0.01977,0.01825,0.02466,0.01735,0.0257,0.01843,0.02692,0.02174,0.02884,0.02021,0.02628,0.03905]},"PREVALENCE_BY_MONTH":{"X_CALENDAR_MONTH":[200901,200911,201004,201006,201007,201008,201009,201010,201011,201102,201103,201106,201110,201204,201209,201301,201302,201305,201310,201311,201312,201401,201402,201403,201404,201406,201408,201410,201411,201412,201501,201502,201503],"Y_PREVALENCE_1000PP":[0.00113,0.00113,0.00133,0.00286,0.00191,0.0042,0.0019,0.00188,0.00562,0.00168,0.00185,0.0011,0.00109,0.00109,0.00145,0.00165,0.00129,0.00167,0.0015,0.00113,0.00115,0.00134,0.00172,0.00153,0.00115,0.00194,0.00237,0.00121,0.00143,0.00207,0.00249,0.00209,0.00237]},"OBS_FREQUENCY_DISTRIBUTION":{"Y_NUM_PERSONS":[0,0,0],"X_COUNT":[1,2,3]},"OBSERVATIONS_BY_TYPE":{"CONCEPT_NAME":"Observation recorded from EHR","COUNT_VALUE":500},"AGE_AT_FIRST_OCCURRENCE":{"CATEGORY":["FEMALE","MALE"],"MIN_VALUE":[1,0],"P10_VALUE":[17,4],"P25_VALUE":[27,21],"MEDIAN_VALUE":[42,42],"P75_VALUE":[64,61],"P90_VALUE":[78,79],"MAX_VALUE":[96,94]}}
