{"PREVALENCE_BY_GENDER_AGE_YEAR":{"TRELLIS_NAME":["80-89","80-89","70-79","50-59","60-69","60-69","70-79","70-79","80-89","60-69","80-89","70-79","60-69","50-59","50-59","80-89","80-89","50-59","70-79","60-69","60-69","70-79","70-79","60-69","70-79","60-69","80-89","80-89","80-89","70-79","50-59","90-99","70-79","80-89","60-69","90-99","40-49","60-69","50-59","80-89","90-99","60-69","70-79","30-39","80-89","90-99","40-49","40-49","60-69","70-79","50-59","90-99","80-89","40-49","50-59","90-99","60-69","40-49","80-89","70-79","70-79","60-69","50-59","70-79","70-79","50-59","40-49","60-69","90-99","80-89","60-69","80-89","50-59","90-99","80-89","60-69","60-69","80-89","60-69","90-99","90-99","50-59","50-59","70-79","70-79","80-89","60-69","70-79","90-99","50-59","90-99","80-89","80-89","70-79","60-69"],"SERIES_NAME":["MALE","FEMALE","FEMALE","MALE","FEMALE","MALE","MALE","FEMALE","MALE","MALE","FEMALE","MALE","FEMALE","MALE","FEMALE","FEMALE","MALE","MALE","MALE","MALE","FEMALE","FEMALE","FEMALE","MALE","MALE","FEMALE","MALE","FEMALE","FEMALE","FEMALE","MALE","FEMALE","MALE","MALE","MALE","MALE","MALE","FEMALE","FEMALE","MALE","FEMALE","MALE","MALE","FEMALE","FEMALE","MALE","MALE","FEMALE","FEMALE","FEMALE","MALE","MALE","MALE","FEMALE","MALE","FEMALE","MALE","MALE","FEMALE","MALE","FEMALE","FEMALE","FEMALE","FEMALE","MALE","MALE","FEMALE","FEMALE","FEMALE","FEMALE","MALE","MALE","FEMALE","MALE","MALE","MALE","FEMALE","MALE","MALE","FEMALE","MALE","MALE","FEMALE","FEMALE","MALE","FEMALE","MALE","FEMALE","MALE","MALE","FEMALE","FEMALE","MALE","MALE","FEMALE"],"X_CALENDAR_YEAR":[2009,2009,2009,2009,2009,2009,2009,2010,2010,2010,2010,2010,2010,2010,2011,2011,2011,2011,2011,2011,2011,2011,2012,2012,2012,2012,2012,2012,2013,2013,2013,2013,2013,2013,2013,2013,2013,2013,2014,2014,2014,2014,2014,2014,2014,2014,2014,2014,2014,2014,2014,2015,2015,2015,2015,2015,2015,2015,2015,2015,2015,2015,2015,2016,2016,2016,2016,2016,2016,2016,2016,2016,2016,2016,2017,2017,2018,2018,2018,2018,2018,2018,2018,2018,2018,2018,2019,2019,2019,2019,2019,2019,2019,2019,2019],"Y_PREVALENCE_1000PP":[0.09915,0.08268,0.03192,0.02229,0.03228,0.03606,0.10008,0.05444,0.09753,0.04169,0.07633,0.10966,0.03457,0.0273,0.01896,0.07557,0.10517,0.01589,0.08703,0.03743,0.03346,0.05364,0.04012,0.0345,0.09151,0.0183,0.11381,0.06206,0.4525,0.28411,0.05171,0.47295,0.56538,0.82894,0.15321,0.46888,0.02033,0.0759,0.02718,1.06791,0.62375,0.2419,0.68037,0.01577,0.65127,0.71259,0.03426,0.02779,0.10925,0.31411,0.06957,0.87774,0.97043,0.01983,0.06044,0.62035,0.28859,0.01926,0.64776,0.70278,0.40025,0.12925,0.02338,0.36221,0.64101,0.05393,0.02758,0.09224,0.79237,0.7502,0.23827,1.12967,0.03081,1.05026,0.09068,0.02947,0.09214,1.02533,0.16566,0.38478,1.13272,0.03332,0.02971,0.3957,0.62264,0.52368,0.19009,0.31774,0.72359,0.02726,0.38473,0.5851,1.10459,0.54414,0.05825]},"PREVALENCE_BY_MONTH":{"X_CALENDAR_MONTH":[200904,200905,200906,200907,200908,200909,200910,200911,200912,201001,201002,201003,201004,201005,201006,201007,201008,201009,201010,201011,201012,201101,201102,201103,201104,201105,201106,201107,201108,201109,201110,201111,201112,201201,201202,201203,201204,201205,201206,201207,201208,201209,201210,201211,201212,201301,201302,201303,201304,201305,201306,201307,201308,201309,201310,201311,201312,201401,201402,201403,201404,201405,201406,201407,201408,201409,201410,201411,201412,201501,201502,201503,201504,201505,201506,201507,201508,201509,201510,201511,201512,201601,201602,201603,201604,201605,201606,201607,201608,201609,201610,201611,201612,201702,201807,201808,201809,201810,201811,201812,201901,201902,201903],"Y_PREVALENCE_1000PP":[0.00132,0.0083,0.01055,0.00808,0.00735,0.00845,0.00979,0.00831,0.00761,0.00795,0.00987,0.00818,0.00704,0.00953,0.00764,0.00917,0.00916,0.00759,0.00735,0.00806,0.006,0.0071,0.00654,0.00668,0.00666,0.00738,0.00552,0.00807,0.00678,0.00783,0.00763,0.0073,0.00565,0.00673,0.00582,0.00672,0.00654,0.00728,0.00636,0.00692,0.00636,0.00616,0.00599,0.00567,0.0057,0.00826,0.01068,0.01315,0.01295,0.01429,0.01672,0.03225,0.04789,0.04668,0.04415,0.04199,0.04378,0.05329,0.05152,0.05168,0.059,0.0613,0.05619,0.06424,0.06533,0.05591,0.05561,0.0521,0.06014,0.05396,0.05412,0.05416,0.05447,0.05058,0.05898,0.07037,0.06585,0.07129,0.07051,0.07145,0.07305,0.07223,0.07464,0.07152,0.05998,0.04983,0.0481,0.04358,0.04675,0.04558,0.0152,0.00712,0.00685,0.00336,0.04856,0.08303,0.07891,0.08791,0.07719,0.07729,0.07841,0.07531,0.07134]},"OBS_FREQUENCY_DISTRIBUTION":{"Y_NUM_PERSONS":[0,0,0,0,0,0,0,0,0,0,0,0,0,0,0,0,0,0,0,0,0,0,0,0,0,0,0,0,0,0,0,0,0,0,0,0,0,0,0,0,0,0,0,0,0,0,0,0,0,0,0,0,0,0,0,0,0,0,0,0,0,0,0,0,0,0,0,0,0,0,0,0,0,0,0,0,0,0,0,0,0,0,0,0,0,0,0,0,0,0],"X_COUNT":[1,2,3,4,5,6,7,8,9,10,11,12,13,14,15,16,17,18,19,20,21,22,23,24,25,26,27,28,29,30,31,32,33,34,35,36,37,38,39,40,41,42,43,44,45,46,47,48,49,50,51,52,53,54,55,56,57,58,59,60,61,62,63,64,66,67,68,69,70,71,73,74,75,77,78,79,80,81,83,88,89,91,94,96,99,100,103,106,109,138]},"OBSERVATIONS_BY_TYPE":{"CONCEPT_NAME":"Observation recorded from EHR","COUNT_VALUE":24378},"AGE_AT_FIRST_OCCURRENCE":{"CATEGORY":["FEMALE","MALE"],"MIN_VALUE":[18,22],"P10_VALUE":[57,58],"P25_VALUE":[69,67],"MEDIAN_VALUE":[77,75],"P75_VALUE":[84,81],"P90_VALUE":[88,85],"MAX_VALUE":[99,95]}}
