{"PREVALENCE_BY_GENDER_AGE_YEAR":{"TRELLIS_NAME":["50-59","0-9","30-39","30-39","60-69","0-9","40-49","30-39","50-59","70-79","40-49","0-9","0-9","30-39","30-39","0-9","0-9","30-39","70-79","0-9","50-59","0-9","20-29","0-9","60-69","30-39","70-79","0-9","0-9"],"SERIES_NAME":["MALE","FEMALE","FEMALE","FEMALE","MALE","FEMALE","MALE","MALE","FEMALE","FEMALE","MALE","FEMALE","MALE","MALE","FEMALE","FEMALE","MALE","FEMALE","FEMALE","MALE","MALE","FEMALE","MALE","MALE","MALE","FEMALE","MALE","FEMALE","FEMALE"],"X_CALENDAR_YEAR":[2003,2003,2003,2004,2004,2004,2004,2004,2004,2005,2005,2005,2005,2005,2005,2006,2006,2006,2007,2008,2008,2009,2009,2010,2010,2010,2010,2014,2015],"Y_PREVALENCE_1000PP":[0.02492,0.03115,0.03235,0.01925,0.02669,0.03216,0.01699,0.01605,0.02366,0.03189,0.01863,0.02297,0.04325,0.02101,0.01624,0.02533,0.024,0.01586,0.02842,0.01852,0.01689,0.02227,0.02107,0.01783,0.01924,0.01757,0.03133,0.02493,0.02393]},"PREVALENCE_BY_MONTH":{"X_CALENDAR_MONTH":[200201,200307,200308,200309,200310,200312,200402,200406,200409,200410,200411,200412,200502,200503,200504,200506,200507,200511,200601,200611,200803,200804,200805,200807,200903,200904,200905,200912,201001,201002,201003,201006,201007,201008,201010,201011,201305,201411,201412,201506],"Y_PREVALENCE_1000PP":[0.00176,0.00232,0.0018,0.00204,0.00153,0.00177,0.00197,0.00188,0.00162,0.00184,0.00229,0.00183,0.00181,0.00203,0.00158,0.00202,0.00333,0.00153,0.00173,0.00168,0.00136,0.00136,0.00155,0.00134,0.00207,0.0017,0.00151,0.00152,0.0017,0.00133,0.00133,0.00134,0.00115,0.00114,0.00113,0.00131,0.00111,0.00123,0.00124,0.00135]},"OBS_FREQUENCY_DISTRIBUTION":{"Y_NUM_PERSONS":[0,0],"X_COUNT":[1,2]},"OBSERVATIONS_BY_TYPE":{"CONCEPT_NAME":"Observation recorded from EHR","COUNT_VALUE":707},"AGE_AT_FIRST_OCCURRENCE":{"CATEGORY":["FEMALE","MALE"],"MIN_VALUE":[0,0],"P10_VALUE":[3,1],"P25_VALUE":[14,16],"MEDIAN_VALUE":[36,39],"P75_VALUE":[60,59],"P90_VALUE":[73,70],"MAX_VALUE":[89,87]}}
