{"PREVALENCE_BY_GENDER_AGE_YEAR":{"TRELLIS_NAME":["50-59","80-89","80-89","30-39","40-49","70-79","60-69","70-79","60-69","40-49","50-59"],"SERIES_NAME":["MALE","FEMALE","MALE","MALE","FEMALE","FEMALE","MALE","MALE","FEMALE","MALE","FEMALE"],"X_CALENDAR_YEAR":[2012,2012,2012,2012,2012,2012,2012,2012,2012,2012,2012],"Y_PREVALENCE_1000PP":[0.06309,0.19997,0.23796,0.02215,0.0461,0.18725,0.17876,0.22876,0.12808,0.03342,0.05637]},"PREVALENCE_BY_MONTH":{"X_CALENDAR_MONTH":[201208,201209,201210,201211,201212],"Y_PREVALENCE_1000PP":[0.00508,0.02629,0.01362,0.03969,0.0011]},"OBS_FREQUENCY_DISTRIBUTION":{"Y_NUM_PERSONS":[0,0,0,0],"X_COUNT":[1,2,3,4]},"OBSERVATIONS_BY_TYPE":{"CONCEPT_NAME":"Observation recorded from EHR","COUNT_VALUE":523},"AGE_AT_FIRST_OCCURRENCE":{"CATEGORY":["FEMALE","MALE"],"MIN_VALUE":[0,0],"P10_VALUE":[44,40],"P25_VALUE":[56,57],"MEDIAN_VALUE":[67,66],"P75_VALUE":[76,75],"P90_VALUE":[84,81],"MAX_VALUE":[95,93]}}
