{"PREVALENCE_BY_GENDER_AGE_YEAR":{"TRELLIS_NAME":["30-39","20-29","20-29","30-39","20-29","30-39","10-19","30-39","20-29","10-19","30-39","20-29","40-49","20-29","10-19","30-39","20-29","10-19","30-39","20-29","10-19","40-49","30-39","30-39","40-49","10-19","20-29","40-49","10-19","30-39","20-29","20-29","30-39","40-49","10-19","20-29","30-39","40-49","10-19","40-49","20-29","30-39","10-19","40-49","10-19","20-29","30-39","10-19","20-29","30-39","20-29","30-39","20-29"],"SERIES_NAME":["FEMALE","FEMALE","FEMALE","FEMALE","FEMALE","FEMALE","FEMALE","FEMALE","FEMALE","FEMALE","FEMALE","FEMALE","FEMALE","FEMALE","FEMALE","FEMALE","FEMALE","FEMALE","FEMALE","FEMALE","FEMALE","FEMALE","FEMALE","FEMALE","FEMALE","FEMALE","FEMALE","FEMALE","FEMALE","FEMALE","FEMALE","FEMALE","FEMALE","FEMALE","FEMALE","FEMALE","FEMALE","FEMALE","FEMALE","FEMALE","FEMALE","FEMALE","FEMALE","FEMALE","FEMALE","FEMALE","FEMALE","FEMALE","FEMALE","FEMALE","FEMALE","FEMALE","FEMALE"],"X_CALENDAR_YEAR":[1999,1999,2000,2000,2001,2001,2001,2002,2002,2002,2003,2003,2004,2004,2004,2004,2005,2005,2005,2006,2006,2006,2006,2007,2007,2007,2007,2008,2008,2008,2008,2009,2009,2009,2009,2010,2010,2010,2010,2011,2011,2011,2011,2012,2012,2012,2012,2013,2013,2013,2014,2015,2015],"Y_PREVALENCE_1000PP":[0.0898,0.12958,0.24298,0.20685,0.25901,0.2078,0.03591,0.21844,0.21441,0.04138,0.19412,0.22129,0.02085,0.24426,0.02573,0.16497,0.26589,0.04487,0.17859,0.23951,0.03863,0.02385,0.20088,0.18739,0.01955,0.04295,0.20737,0.02602,0.05159,0.25924,0.23712,0.27438,0.27002,0.02809,0.04735,0.30164,0.23349,0.0371,0.05369,0.02728,0.30149,0.23303,0.04911,0.02074,0.01962,0.22906,0.19903,0.01946,0.08386,0.0793,0.01573,0.03165,0.01741]},"PREVALENCE_BY_MONTH":{"X_CALENDAR_MONTH":[199906,199907,199908,199912,200001,200002,200003,200004,200005,200006,200007,200010,200011,200012,200101,200102,200103,200104,200105,200106,200107,200108,200109,200110,200111,200112,200201,200202,200203,200204,200205,200206,200207,200208,200209,200210,200211,200212,200301,200302,200303,200304,200305,200306,200307,200308,200309,200310,200311,200312,200401,200402,200403,200404,200405,200406,200407,200408,200409,200410,200411,200412,200501,200502,200503,200504,200505,200506,200507,200508,200509,200510,200511,200512,200601,200602,200603,200604,200605,200606,200607,200608,200609,200610,200611,200612,200701,200702,200703,200704,200705,200706,200707,200708,200709,200710,200711,200712,200801,200802,200803,200804,200805,200806,200807,200808,200809,200810,200811,200812,200901,200902,200903,200904,200905,200906,200907,200908,200909,200910,200911,200912,201001,201002,201003,201004,201005,201006,201007,201008,201009,201010,201011,201012,201101,201102,201103,201104,201105,201106,201107,201108,201109,201110,201111,201112,201201,201202,201203,201204,201205,201206,201207,201208,201209,201210,201211,201212,201301,201302,201303],"Y_PREVALENCE_1000PP":[0.00636,0.00497,0.0049,0.00346,0.0054,0.00359,0.00397,0.00348,0.00516,0.00253,0.0025,0.0032,0.0099,0.01328,0.0092,0.00869,0.01656,0.01392,0.01472,0.0094,0.00628,0.00905,0.0038,0.01087,0.00583,0.0079,0.01056,0.00988,0.01264,0.01284,0.00859,0.00938,0.0085,0.00983,0.00814,0.00941,0.00751,0.00886,0.01141,0.00977,0.00868,0.00996,0.01123,0.00623,0.01055,0.01155,0.0138,0.01044,0.0109,0.00884,0.00914,0.00715,0.00628,0.00738,0.00733,0.00939,0.01003,0.01093,0.00856,0.00921,0.01009,0.01032,0.00815,0.00746,0.00723,0.00767,0.01013,0.00919,0.01023,0.00776,0.01098,0.01097,0.01007,0.00963,0.01125,0.0102,0.01083,0.00991,0.00966,0.01047,0.00919,0.00938,0.00849,0.00823,0.00861,0.00609,0.0081,0.00684,0.00456,0.00454,0.00778,0.00852,0.00965,0.01065,0.00897,0.01063,0.00956,0.00878,0.00833,0.01009,0.00642,0.00872,0.00716,0.00538,0.01014,0.00899,0.01046,0.00929,0.00947,0.01079,0.01131,0.01037,0.00998,0.01059,0.01131,0.01092,0.0141,0.00904,0.01164,0.01111,0.01095,0.00856,0.00946,0.00854,0.01218,0.01141,0.00915,0.01127,0.01089,0.01087,0.01272,0.00942,0.01162,0.01219,0.01177,0.01046,0.0115,0.01073,0.00959,0.01049,0.01046,0.01154,0.01129,0.01036,0.00839,0.00894,0.00691,0.00909,0.00909,0.00927,0.0091,0.00855,0.00692,0.00617,0.0058,0.00799,0.00841,0.00644,0.00661,0.007,0.0063]},"OBS_FREQUENCY_DISTRIBUTION":{"Y_NUM_PERSONS":[0,0,0,0,0,0,0,0,0,0,0,0,0,0,0,0,0,0,0,0,0,0,0,0,0,0,0],"X_COUNT":[1,2,3,4,5,6,7,8,9,10,11,12,13,14,15,16,17,18,19,20,21,22,23,24,25,27,28]},"OBSERVATIONS_BY_TYPE":{"CONCEPT_NAME":"Observation recorded from EHR","COUNT_VALUE":8768},"AGE_AT_FIRST_OCCURRENCE":{"CATEGORY":"FEMALE","MIN_VALUE":14,"P10_VALUE":20,"P25_VALUE":24,"MEDIAN_VALUE":29,"P75_VALUE":33,"P90_VALUE":37,"MAX_VALUE":81}}
