{"PREVALENCE_BY_GENDER_AGE_YEAR":{"TRELLIS_NAME":["70-79","60-69","40-49","60-69","70-79","60-69","50-59","60-69","40-49","70-79","70-79","50-59","50-59","40-49","60-69","70-79","60-69","40-49","50-59","40-49","60-69","70-79","50-59","60-69","70-79","50-59","50-59","60-69","70-79","70-79","40-49","60-69","50-59","60-69","40-49","50-59","50-59","60-69","70-79","60-69","50-59","50-59"],"SERIES_NAME":["FEMALE","FEMALE","MALE","MALE","MALE","FEMALE","MALE","MALE","MALE","MALE","MALE","MALE","FEMALE","MALE","MALE","FEMALE","FEMALE","FEMALE","MALE","MALE","FEMALE","MALE","FEMALE","MALE","FEMALE","FEMALE","MALE","MALE","MALE","FEMALE","MALE","FEMALE","MALE","MALE","FEMALE","MALE","MALE","MALE","MALE","MALE","MALE","FEMALE"],"X_CALENDAR_YEAR":[2002,2002,2002,2002,2002,2003,2003,2003,2003,2003,2004,2004,2004,2004,2004,2004,2004,2005,2005,2005,2005,2005,2005,2005,2005,2006,2006,2006,2006,2006,2006,2006,2009,2010,2010,2010,2011,2011,2011,2013,2014,2014],"Y_PREVALENCE_1000PP":[0.05584,0.04241,0.02056,0.07551,0.05332,0.03922,0.03203,0.07966,0.0222,0.07194,0.06566,0.03282,0.02366,0.01983,0.08006,0.04394,0.04381,0.01963,0.0628,0.01597,0.03334,0.10763,0.0291,0.08033,0.05315,0.02505,0.03954,0.07464,0.13891,0.09703,0.02261,0.06578,0.0195,0.04169,0.01391,0.01638,0.01589,0.01872,0.03072,0.02189,0.02408,0.02446]},"PREVALENCE_BY_MONTH":{"X_CALENDAR_MONTH":[200111,200204,200207,200212,200301,200303,200308,200310,200311,200401,200403,200404,200406,200407,200408,200409,200411,200501,200502,200503,200504,200505,200506,200507,200508,200509,200510,200511,200512,200601,200602,200603,200604,200605,200606,200607,200608,200611,200810,200906,200908,201002,201012,201102,201103,201105,201207,201307,201311,201401,201403,201409],"Y_PREVALENCE_1000PP":[0.00338,0.00167,0.00247,0.00268,0.00212,0.00316,0.00205,0.00204,0.00152,0.00222,0.00266,0.00333,0.00188,0.00233,0.00256,0.00162,0.00183,0.00181,0.00203,0.00203,0.00248,0.00293,0.00224,0.00245,0.00177,0.00154,0.00219,0.00175,0.00263,0.00454,0.00391,0.00238,0.00194,0.00258,0.00192,0.00192,0.00405,0.00315,0.00114,0.00113,0.00113,0.00152,0.00188,0.00131,0.0013,0.00148,0.00128,0.00204,0.00113,0.00153,0.00115,0.00139]},"OBS_FREQUENCY_DISTRIBUTION":{"Y_NUM_PERSONS":[0,0,0,0],"X_COUNT":[1,2,3,4]},"OBSERVATIONS_BY_TYPE":{"CONCEPT_NAME":"Observation recorded from EHR","COUNT_VALUE":884},"AGE_AT_FIRST_OCCURRENCE":{"CATEGORY":["MALE","FEMALE"],"MIN_VALUE":[0,1],"P10_VALUE":[38,35],"P25_VALUE":[50,46],"MEDIAN_VALUE":[60,59],"P75_VALUE":[70,70],"P90_VALUE":[78,78],"MAX_VALUE":[93,91]}}
