{"PREVALENCE_BY_GENDER_AGE_YEAR":{"TRELLIS_NAME":["30-39","20-29","30-39","20-29","40-49","20-29","30-39","20-29","30-39"],"SERIES_NAME":["FEMALE","FEMALE","FEMALE","FEMALE","FEMALE","FEMALE","FEMALE","FEMALE","FEMALE"],"X_CALENDAR_YEAR":[2016,2016,2017,2017,2018,2018,2018,2019,2019],"Y_PREVALENCE_1000PP":[0.05061,0.04522,0.13224,0.09341,0.08511,0.35635,0.36897,0.16273,0.211]},"PREVALENCE_BY_MONTH":{"X_CALENDAR_MONTH":[201605,201708,201709,201710,201711,201712,201801,201802,201803,201804,201805,201806,201807,201808,201809,201810,201811,201812,201901,201902,201903],"Y_PREVALENCE_1000PP":[0.00228,0.00206,0.00177,0.00414,0.00332,0.00579,0.0037,0.00402,0.00309,0.00494,0.00494,0.00465,0.00536,0.00668,0.00607,0.00521,0.00624,0.00756,0.00951,0.01222,0.00528]},"OBS_FREQUENCY_DISTRIBUTION":{"Y_NUM_PERSONS":[0,0],"X_COUNT":[1,2]},"OBSERVATIONS_BY_TYPE":{"CONCEPT_NAME":"Observation recorded from EHR","COUNT_VALUE":397},"AGE_AT_FIRST_OCCURRENCE":{"CATEGORY":"FEMALE","MIN_VALUE":0,"P10_VALUE":23,"P25_VALUE":26,"MEDIAN_VALUE":31,"P75_VALUE":35,"P90_VALUE":39,"MAX_VALUE":50}}
