{"PREVALENCE_BY_GENDER_AGE_YEAR":{"TRELLIS_NAME":["90-99","80-89","80-89","80-89","90-99","80-89","90-99","80-89","80-89","90-99","70-79","80-89","80-89","90-99","70-79","90-99","90-99","70-79"],"SERIES_NAME":["FEMALE","FEMALE","MALE","FEMALE","FEMALE","FEMALE","FEMALE","FEMALE","FEMALE","FEMALE","FEMALE","MALE","FEMALE","FEMALE","MALE","FEMALE","FEMALE","MALE"],"X_CALENDAR_YEAR":[2004,2004,2005,2005,2005,2006,2006,2007,2008,2008,2008,2009,2009,2009,2009,2011,2012,2015],"Y_PREVALENCE_1000PP":[0.25899,0.06749,0.09657,0.05666,0.40511,0.05433,0.21193,0.08661,0.04168,0.25923,0.03681,0.07712,0.11712,0.3403,0.03687,0.14794,0.21627,0.03843]},"PREVALENCE_BY_MONTH":{"X_CALENDAR_MONTH":[200410,200503,200701,200807,200809,200810,200901,200903,200907,200909,200911,200912,201009,201401,201508,201509],"Y_PREVALENCE_1000PP":[0.00207,0.00136,0.00125,0.00115,0.00133,0.00152,0.00151,0.00132,0.00113,0.00188,0.00132,0.00114,0.00114,0.00115,0.00225,0.00157]},"OBS_FREQUENCY_DISTRIBUTION":{"Y_NUM_PERSONS":[0,0],"X_COUNT":[1,2]},"OBSERVATIONS_BY_TYPE":{"CONCEPT_NAME":"Observation recorded from EHR","COUNT_VALUE":425},"AGE_AT_FIRST_OCCURRENCE":{"CATEGORY":["MALE","FEMALE"],"MIN_VALUE":[1,2],"P10_VALUE":[12,43],"P25_VALUE":[59,69],"MEDIAN_VALUE":[75,84],"P75_VALUE":[84,90],"P90_VALUE":[91,95],"MAX_VALUE":[98,103]}}
