{"PREVALENCE_BY_GENDER_AGE_YEAR":{"TRELLIS_NAME":["70-79","80-89","60-69","70-79","70-79","80-89","80-89","60-69","80-89","50-59","70-79","70-79","60-69","90-99","70-79","50-59","50-59","60-69","60-69","40-49","70-79","90-99","90-99","80-89","80-89","40-49","70-79","50-59","90-99","70-79","40-49","50-59","90-99","80-89","60-69","80-89","60-69","40-49","60-69","70-79","80-89","90-99","80-89","90-99","50-59","70-79","50-59","40-49","60-69","40-49","70-79","90-99","40-49","40-49","50-59","80-89","90-99","70-79","60-69","50-59","60-69","80-89","60-69","50-59","80-89","70-79","90-99","40-49","50-59","80-89","70-79","90-99","60-69","80-89","50-59","60-69","60-69","90-99","70-79","90-99","70-79","80-89"],"SERIES_NAME":["MALE","MALE","MALE","MALE","FEMALE","FEMALE","MALE","MALE","FEMALE","MALE","MALE","FEMALE","FEMALE","FEMALE","MALE","FEMALE","MALE","MALE","FEMALE","MALE","FEMALE","FEMALE","MALE","MALE","FEMALE","FEMALE","MALE","MALE","MALE","FEMALE","FEMALE","FEMALE","FEMALE","MALE","MALE","FEMALE","FEMALE","MALE","MALE","FEMALE","MALE","FEMALE","FEMALE","MALE","FEMALE","MALE","MALE","MALE","FEMALE","FEMALE","FEMALE","FEMALE","FEMALE","MALE","MALE","MALE","MALE","MALE","MALE","FEMALE","FEMALE","FEMALE","MALE","MALE","FEMALE","MALE","FEMALE","MALE","FEMALE","MALE","FEMALE","MALE","FEMALE","FEMALE","MALE","FEMALE","MALE","MALE","MALE","FEMALE","FEMALE","MALE"],"X_CALENDAR_YEAR":[2003,2004,2004,2004,2004,2004,2005,2005,2005,2005,2005,2005,2005,2005,2006,2006,2006,2006,2006,2006,2006,2006,2006,2006,2006,2006,2007,2007,2007,2007,2007,2007,2007,2007,2007,2007,2007,2007,2008,2008,2008,2008,2008,2008,2008,2008,2008,2008,2008,2008,2009,2009,2009,2009,2009,2009,2009,2009,2009,2009,2009,2009,2010,2010,2010,2010,2010,2010,2010,2010,2010,2010,2010,2011,2011,2011,2011,2011,2011,2011,2011,2011],"Y_PREVALENCE_1000PP":[0.07194,0.10233,0.03558,0.07222,0.06591,0.07592,0.20694,0.02537,0.14571,0.02198,0.09497,0.06378,0.10003,0.2493,0.55563,0.09393,0.12471,0.25928,0.15477,0.02512,0.48006,1.12023,0.61533,0.89479,0.88487,0.0159,0.48293,0.10652,0.91881,0.36471,0.01955,0.04438,1.28659,0.84605,0.16832,0.81559,0.10015,0.02553,0.11709,0.31751,0.5529,0.8353,0.58356,1.63092,0.04045,0.24598,0.09007,0.02251,0.08257,0.0142,0.21891,0.76568,0.01404,0.01565,0.06686,0.60593,0.47111,0.26865,0.13442,0.02293,0.06133,0.42716,0.11865,0.04641,0.35388,0.1671,0.67457,0.02886,0.03087,0.47682,0.15425,0.55081,0.05343,0.13053,0.02648,0.0365,0.03119,0.38132,0.09215,0.19725,0.08046,0.16828]},"PREVALENCE_BY_MONTH":{"X_CALENDAR_MONTH":[200304,200309,200407,200408,200411,200412,200501,200502,200503,200504,200505,200506,200508,200509,200510,200511,200512,200601,200602,200603,200604,200605,200606,200607,200608,200609,200610,200611,200612,200701,200702,200703,200704,200705,200706,200707,200708,200709,200710,200711,200712,200801,200802,200803,200804,200805,200806,200807,200808,200809,200810,200811,200812,200901,200902,200903,200904,200905,200906,200907,200908,200909,200910,200911,200912,201001,201002,201003,201004,201005,201006,201007,201008,201009,201010,201011,201012,201101,201102,201103,201104,201105,201106],"Y_PREVALENCE_1000PP":[0.00157,0.00153,0.0014,0.00279,0.00183,0.00183,0.00159,0.00136,0.00226,0.00203,0.00203,0.00314,0.00333,0.00154,0.00154,0.00241,0.00372,0.01017,0.0128,0.01191,0.00689,0.00537,0.00876,0.01133,0.01214,0.00977,0.01541,0.01448,0.01469,0.0187,0.0114,0.02092,0.00412,0.00594,0.00548,0.00523,0.00844,0.00996,0.00945,0.00839,0.00781,0.01201,0.01087,0.00934,0.00407,0.00581,0.00442,0.00536,0.00402,0.00647,0.00493,0.0072,0.01022,0.00943,0.01169,0.01035,0.00454,0.00245,0.00414,0.00301,0.00377,0.00394,0.00508,0.00623,0.00533,0.00795,0.0076,0.00742,0.00247,0.00229,0.00439,0.00248,0.00401,0.00285,0.00622,0.0045,0.00544,0.00523,0.00616,0.00408,0.00167,0.00221,0.00147]},"OBS_FREQUENCY_DISTRIBUTION":{"Y_NUM_PERSONS":[0,0,0,0,0],"X_COUNT":[1,2,3,4,5]},"OBSERVATIONS_BY_TYPE":{"CONCEPT_NAME":"Observation recorded from EHR","COUNT_VALUE":2690},"AGE_AT_FIRST_OCCURRENCE":{"CATEGORY":["FEMALE","MALE"],"MIN_VALUE":[4,19],"P10_VALUE":[60,53],"P25_VALUE":[70,62],"MEDIAN_VALUE":[79,72],"P75_VALUE":[86,81],"P90_VALUE":[91,87],"MAX_VALUE":[102,101]}}
