{"PREVALENCE_BY_GENDER_AGE_YEAR":{"TRELLIS_NAME":["80-89","70-79","50-59","60-69","70-79","70-79","80-89","80-89","60-69","50-59","70-79","70-79","80-89","60-69","80-89","60-69","60-69","70-79","80-89","90-99","80-89","80-89","70-79","60-69","70-79","60-69","50-59","80-89","70-79"],"SERIES_NAME":["FEMALE","FEMALE","MALE","MALE","FEMALE","MALE","FEMALE","FEMALE","MALE","MALE","MALE","FEMALE","FEMALE","FEMALE","MALE","MALE","FEMALE","MALE","FEMALE","MALE","FEMALE","MALE","FEMALE","FEMALE","MALE","MALE","MALE","FEMALE","FEMALE"],"X_CALENDAR_YEAR":[2012,2012,2013,2013,2013,2013,2013,2014,2015,2015,2015,2015,2015,2015,2015,2016,2016,2016,2016,2017,2017,2017,2017,2017,2017,2017,2017,2018,2018],"Y_PREVALENCE_1000PP":[0.04827,0.02675,0.02068,0.03439,0.03497,0.06447,0.07658,0.05122,0.03607,0.01727,0.07687,0.03905,0.08797,0.03144,0.11417,0.03466,0.02935,0.0952,0.05771,0.50955,0.09726,0.31738,0.09217,0.02872,0.13756,0.08349,0.02233,0.08525,0.05458]},"PREVALENCE_BY_MONTH":{"X_CALENDAR_MONTH":[201210,201212,201301,201304,201305,201307,201312,201506,201507,201508,201509,201512,201603,201605,201607,201608,201701,201707,201708,201709,201710,201711,201801,201807,201808],"Y_PREVALENCE_1000PP":[0.00127,0.00166,0.0011,0.00222,0.00278,0.00259,0.00346,0.00135,0.00225,0.00517,0.0018,0.00295,0.00174,0.00152,0.00158,0.00214,0.00493,0.00965,0.00795,0.00325,0.00178,0.00181,0.00185,0.0041,0.00255]},"OBS_FREQUENCY_DISTRIBUTION":{"Y_NUM_PERSONS":[0,0,0],"X_COUNT":[1,2,3]},"OBSERVATIONS_BY_TYPE":{"CONCEPT_NAME":"Observation recorded from EHR","COUNT_VALUE":457},"AGE_AT_FIRST_OCCURRENCE":{"CATEGORY":["FEMALE","MALE"],"MIN_VALUE":[5,15],"P10_VALUE":[62,53],"P25_VALUE":[68,61],"MEDIAN_VALUE":[78,71],"P75_VALUE":[85,81],"P90_VALUE":[90,86],"MAX_VALUE":[102,96]}}
