{"PREVALENCE_BY_GENDER_AGE_YEAR":{"TRELLIS_NAME":["0-9","0-9","0-9","0-9","0-9","0-9","0-9","0-9","10-19","0-9","0-9","10-19","0-9","10-19","0-9","10-19","10-19","0-9","0-9","0-9","0-9"],"SERIES_NAME":["FEMALE","MALE","MALE","FEMALE","FEMALE","MALE","MALE","FEMALE","MALE","MALE","FEMALE","FEMALE","MALE","MALE","FEMALE","FEMALE","MALE","FEMALE","MALE","MALE","FEMALE"],"X_CALENDAR_YEAR":[2012,2012,2013,2013,2014,2014,2015,2015,2015,2016,2016,2016,2017,2017,2017,2018,2018,2018,2018,2019,2019],"Y_PREVALENCE_1000PP":[0.06214,0.0594,0.04775,0.05304,0.04986,0.06545,0.0847,0.08546,0.03885,0.10073,0.04472,0.03067,0.12541,0.03702,0.04531,0.05344,0.08784,0.10926,0.20369,0.07279,0.05083]},"PREVALENCE_BY_MONTH":{"X_CALENDAR_MONTH":[201203,201204,201211,201212,201303,201404,201409,201501,201502,201503,201505,201509,201510,201602,201604,201606,201607,201701,201704,201706,201804,201805,201806,201807,201808,201809,201810,201811,201812,201902,201903],"Y_PREVALENCE_1000PP":[0.00127,0.00109,0.0011,0.0011,0.00222,0.00172,0.00119,0.00145,0.00125,0.00216,0.00151,0.00157,0.00163,0.00149,0.00225,0.00232,0.00158,0.00192,0.00171,0.00204,0.00185,0.00247,0.00248,0.00221,0.0035,0.00479,0.00326,0.00263,0.00197,0.0033,0.00396]},"OBS_FREQUENCY_DISTRIBUTION":{"Y_NUM_PERSONS":[0,0],"X_COUNT":[1,2]},"OBSERVATIONS_BY_TYPE":{"CONCEPT_NAME":"Observation recorded from EHR","COUNT_VALUE":431},"AGE_AT_FIRST_OCCURRENCE":{"CATEGORY":["FEMALE","MALE"],"MIN_VALUE":[0,0],"P10_VALUE":[0,1],"P25_VALUE":[2,3],"MEDIAN_VALUE":[5,6],"P75_VALUE":[9,9],"P90_VALUE":[13,13],"MAX_VALUE":[46,28]}}
