{"PREVALENCE_BY_GENDER_AGE_YEAR":{"TRELLIS_NAME":["20-29","40-49","30-39","30-39","40-49","50-59","20-29","50-59","40-49","20-29","30-39","30-39","40-49","20-29","50-59","40-49","20-29","50-59","30-39","30-39","50-59","40-49","20-29","30-39","20-29","40-49","50-59","30-39","20-29","40-49","50-59","50-59","40-49","20-29","30-39","20-29","40-49","50-59","30-39","20-29","50-59","60-69","30-39","40-49","50-59","30-39","20-29","40-49","30-39","20-29","50-59","40-49","40-49","20-29","30-39","50-59","30-39","20-29","40-49","50-59","30-39","50-59","20-29","40-49","20-29","30-39","40-49"],"SERIES_NAME":["MALE","MALE","MALE","MALE","MALE","MALE","MALE","MALE","MALE","MALE","MALE","MALE","MALE","MALE","MALE","MALE","MALE","MALE","MALE","MALE","MALE","MALE","MALE","MALE","MALE","MALE","MALE","MALE","MALE","MALE","MALE","MALE","MALE","MALE","MALE","MALE","MALE","MALE","MALE","MALE","MALE","MALE","MALE","MALE","MALE","MALE","MALE","MALE","MALE","MALE","MALE","MALE","MALE","MALE","MALE","MALE","MALE","MALE","MALE","MALE","MALE","MALE","MALE","MALE","MALE","MALE","MALE"],"X_CALENDAR_YEAR":[2003,2003,2003,2004,2004,2004,2004,2005,2005,2005,2005,2006,2006,2006,2006,2007,2007,2007,2007,2008,2008,2008,2008,2009,2009,2009,2009,2010,2010,2010,2010,2011,2011,2011,2011,2012,2012,2012,2012,2013,2013,2013,2013,2013,2014,2014,2014,2014,2015,2015,2015,2015,2016,2016,2016,2016,2017,2017,2017,2017,2018,2018,2018,2018,2019,2019,2019],"Y_PREVALENCE_1000PP":[0.02268,0.05073,0.08032,0.22468,0.11329,0.01969,0.06164,0.04082,0.18633,0.14567,0.48068,0.60204,0.24116,0.25792,0.06083,0.2437,0.23459,0.06046,0.6289,0.54715,0.04785,0.26339,0.21902,0.59243,0.23436,0.21911,0.03064,0.69584,0.31027,0.24195,0.03822,0.06091,0.27764,0.32123,0.78912,0.27234,0.34752,0.04206,0.76553,0.27078,0.04654,0.01876,0.76038,0.2688,0.05084,0.95187,0.30059,0.36222,1.10033,0.39521,0.08059,0.36048,0.53064,0.46207,1.36427,0.05393,1.62836,0.51069,0.67272,0.09305,1.44889,0.08747,0.45706,0.58879,0.10665,0.44046,0.13489]},"PREVALENCE_BY_MONTH":{"X_CALENDAR_MONTH":[200307,200308,200309,200310,200311,200312,200401,200402,200403,200404,200405,200406,200407,200408,200409,200410,200411,200412,200501,200502,200503,200504,200505,200506,200507,200508,200509,200510,200511,200512,200601,200602,200603,200604,200605,200606,200607,200608,200609,200610,200611,200612,200701,200702,200703,200704,200705,200706,200707,200708,200709,200710,200711,200712,200801,200802,200803,200804,200805,200806,200807,200808,200809,200810,200811,200812,200901,200902,200903,200904,200905,200906,200907,200908,200909,200910,200911,200912,201001,201002,201003,201004,201005,201006,201007,201008,201009,201010,201011,201012,201101,201102,201103,201104,201105,201106,201107,201108,201109,201110,201111,201112,201201,201202,201203,201204,201205,201206,201207,201208,201209,201210,201211,201212,201301,201302,201303,201304,201305,201306,201307,201308,201309,201310,201311,201312,201401,201402,201403,201404,201405,201406,201407,201408,201409,201410,201411,201412,201501,201502,201503,201504,201505,201506,201507,201508,201509,201510,201511,201512,201601,201602,201603,201604,201605,201606,201607,201608,201609,201610,201611,201612,201701,201702,201703,201704,201705,201706,201707,201708,201709,201710,201711,201712,201801,201802,201803,201804,201805,201806,201807,201808,201809,201810,201811,201812,201901,201902,201903],"Y_PREVALENCE_1000PP":[0.00206,0.00282,0.00153,0.00178,0.00177,0.00202,0.00321,0.00394,0.00387,0.00357,0.00331,0.00211,0.00163,0.00302,0.00416,0.0023,0.00573,0.00459,0.0043,0.00588,0.00633,0.00835,0.00946,0.00762,0.00556,0.00887,0.00615,0.00746,0.01094,0.00635,0.00952,0.00694,0.01256,0.00797,0.01095,0.01111,0.01069,0.01108,0.00786,0.00929,0.00903,0.01007,0.00873,0.00995,0.00973,0.00804,0.00921,0.00751,0.01146,0.00924,0.01016,0.01141,0.00976,0.00664,0.00929,0.01106,0.01109,0.01066,0.00949,0.01191,0.00765,0.00727,0.00761,0.00892,0.00625,0.00473,0.00773,0.00792,0.00866,0.00794,0.00792,0.00979,0.01128,0.00885,0.00732,0.00998,0.00793,0.00761,0.00946,0.0093,0.01389,0.01122,0.01029,0.01127,0.00783,0.00916,0.01044,0.00829,0.01218,0.0075,0.00748,0.0112,0.01243,0.01073,0.01106,0.01197,0.01266,0.01172,0.0122,0.00945,0.01186,0.00948,0.01037,0.01219,0.01163,0.008,0.01056,0.01018,0.01111,0.01289,0.0107,0.0089,0.00951,0.0081,0.00973,0.00921,0.00741,0.0087,0.00984,0.00854,0.01297,0.00872,0.01,0.01066,0.01224,0.01152,0.01012,0.01221,0.01493,0.01303,0.0159,0.01453,0.01273,0.01382,0.01229,0.01254,0.01226,0.00892,0.01411,0.01358,0.01662,0.01599,0.01448,0.01553,0.02069,0.01326,0.02091,0.01885,0.01372,0.01082,0.01509,0.01742,0.01819,0.01949,0.02074,0.01724,0.01811,0.01897,0.02333,0.02009,0.02436,0.01972,0.02437,0.0238,0.02381,0.01682,0.02168,0.02594,0.01989,0.02266,0.02067,0.02339,0.02291,0.01522,0.01635,0.01576,0.01884,0.02222,0.01913,0.0186,0.02333,0.02163,0.01661,0.02019,0.02037,0.01217,0.01706,0.01784,0.01849]},"OBS_FREQUENCY_DISTRIBUTION":{"Y_NUM_PERSONS":[0,0,0,0,0,0],"X_COUNT":[1,2,3,4,5,6]},"OBSERVATIONS_BY_TYPE":{"CONCEPT_NAME":"Observation recorded from EHR","COUNT_VALUE":10255},"AGE_AT_FIRST_OCCURRENCE":{"CATEGORY":["FEMALE","MALE"],"MIN_VALUE":[23,16],"P10_VALUE":[23,27],"P25_VALUE":[27,31],"MEDIAN_VALUE":[34,35],"P75_VALUE":[38,40],"P90_VALUE":[63,45],"MAX_VALUE":[70,80]}}
