{"PREVALENCE_BY_GENDER_AGE_YEAR":{"TRELLIS_NAME":["30-39","30-39","20-29","30-39","20-29","30-39","30-39","20-29","30-39","20-29","30-39","20-29","20-29","30-39","20-29","30-39","20-29","30-39","20-29","30-39","20-29","30-39","30-39","40-49","20-29","30-39","20-29","20-29","30-39","40-49","30-39","40-49","30-39","30-39"],"SERIES_NAME":["FEMALE","FEMALE","FEMALE","FEMALE","FEMALE","FEMALE","FEMALE","FEMALE","FEMALE","FEMALE","FEMALE","FEMALE","FEMALE","FEMALE","FEMALE","FEMALE","FEMALE","FEMALE","FEMALE","FEMALE","FEMALE","FEMALE","FEMALE","FEMALE","FEMALE","FEMALE","FEMALE","FEMALE","FEMALE","FEMALE","FEMALE","FEMALE","FEMALE","FEMALE"],"X_CALENDAR_YEAR":[2000,2003,2004,2004,2005,2005,2006,2006,2007,2007,2008,2008,2009,2009,2010,2010,2011,2011,2012,2012,2013,2013,2014,2014,2014,2015,2015,2016,2016,2016,2017,2018,2018,2019],"Y_PREVALENCE_1000PP":[0.03081,0.02059,0.02641,0.022,0.08759,0.09471,0.0978,0.05842,0.08863,0.07541,0.06544,0.04639,0.05843,0.08328,0.03549,0.09289,0.03707,0.07189,0.02709,0.04976,0.0148,0.057,0.12087,0.01768,0.06031,0.14964,0.04933,0.05565,0.21932,0.03102,0.17264,0.05823,0.21319,0.09378]},"PREVALENCE_BY_MONTH":{"X_CALENDAR_MONTH":[200411,200501,200502,200503,200504,200505,200506,200507,200508,200509,200510,200511,200512,200601,200602,200603,200604,200605,200606,200607,200608,200609,200610,200611,200612,200701,200702,200703,200705,200706,200707,200708,200709,200710,200711,200712,200802,200803,200806,200808,200812,200905,200908,200910,201001,201003,201007,201008,201010,201012,201103,201104,201108,201110,201207,201210,201309,201312,201401,201402,201404,201405,201406,201408,201410,201411,201412,201501,201502,201503,201504,201506,201508,201509,201511,201512,201602,201603,201604,201605,201606,201607,201609,201610,201611,201612,201701,201702,201703,201704,201706,201708,201709,201710,201801,201802,201803,201804,201805,201806,201808,201810,201811,201812,201901,201903],"Y_PREVALENCE_1000PP":[0.00138,0.00272,0.00181,0.00203,0.00158,0.0018,0.00269,0.00156,0.00244,0.00242,0.00176,0.0035,0.00175,0.0026,0.00282,0.00173,0.00237,0.00193,0.0015,0.0015,0.0017,0.00234,0.00127,0.00168,0.00126,0.00187,0.00145,0.00145,0.00143,0.00162,0.00141,0.00141,0.0012,0.00157,0.00195,0.00117,0.00136,0.00156,0.00173,0.00134,0.00114,0.0017,0.00188,0.00151,0.00151,0.00114,0.00134,0.00134,0.0017,0.00188,0.00111,0.00148,0.0011,0.00127,0.00128,0.00145,0.00111,0.00115,0.00134,0.00134,0.00134,0.00115,0.00155,0.00178,0.00324,0.00286,0.00332,0.0027,0.00167,0.00151,0.00238,0.00135,0.0018,0.00135,0.00189,0.00295,0.00348,0.00174,0.00225,0.00304,0.00334,0.0021,0.00295,0.00326,0.00192,0.00301,0.00356,0.00168,0.00198,0.00171,0.00262,0.00177,0.00177,0.00326,0.00309,0.00247,0.00185,0.00278,0.00185,0.00248,0.00255,0.00228,0.00328,0.00329,0.00328,0.00231]},"OBS_FREQUENCY_DISTRIBUTION":{"Y_NUM_PERSONS":[0,0,0,0,0,0,0],"X_COUNT":[1,2,3,4,5,6,7]},"OBSERVATIONS_BY_TYPE":{"CONCEPT_NAME":"Observation recorded from EHR","COUNT_VALUE":1289},"AGE_AT_FIRST_OCCURRENCE":{"CATEGORY":"FEMALE","MIN_VALUE":16,"P10_VALUE":24,"P25_VALUE":29,"MEDIAN_VALUE":32,"P75_VALUE":35,"P90_VALUE":38,"MAX_VALUE":49}}
