{"PREVALENCE_BY_GENDER_AGE_YEAR":{"TRELLIS_NAME":["20-29","10-19","30-39","40-49","10-19","60-69","50-59","50-59","20-29","0-9","30-39","0-9","40-49","0-9"],"SERIES_NAME":["MALE","MALE","MALE","MALE","FEMALE","MALE","FEMALE","MALE","FEMALE","MALE","FEMALE","FEMALE","FEMALE","MALE"],"X_CALENDAR_YEAR":[2012,2012,2012,2012,2012,2012,2012,2012,2012,2012,2012,2012,2012,2013],"Y_PREVALENCE_1000PP":[0.07451,0.05199,0.06646,0.01782,0.09485,0.02195,0.07247,0.02103,0.11822,0.10466,0.06966,0.0799,0.06223,0.0309]},"PREVALENCE_BY_MONTH":{"X_CALENDAR_MONTH":[201203,201204,201205,201206,201207,201208,201209,201210,201211,201212,201301,201608,201609,201806],"Y_PREVALENCE_1000PP":[0.00836,0.00563,0.00419,0.00327,0.00601,0.0069,0.01015,0.01289,0.00494,0.00313,0.00551,0.0016,0.00268,0.00248]},"OBS_FREQUENCY_DISTRIBUTION":{"Y_NUM_PERSONS":[0,0,0],"X_COUNT":[1,2,3]},"OBSERVATIONS_BY_TYPE":{"CONCEPT_NAME":"Observation recorded from EHR","COUNT_VALUE":543},"AGE_AT_FIRST_OCCURRENCE":{"CATEGORY":["MALE","FEMALE"],"MIN_VALUE":[1,0],"P10_VALUE":[2,4],"P25_VALUE":[8,18],"MEDIAN_VALUE":[26,29],"P75_VALUE":[39,49],"P90_VALUE":[56,62],"MAX_VALUE":[91,94]}}
