{"PREVALENCE_BY_GENDER_AGE_YEAR":{"TRELLIS_NAME":["30-39","30-39","20-29","40-49","50-59","30-39","10-19","40-49","20-29","10-19","20-29","50-59","40-49","30-39","50-59","40-49","10-19","30-39","20-29","10-19","40-49","20-29","50-59","30-39","20-29","40-49","10-19","30-39","30-39","40-49","20-29","50-59","10-19","20-29","10-19","40-49","30-39","50-59","50-59","10-19","30-39","40-49","20-29","40-49","50-59","20-29","30-39","10-19","40-49","50-59","10-19","20-29","30-39","20-29","30-39","40-49","50-59","10-19","10-19","40-49","30-39","20-29","50-59","40-49","50-59","30-39","10-19","20-29","50-59","10-19","20-29","30-39","40-49","40-49","10-19","20-29","50-59","30-39","50-59","10-19","40-49","30-39","20-29","50-59","20-29","30-39","40-49","10-19","20-29","50-59","30-39","10-19","40-49","10-19","20-29","40-49","30-39"],"SERIES_NAME":["FEMALE","FEMALE","FEMALE","FEMALE","FEMALE","FEMALE","FEMALE","FEMALE","FEMALE","FEMALE","FEMALE","FEMALE","FEMALE","FEMALE","FEMALE","FEMALE","FEMALE","FEMALE","FEMALE","FEMALE","FEMALE","FEMALE","FEMALE","FEMALE","FEMALE","FEMALE","FEMALE","FEMALE","FEMALE","FEMALE","FEMALE","FEMALE","FEMALE","FEMALE","FEMALE","FEMALE","FEMALE","FEMALE","FEMALE","FEMALE","FEMALE","FEMALE","FEMALE","FEMALE","FEMALE","FEMALE","FEMALE","FEMALE","FEMALE","FEMALE","FEMALE","FEMALE","FEMALE","FEMALE","FEMALE","FEMALE","FEMALE","FEMALE","FEMALE","FEMALE","FEMALE","FEMALE","FEMALE","FEMALE","FEMALE","FEMALE","FEMALE","FEMALE","FEMALE","FEMALE","FEMALE","FEMALE","FEMALE","FEMALE","FEMALE","FEMALE","FEMALE","FEMALE","FEMALE","FEMALE","FEMALE","FEMALE","FEMALE","FEMALE","FEMALE","FEMALE","FEMALE","FEMALE","FEMALE","FEMALE","FEMALE","FEMALE","FEMALE","FEMALE","FEMALE","FEMALE","FEMALE"],"X_CALENDAR_YEAR":[1999,2000,2000,2000,2001,2001,2001,2001,2001,2002,2002,2002,2002,2002,2003,2003,2003,2003,2003,2004,2004,2004,2004,2004,2005,2005,2005,2005,2006,2006,2006,2006,2006,2007,2007,2007,2007,2007,2008,2008,2008,2008,2008,2009,2009,2009,2009,2009,2010,2010,2010,2010,2010,2011,2011,2011,2011,2011,2012,2012,2012,2012,2012,2013,2013,2013,2013,2013,2014,2014,2014,2014,2014,2015,2015,2015,2015,2015,2016,2016,2016,2016,2016,2017,2017,2017,2017,2017,2018,2018,2018,2018,2018,2019,2019,2019,2019],"Y_PREVALENCE_1000PP":[0.05051,0.07482,0.0324,0.05369,0.02659,0.08312,0.05387,0.07878,0.09497,0.08277,0.11869,0.02335,0.1044,0.11076,0.04029,0.1233,0.17761,0.26765,0.26119,0.12438,0.17572,0.34989,0.02366,0.25295,0.17204,0.1458,0.08566,0.29494,0.28546,0.17488,0.30085,0.03757,0.14293,0.48745,0.21117,0.30307,0.43048,0.09764,0.04334,0.12037,0.36999,0.25315,0.47166,0.27384,0.05446,0.40141,0.46685,0.17925,0.22259,0.04771,0.1745,0.48669,0.36655,0.3954,0.39416,0.21828,0.03521,0.14405,0.23223,0.25814,0.36323,0.48275,0.04026,0.23131,0.0395,0.33457,0.17841,0.42176,0.05163,0.22932,0.59,0.34422,0.26274,0.27199,0.28601,0.60651,0.04091,0.40863,0.02054,0.26289,0.24129,0.41839,0.63651,0.03777,0.71616,0.51426,0.29015,0.27859,0.95906,0.03395,0.60266,0.39014,0.30909,0.20093,0.28347,0.08494,0.211]},"PREVALENCE_BY_MONTH":{"X_CALENDAR_MONTH":[199912,200001,200009,200104,200105,200106,200107,200109,200110,200111,200112,200201,200202,200203,200204,200207,200208,200209,200210,200211,200212,200301,200302,200303,200304,200305,200306,200307,200308,200309,200310,200311,200312,200401,200402,200403,200404,200405,200406,200407,200408,200409,200410,200411,200412,200501,200502,200503,200504,200505,200506,200507,200508,200509,200510,200511,200512,200601,200602,200603,200604,200605,200606,200607,200608,200609,200610,200611,200612,200701,200702,200703,200704,200705,200706,200707,200708,200709,200710,200711,200712,200801,200802,200803,200804,200805,200806,200807,200808,200809,200810,200811,200812,200901,200902,200903,200904,200905,200906,200907,200908,200909,200910,200911,200912,201001,201002,201003,201004,201005,201006,201007,201008,201009,201010,201011,201012,201101,201102,201103,201104,201105,201106,201107,201108,201109,201110,201111,201112,201201,201202,201203,201204,201205,201206,201207,201208,201209,201210,201211,201212,201301,201302,201303,201304,201305,201306,201307,201308,201309,201310,201311,201312,201401,201402,201403,201404,201405,201406,201407,201408,201409,201410,201411,201412,201501,201502,201503,201504,201505,201506,201507,201508,201509,201510,201511,201512,201601,201602,201603,201604,201605,201606,201607,201608,201609,201610,201611,201612,201701,201702,201703,201704,201705,201706,201707,201708,201709,201710,201711,201712,201801,201802,201803,201804,201805,201806,201807,201808,201809,201810,201811,201812,201901,201902,201903],"Y_PREVALENCE_1000PP":[0.00346,0.0027,0.00363,0.00209,0.00411,0.00436,0.00265,0.0019,0.00217,0.00338,0.00213,0.00381,0.00233,0.00258,0.00251,0.00247,0.0041,0.00407,0.00323,0.00402,0.00268,0.00637,0.00423,0.00421,0.00472,0.00574,0.00546,0.00541,0.00539,0.00818,0.00637,0.00507,0.00429,0.00371,0.00592,0.00507,0.00976,0.00686,0.01033,0.00583,0.00651,0.00439,0.00322,0.00642,0.00344,0.0034,0.00339,0.00497,0.00519,0.00428,0.00403,0.00511,0.00754,0.00351,0.00527,0.00613,0.00263,0.00714,0.00868,0.00477,0.00452,0.00537,0.00577,0.00406,0.0081,0.00679,0.00549,0.00714,0.00755,0.01039,0.01264,0.0118,0.01072,0.01208,0.00933,0.00925,0.00844,0.00777,0.00984,0.01015,0.00605,0.00929,0.00699,0.00272,0.00872,0.00813,0.00864,0.01243,0.00899,0.01027,0.01081,0.00322,0.00757,0.00792,0.00867,0.01073,0.00983,0.01018,0.01337,0.00564,0.0081,0.0107,0.00753,0.00623,0.00628,0.00681,0.00987,0.01218,0.00742,0.0082,0.01089,0.01203,0.00897,0.00721,0.00716,0.0045,0.00525,0.0086,0.00878,0.00612,0.00759,0.00701,0.00884,0.00752,0.00952,0.00528,0.00618,0.00912,0.00602,0.01037,0.00855,0.01018,0.01145,0.01092,0.00746,0.01203,0.00835,0.00653,0.00726,0.00604,0.00497,0.01083,0.00866,0.0087,0.00814,0.0065,0.00687,0.00778,0.00891,0.005,0.00935,0.00772,0.0048,0.01203,0.01126,0.01053,0.00881,0.00709,0.01124,0.0094,0.00967,0.00912,0.00849,0.00735,0.00892,0.01142,0.01233,0.01165,0.00994,0.00908,0.01756,0.00922,0.01326,0.00765,0.00838,0.01017,0.00492,0.01138,0.01219,0.00872,0.011,0.01518,0.01466,0.00656,0.00988,0.00617,0.01167,0.00876,0.00958,0.01451,0.01652,0.01531,0.00912,0.01227,0.01603,0.01024,0.0153,0.00531,0.01036,0.01296,0.01157,0.01913,0.01669,0.01884,0.01636,0.01296,0.01178,0.01419,0.00986,0.01565,0.02051,0.01577,0.01052,0.01444,0.01817,0.01882]},"OBS_FREQUENCY_DISTRIBUTION":{"Y_NUM_PERSONS":[0,0,0,0,0,0,0,0,0,0,0,0],"X_COUNT":[1,2,3,4,5,6,7,8,9,10,11,12]},"OBSERVATIONS_BY_TYPE":{"CONCEPT_NAME":"Observation recorded from EHR","COUNT_VALUE":8088},"AGE_AT_FIRST_OCCURRENCE":{"CATEGORY":"FEMALE","MIN_VALUE":11,"P10_VALUE":18,"P25_VALUE":22,"MEDIAN_VALUE":29,"P75_VALUE":37,"P90_VALUE":45,"MAX_VALUE":61}}
