{"PREVALENCE_BY_GENDER_AGE_YEAR":{"TRELLIS_NAME":["80-89","80-89","70-79","80-89","40-49","30-39","0-9","90-99","70-79","60-69","80-89","20-29","20-29","70-79","10-19","50-59","0-9","30-39","10-19","50-59","60-69","90-99","40-49","30-39","60-69","10-19","20-29","70-79","90-99","10-19","40-49","50-59","80-89","20-29","30-39","80-89","0-9","70-79","90-99","0-9","40-49","50-59","60-69","40-49","30-39","80-89","50-59","0-9","10-19","20-29","60-69","0-9","20-29","60-69","80-89","70-79","70-79","40-49","30-39","10-19","50-59","20-29","40-49","30-39"],"SERIES_NAME":["MALE","FEMALE","FEMALE","FEMALE","MALE","MALE","MALE","MALE","MALE","MALE","MALE","MALE","FEMALE","FEMALE","MALE","MALE","FEMALE","FEMALE","FEMALE","FEMALE","FEMALE","FEMALE","FEMALE","FEMALE","MALE","FEMALE","FEMALE","MALE","MALE","MALE","FEMALE","FEMALE","FEMALE","MALE","MALE","MALE","MALE","FEMALE","FEMALE","FEMALE","MALE","MALE","FEMALE","MALE","FEMALE","MALE","MALE","MALE","MALE","MALE","FEMALE","FEMALE","FEMALE","MALE","FEMALE","FEMALE","MALE","FEMALE","MALE","FEMALE","FEMALE","FEMALE","MALE","FEMALE"],"X_CALENDAR_YEAR":[2012,2012,2012,2013,2013,2013,2013,2013,2013,2013,2013,2013,2013,2013,2013,2013,2013,2013,2013,2013,2013,2013,2013,2014,2014,2014,2014,2014,2014,2014,2014,2014,2014,2014,2014,2014,2014,2014,2014,2014,2014,2014,2014,2015,2015,2015,2015,2015,2015,2015,2015,2015,2015,2015,2015,2015,2015,2015,2015,2015,2015,2016,2016,2016],"Y_PREVALENCE_1000PP":[0.06208,0.04137,0.02675,2.42264,0.11294,0.08394,0.03933,2.403,0.66953,0.15008,2.13887,0.05416,0.08879,0.75618,0.0367,0.14738,0.01768,0.14126,0.07136,0.23171,0.21555,2.6958,0.21963,0.26539,0.19882,0.12664,0.20453,0.43158,1.42518,0.07771,0.30316,0.26088,1.14886,0.08549,0.13936,1.18422,0.05355,0.53847,1.37226,0.03739,0.17377,0.18463,0.27954,0.10457,0.08345,0.25117,0.08059,0.03583,0.02119,0.0608,0.14672,0.02393,0.09286,0.09379,0.19992,0.17572,0.14275,0.14449,0.08929,0.05572,0.14026,0.02087,0.02336,0.02699]},"PREVALENCE_BY_MONTH":{"X_CALENDAR_MONTH":[201210,201211,201212,201301,201302,201303,201304,201305,201306,201307,201308,201309,201310,201311,201312,201401,201402,201403,201404,201405,201406,201407,201408,201409,201410,201411,201412,201501,201502,201503,201504,201505,201506,201507,201510,201511,201512,201602,201603,201604],"Y_PREVALENCE_1000PP":[0.00109,0.00238,0.0046,0.00991,0.01252,0.02129,0.01776,0.031,0.03789,0.0291,0.02097,0.03038,0.0333,0.03898,0.02784,0.02693,0.02347,0.05302,0.02605,0.02433,0.01628,0.03075,0.02072,0.01943,0.0186,0.01512,0.0168,0.01847,0.02236,0.02676,0.01362,0.01556,0.00315,0.00225,0.0014,0.00189,0.00172,0.00149,0.00199,0.002]},"OBS_FREQUENCY_DISTRIBUTION":{"Y_NUM_PERSONS":[0,0,0],"X_COUNT":[1,2,3]},"OBSERVATIONS_BY_TYPE":{"CONCEPT_NAME":"Observation recorded from EHR","COUNT_VALUE":3837},"AGE_AT_FIRST_OCCURRENCE":{"CATEGORY":["MALE","FEMALE"],"MIN_VALUE":[0,1],"P10_VALUE":[27,27],"P25_VALUE":[43,44],"MEDIAN_VALUE":[67,67],"P75_VALUE":[81,82],"P90_VALUE":[87,89],"MAX_VALUE":[101,102]}}
