{"PREVALENCE_BY_GENDER_AGE_YEAR":{"TRELLIS_NAME":["50-59","40-49","60-69","40-49","20-29","20-29","30-39","50-59","10-19","60-69","30-39","60-69","20-29","30-39","10-19","60-69","50-59","40-49","10-19","50-59","30-39","20-29","40-49","10-19","60-69","50-59","30-39","30-39","60-69","20-29","20-29","10-19","50-59","40-49","40-49","40-49","50-59","30-39","60-69","60-69","30-39","20-29","70-79","10-19","40-49","50-59","10-19","20-29","50-59","60-69","20-29","10-19","10-19","40-49","30-39","60-69","30-39","20-29","40-49","50-59","30-39","30-39","50-59","60-69","20-29","50-59","60-69","40-49","40-49","20-29","30-39","50-59","60-69","40-49","50-59","40-49"],"SERIES_NAME":["MALE","FEMALE","FEMALE","MALE","FEMALE","MALE","FEMALE","FEMALE","FEMALE","MALE","MALE","MALE","FEMALE","MALE","MALE","FEMALE","FEMALE","FEMALE","FEMALE","MALE","FEMALE","MALE","MALE","MALE","MALE","MALE","MALE","FEMALE","FEMALE","FEMALE","MALE","FEMALE","FEMALE","FEMALE","MALE","FEMALE","MALE","FEMALE","FEMALE","MALE","MALE","MALE","MALE","MALE","MALE","FEMALE","FEMALE","FEMALE","MALE","FEMALE","MALE","MALE","FEMALE","FEMALE","FEMALE","MALE","MALE","FEMALE","MALE","FEMALE","FEMALE","MALE","FEMALE","MALE","FEMALE","MALE","FEMALE","FEMALE","MALE","MALE","MALE","MALE","MALE","FEMALE","FEMALE","MALE"],"X_CALENDAR_YEAR":[2011,2011,2011,2011,2011,2011,2011,2011,2011,2011,2011,2012,2012,2012,2012,2012,2012,2012,2012,2012,2012,2012,2012,2013,2013,2013,2013,2013,2013,2013,2013,2013,2013,2013,2013,2014,2014,2014,2014,2014,2014,2014,2014,2014,2014,2014,2014,2014,2015,2015,2015,2015,2015,2015,2015,2015,2015,2015,2015,2015,2016,2016,2016,2016,2016,2016,2016,2016,2016,2016,2017,2017,2017,2017,2017,2017],"Y_PREVALENCE_1000PP":[0.21185,0.29331,0.06996,0.19457,0.1804,0.14391,0.26525,0.34127,0.03929,0.10606,0.17536,0.19758,0.30295,0.27323,0.03058,0.17992,0.53684,0.51167,0.04252,0.41269,0.44782,0.2672,0.25396,0.03058,0.25951,0.41369,0.35057,0.42626,0.20341,0.33544,0.29141,0.04866,0.57665,0.57244,0.33882,0.70737,0.56996,0.53867,0.28275,0.31149,0.4286,0.3916,0.03046,0.04209,0.4748,0.67395,0.06503,0.43791,0.26192,0.15021,0.1368,0.04239,0.02229,0.33715,0.23885,0.18397,0.18723,0.23216,0.20913,0.34773,0.04386,0.03724,0.07873,0.03033,0.03826,0.06068,0.03354,0.08962,0.03337,0.03275,0.02215,0.02605,0.02947,0.04705,0.03777,0.03023]},"PREVALENCE_BY_MONTH":{"X_CALENDAR_MONTH":[201105,201106,201107,201108,201109,201110,201111,201112,201201,201202,201203,201204,201205,201206,201207,201208,201209,201210,201211,201212,201301,201302,201303,201304,201305,201306,201307,201308,201309,201310,201311,201312,201401,201402,201403,201404,201405,201406,201407,201408,201409,201410,201411,201412,201501,201502,201503,201504,201505,201506,201507,201508,201509,201510,201511,201512,201601,201602,201603,201604,201605,201606,201607,201609,201610,201611,201705,201710,201711,201712,201801],"Y_PREVALENCE_1000PP":[0.00203,0.0232,0.0323,0.04267,0.03023,0.03926,0.03703,0.03063,0.03657,0.0371,0.03507,0.03563,0.03532,0.03455,0.03954,0.0385,0.03372,0.03832,0.04279,0.0276,0.04038,0.0326,0.03074,0.03275,0.03082,0.0286,0.04281,0.05086,0.04816,0.04583,0.02862,0.04378,0.05004,0.05171,0.05436,0.0521,0.05441,0.05173,0.05269,0.04678,0.04441,0.04732,0.04127,0.0421,0.03923,0.03573,0.03474,0.03048,0.02767,0.03264,0.03373,0.01663,0.00405,0.00256,0.00237,0.00344,0.00346,0.00199,0.00598,0.00725,0.00329,0.00257,0.00184,0.00214,0.00489,0.00219,0.00542,0.00296,0.00211,0.00183,0.00185]},"OBS_FREQUENCY_DISTRIBUTION":{"Y_NUM_PERSONS":[0,0,0,0,0,0,0,0,0,0,0,0,0,0,0,0,0,0,0,0,0,0,0,0,0,0,0,0],"X_COUNT":[1,2,3,4,5,6,7,8,9,10,11,12,13,14,15,16,17,18,19,20,21,22,23,24,25,26,27,28]},"OBSERVATIONS_BY_TYPE":{"CONCEPT_NAME":"Observation recorded from EHR","COUNT_VALUE":12702},"AGE_AT_FIRST_OCCURRENCE":{"CATEGORY":["MALE","FEMALE"],"MIN_VALUE":[16,16],"P10_VALUE":[24,25],"P25_VALUE":[32,32],"MEDIAN_VALUE":[44,43],"P75_VALUE":[54,52],"P90_VALUE":[60,58],"MAX_VALUE":[78,88]}}
