{"PREVALENCE_BY_GENDER_AGE_YEAR":{"TRELLIS_NAME":["50-59","80-89","70-79","40-49","60-69","60-69","70-79","60-69","70-79","80-89","70-79","50-59","50-59","40-49","40-49","60-69","80-89","80-89","40-49","60-69","70-79","30-39","80-89","60-69","50-59","50-59","70-79","40-49","50-59","80-89","70-79","60-69","50-59","80-89","70-79","30-39","20-29","60-69","70-79","80-89","50-59","60-69","60-69","30-39","70-79","40-49","50-59","80-89","60-69","80-89","80-89","70-79","60-69","50-59","70-79","40-49","50-59","40-49","70-79","80-89","60-69","30-39","50-59","70-79","60-69","80-89","50-59","30-39","80-89","40-49","70-79","60-69","70-79"],"SERIES_NAME":["FEMALE","FEMALE","FEMALE","FEMALE","MALE","FEMALE","MALE","FEMALE","FEMALE","MALE","MALE","FEMALE","MALE","FEMALE","MALE","MALE","FEMALE","MALE","FEMALE","MALE","MALE","FEMALE","FEMALE","FEMALE","MALE","FEMALE","FEMALE","FEMALE","MALE","MALE","MALE","FEMALE","FEMALE","FEMALE","FEMALE","FEMALE","FEMALE","MALE","MALE","FEMALE","MALE","MALE","FEMALE","FEMALE","FEMALE","FEMALE","FEMALE","MALE","FEMALE","FEMALE","MALE","FEMALE","MALE","FEMALE","MALE","FEMALE","FEMALE","FEMALE","MALE","FEMALE","MALE","FEMALE","MALE","FEMALE","FEMALE","MALE","FEMALE","FEMALE","FEMALE","FEMALE","MALE","FEMALE","FEMALE"],"X_CALENDAR_YEAR":[2012,2012,2012,2012,2012,2012,2012,2013,2013,2013,2013,2013,2013,2013,2013,2013,2013,2014,2014,2014,2014,2014,2014,2014,2014,2014,2014,2015,2015,2015,2015,2015,2015,2015,2015,2015,2015,2015,2016,2016,2016,2016,2016,2016,2016,2016,2016,2016,2017,2017,2017,2017,2017,2017,2017,2017,2018,2018,2018,2018,2018,2018,2018,2018,2018,2018,2019,2019,2019,2019,2019,2019,2019],"Y_PREVALENCE_1000PP":[0.09395,0.18618,0.24075,0.03918,0.02509,0.14942,0.04067,0.30056,0.31908,0.12281,0.08431,0.12376,0.02068,0.03505,0.01355,0.04377,0.20885,0.07401,0.06063,0.05302,0.12186,0.01577,0.25612,0.27954,0.02676,0.15762,0.37693,0.07366,0.01727,0.07992,0.1153,0.31439,0.18994,0.35986,0.44907,0.02014,0.01741,0.0469,0.10155,0.47128,0.03371,0.09531,0.38573,0.04386,0.48671,0.09996,0.20196,0.20416,0.43084,0.38905,0.09068,0.4977,0.07366,0.22663,0.11005,0.07842,0.24193,0.10303,0.15186,0.36536,0.08283,0.0328,0.04582,0.74365,0.50949,0.1849,0.09636,0.03282,0.23936,0.03997,0.06402,0.14563,0.28164]},"PREVALENCE_BY_MONTH":{"X_CALENDAR_MONTH":[201112,201201,201202,201203,201204,201205,201206,201207,201208,201209,201210,201211,201212,201301,201302,201303,201304,201305,201306,201307,201308,201309,201310,201311,201312,201401,201402,201403,201404,201405,201406,201407,201408,201409,201410,201411,201412,201501,201502,201503,201504,201505,201506,201507,201508,201509,201510,201511,201512,201601,201602,201603,201604,201605,201606,201607,201608,201609,201610,201611,201612,201701,201702,201703,201704,201705,201706,201707,201708,201709,201710,201711,201712,201801,201802,201803,201804,201805,201806,201807,201808,201809,201810,201811,201812,201901,201902,201903],"Y_PREVALENCE_1000PP":[0.00146,0.00109,0.00364,0.00509,0.002,0.00273,0.00346,0.00401,0.00399,0.0029,0.00436,0.00512,0.00184,0.0044,0.0035,0.00704,0.00648,0.00576,0.00297,0.00537,0.0039,0.00519,0.00655,0.00621,0.00499,0.00497,0.00782,0.00804,0.00479,0.00728,0.00756,0.00294,0.00336,0.00674,0.00647,0.00552,0.00622,0.00477,0.00689,0.0082,0.00821,0.00648,0.0063,0.00809,0.00584,0.0099,0.00815,0.00686,0.00738,0.00544,0.0107,0.00897,0.01449,0.01163,0.00875,0.0084,0.00828,0.0067,0.00706,0.00986,0.0063,0.00657,0.00672,0.00765,0.01083,0.01341,0.01078,0.00907,0.00942,0.00974,0.00918,0.00452,0.00396,0.00648,0.00896,0.00865,0.01173,0.0182,0.01271,0.00725,0.00923,0.00958,0.01661,0.00755,0.01184,0.01772,0.01453,0.0142]},"OBS_FREQUENCY_DISTRIBUTION":{"Y_NUM_PERSONS":[0,0,0],"X_COUNT":[1,2,3]},"OBSERVATIONS_BY_TYPE":{"CONCEPT_NAME":"Observation recorded from EHR","COUNT_VALUE":2732},"AGE_AT_FIRST_OCCURRENCE":{"CATEGORY":["MALE","FEMALE"],"MIN_VALUE":[9,13],"P10_VALUE":[49,48],"P25_VALUE":[60,57],"MEDIAN_VALUE":[69,67],"P75_VALUE":[76,74],"P90_VALUE":[83,81],"MAX_VALUE":[96,97]}}
