{"PREVALENCE_BY_GENDER_AGE_YEAR":{"TRELLIS_NAME":["10-19","0-9","0-9","10-19","0-9","0-9","10-19","0-9","10-19","0-9","0-9","10-19","0-9","10-19","10-19","10-19","0-9","0-9","10-19","0-9","0-9","10-19","10-19","10-19","0-9","0-9","10-19","0-9","0-9","10-19","0-9","10-19","10-19","0-9","10-19","0-9","0-9","10-19","10-19","10-19","0-9","0-9","0-9","10-19","0-9","10-19","10-19","0-9","10-19","0-9","10-19","0-9","0-9","10-19","10-19","0-9","0-9","10-19","10-19","0-9","10-19","0-9","10-19","0-9","10-19","0-9","0-9","0-9","10-19","10-19","0-9","10-19","0-9","10-19","0-9","10-19","10-19"],"SERIES_NAME":["FEMALE","MALE","FEMALE","MALE","FEMALE","MALE","FEMALE","FEMALE","FEMALE","MALE","MALE","MALE","FEMALE","FEMALE","MALE","FEMALE","FEMALE","MALE","FEMALE","FEMALE","MALE","MALE","FEMALE","MALE","FEMALE","MALE","FEMALE","FEMALE","MALE","MALE","MALE","FEMALE","MALE","FEMALE","MALE","FEMALE","MALE","FEMALE","MALE","FEMALE","MALE","FEMALE","MALE","MALE","FEMALE","FEMALE","MALE","MALE","FEMALE","FEMALE","MALE","FEMALE","MALE","FEMALE","FEMALE","MALE","FEMALE","MALE","MALE","MALE","FEMALE","FEMALE","FEMALE","MALE","MALE","FEMALE","MALE","FEMALE","FEMALE","MALE","MALE","FEMALE","FEMALE","MALE","FEMALE","MALE","FEMALE"],"X_CALENDAR_YEAR":[1999,2000,2000,2001,2001,2001,2001,2002,2002,2002,2003,2003,2003,2003,2004,2004,2004,2004,2005,2005,2005,2005,2006,2006,2006,2006,2007,2007,2007,2007,2008,2008,2008,2008,2009,2009,2009,2009,2010,2010,2010,2010,2011,2011,2011,2011,2012,2012,2012,2012,2013,2013,2013,2013,2014,2014,2014,2014,2015,2015,2015,2015,2016,2016,2016,2016,2017,2017,2017,2017,2018,2018,2018,2018,2019,2019,2019],"Y_PREVALENCE_1000PP":[0.0919,0.10692,0.05587,0.06775,0.06483,0.02968,0.05387,0.05723,0.04138,0.07914,0.10755,0.02942,0.10681,0.0624,0.06417,0.09436,0.12059,0.16542,0.12645,0.13018,0.14776,0.07935,0.10044,0.07212,0.08324,0.15428,0.04653,0.07723,0.09907,0.07999,0.1543,0.06534,0.09297,0.08751,0.06454,0.07953,0.10018,0.09132,0.0705,0.08054,0.11884,0.07155,0.11475,0.05752,0.11087,0.10476,0.07339,0.11314,0.06542,0.08286,0.05199,0.0442,0.1236,0.12975,0.06845,0.1547,0.18385,0.08419,0.06711,0.1075,0.08172,0.0923,0.09639,0.17046,0.08805,0.14229,0.13405,0.11781,0.12008,0.10642,0.14904,0.11223,0.10926,0.06201,0.05718,0.05674,0.0591]},"PREVALENCE_BY_MONTH":{"X_CALENDAR_MONTH":[200002,200111,200112,200201,200210,200302,200305,200306,200309,200310,200311,200312,200401,200402,200403,200406,200407,200409,200411,200412,200501,200502,200503,200504,200505,200506,200507,200509,200510,200511,200512,200601,200602,200603,200604,200605,200606,200609,200610,200611,200612,200701,200702,200703,200704,200705,200707,200709,200710,200711,200802,200803,200804,200805,200806,200807,200808,200809,200810,200811,200812,200901,200902,200903,200904,200905,200906,200907,200909,200911,201001,201002,201003,201004,201005,201006,201007,201009,201010,201011,201012,201101,201102,201103,201105,201106,201107,201109,201110,201111,201112,201201,201203,201204,201205,201206,201208,201209,201210,201211,201212,201301,201302,201303,201304,201305,201306,201307,201308,201309,201310,201311,201312,201401,201402,201403,201404,201406,201407,201408,201409,201410,201411,201412,201501,201502,201503,201504,201505,201506,201509,201510,201511,201601,201602,201603,201604,201605,201606,201607,201608,201609,201610,201611,201612,201701,201702,201703,201704,201705,201706,201708,201709,201710,201711,201712,201801,201802,201805,201809,201810,201901,201902,201903],"Y_PREVALENCE_1000PP":[0.00269,0.00276,0.00213,0.00176,0.00188,0.00317,0.00157,0.00156,0.00256,0.00229,0.00228,0.00151,0.00642,0.00222,0.00145,0.00352,0.00163,0.00231,0.00413,0.00206,0.00159,0.00362,0.00271,0.0018,0.00338,0.00269,0.00133,0.00373,0.00219,0.00416,0.00175,0.00346,0.00195,0.0026,0.00151,0.00408,0.0032,0.00149,0.00169,0.00252,0.00189,0.00166,0.00228,0.00249,0.00124,0.00164,0.00141,0.00179,0.00236,0.00176,0.00175,0.00195,0.00174,0.00232,0.00173,0.00383,0.00153,0.0019,0.00322,0.00152,0.00284,0.00189,0.00189,0.00339,0.00265,0.00132,0.00264,0.00113,0.00169,0.00208,0.00114,0.00171,0.00152,0.00209,0.00152,0.00267,0.00172,0.00228,0.00339,0.00206,0.00113,0.00262,0.00261,0.00297,0.00129,0.00258,0.00147,0.00255,0.00145,0.00274,0.00164,0.00255,0.00309,0.00127,0.00182,0.00218,0.00163,0.00145,0.00182,0.00256,0.00147,0.00147,0.00166,0.00241,0.00259,0.00204,0.00223,0.0013,0.0013,0.00111,0.00374,0.00151,0.00154,0.0021,0.00439,0.00364,0.00306,0.00368,0.00274,0.00158,0.00317,0.00222,0.00306,0.00145,0.00311,0.00146,0.00281,0.00303,0.00216,0.0027,0.00202,0.00186,0.00166,0.00198,0.00323,0.00174,0.00175,0.00202,0.00412,0.00184,0.00267,0.00268,0.00326,0.00657,0.00246,0.00219,0.00196,0.00482,0.00171,0.00314,0.0035,0.00294,0.00325,0.00207,0.00211,0.00304,0.00463,0.00371,0.00278,0.00383,0.00423,0.00328,0.00363,0.00396]},"OBS_FREQUENCY_DISTRIBUTION":{"Y_NUM_PERSONS":[0,0,0,0],"X_COUNT":[1,2,3,4]},"OBSERVATIONS_BY_TYPE":{"CONCEPT_NAME":"Observation recorded from EHR","COUNT_VALUE":2108},"AGE_AT_FIRST_OCCURRENCE":{"CATEGORY":["FEMALE","MALE"],"MIN_VALUE":[1,3],"P10_VALUE":[5,5],"P25_VALUE":[7,6],"MEDIAN_VALUE":[9,8],"P75_VALUE":[13,11],"P90_VALUE":[15,14],"MAX_VALUE":[58,80]}}
