{"PREVALENCE_BY_GENDER_AGE_YEAR":{"TRELLIS_NAME":["60-69","20-29","40-49","30-39","60-69","60-69","30-39","70-79"],"SERIES_NAME":["FEMALE","FEMALE","FEMALE","FEMALE","FEMALE","FEMALE","FEMALE","FEMALE"],"X_CALENDAR_YEAR":[2009,2011,2012,2012,2013,2015,2015,2017],"Y_PREVALENCE_1000PP":[0.01937,0.01483,0.01613,0.01493,0.02429,0.02096,0.01727,0.04916]},"PREVALENCE_BY_MONTH":{"X_CALENDAR_MONTH":[200803,201109,201507,201807],"Y_PREVALENCE_1000PP":[0.00117,0.00109,0.00135,0.00189]},"OBS_FREQUENCY_DISTRIBUTION":{"Y_NUM_PERSONS":0,"X_COUNT":1},"OBSERVATIONS_BY_TYPE":{"CONCEPT_NAME":"Observation recorded from EHR","COUNT_VALUE":368},"AGE_AT_FIRST_OCCURRENCE":{"CATEGORY":["MALE","FEMALE"],"MIN_VALUE":[12,8],"P10_VALUE":[28,28],"P25_VALUE":[48,41],"MEDIAN_VALUE":[63,56],"P75_VALUE":[73,70],"P90_VALUE":[78,80],"MAX_VALUE":[93,94]}}
