{"PREVALENCE_BY_GENDER_AGE_YEAR":{"TRELLIS_NAME":["30-39","30-39","20-29","20-29","30-39","20-29","30-39","30-39","20-29","20-29","30-39","20-29"],"SERIES_NAME":["FEMALE","FEMALE","FEMALE","FEMALE","FEMALE","FEMALE","FEMALE","FEMALE","FEMALE","FEMALE","FEMALE","FEMALE"],"X_CALENDAR_YEAR":[2012,2013,2013,2014,2014,2015,2015,2016,2016,2017,2017,2018],"Y_PREVALENCE_1000PP":[0.03483,0.05204,0.02466,0.0472,0.05255,0.02031,0.02878,0.02699,0.02783,0.02335,0.03306,0.0264]},"PREVALENCE_BY_MONTH":{"X_CALENDAR_MONTH":[201305,201307,201402,201403],"Y_PREVALENCE_1000PP":[0.00149,0.00167,0.00172,0.00153]},"OBS_FREQUENCY_DISTRIBUTION":{"Y_NUM_PERSONS":0,"X_COUNT":1},"OBSERVATIONS_BY_TYPE":{"CONCEPT_NAME":"Observation recorded from EHR","COUNT_VALUE":170},"AGE_AT_FIRST_OCCURRENCE":{"CATEGORY":"FEMALE","MIN_VALUE":0,"P10_VALUE":21,"P25_VALUE":26,"MEDIAN_VALUE":31,"P75_VALUE":34,"P90_VALUE":38,"MAX_VALUE":43}}
