{"PREVALENCE_BY_GENDER_AGE_YEAR":{"TRELLIS_NAME":["50-59","0-9","90-99","60-69","80-89","90-99","80-89","50-59","20-29","90-99","60-69","70-79","0-9","40-49","40-49","70-79","80-89","30-39","0-9","80-89","90-99","60-69","70-79","0-9","50-59","60-69","80-89","30-39","40-49","20-29","90-99","30-39","0-9","50-59","80-89","80-89","0-9"],"SERIES_NAME":["FEMALE","MALE","MALE","FEMALE","FEMALE","FEMALE","MALE","MALE","FEMALE","FEMALE","MALE","MALE","FEMALE","MALE","FEMALE","FEMALE","FEMALE","FEMALE","MALE","MALE","MALE","FEMALE","FEMALE","MALE","FEMALE","FEMALE","FEMALE","FEMALE","MALE","FEMALE","FEMALE","MALE","FEMALE","MALE","MALE","FEMALE","MALE"],"X_CALENDAR_YEAR":[2016,2016,2016,2016,2016,2016,2016,2017,2017,2017,2017,2017,2017,2017,2017,2017,2017,2017,2017,2017,2017,2017,2018,2018,2018,2018,2018,2018,2018,2018,2018,2018,2018,2018,2018,2019,2019],"Y_PREVALENCE_1000PP":[0.03081,0.03487,0.52513,0.02516,0.28854,0.39618,0.12249,0.02233,0.02335,0.33967,0.03438,0.05502,0.11781,0.02268,0.03529,0.04301,0.22695,0.02204,0.10811,0.21159,0.50955,0.05745,0.10234,0.27324,0.04244,0.03252,0.23139,0.0328,0.03008,0.0308,0.25652,0.02463,0.23932,0.05415,0.13447,0.10638,0.09705]},"PREVALENCE_BY_MONTH":{"X_CALENDAR_MONTH":[201503,201605,201606,201607,201608,201609,201610,201611,201612,201701,201702,201703,201704,201705,201706,201707,201708,201709,201710,201711,201712,201801,201802,201803,201804,201805,201806,201807,201808,201809,201810,201811,201812,201901,201902,201903],"Y_PREVALENCE_1000PP":[0.00151,0.00455,0.00257,0.00341,0.00267,0.00268,0.00326,0.0052,0.00548,0.00958,0.00448,0.00595,0.00485,0.00228,0.00379,0.00322,0.00559,0.00207,0.00296,0.00422,0.00579,0.00648,0.00556,0.0068,0.00617,0.00524,0.00527,0.00725,0.00636,0.00639,0.00781,0.00493,0.00888,0.00689,0.00495,0.00462]},"OBS_FREQUENCY_DISTRIBUTION":{"Y_NUM_PERSONS":[0,0],"X_COUNT":[1,2]},"OBSERVATIONS_BY_TYPE":{"CONCEPT_NAME":"Observation recorded from EHR","COUNT_VALUE":661},"AGE_AT_FIRST_OCCURRENCE":{"CATEGORY":["FEMALE","MALE"],"MIN_VALUE":[0,0],"P10_VALUE":[1,1],"P25_VALUE":[13,3],"MEDIAN_VALUE":[59,36],"P75_VALUE":[83,69],"P90_VALUE":[89,86],"MAX_VALUE":[104,99]}}
