{"PREVALENCE_BY_GENDER_AGE_YEAR":{"TRELLIS_NAME":["30-39","60-69","50-59","40-49","40-49","30-39","50-59","60-69","60-69","50-59","20-29","20-29","30-39","30-39","70-79","40-49","50-59","20-29","60-69","40-49","60-69","50-59","20-29","70-79","70-79","20-29","20-29","30-39","60-69","40-49","10-19","10-19","70-79","40-49","50-59","60-69","30-39","50-59","70-79","60-69","40-49","30-39","20-29","50-59","40-49","60-69","20-29","10-19","30-39","50-59","70-79","20-29","10-19","30-39","50-59","20-29","60-69","70-79","30-39","40-49","40-49","60-69","80-89","10-19","70-79","50-59","50-59","20-29","50-59","60-69","60-69"],"SERIES_NAME":["MALE","FEMALE","FEMALE","MALE","FEMALE","FEMALE","FEMALE","MALE","FEMALE","MALE","FEMALE","MALE","MALE","FEMALE","MALE","FEMALE","FEMALE","FEMALE","FEMALE","MALE","MALE","MALE","MALE","FEMALE","FEMALE","FEMALE","MALE","MALE","MALE","MALE","MALE","FEMALE","MALE","FEMALE","FEMALE","FEMALE","FEMALE","MALE","MALE","MALE","FEMALE","FEMALE","FEMALE","FEMALE","MALE","FEMALE","MALE","MALE","MALE","MALE","FEMALE","FEMALE","FEMALE","FEMALE","MALE","MALE","MALE","FEMALE","MALE","MALE","FEMALE","FEMALE","FEMALE","MALE","MALE","FEMALE","MALE","FEMALE","FEMALE","FEMALE","MALE"],"X_CALENDAR_YEAR":[2012,2012,2013,2014,2014,2014,2014,2014,2014,2014,2014,2014,2015,2015,2015,2015,2015,2015,2015,2015,2015,2015,2015,2015,2016,2016,2016,2016,2016,2016,2016,2016,2016,2016,2016,2016,2016,2016,2017,2017,2017,2017,2017,2017,2017,2017,2017,2017,2017,2017,2017,2018,2018,2018,2018,2018,2018,2018,2018,2018,2018,2018,2018,2018,2018,2018,2019,2019,2019,2019,2019],"Y_PREVALENCE_1000PP":[0.01477,0.0183,0.0158,0.01958,0.02526,0.02102,0.01902,0.03314,0.04498,0.02943,0.01836,0.0193,0.04321,0.04317,0.06589,0.06233,0.05844,0.04933,0.05589,0.06879,0.05411,0.06908,0.01824,0.04881,0.05659,0.08696,0.0473,0.02708,0.06932,0.06007,0.02516,0.03067,0.06981,0.08962,0.05819,0.07547,0.08773,0.08764,0.08941,0.14242,0.09802,0.07714,0.1012,0.13976,0.08692,0.17234,0.05269,0.04627,0.07754,0.07444,0.06759,0.09679,0.0481,0.15989,0.09997,0.07848,0.13805,0.09551,0.12314,0.10744,0.18366,0.12466,0.07307,0.05684,0.17464,0.23344,0.0318,0.03675,0.05965,0.0466,0.03564]},"PREVALENCE_BY_MONTH":{"X_CALENDAR_MONTH":[201206,201207,201208,201209,201307,201308,201309,201310,201405,201406,201407,201408,201409,201410,201411,201412,201501,201502,201503,201504,201505,201506,201507,201508,201509,201510,201511,201512,201601,201602,201603,201604,201605,201606,201607,201608,201609,201610,201611,201612,201701,201702,201703,201704,201705,201706,201707,201708,201709,201710,201711,201712,201801,201802,201803,201804,201805,201806,201807,201808,201809,201810,201811,201812,201901,201902,201903],"Y_PREVALENCE_1000PP":[0.00127,0.00146,0.00127,0.00145,0.00167,0.00167,0.00111,0.00112,0.00153,0.00349,0.00372,0.00237,0.00317,0.00404,0.00245,0.00124,0.00125,0.00167,0.00129,0.0013,0.00303,0.00518,0.00405,0.00517,0.00585,0.00815,0.01041,0.0059,0.00297,0.00473,0.00224,0.00375,0.00582,0.00514,0.00788,0.00668,0.00938,0.00923,0.00657,0.00356,0.00274,0.00392,0.00284,0.00513,0.00542,0.00758,0.01345,0.01472,0.01447,0.01303,0.01236,0.00548,0.00741,0.00433,0.00309,0.00679,0.0074,0.01983,0.02113,0.02195,0.01693,0.01172,0.01051,0.00428,0.00722,0.00495,0.00958]},"OBS_FREQUENCY_DISTRIBUTION":{"Y_NUM_PERSONS":[0,0,0,0],"X_COUNT":[1,2,3,4]},"OBSERVATIONS_BY_TYPE":{"CONCEPT_NAME":"Observation recorded from EHR","COUNT_VALUE":1590},"AGE_AT_FIRST_OCCURRENCE":{"CATEGORY":["MALE","FEMALE"],"MIN_VALUE":[1,1],"P10_VALUE":[22,22],"P25_VALUE":[33,32],"MEDIAN_VALUE":[48,47],"P75_VALUE":[61,60],"P90_VALUE":[71,69],"MAX_VALUE":[84,90]}}
