{"PREVALENCE_BY_GENDER_AGE_YEAR":{"TRELLIS_NAME":["70-79","70-79","90-99","80-89","80-89","90-99","70-79","80-89","70-79","90-99","80-89","80-89","70-79","90-99","80-89","90-99","70-79","80-89","70-79","90-99","90-99","80-89","70-79","80-89","80-89","70-79","70-79","90-99","70-79","70-79","80-89","80-89","90-99","80-89","70-79","80-89","90-99","70-79","80-89"],"SERIES_NAME":["MALE","FEMALE","FEMALE","MALE","FEMALE","MALE","MALE","FEMALE","FEMALE","FEMALE","MALE","FEMALE","FEMALE","FEMALE","MALE","MALE","MALE","MALE","FEMALE","FEMALE","MALE","FEMALE","MALE","MALE","FEMALE","MALE","FEMALE","FEMALE","MALE","FEMALE","FEMALE","MALE","MALE","FEMALE","FEMALE","MALE","FEMALE","MALE","FEMALE"],"X_CALENDAR_YEAR":[2004,2004,2004,2004,2004,2005,2005,2005,2005,2005,2005,2006,2006,2006,2006,2006,2006,2007,2007,2007,2007,2007,2007,2008,2008,2008,2008,2009,2009,2009,2009,2009,2009,2010,2010,2010,2010,2010,2014],"Y_PREVALENCE_1000PP":[0.21011,0.28014,0.71223,0.23389,0.48084,0.55499,0.1013,0.56665,0.14881,0.52976,0.53805,0.34929,0.11235,0.84774,0.54466,1.05485,0.08455,0.83414,0.2984,1.22811,1.92115,0.99603,0.21649,0.07899,0.11116,0.24064,0.25309,0.39702,0.08955,0.04105,0.32381,0.30848,0.86369,0.43021,0.10888,0.35762,0.23351,0.10966,0.05122]},"PREVALENCE_BY_MONTH":{"X_CALENDAR_MONTH":[200402,200403,200404,200405,200406,200407,200408,200410,200411,200412,200501,200502,200503,200504,200505,200506,200507,200508,200509,200510,200511,200512,200602,200603,200606,200607,200608,200609,200610,200611,200612,200701,200702,200703,200704,200705,200706,200707,200708,200709,200710,200711,200801,200802,200803,200804,200805,200806,200807,200809,200812,200901,200902,200903,200905,200907,200909,200910,200911,200912,201001,201002,201003,201004,201005,201006,201007,201008,201009,201010,201307],"Y_PREVALENCE_1000PP":[0.00345,0.00773,0.00262,0.00544,0.00305,0.00676,0.00256,0.00645,0.00275,0.00229,0.00362,0.00226,0.00316,0.00338,0.00225,0.00336,0.004,0.00288,0.00351,0.00351,0.00131,0.00635,0.0026,0.00282,0.00406,0.00449,0.00149,0.00255,0.00929,0.00525,0.00147,0.02223,0.01264,0.01864,0.00392,0.00328,0.00203,0.00402,0.00301,0.00199,0.00197,0.0039,0.00252,0.00349,0.00253,0.00213,0.00213,0.0023,0.00134,0.00342,0.00227,0.00283,0.0017,0.00508,0.00226,0.0047,0.0015,0.00169,0.00151,0.00114,0.00265,0.00247,0.00285,0.0019,0.00133,0.00363,0.00363,0.00362,0.00266,0.00358,0.00167]},"OBS_FREQUENCY_DISTRIBUTION":{"Y_NUM_PERSONS":[0,0,0,0,0],"X_COUNT":[1,2,3,4,5]},"OBSERVATIONS_BY_TYPE":{"CONCEPT_NAME":"Observation recorded from EHR","COUNT_VALUE":1380},"AGE_AT_FIRST_OCCURRENCE":{"CATEGORY":["FEMALE","MALE"],"MIN_VALUE":[29,62],"P10_VALUE":[76,76],"P25_VALUE":[77,77],"MEDIAN_VALUE":[81,79],"P75_VALUE":[86,84],"P90_VALUE":[91,89],"MAX_VALUE":[100,100]}}
