{"PREVALENCE_BY_GENDER_AGE_YEAR":{"TRELLIS_NAME":["20-29","10-19","70-79","60-69","60-69","30-39","80-89","40-49","80-89","0-9","40-49","0-9","10-19","50-59","20-29","70-79","50-59","30-39","0-9","60-69","60-69","80-89","10-19","30-39","0-9","10-19","40-49","80-89","30-39","70-79","50-59","40-49","20-29","70-79","20-29","50-59","20-29","80-89","20-29","30-39","50-59","90-99","60-69","0-9","0-9","80-89","90-99","40-49","30-39","60-69","70-79","50-59","10-19","70-79","40-49","10-19","40-49","50-59","50-59","70-79","20-29","80-89","10-19","40-49","30-39","80-89","10-19","30-39","20-29","60-69","0-9","60-69","90-99","0-9","70-79","70-79","30-39","60-69","10-19","30-39","40-49","0-9","40-49","0-9","10-19","20-29","80-89","50-59","20-29","70-79","50-59","60-69","80-89","70-79","80-89","40-49","50-59","40-49","30-39","10-19","20-29","60-69","0-9","60-69","50-59","0-9","10-19","80-89","30-39","70-79","20-29"],"SERIES_NAME":["FEMALE","MALE","MALE","MALE","FEMALE","MALE","MALE","MALE","FEMALE","FEMALE","FEMALE","MALE","FEMALE","MALE","MALE","FEMALE","FEMALE","FEMALE","FEMALE","FEMALE","MALE","MALE","MALE","MALE","MALE","FEMALE","MALE","FEMALE","FEMALE","FEMALE","MALE","FEMALE","FEMALE","MALE","MALE","FEMALE","FEMALE","MALE","MALE","MALE","MALE","FEMALE","MALE","MALE","FEMALE","FEMALE","MALE","MALE","FEMALE","FEMALE","FEMALE","FEMALE","FEMALE","MALE","FEMALE","MALE","MALE","MALE","FEMALE","FEMALE","FEMALE","MALE","FEMALE","FEMALE","FEMALE","FEMALE","MALE","MALE","MALE","FEMALE","FEMALE","MALE","FEMALE","MALE","MALE","MALE","FEMALE","MALE","MALE","MALE","MALE","MALE","FEMALE","FEMALE","FEMALE","MALE","FEMALE","MALE","FEMALE","FEMALE","FEMALE","FEMALE","MALE","FEMALE","FEMALE","MALE","MALE","FEMALE","FEMALE","MALE","MALE","MALE","FEMALE","FEMALE","FEMALE","MALE","FEMALE","MALE","MALE","MALE","FEMALE"],"X_CALENDAR_YEAR":[2014,2014,2014,2014,2014,2014,2014,2014,2014,2014,2014,2014,2014,2014,2014,2014,2014,2014,2015,2015,2015,2015,2015,2015,2015,2015,2015,2015,2015,2015,2015,2015,2015,2015,2015,2015,2016,2016,2016,2016,2016,2016,2016,2016,2016,2016,2016,2016,2016,2016,2016,2016,2016,2016,2016,2016,2017,2017,2017,2017,2017,2017,2017,2017,2017,2017,2017,2017,2017,2017,2017,2017,2017,2017,2017,2018,2018,2018,2018,2018,2018,2018,2018,2018,2018,2018,2018,2018,2018,2018,2018,2018,2018,2019,2019,2019,2019,2019,2019,2019,2019,2019,2019,2019,2019,2019,2019,2019,2019,2019,2019],"Y_PREVALENCE_1000PP":[0.27009,0.0939,0.06601,0.09278,0.1478,0.17355,0.06344,0.13705,0.06586,0.04986,0.23242,0.02975,0.11295,0.09098,0.16271,0.12116,0.2011,0.30481,0.17434,0.68118,0.47617,0.31967,0.38501,0.86414,0.18568,0.6463,0.68794,0.35986,1.2259,0.5174,0.58715,1.12195,1.39585,0.4008,0.74178,0.90585,2.15997,0.38109,1.11334,1.23902,0.76519,0.29714,0.79712,0.23244,0.23986,0.56746,0.45011,0.97117,1.81192,1.16557,1.08662,1.53692,0.74486,0.6537,1.77176,0.62474,1.40214,1.02723,1.88103,1.28419,2.75175,0.74055,1.04712,2.50549,2.66314,0.73487,0.74959,1.8056,1.59692,1.62761,0.22655,0.99201,0.30193,0.32,0.94916,1.27565,4.14072,1.49092,1.16778,2.51196,2.16176,0.54648,3.69114,0.40581,1.73156,2.60385,1.13261,1.61196,4.53572,1.86254,2.67817,2.00542,1.09257,0.58494,0.31914,0.83825,0.44979,1.08421,1.27537,0.49933,0.76785,0.45148,0.2859,0.64076,0.82596,0.16984,0.49642,0.28973,0.80126,0.3921,1.4751]},"PREVALENCE_BY_MONTH":{"X_CALENDAR_MONTH":[201404,201405,201406,201407,201408,201409,201410,201411,201412,201501,201502,201503,201504,201505,201506,201507,201508,201509,201510,201511,201512,201601,201602,201603,201604,201605,201606,201607,201608,201609,201610,201611,201612,201701,201702,201703,201704,201705,201706,201707,201708,201709,201710,201711,201712,201801,201802,201803,201804,201805,201806,201807,201808,201809,201810,201811,201812,201901,201902,201903],"Y_PREVALENCE_1000PP":[0.00153,0.00575,0.00698,0.01253,0.01757,0.01408,0.02831,0.03126,0.04977,0.05438,0.05997,0.07574,0.06614,0.06615,0.07429,0.08656,0.0636,0.07376,0.07726,0.0847,0.08141,0.08831,0.104,0.09419,0.09921,0.09434,0.09312,0.11341,0.11327,0.11636,0.12625,0.14126,0.11364,0.13036,0.12658,0.15196,0.11975,0.1529,0.15653,0.14887,0.1554,0.14379,0.17971,0.17819,0.12758,0.18699,0.17028,0.20264,0.19847,0.2039,0.21168,0.22765,0.23065,0.22362,0.25494,0.26606,0.19602,0.24082,0.27944,0.21038]},"OBS_FREQUENCY_DISTRIBUTION":{"Y_NUM_PERSONS":[0,0,0,0,0,0,0,0,0,0],"X_COUNT":[1,2,3,4,5,6,7,8,9,10]},"OBSERVATIONS_BY_TYPE":{"CONCEPT_NAME":"Observation recorded from EHR","COUNT_VALUE":33756},"AGE_AT_FIRST_OCCURRENCE":{"CATEGORY":["FEMALE","MALE"],"MIN_VALUE":[0,0],"P10_VALUE":[20,18],"P25_VALUE":[27,27],"MEDIAN_VALUE":[39,39],"P75_VALUE":[54,53],"P90_VALUE":[67,67],"MAX_VALUE":[98,94]}}
