{"PREVALENCE_BY_GENDER_AGE_YEAR":{"TRELLIS_NAME":["20-29","30-39","30-39","20-29","20-29","30-39","30-39","20-29","30-39","20-29","20-29","30-39","20-29","30-39","30-39"],"SERIES_NAME":["FEMALE","FEMALE","FEMALE","FEMALE","FEMALE","FEMALE","FEMALE","FEMALE","FEMALE","FEMALE","FEMALE","FEMALE","FEMALE","FEMALE","FEMALE"],"X_CALENDAR_YEAR":[1998,1998,1999,1999,2000,2000,2001,2001,2002,2002,2006,2006,2007,2007,2009],"Y_PREVALENCE_1000PP":[0.10757,0.22399,0.15153,0.11594,0.05939,0.12763,0.08312,0.0777,0.02769,0.03446,0.03213,0.03436,0.02154,0.01773,0.01514]},"PREVALENCE_BY_MONTH":{"X_CALENDAR_MONTH":[199808,199812,199903,199909,199911,199912,200010,200103,200107,200109,200208,200606,200704],"Y_PREVALENCE_1000PP":[0.00544,0.00438,0.00465,0.0035,0.00373,0.00297,0.0032,0.00211,0.00265,0.0019,0.00191,0.00128,0.00144]},"OBS_FREQUENCY_DISTRIBUTION":{"Y_NUM_PERSONS":[0,0],"X_COUNT":[1,2]},"OBSERVATIONS_BY_TYPE":{"CONCEPT_NAME":"Observation recorded from EHR","COUNT_VALUE":352},"AGE_AT_FIRST_OCCURRENCE":{"CATEGORY":"FEMALE","MIN_VALUE":1,"P10_VALUE":22,"P25_VALUE":26,"MEDIAN_VALUE":31,"P75_VALUE":36,"P90_VALUE":38,"MAX_VALUE":103}}
