{"PREVALENCE_BY_GENDER_AGE_YEAR":{"TRELLIS_NAME":["80-89","80-89","90-99","70-79","80-89","70-79","80-89","80-89","70-79","90-99","80-89","90-99","80-89","70-79","70-79","70-79","80-89","80-89","90-99","70-79","90-99","40-49","70-79","80-89","80-89","60-69","70-79","90-99","50-59","80-89","80-89","60-69","90-99","70-79","70-79","80-89","70-79","90-99","60-69","60-69","80-89","90-99","60-69","80-89","80-89","90-99","60-69","70-79","80-89","80-89","80-89","70-79","90-99","80-89","80-89"],"SERIES_NAME":["FEMALE","MALE","FEMALE","MALE","FEMALE","MALE","FEMALE","MALE","FEMALE","FEMALE","FEMALE","FEMALE","MALE","MALE","FEMALE","FEMALE","FEMALE","MALE","FEMALE","MALE","FEMALE","FEMALE","MALE","MALE","FEMALE","MALE","FEMALE","MALE","FEMALE","MALE","FEMALE","MALE","FEMALE","FEMALE","MALE","FEMALE","MALE","MALE","MALE","FEMALE","MALE","FEMALE","MALE","MALE","FEMALE","FEMALE","FEMALE","FEMALE","FEMALE","FEMALE","MALE","MALE","FEMALE","FEMALE","FEMALE"],"X_CALENDAR_YEAR":[1998,1999,1999,1999,1999,2000,2000,2000,2000,2000,2001,2001,2001,2001,2001,2002,2002,2002,2002,2002,2003,2003,2003,2003,2003,2003,2003,2004,2004,2004,2004,2004,2004,2004,2004,2005,2005,2005,2005,2005,2005,2005,2006,2006,2006,2006,2006,2007,2007,2008,2008,2008,2009,2009,2010],"Y_PREVALENCE_1000PP":[0.2135,0.21661,0.48085,0.16667,0.30192,0.06607,0.18479,0.28999,0.05199,0.35371,0.17628,0.36306,0.36037,0.08685,0.05553,0.08066,0.27972,0.30996,0.38301,0.06856,0.46207,0.01999,0.07194,0.17599,0.27217,0.04481,0.09518,0.57943,0.02366,0.29236,0.21933,0.03114,0.45324,0.04944,0.12475,0.13761,0.07597,0.55499,0.02959,0.02501,0.20694,0.43627,0.03143,0.10374,0.10091,0.33304,0.02321,0.02842,0.09383,0.05558,0.0677,0.03743,0.17015,0.05512,0.05551]},"PREVALENCE_BY_MONTH":{"X_CALENDAR_MONTH":[199809,199906,199907,199909,199910,199911,199912,200001,200002,200003,200004,200006,200007,200008,200009,200010,200103,200105,200106,200107,200108,200109,200110,200111,200112,200201,200202,200203,200204,200205,200206,200207,200208,200209,200211,200212,200301,200302,200303,200304,200305,200306,200307,200308,200309,200311,200312,200401,200402,200403,200404,200405,200406,200407,200408,200409,200410,200412,200501,200502,200503,200504,200505,200506,200507,200508,200509,200510,200511,200512,200601,200602,200604,200605,200606,200609,200701,200707,200708,200709,200801,200809,200810,200901,200905,201410],"Y_PREVALENCE_1000PP":[0.00609,0.00572,0.00497,0.00408,0.00619,0.00533,0.00396,0.0027,0.00314,0.00397,0.00478,0.00422,0.00291,0.0037,0.00242,0.0024,0.00352,0.00274,0.0047,0.00298,0.00259,0.00285,0.00404,0.0046,0.00243,0.00352,0.00465,0.00258,0.00614,0.00527,0.00276,0.00165,0.00437,0.00217,0.00268,0.00161,0.00531,0.00317,0.00289,0.00472,0.00235,0.00364,0.00438,0.00231,0.00332,0.00279,0.00202,0.00371,0.00197,0.0029,0.00357,0.00378,0.00399,0.00327,0.00465,0.00393,0.00207,0.00252,0.00317,0.00294,0.00294,0.00316,0.00225,0.00381,0.00289,0.00177,0.00176,0.00197,0.00153,0.00197,0.00281,0.00174,0.00194,0.00172,0.00171,0.00127,0.00208,0.00121,0.00141,0.0012,0.00136,0.00133,0.00114,0.00113,0.00113,0.00121]},"OBS_FREQUENCY_DISTRIBUTION":{"Y_NUM_PERSONS":[0,0,0,0,0,0,0,0,0,0,0,0],"X_COUNT":[1,2,3,4,5,6,7,8,9,10,11,14]},"OBSERVATIONS_BY_TYPE":{"CONCEPT_NAME":"Observation recorded from EHR","COUNT_VALUE":1261},"AGE_AT_FIRST_OCCURRENCE":{"CATEGORY":["FEMALE","MALE"],"MIN_VALUE":[0,1],"P10_VALUE":[50,47],"P25_VALUE":[70,66],"MEDIAN_VALUE":[82,78],"P75_VALUE":[88,85],"P90_VALUE":[92,89],"MAX_VALUE":[101,103]}}
