{"PREVALENCE_BY_GENDER_AGE_YEAR":{"TRELLIS_NAME":["30-39","20-29","20-29","30-39","40-49","40-49","20-29","30-39","10-19","10-19","30-39","20-29","40-49","20-29","30-39","50-59","30-39","20-29","40-49","50-59","20-29","30-39","40-49","40-49","50-59","20-29","30-39","60-69","60-69","50-59","20-29","50-59","40-49","30-39","30-39","20-29","50-59","30-39","30-39","20-29","30-39","70-79","60-69","50-59","30-39","60-69"],"SERIES_NAME":["FEMALE","FEMALE","FEMALE","FEMALE","MALE","FEMALE","FEMALE","FEMALE","FEMALE","FEMALE","FEMALE","FEMALE","FEMALE","FEMALE","FEMALE","MALE","FEMALE","FEMALE","MALE","FEMALE","FEMALE","FEMALE","FEMALE","MALE","MALE","FEMALE","FEMALE","FEMALE","MALE","MALE","FEMALE","FEMALE","MALE","MALE","FEMALE","FEMALE","MALE","MALE","FEMALE","MALE","FEMALE","FEMALE","MALE","FEMALE","FEMALE","FEMALE"],"X_CALENDAR_YEAR":[2000,2000,2001,2001,2002,2002,2002,2002,2002,2003,2003,2003,2003,2004,2004,2004,2005,2005,2005,2005,2006,2006,2006,2006,2006,2007,2007,2007,2008,2008,2008,2008,2008,2008,2008,2009,2009,2009,2009,2010,2010,2010,2010,2010,2011,2011],"Y_PREVALENCE_1000PP":[0.16284,0.07559,0.18131,0.21819,0.02742,0.0252,0.37139,0.32305,0.08794,0.11521,0.55295,0.63484,0.04998,0.28388,0.2997,0.01969,0.15694,0.10323,0.01863,0.02263,0.04089,0.07137,0.0159,0.0201,0.02129,0.02154,0.04558,0.02763,0.02007,0.03096,0.02835,0.02023,0.02026,0.0171,0.04027,0.04065,0.02507,0.01721,0.04038,0.01841,0.01506,0.02722,0.02245,0.01684,0.01487,0.01825]},"PREVALENCE_BY_MONTH":{"X_CALENDAR_MONTH":[200008,200009,200010,200011,200012,200101,200102,200103,200104,200105,200106,200107,200108,200109,200110,200111,200112,200201,200202,200203,200204,200205,200207,200208,200209,200210,200211,200212,200301,200302,200303,200304,200305,200306,200307,200308,200309,200310,200311,200312,200401,200402,200403,200404,200405,200406,200407,200408,200409,200410,200411,200412,200501,200502,200503,200504,200505,200506,200507,200508,200509,200510,200511,200512,200601,200603,200604,200605,200606,200607,200608,200609,200610,200611,200612,200701,200703,200704,200705,200706,200707,200708,200709,200710,200711,200801,200802,200803,200804,200806,200807,200809,200810,200811,200812,200901,200902,200903,200904,200905,200906,200909,200910,200911,200912,201001,201002,201003,201005,201007,201008,201010,201102,201106,201404],"Y_PREVALENCE_1000PP":[0.0037,0.00483,0.006,0.00356,0.00508,0.00258,0.00362,0.00528,0.00244,0.00479,0.00336,0.00198,0.00226,0.00222,0.00341,0.00553,0.00456,0.00587,0.00349,0.00373,0.00558,0.00665,0.00658,0.00574,0.00706,0.00995,0.00965,0.00671,0.01115,0.00766,0.00894,0.01546,0.00966,0.01221,0.01107,0.00924,0.00715,0.01171,0.00558,0.00606,0.00766,0.00715,0.00532,0.00452,0.00568,0.00563,0.00443,0.00372,0.00439,0.00299,0.00298,0.00275,0.00249,0.00407,0.00271,0.00406,0.0027,0.00224,0.00178,0.00377,0.00242,0.00154,0.00197,0.00153,0.00173,0.0013,0.00129,0.00215,0.00192,0.00256,0.00128,0.00234,0.00232,0.00126,0.00147,0.00187,0.00124,0.00124,0.00164,0.00122,0.00241,0.00141,0.00179,0.00138,0.00195,0.00155,0.00194,0.00156,0.00136,0.00115,0.0023,0.0019,0.00209,0.0036,0.00151,0.00226,0.00113,0.00132,0.00284,0.00132,0.00132,0.00169,0.00151,0.00132,0.00114,0.00151,0.00171,0.00152,0.00114,0.00153,0.00114,0.00132,0.00168,0.00129,0.00115]},"OBS_FREQUENCY_DISTRIBUTION":{"Y_NUM_PERSONS":[0,0,0,0,0,0,0],"X_COUNT":[1,2,3,4,5,6,7]},"OBSERVATIONS_BY_TYPE":{"CONCEPT_NAME":"Observation recorded from EHR","COUNT_VALUE":2351},"AGE_AT_FIRST_OCCURRENCE":{"CATEGORY":["FEMALE","MALE"],"MIN_VALUE":[1,0],"P10_VALUE":[22,28],"P25_VALUE":[27,39],"MEDIAN_VALUE":[31,50],"P75_VALUE":[35,64],"P90_VALUE":[53,73],"MAX_VALUE":[94,87]}}
