{"PREVALENCE_BY_GENDER_AGE_YEAR":{"TRELLIS_NAME":["50-59","40-49","60-69","70-79","50-59","30-39","70-79","60-69","50-59","40-49","80-89","60-69","60-69","80-89","70-79","50-59","50-59","70-79","30-39","40-49","70-79","30-39","80-89","50-59","40-49","70-79","20-29","60-69","60-69","60-69","50-59","70-79","60-69","40-49"],"SERIES_NAME":["FEMALE","FEMALE","MALE","MALE","FEMALE","FEMALE","FEMALE","FEMALE","MALE","MALE","FEMALE","FEMALE","MALE","FEMALE","FEMALE","MALE","FEMALE","MALE","FEMALE","FEMALE","MALE","FEMALE","FEMALE","FEMALE","FEMALE","FEMALE","FEMALE","MALE","FEMALE","MALE","FEMALE","FEMALE","FEMALE","FEMALE"],"X_CALENDAR_YEAR":[2004,2015,2015,2015,2015,2015,2015,2015,2015,2015,2015,2016,2016,2016,2016,2016,2016,2016,2016,2016,2017,2017,2017,2017,2017,2017,2017,2017,2017,2018,2018,2018,2018,2018],"Y_PREVALENCE_1000PP":[0.03042,0.08783,0.03607,0.03843,0.11104,0.02014,0.14155,0.17816,0.01727,0.01651,0.19193,0.2851,0.08231,0.2693,0.25468,0.03034,0.18484,0.07616,0.04049,0.12754,0.04127,0.02939,0.12968,0.13976,0.11763,0.17819,0.02335,0.0442,0.13883,0.03313,0.09338,0.11598,0.10298,0.03584]},"PREVALENCE_BY_MONTH":{"X_CALENDAR_MONTH":[200502,201506,201507,201508,201509,201510,201511,201512,201601,201602,201603,201605,201606,201607,201608,201609,201610,201611,201701,201702,201703,201704,201705,201706,201707,201708,201709,201710,201711,201712,201801,201802,201803,201804,201805],"Y_PREVALENCE_1000PP":[0.00136,0.00428,0.00472,0.00989,0.0072,0.01001,0.00946,0.00394,0.00198,0.00323,0.0015,0.01239,0.00952,0.01129,0.01202,0.00938,0.00787,0.00849,0.00164,0.00196,0.00284,0.00314,0.00314,0.00641,0.00409,0.00618,0.00768,0.00444,0.00995,0.00183,0.00309,0.00649,0.00371,0.00494,0.00586]},"OBS_FREQUENCY_DISTRIBUTION":{"Y_NUM_PERSONS":[0,0,0],"X_COUNT":[1,2,3]},"OBSERVATIONS_BY_TYPE":{"CONCEPT_NAME":"Observation recorded from EHR","COUNT_VALUE":1061},"AGE_AT_FIRST_OCCURRENCE":{"CATEGORY":["FEMALE","MALE"],"MIN_VALUE":[13,4],"P10_VALUE":[36,36],"P25_VALUE":[48,47],"MEDIAN_VALUE":[59,62],"P75_VALUE":[70,71],"P90_VALUE":[80,80],"MAX_VALUE":[95,86]}}
