{"PREVALENCE_BY_GENDER_AGE_YEAR":{"TRELLIS_NAME":["20-29","50-59","40-49","30-39","40-49","50-59","20-29","30-39","20-29","40-49","10-19","30-39","50-59","30-39","50-59","40-49","20-29","50-59","20-29","30-39","40-49","40-49","30-39","50-59"],"SERIES_NAME":["FEMALE","FEMALE","FEMALE","FEMALE","FEMALE","FEMALE","FEMALE","FEMALE","FEMALE","FEMALE","FEMALE","FEMALE","FEMALE","FEMALE","FEMALE","FEMALE","FEMALE","FEMALE","FEMALE","FEMALE","FEMALE","FEMALE","FEMALE","FEMALE"],"X_CALENDAR_YEAR":[2011,2011,2011,2011,2012,2012,2012,2012,2013,2013,2013,2013,2013,2014,2014,2014,2014,2015,2015,2015,2015,2016,2016,2016],"Y_PREVALENCE_1000PP":[0.04695,0.05959,0.1296,0.06941,0.26275,0.14226,0.09606,0.16918,0.09619,0.2243,0.02271,0.17844,0.15799,0.1235,0.10327,0.18442,0.08653,0.01753,0.02031,0.02014,0.0255,0.03447,0.02024,0.03765]},"PREVALENCE_BY_MONTH":{"X_CALENDAR_MONTH":[201105,201107,201108,201109,201110,201111,201112,201201,201202,201203,201205,201206,201207,201208,201209,201210,201211,201212,201301,201302,201303,201304,201305,201306,201307,201308,201309,201310,201311,201312,201401,201402,201403,201405,201406,201411,201501,201503,201606],"Y_PREVALENCE_1000PP":[0.00129,0.0022,0.00201,0.00146,0.00345,0.00474,0.0062,0.00819,0.01091,0.01127,0.00164,0.00145,0.00164,0.00182,0.00326,0.00327,0.00402,0.00442,0.00734,0.00921,0.00407,0.00222,0.00223,0.00279,0.00352,0.0026,0.00574,0.00636,0.00395,0.00365,0.00917,0.00859,0.01225,0.00153,0.00155,0.00143,0.00145,0.00151,0.00154]},"OBS_FREQUENCY_DISTRIBUTION":{"Y_NUM_PERSONS":[0,0,0],"X_COUNT":[1,2,3]},"OBSERVATIONS_BY_TYPE":{"CONCEPT_NAME":"Observation recorded from EHR","COUNT_VALUE":991},"AGE_AT_FIRST_OCCURRENCE":{"CATEGORY":["FEMALE","MALE"],"MIN_VALUE":[16,28],"P10_VALUE":[25,28],"P25_VALUE":[32,38],"MEDIAN_VALUE":[42,57],"P75_VALUE":[48,73],"P90_VALUE":[52,83],"MAX_VALUE":[86,83]}}
