{"PREVALENCE_BY_GENDER_AGE_YEAR":{"TRELLIS_NAME":["60-69","70-79","80-89","70-79","50-59","70-79","60-69","80-89","80-89","60-69","60-69","40-49","70-79","70-79","80-89","60-69","70-79","70-79","80-89","60-69","50-59","70-79","80-89","60-69","80-89","60-69","50-59","70-79","80-89","50-59","70-79","70-79","40-49","60-69","80-89","50-59","60-69","50-59","80-89","70-79","60-69","80-89","70-79","70-79","70-79","80-89","60-69","60-69","60-69","60-69","80-89","60-69","70-79","60-69","70-79","40-49","70-79","50-59","70-79","70-79","60-69","50-59","60-69","80-89"],"SERIES_NAME":["FEMALE","FEMALE","MALE","MALE","FEMALE","FEMALE","MALE","MALE","FEMALE","FEMALE","FEMALE","FEMALE","MALE","FEMALE","FEMALE","MALE","FEMALE","MALE","FEMALE","FEMALE","MALE","FEMALE","MALE","MALE","FEMALE","FEMALE","FEMALE","MALE","MALE","FEMALE","MALE","FEMALE","FEMALE","FEMALE","FEMALE","MALE","FEMALE","FEMALE","MALE","MALE","MALE","FEMALE","FEMALE","MALE","FEMALE","FEMALE","MALE","FEMALE","FEMALE","MALE","FEMALE","FEMALE","MALE","MALE","MALE","FEMALE","MALE","FEMALE","FEMALE","MALE","FEMALE","MALE","MALE","FEMALE"],"X_CALENDAR_YEAR":[2003,2003,2003,2004,2004,2004,2004,2004,2004,2004,2005,2005,2005,2005,2005,2006,2006,2006,2006,2006,2006,2007,2007,2007,2007,2007,2007,2007,2008,2008,2008,2008,2008,2008,2008,2008,2009,2009,2009,2009,2009,2009,2009,2010,2010,2010,2010,2010,2011,2011,2011,2012,2012,2012,2013,2013,2014,2014,2014,2015,2015,2015,2015,2016],"Y_PREVALENCE_1000PP":[0.04902,0.04164,0.11199,0.05909,0.02028,0.03296,0.03558,0.10233,0.08436,0.02628,0.06252,0.01682,0.06964,0.11693,0.11333,0.03536,0.09193,0.07851,0.07762,0.06578,0.02433,0.0521,0.11916,0.03507,0.11548,0.0518,0.02367,0.08882,0.11284,0.04045,0.04278,0.08743,0.0142,0.02312,0.05558,0.01689,0.02582,0.0172,0.09915,0.04741,0.03278,0.04823,0.05017,0.03655,0.02722,0.09021,0.03207,0.02514,0.04563,0.02184,0.04809,0.0244,0.03559,0.02509,0.0496,0.01402,0.04062,0.01631,0.03141,0.03843,0.03493,0.01727,0.0469,0.05771]},"PREVALENCE_BY_MONTH":{"X_CALENDAR_MONTH":[200302,200303,200307,200308,200312,200401,200404,200405,200406,200407,200408,200409,200412,200501,200503,200504,200505,200506,200508,200509,200510,200511,200601,200602,200603,200604,200605,200606,200607,200608,200609,200610,200611,200612,200701,200702,200703,200704,200705,200706,200707,200708,200709,200710,200711,200712,200801,200803,200804,200806,200807,200808,200809,200810,200811,200812,200901,200904,200905,200906,200907,200908,200910,200911,200912,201001,201002,201003,201004,201005,201007,201008,201009,201010,201102,201103,201105,201106,201108,201110,201112,201205,201206,201210,201310,201311,201401,201503,201504,201506,201507,201508,201509,201510,201603,201802],"Y_PREVALENCE_1000PP":[0.00185,0.00158,0.00154,0.0018,0.00202,0.00148,0.00238,0.00189,0.00258,0.0014,0.00139,0.00139,0.0016,0.00159,0.00181,0.00293,0.00315,0.00179,0.0031,0.00132,0.00241,0.00263,0.00238,0.00217,0.00217,0.00172,0.00236,0.00235,0.0015,0.0017,0.0017,0.00127,0.0021,0.00126,0.00229,0.00187,0.00207,0.00247,0.00184,0.00203,0.00201,0.00161,0.00179,0.00118,0.00176,0.00215,0.00252,0.00253,0.00136,0.00173,0.00153,0.0023,0.00209,0.00152,0.00171,0.00114,0.00132,0.00113,0.00151,0.00207,0.0015,0.0017,0.00151,0.0017,0.00228,0.00132,0.00171,0.00133,0.0019,0.00133,0.00134,0.00229,0.00152,0.00132,0.00168,0.00111,0.00111,0.0011,0.00147,0.00182,0.00109,0.00109,0.00109,0.00109,0.00206,0.00113,0.00134,0.00216,0.00173,0.00135,0.00157,0.00157,0.00202,0.00163,0.0015,0.00216]},"OBS_FREQUENCY_DISTRIBUTION":{"Y_NUM_PERSONS":[0,0,0,0,0],"X_COUNT":[1,2,3,4,5]},"OBSERVATIONS_BY_TYPE":{"CONCEPT_NAME":"Observation recorded from EHR","COUNT_VALUE":1121},"AGE_AT_FIRST_OCCURRENCE":{"CATEGORY":["FEMALE","MALE"],"MIN_VALUE":[0,0],"P10_VALUE":[46,45],"P25_VALUE":[58,59],"MEDIAN_VALUE":[69,70],"P75_VALUE":[80,79],"P90_VALUE":[86,84],"MAX_VALUE":[102,96]}}
