{"PREVALENCE_BY_GENDER_AGE_YEAR":{"TRELLIS_NAME":["50-59","30-39","60-69","40-49","40-49","30-39","70-79","60-69","80-89","50-59","30-39","60-69","40-49","40-49","50-59","20-29","40-49","70-79","60-69","30-39","40-49","50-59","30-39","80-89","30-39","40-49","60-69","70-79","50-59","70-79","50-59","60-69","40-49","30-39","60-69","50-59","30-39","70-79","40-49","80-89","30-39","20-29","50-59","40-49","30-39","40-49","60-69","50-59","20-29","70-79","20-29","30-39","60-69","80-89","50-59","40-49","40-49","30-39","60-69","50-59","80-89","30-39","40-49","60-69","70-79","40-49","50-59","30-39"],"SERIES_NAME":["FEMALE","FEMALE","FEMALE","FEMALE","FEMALE","FEMALE","FEMALE","FEMALE","FEMALE","FEMALE","FEMALE","FEMALE","FEMALE","FEMALE","FEMALE","FEMALE","FEMALE","FEMALE","FEMALE","FEMALE","FEMALE","FEMALE","FEMALE","FEMALE","FEMALE","FEMALE","FEMALE","FEMALE","FEMALE","FEMALE","FEMALE","FEMALE","FEMALE","FEMALE","FEMALE","FEMALE","FEMALE","FEMALE","FEMALE","FEMALE","FEMALE","FEMALE","FEMALE","FEMALE","FEMALE","FEMALE","FEMALE","FEMALE","FEMALE","FEMALE","FEMALE","FEMALE","FEMALE","FEMALE","FEMALE","FEMALE","FEMALE","FEMALE","FEMALE","FEMALE","FEMALE","FEMALE","FEMALE","FEMALE","FEMALE","FEMALE","FEMALE","FEMALE"],"X_CALENDAR_YEAR":[2004,2004,2004,2004,2005,2005,2005,2005,2005,2005,2006,2006,2006,2007,2008,2008,2008,2008,2008,2008,2009,2009,2009,2010,2010,2010,2010,2010,2010,2011,2011,2011,2011,2011,2012,2012,2012,2012,2012,2012,2013,2013,2013,2013,2014,2014,2014,2014,2014,2014,2015,2015,2015,2015,2015,2015,2016,2016,2016,2016,2016,2017,2017,2018,2018,2018,2018,2018],"Y_PREVALENCE_1000PP":[0.02704,0.01925,0.03066,0.05957,0.04206,0.03518,0.03189,0.04168,0.04857,0.02263,0.01586,0.03482,0.0318,0.02444,0.01734,0.01546,0.02839,0.04141,0.03303,0.02517,0.03043,0.0172,0.04795,0.04857,0.03013,0.03014,0.03457,0.02722,0.03368,0.02682,0.02167,0.02738,0.05684,0.02975,0.03049,0.03758,0.02239,0.02675,0.05992,0.05516,0.0223,0.01727,0.02106,0.03037,0.03941,0.07074,0.03856,0.03805,0.01573,0.04936,0.02031,0.03741,0.05589,0.04798,0.02922,0.034,0.02758,0.02024,0.03354,0.04108,0.07694,0.02571,0.05097,0.04336,0.05458,0.0448,0.05093,0.0369]},"PREVALENCE_BY_MONTH":{"X_CALENDAR_MONTH":[200405,200407,200410,200411,200501,200505,200506,200510,200511,200603,200605,200610,200807,200809,200812,200904,200907,200910,201003,201006,201007,201009,201010,201101,201102,201103,201104,201106,201201,201202,201203,201204,201205,201209,201211,201212,201304,201309,201310,201402,201403,201405,201407,201409,201410,201411,201412,201501,201504,201506,201507,201510,201511,201512,201603,201605,201606,201612,201703,201802,201803,201804,201809,201811,201902,201903],"Y_PREVALENCE_1000PP":[0.0026,0.0014,0.00138,0.00138,0.00204,0.0027,0.00179,0.00132,0.00131,0.00152,0.00129,0.00127,0.00115,0.00247,0.00208,0.00132,0.00113,0.00151,0.00114,0.00115,0.00115,0.00228,0.00151,0.00187,0.00261,0.00148,0.0013,0.0011,0.00164,0.00127,0.00236,0.00145,0.00109,0.00199,0.00128,0.00166,0.00111,0.0013,0.00131,0.00153,0.00191,0.00153,0.00274,0.00159,0.00263,0.00123,0.00166,0.00166,0.00151,0.0018,0.00202,0.0014,0.00142,0.00172,0.0015,0.00152,0.00206,0.00164,0.0017,0.00216,0.00216,0.00247,0.00192,0.0023,0.00198,0.00231]},"OBS_FREQUENCY_DISTRIBUTION":{"Y_NUM_PERSONS":[0,0],"X_COUNT":[1,2]},"OBSERVATIONS_BY_TYPE":{"CONCEPT_NAME":"Observation recorded from EHR","COUNT_VALUE":949},"AGE_AT_FIRST_OCCURRENCE":{"CATEGORY":["MALE","FEMALE"],"MIN_VALUE":[2,9],"P10_VALUE":[19,29],"P25_VALUE":[31,38],"MEDIAN_VALUE":[48,48],"P75_VALUE":[73,64],"P90_VALUE":[81,77],"MAX_VALUE":[87,94]}}
