{"PREVALENCE_BY_GENDER_AGE_YEAR":{"TRELLIS_NAME":["70-79","70-79","80-89","70-79","60-69","70-79","60-69","80-89","70-79","60-69","80-89","60-69","70-79","60-69","60-69","70-79","70-79","80-89","80-89","60-69","60-69","70-79","70-79","80-89","60-69","70-79","60-69","70-79"],"SERIES_NAME":["MALE","FEMALE","FEMALE","FEMALE","FEMALE","MALE","MALE","MALE","MALE","MALE","FEMALE","FEMALE","FEMALE","MALE","FEMALE","FEMALE","MALE","MALE","FEMALE","MALE","FEMALE","MALE","FEMALE","FEMALE","FEMALE","MALE","MALE","FEMALE"],"X_CALENDAR_YEAR":[2014,2014,2014,2015,2015,2015,2015,2016,2016,2016,2016,2016,2016,2017,2017,2017,2017,2017,2017,2018,2018,2018,2018,2018,2019,2019,2019,2019],"Y_PREVALENCE_1000PP":[0.08124,0.06731,0.04391,0.34168,0.20959,0.31845,0.20922,0.24499,0.18405,0.50687,0.2116,0.42766,0.1811,0.2259,0.13883,0.09831,0.11005,0.46851,0.19453,0.1767,0.29268,0.28854,0.32748,0.08525,0.07573,0.12003,0.07723,0.05777]},"PREVALENCE_BY_MONTH":{"X_CALENDAR_MONTH":[199912,201408,201409,201410,201411,201412,201501,201502,201508,201509,201510,201511,201512,201601,201602,201603,201605,201606,201607,201608,201609,201610,201611,201612,201703,201704,201705,201706,201707,201708,201709,201711,201712,201801,201802,201803,201804,201805,201806,201807,201808,201809,201810,201811,201812,201901,201902,201903],"Y_PREVALENCE_1000PP":[0.00297,0.00158,0.00317,0.00202,0.00184,0.00145,0.00208,0.00167,0.00697,0.00585,0.01071,0.01845,0.00861,0.01088,0.01144,0.00299,0.0043,0.00823,0.00394,0.00641,0.01501,0.0095,0.00739,0.00274,0.0051,0.00314,0.00656,0.0102,0.00322,0.00383,0.0062,0.00181,0.00365,0.00555,0.00773,0.00494,0.00463,0.0037,0.0031,0.00473,0.00541,0.00288,0.00716,0.0023,0.00625,0.0082,0.00495,0.00363]},"OBS_FREQUENCY_DISTRIBUTION":{"Y_NUM_PERSONS":[0,0],"X_COUNT":[1,2]},"OBSERVATIONS_BY_TYPE":{"CONCEPT_NAME":"Observation recorded from EHR","COUNT_VALUE":1094},"AGE_AT_FIRST_OCCURRENCE":{"CATEGORY":["MALE","FEMALE"],"MIN_VALUE":[0,2],"P10_VALUE":[65,65],"P25_VALUE":[65,65],"MEDIAN_VALUE":[68,69],"P75_VALUE":[76,76],"P90_VALUE":[82,81],"MAX_VALUE":[94,102]}}
