{"PREVALENCE_BY_GENDER_AGE_YEAR":{"TRELLIS_NAME":["20-29","20-29","10-19","20-29","10-19","40-49","20-29","30-39","30-39","40-49","10-19","20-29","30-39","20-29","40-49","20-29","40-49","30-39","20-29","30-39"],"SERIES_NAME":["FEMALE","FEMALE","FEMALE","FEMALE","FEMALE","FEMALE","FEMALE","FEMALE","FEMALE","FEMALE","FEMALE","FEMALE","FEMALE","FEMALE","FEMALE","FEMALE","FEMALE","FEMALE","FEMALE","FEMALE"],"X_CALENDAR_YEAR":[2002,2003,2003,2004,2004,2004,2005,2005,2006,2006,2006,2006,2007,2007,2007,2008,2009,2009,2011,2014],"Y_PREVALENCE_1000PP":[0.03829,0.02177,0.0336,0.04291,0.0386,0.03872,0.04379,0.02165,0.02643,0.03445,0.04249,0.06426,0.01773,0.01885,0.022,0.01546,0.01404,0.01766,0.02471,0.01839]},"PREVALENCE_BY_MONTH":{"X_CALENDAR_MONTH":[200210,200312,200402,200403,200404,200601,200602,200603,200610,200611,200701,201404],"Y_PREVALENCE_1000PP":[0.00215,0.00177,0.00148,0.00193,0.00167,0.00173,0.0013,0.00152,0.00211,0.00126,0.00125,0.00115]},"OBS_FREQUENCY_DISTRIBUTION":{"Y_NUM_PERSONS":[0,0],"X_COUNT":[1,2]},"OBSERVATIONS_BY_TYPE":{"CONCEPT_NAME":"Observation recorded from EHR","COUNT_VALUE":344},"AGE_AT_FIRST_OCCURRENCE":{"CATEGORY":["MALE","FEMALE"],"MIN_VALUE":[25,15],"P10_VALUE":[28,17],"P25_VALUE":[38,21],"MEDIAN_VALUE":[46,28],"P75_VALUE":[51,38],"P90_VALUE":[56,44],"MAX_VALUE":[64,65]}}
