{"PREVALENCE_BY_GENDER_AGE_YEAR":{"TRELLIS_NAME":["60-69","70-79","60-69","70-79","80-89","60-69","70-79","60-69","60-69","70-79","70-79","70-79","60-69"],"SERIES_NAME":["MALE","MALE","FEMALE","MALE","FEMALE","FEMALE","MALE","FEMALE","MALE","MALE","MALE","MALE","MALE"],"X_CALENDAR_YEAR":[2007,2008,2009,2009,2010,2010,2010,2012,2013,2014,2016,2017,2018],"Y_PREVALENCE_1000PP":[0.02455,0.03208,0.01937,0.05794,0.04857,0.02514,0.04177,0.0183,0.02189,0.03046,0.04443,0.04815,0.03865]},"PREVALENCE_BY_MONTH":{"X_CALENDAR_MONTH":[200903,200907,201003,201204,201602,201708],"Y_PREVALENCE_1000PP":[0.00113,0.00132,0.00114,0.00109,0.00174,0.00235]},"OBS_FREQUENCY_DISTRIBUTION":{"Y_NUM_PERSONS":[0,0,0],"X_COUNT":[1,2,3]},"OBSERVATIONS_BY_TYPE":{"CONCEPT_NAME":"Observation recorded from EHR","COUNT_VALUE":421},"AGE_AT_FIRST_OCCURRENCE":{"CATEGORY":["MALE","FEMALE"],"MIN_VALUE":[27,22],"P10_VALUE":[54,41],"P25_VALUE":[61,52],"MEDIAN_VALUE":[69,66],"P75_VALUE":[76,76],"P90_VALUE":[80,81],"MAX_VALUE":[90,95]}}
