{"AGE_AT_FIRST_EXPOSURE":{"CATEGORY":["MALE","FEMALE"],"MIN_VALUE":[2,1],"P10_VALUE":[5,5],"P25_VALUE":[7,7],"MEDIAN_VALUE":[8,9],"P75_VALUE":[11,12],"P90_VALUE":[14,86],"MAX_VALUE":[93,98]},"DAYS_SUPPLY_DISTRIBUTION":{"CATEGORY":[],"MIN_VALUE":[],"P10_VALUE":[],"P25_VALUE":[],"MEDIAN_VALUE":[],"P75_VALUE":[],"P90_VALUE":[],"MAX_VALUE":[]},"DRUGS_BY_TYPE":{"CONCEPT_NAME":"Prescription written","COUNT_VALUE":448},"PREVALENCE_BY_GENDER_AGE_YEAR":{"TRELLIS_NAME":["0-9","0-9","10-19","0-9","10-19","10-19","0-9","10-19","0-9","10-19","0-9","0-9","10-19","0-9","0-9","10-19","0-9","10-19","10-19","0-9","10-19"],"SERIES_NAME":["MALE","FEMALE","MALE","FEMALE","MALE","FEMALE","MALE","FEMALE","MALE","MALE","FEMALE","MALE","FEMALE","FEMALE","MALE","FEMALE","FEMALE","MALE","FEMALE","MALE","MALE"],"X_CALENDAR_YEAR":[2012,2012,2012,2013,2013,2013,2013,2014,2014,2014,2014,2015,2015,2015,2016,2016,2016,2017,2017,2017,2018],"Y_PREVALENCE_1000PP":[0.05374,0.06806,0.01835,0.06777,0.03976,0.03568,0.04775,0.02738,0.06545,0.02267,0.04363,0.0228,0.03343,0.04444,0.03099,0.03067,0.04879,0.02776,0.02882,0.03027,0.03617]},"PREVALENCE_BY_MONTH":{"X_CALENDAR_MONTH":[201207,201208,201209,201210,201211,201212,201301,201302,201305,201306,201307,201309,201310,201311,201312,201401,201402,201403,201404,201405,201406,201407,201409,201412,201501,201502,201503,201506,201509,201511,201603,201606,201612,201705,201803],"Y_PREVALENCE_1000PP":[0.00182,0.00127,0.00145,0.00218,0.00128,0.00276,0.00147,0.00147,0.00111,0.00111,0.00185,0.00167,0.00187,0.00132,0.00269,0.00134,0.0021,0.00115,0.00115,0.00211,0.00155,0.00137,0.00139,0.00124,0.00125,0.00188,0.00151,0.00135,0.00135,0.00142,0.0015,0.00232,0.00274,0.00171,0.00185]},"DRUG_FREQUENCY_DISTRIBUTION":{"Y_NUM_PERSONS":[0,0,0,0,0,0],"X_COUNT":[1,2,3,4,5,6]},"QUANTITY_DISTRIBUTION":{"CATEGORY":"Quantity","MIN_VALUE":2,"P10_VALUE":12,"P25_VALUE":12,"MEDIAN_VALUE":24,"P75_VALUE":100,"P90_VALUE":200,"MAX_VALUE":3500},"REFILLS_DISTRIBUTION":{"CATEGORY":"Refills","MIN_VALUE":0,"P10_VALUE":0,"P25_VALUE":0,"MEDIAN_VALUE":0,"P75_VALUE":6,"P90_VALUE":12,"MAX_VALUE":20}}
