{"AGE_AT_FIRST_EXPOSURE":{"CATEGORY":["FEMALE","MALE"],"MIN_VALUE":[15,14],"P10_VALUE":[26,40],"P25_VALUE":[36,57],"MEDIAN_VALUE":[47,70],"P75_VALUE":[70,81],"P90_VALUE":[85,89],"MAX_VALUE":[101,96]},"DAYS_SUPPLY_DISTRIBUTION":{"CATEGORY":[],"MIN_VALUE":[],"P10_VALUE":[],"P25_VALUE":[],"MEDIAN_VALUE":[],"P75_VALUE":[],"P90_VALUE":[],"MAX_VALUE":[]},"DRUGS_BY_TYPE":{"CONCEPT_NAME":"Prescription written","COUNT_VALUE":477},"PREVALENCE_BY_GENDER_AGE_YEAR":{"TRELLIS_NAME":["40-49","40-49","80-89","80-89","20-29","30-39","60-69","40-49","70-79","40-49"],"SERIES_NAME":["FEMALE","FEMALE","FEMALE","FEMALE","FEMALE","FEMALE","FEMALE","FEMALE","FEMALE","FEMALE"],"X_CALENDAR_YEAR":[2001,2002,2002,2003,2003,2003,2003,2003,2003,2004],"Y_PREVALENCE_1000PP":[0.03317,0.036,0.06752,0.05443,0.03265,0.02647,0.03922,0.06998,0.04164,0.03574]},"PREVALENCE_BY_MONTH":{"X_CALENDAR_MONTH":[199902,200102,200105,200109,200111,200201,200203,200204,200205,200206,200207,200208,200209,200210,200211,200212,200301,200303,200305,200306,200307,200308,200309,200310,200311,200312,200401,200403,200605],"Y_PREVALENCE_1000PP":[0.00471,0.00217,0.00274,0.0019,0.00246,0.00352,0.00172,0.00195,0.00194,0.00165,0.00274,0.00191,0.00217,0.00161,0.00241,0.00161,0.00265,0.00158,0.00339,0.00234,0.00206,0.00257,0.00281,0.00433,0.00279,0.00151,0.00247,0.00217,0.00129]},"DRUG_FREQUENCY_DISTRIBUTION":{"Y_NUM_PERSONS":[0,0,0,0,0,0,0,0],"X_COUNT":[1,2,3,4,5,6,7,9]},"QUANTITY_DISTRIBUTION":{"CATEGORY":"Quantity","MIN_VALUE":3,"P10_VALUE":28,"P25_VALUE":28,"MEDIAN_VALUE":30,"P75_VALUE":60,"P90_VALUE":60,"MAX_VALUE":270},"REFILLS_DISTRIBUTION":{"CATEGORY":"Refills","MIN_VALUE":0,"P10_VALUE":0,"P25_VALUE":0,"MEDIAN_VALUE":3,"P75_VALUE":6,"P90_VALUE":12,"MAX_VALUE":99}}
