{"AGE_AT_FIRST_EXPOSURE":{"CATEGORY":["MALE","FEMALE"],"MIN_VALUE":[0,0],"P10_VALUE":[1,2],"P25_VALUE":[1,9],"MEDIAN_VALUE":[8,33],"P75_VALUE":[48,55],"P90_VALUE":[69,74],"MAX_VALUE":[85,90]},"DAYS_SUPPLY_DISTRIBUTION":{"CATEGORY":[],"MIN_VALUE":[],"P10_VALUE":[],"P25_VALUE":[],"MEDIAN_VALUE":[],"P75_VALUE":[],"P90_VALUE":[],"MAX_VALUE":[]},"DRUGS_BY_TYPE":{"CONCEPT_NAME":"Prescription written","COUNT_VALUE":1335},"PREVALENCE_BY_GENDER_AGE_YEAR":{"TRELLIS_NAME":["60-69","0-9","20-29","50-59","10-19","0-9","40-49","10-19","70-79","10-19","40-49","0-9","80-89","50-59","0-9","60-69","30-39","10-19","20-29","50-59","0-9","0-9","0-9","0-9","0-9","0-9","0-9"],"SERIES_NAME":["FEMALE","MALE","FEMALE","FEMALE","MALE","FEMALE","FEMALE","FEMALE","FEMALE","FEMALE","FEMALE","MALE","FEMALE","FEMALE","FEMALE","MALE","FEMALE","FEMALE","FEMALE","FEMALE","FEMALE","MALE","MALE","FEMALE","MALE","MALE","MALE"],"X_CALENDAR_YEAR":[2008,2008,2008,2008,2008,2008,2008,2008,2009,2009,2009,2009,2009,2009,2009,2009,2009,2010,2010,2010,2010,2010,2011,2011,2013,2014,2015],"Y_PREVALENCE_1000PP":[0.02642,0.06172,0.02062,0.02889,0.01859,0.0551,0.01656,0.02751,0.02736,0.0372,0.02809,0.06375,0.05512,0.02293,0.09544,0.02295,0.02524,0.03356,0.01521,0.01684,0.04355,0.0416,0.02869,0.02996,0.01966,0.0238,0.0228]},"PREVALENCE_BY_MONTH":{"X_CALENDAR_MONTH":[200711,200801,200802,200803,200804,200805,200806,200807,200808,200809,200810,200811,200812,200901,200902,200903,200904,200905,200906,200907,200908,200909,200910,200911,200912,201001,201002,201003,201004,201005,201006,201007,201008,201009,201010,201011,201012,201101,201102,201103,201104,201105,201106,201107,201108,201109,201110,201111,201112,201201,201202,201203,201204,201205,201206,201207,201208,201209,201211,201212,201301,201302,201303,201304,201305,201306,201307,201309,201311,201401,201403,201404,201406,201407,201408,201409,201410,201503,201504,201507,201508,201509,201510,201601,201604,201605,201607,201611],"Y_PREVALENCE_1000PP":[0.00234,0.00194,0.00194,0.00136,0.00174,0.0029,0.0023,0.00268,0.00134,0.00323,0.00322,0.00265,0.00397,0.00321,0.00321,0.00527,0.00567,0.00622,0.00509,0.0047,0.00414,0.00376,0.0049,0.00434,0.00456,0.00378,0.00323,0.00247,0.00323,0.00286,0.00325,0.00267,0.00267,0.00228,0.0017,0.00281,0.00206,0.00224,0.00168,0.00204,0.00204,0.00129,0.00221,0.00147,0.00165,0.00127,0.00145,0.00128,0.00109,0.00164,0.00109,0.00109,0.00218,0.00109,0.00164,0.00128,0.00163,0.00163,0.00165,0.00129,0.00147,0.00147,0.00148,0.00185,0.00149,0.0013,0.00148,0.00111,0.00151,0.00134,0.00115,0.00134,0.00116,0.00157,0.00118,0.00159,0.00142,0.00194,0.0013,0.0018,0.00135,0.00135,0.00186,0.00148,0.0015,0.00152,0.00158,0.00164]},"DRUG_FREQUENCY_DISTRIBUTION":{"Y_NUM_PERSONS":[0,0,0,0,0,0,0,0,0,0,0,0,0,0,0,0,0,0,0,0,0,0,0,0],"X_COUNT":[1,2,3,4,5,6,7,8,9,10,12,13,14,15,16,17,19,25,26,27,33,34,35,36]},"QUANTITY_DISTRIBUTION":{"CATEGORY":"Quantity","MIN_VALUE":1,"P10_VALUE":40,"P25_VALUE":100,"MEDIAN_VALUE":100,"P75_VALUE":120,"P90_VALUE":240,"MAX_VALUE":1000},"REFILLS_DISTRIBUTION":{"CATEGORY":"Refills","MIN_VALUE":0,"P10_VALUE":0,"P25_VALUE":0,"MEDIAN_VALUE":3,"P75_VALUE":6,"P90_VALUE":12,"MAX_VALUE":13}}
