{"AGE_AT_FIRST_EXPOSURE":{"CATEGORY":["MALE","FEMALE"],"MIN_VALUE":[16,15],"P10_VALUE":[30,28],"P25_VALUE":[36,34],"MEDIAN_VALUE":[45,44],"P75_VALUE":[54,53],"P90_VALUE":[60,62],"MAX_VALUE":[91,94]},"DAYS_SUPPLY_DISTRIBUTION":{"CATEGORY":"Days supply","MIN_VALUE":7,"P10_VALUE":28,"P25_VALUE":28,"MEDIAN_VALUE":28,"P75_VALUE":30,"P90_VALUE":30,"MAX_VALUE":60},"DRUGS_BY_TYPE":{"CONCEPT_NAME":"Prescription written","COUNT_VALUE":12606},"PREVALENCE_BY_GENDER_AGE_YEAR":{"TRELLIS_NAME":["40-49","50-59","30-39","50-59","40-49","20-29","30-39","40-49","50-59","30-39","20-29","30-39","40-49","40-49","50-59","20-29","70-79","60-69","30-39","80-89","20-29","40-49","50-59","60-69","30-39","20-29","50-59","40-49","70-79","70-79","40-49","60-69","30-39","70-79","50-59","20-29","40-49","60-69","30-39","50-59","20-29","60-69","20-29","50-59","50-59","40-49","40-49","80-89","60-69","70-79","70-79","30-39","20-29","30-39","20-29","50-59","30-39","60-69","50-59","70-79","40-49","80-89","30-39","40-49","70-79","20-29","60-69","30-39","30-39","50-59","70-79","50-59","70-79","20-29","40-49","20-29","60-69","80-89","60-69","40-49"],"SERIES_NAME":["MALE","FEMALE","MALE","MALE","MALE","FEMALE","FEMALE","FEMALE","MALE","FEMALE","FEMALE","MALE","FEMALE","MALE","FEMALE","MALE","FEMALE","FEMALE","MALE","FEMALE","FEMALE","FEMALE","MALE","MALE","FEMALE","MALE","FEMALE","MALE","MALE","FEMALE","FEMALE","MALE","MALE","MALE","MALE","MALE","MALE","FEMALE","FEMALE","FEMALE","FEMALE","FEMALE","FEMALE","MALE","FEMALE","FEMALE","MALE","FEMALE","MALE","MALE","FEMALE","MALE","MALE","FEMALE","MALE","FEMALE","FEMALE","FEMALE","MALE","FEMALE","FEMALE","FEMALE","MALE","MALE","MALE","FEMALE","MALE","FEMALE","MALE","FEMALE","FEMALE","MALE","MALE","MALE","FEMALE","FEMALE","MALE","MALE","FEMALE","MALE"],"X_CALENDAR_YEAR":[1996,1997,1997,1997,1997,1997,1997,1997,1998,1998,1998,1998,1998,1998,1998,1998,1999,1999,1999,1999,1999,1999,1999,1999,1999,1999,1999,1999,1999,2000,2000,2000,2000,2000,2000,2000,2000,2000,2000,2000,2000,2001,2001,2001,2001,2001,2001,2001,2001,2001,2001,2001,2001,2001,2002,2002,2002,2002,2002,2002,2002,2002,2002,2002,2002,2002,2002,2003,2003,2003,2003,2003,2003,2003,2003,2003,2003,2003,2003,2003],"Y_PREVALENCE_1000PP":[0.1947,0.13298,0.12031,0.10054,0.20107,0.09039,0.14358,0.14362,0.21396,0.2074,0.10757,0.16431,0.25027,0.15401,0.20842,0.1146,0.10818,0.09842,0.2041,0.11322,0.16368,0.26747,0.2166,0.09137,0.21888,0.07969,0.26035,0.20374,0.11112,0.06065,0.36511,0.13475,0.21942,0.0881,0.31835,0.12559,0.26588,0.09267,0.21125,0.30437,0.12419,0.15156,0.12087,0.37057,0.30573,0.3317,0.37142,0.08814,0.1675,0.0608,0.07635,0.21301,0.08577,0.23204,0.0678,0.33465,0.26767,0.14842,0.31754,0.08066,0.32759,0.05787,0.21032,0.31874,0.06094,0.09189,0.21035,0.11471,0.12048,0.25636,0.04164,0.19577,0.05036,0.02268,0.21993,0.05441,0.12945,0.09599,0.10784,0.1839]},"PREVALENCE_BY_MONTH":{"X_CALENDAR_MONTH":[199605,199611,199612,199701,199702,199703,199704,199705,199706,199707,199708,199709,199710,199711,199712,199801,199802,199803,199804,199805,199806,199807,199808,199809,199810,199811,199812,199901,199902,199903,199904,199905,199906,199907,199908,199909,199910,199911,199912,200001,200002,200003,200004,200005,200006,200007,200008,200009,200010,200011,200012,200101,200102,200103,200104,200105,200106,200107,200108,200109,200110,200111,200112,200201,200202,200203,200204,200205,200206,200207,200208,200209,200210,200211,200212,200301,200302,200303,200304,200305,200306,200307,200308,200309,200310,200311,200312,200401,200402,200403,200407],"Y_PREVALENCE_1000PP":[0.01948,0.01525,0.02034,0.02557,0.02529,0.01498,0.01676,0.02111,0.01639,0.02323,0.02187,0.02449,0.02331,0.01963,0.02515,0.0278,0.0259,0.0339,0.02191,0.02352,0.03238,0.02939,0.03188,0.03123,0.04023,0.04192,0.04379,0.04344,0.04169,0.05576,0.0525,0.05039,0.05466,0.05472,0.05086,0.06064,0.05743,0.06184,0.0668,0.0594,0.0597,0.06124,0.06131,0.06753,0.06542,0.05871,0.06381,0.06405,0.0672,0.0697,0.06172,0.0729,0.0659,0.06869,0.06819,0.06743,0.06812,0.06381,0.06722,0.06085,0.06985,0.06999,0.07233,0.07744,0.06976,0.07066,0.07146,0.07678,0.07447,0.08199,0.07512,0.07571,0.08041,0.07452,0.07997,0.07671,0.06232,0.05127,0.03853,0.03917,0.03507,0.0242,0.01309,0.00818,0.00586,0.00405,0.00303,0.00321,0.00173,0.00169,0.00163]},"DRUG_FREQUENCY_DISTRIBUTION":{"Y_NUM_PERSONS":[0,0,0,0,0,0,0,0,0,0,0,0,0,0,0,0,0,0,0,0,0,0,0,0,0,0,0,0,0,0,0,0,0,0,0,0,0,0,0,0,0,0,0,0,0,0,0,0,0,0,0,0,0,0,0,0],"X_COUNT":[1,2,3,4,5,6,7,8,9,10,11,12,13,14,15,16,17,18,19,20,21,22,23,24,25,26,27,28,29,30,31,32,33,34,35,36,37,38,39,40,41,42,43,44,45,47,48,49,50,52,54,55,57,59,61,69]},"QUANTITY_DISTRIBUTION":{"CATEGORY":"Quantity","MIN_VALUE":0,"P10_VALUE":28,"P25_VALUE":56,"MEDIAN_VALUE":56,"P75_VALUE":56,"P90_VALUE":100,"MAX_VALUE":450},"REFILLS_DISTRIBUTION":{"CATEGORY":"Refills","MIN_VALUE":0,"P10_VALUE":0,"P25_VALUE":2,"MEDIAN_VALUE":5,"P75_VALUE":6,"P90_VALUE":12,"MAX_VALUE":99}}
