{"AGE_AT_FIRST_EXPOSURE":{"CATEGORY":["FEMALE","MALE"],"MIN_VALUE":[71,38],"P10_VALUE":[73,59],"P25_VALUE":[76,65],"MEDIAN_VALUE":[82,76],"P75_VALUE":[85,80],"P90_VALUE":[89,85],"MAX_VALUE":[89,92]},"DAYS_SUPPLY_DISTRIBUTION":{"CATEGORY":[],"MIN_VALUE":[],"P10_VALUE":[],"P25_VALUE":[],"MEDIAN_VALUE":[],"P75_VALUE":[],"P90_VALUE":[],"MAX_VALUE":[]},"DRUGS_BY_TYPE":{"CONCEPT_NAME":"Prescription written","COUNT_VALUE":950},"PREVALENCE_BY_GENDER_AGE_YEAR":{"TRELLIS_NAME":["70-79","80-89","80-89","70-79","60-69","70-79","80-89","70-79"],"SERIES_NAME":["MALE","FEMALE","FEMALE","MALE","MALE","MALE","FEMALE","MALE"],"X_CALENDAR_YEAR":[1998,1998,1999,1999,2000,2000,2001,2002],"Y_PREVALENCE_1000PP":[0.11967,0.2135,0.11322,0.08334,0.05548,0.06607,0.07712,0.0457]},"PREVALENCE_BY_MONTH":{"X_CALENDAR_MONTH":[199801,199802,199803,199804,199805,199806,199807,199808,199809,199810,199811,199812,199901,199902,199903,199904,199905,199906,199907,199908,199909,199910,199911,199912,200001,200002,200003,200004,200005,200006,200007,200008,200009,200010,200011,200012,200101,200102,200103,200104,200105,200106,200107,200108,200109,200110,200111,200112,200201,200202,200203,200204,200205,200206,200207,200208,200209,200210,200211,200212,200301,200302,200303],"Y_PREVALENCE_1000PP":[0.0059,0.00835,0.00992,0.01136,0.01622,0.01295,0.01191,0.01478,0.01066,0.01266,0.01324,0.00949,0.01103,0.01278,0.01128,0.01231,0.00893,0.00953,0.01181,0.00674,0.01108,0.00788,0.0096,0.00346,0.0054,0.00404,0.00749,0.00565,0.0086,0.00591,0.00708,0.00659,0.00645,0.0068,0.00673,0.00547,0.00368,0.00507,0.00458,0.00487,0.00377,0.00369,0.00397,0.00388,0.00412,0.00341,0.0046,0.00395,0.00381,0.00465,0.00373,0.00363,0.0036,0.00303,0.00356,0.00355,0.00271,0.00269,0.00241,0.00215,0.00186,0.00158,0.00158]},"DRUG_FREQUENCY_DISTRIBUTION":{"Y_NUM_PERSONS":[0,0,0,0,0,0,0,0,0,0,0,0,0,0,0,0,0,0,0,0,0,0,0,0],"X_COUNT":[1,2,6,8,9,10,11,12,13,14,15,16,18,20,22,23,25,27,28,30,33,39,41,42]},"QUANTITY_DISTRIBUTION":{"CATEGORY":"Quantity","MIN_VALUE":1,"P10_VALUE":2,"P25_VALUE":5,"MEDIAN_VALUE":5,"P75_VALUE":10,"P90_VALUE":10,"MAX_VALUE":30},"REFILLS_DISTRIBUTION":{"CATEGORY":"Refills","MIN_VALUE":0,"P10_VALUE":6,"P25_VALUE":6,"MEDIAN_VALUE":6,"P75_VALUE":6,"P90_VALUE":12,"MAX_VALUE":66}}
