{"AGE_AT_FIRST_EXPOSURE":{"CATEGORY":["MALE","FEMALE"],"MIN_VALUE":[3,12],"P10_VALUE":[57,61],"P25_VALUE":[66,69],"MEDIAN_VALUE":[75,78],"P75_VALUE":[82,85],"P90_VALUE":[87,89],"MAX_VALUE":[103,101]},"DAYS_SUPPLY_DISTRIBUTION":{"CATEGORY":[],"MIN_VALUE":[],"P10_VALUE":[],"P25_VALUE":[],"MEDIAN_VALUE":[],"P75_VALUE":[],"P90_VALUE":[],"MAX_VALUE":[]},"DRUGS_BY_TYPE":{"CONCEPT_NAME":"Prescription written","COUNT_VALUE":12377},"PREVALENCE_BY_GENDER_AGE_YEAR":{"TRELLIS_NAME":["70-79","70-79","80-89","90-99","80-89","60-69","80-89","70-79","50-59","90-99","70-79","50-59","60-69","60-69","50-59","70-79","80-89","60-69","80-89","90-99","70-79","90-99","50-59","60-69","90-99","40-49","50-59","50-59","60-69","70-79","90-99","80-89","80-89","70-79","90-99","50-59","40-49","60-69","80-89","70-79","60-69","80-89","90-99","50-59","70-79","50-59","80-89","60-69","40-49","90-99","70-79","50-59","70-79","80-89","90-99","60-69"],"SERIES_NAME":["MALE","FEMALE","MALE","FEMALE","FEMALE","FEMALE","MALE","MALE","MALE","MALE","FEMALE","FEMALE","MALE","FEMALE","MALE","FEMALE","FEMALE","MALE","MALE","FEMALE","MALE","MALE","FEMALE","MALE","MALE","FEMALE","FEMALE","MALE","FEMALE","FEMALE","FEMALE","FEMALE","MALE","MALE","MALE","MALE","MALE","FEMALE","FEMALE","MALE","MALE","MALE","FEMALE","FEMALE","FEMALE","MALE","FEMALE","FEMALE","MALE","FEMALE","FEMALE","FEMALE","MALE","MALE","MALE","MALE"],"X_CALENDAR_YEAR":[2014,2014,2014,2015,2015,2015,2015,2015,2015,2015,2015,2015,2015,2016,2016,2016,2016,2016,2016,2016,2016,2016,2016,2017,2017,2017,2017,2017,2017,2017,2017,2017,2017,2017,2018,2018,2018,2018,2018,2018,2018,2018,2018,2018,2018,2019,2019,2019,2019,2019,2019,2019,2019,2019,2019,2019],"Y_PREVALENCE_1000PP":[0.03046,0.04039,0.06344,0.1888,0.34387,0.08384,0.49092,0.28001,0.0259,0.56426,0.17572,0.01753,0.10461,0.19706,0.08764,0.35089,0.76944,0.17762,0.81663,0.62729,0.56485,1.2003,0.02054,0.25537,1.01911,0.02353,0.05666,0.10421,0.21063,0.3871,0.83031,0.96182,1.28463,0.71531,1.69907,0.11663,0.03868,0.22222,1.13261,0.76691,0.32579,1.47917,1.15434,0.04244,0.57309,0.07724,0.90424,0.13398,0.02891,0.86563,0.35385,0.0413,0.56015,1.24946,1.75729,0.2792]},"PREVALENCE_BY_MONTH":{"X_CALENDAR_MONTH":[201411,201412,201501,201502,201503,201504,201505,201506,201507,201508,201509,201510,201511,201512,201601,201602,201603,201604,201605,201606,201607,201608,201609,201610,201611,201612,201701,201702,201703,201704,201705,201706,201707,201708,201709,201710,201711,201712,201801,201802,201803,201804,201805,201806,201807,201808,201809,201810,201811,201812,201901,201902,201903],"Y_PREVALENCE_1000PP":[0.00245,0.00601,0.00789,0.00961,0.01316,0.01513,0.01686,0.02116,0.02653,0.0227,0.02721,0.03025,0.02886,0.03566,0.03636,0.04254,0.04286,0.03999,0.04957,0.05093,0.05251,0.05476,0.05764,0.06299,0.06269,0.06517,0.05997,0.06749,0.06861,0.06586,0.0716,0.07229,0.07254,0.07476,0.07529,0.08142,0.08563,0.08008,0.08362,0.08004,0.08217,0.08272,0.08329,0.08244,0.08828,0.08781,0.08338,0.09572,0.09591,0.09702,0.09285,0.08852,0.09016]},"DRUG_FREQUENCY_DISTRIBUTION":{"Y_NUM_PERSONS":[0,0,0,0,0,0,0,0,0,0,0,0,0,0,0,0,0,0,0,0,0,0,0,0,0,0,0,0,0,0,0,0,0,0,0,0,0,0,0,0,0,0,0,0,0,0,0,0,0,0,0,0,0,0],"X_COUNT":[1,2,3,4,5,6,7,8,9,10,11,12,13,14,15,16,17,18,19,20,21,22,23,24,25,26,27,28,29,30,31,32,33,34,35,36,37,38,39,41,42,43,44,45,46,47,48,49,50,51,52,53,54,56]},"QUANTITY_DISTRIBUTION":{"CATEGORY":"Quantity","MIN_VALUE":0,"P10_VALUE":5,"P25_VALUE":5,"MEDIAN_VALUE":5,"P75_VALUE":5,"P90_VALUE":10,"MAX_VALUE":60},"REFILLS_DISTRIBUTION":{"CATEGORY":"Refills","MIN_VALUE":0,"P10_VALUE":3,"P25_VALUE":4,"MEDIAN_VALUE":6,"P75_VALUE":12,"P90_VALUE":12,"MAX_VALUE":999}}
