{"AGE_AT_FIRST_EXPOSURE":{"CATEGORY":["FEMALE","MALE"],"MIN_VALUE":[25,31],"P10_VALUE":[30,32],"P25_VALUE":[33,32],"MEDIAN_VALUE":[36,38],"P75_VALUE":[39,49],"P90_VALUE":[42,53],"MAX_VALUE":[45,54]},"DAYS_SUPPLY_DISTRIBUTION":{"CATEGORY":[],"MIN_VALUE":[],"P10_VALUE":[],"P25_VALUE":[],"MEDIAN_VALUE":[],"P75_VALUE":[],"P90_VALUE":[],"MAX_VALUE":[]},"DRUGS_BY_TYPE":{"CONCEPT_NAME":"Prescription written","COUNT_VALUE":515},"PREVALENCE_BY_GENDER_AGE_YEAR":{"TRELLIS_NAME":["30-39","40-49","30-39","30-39","40-49","40-49","30-39","20-29","30-39","40-49","30-39","40-49","30-39","30-39","40-49","30-39","30-39","40-49","30-39","40-49"],"SERIES_NAME":["FEMALE","FEMALE","FEMALE","FEMALE","FEMALE","FEMALE","FEMALE","FEMALE","FEMALE","FEMALE","FEMALE","FEMALE","FEMALE","FEMALE","FEMALE","FEMALE","FEMALE","FEMALE","FEMALE","FEMALE"],"X_CALENDAR_YEAR":[2004,2005,2005,2006,2006,2007,2007,2008,2008,2009,2009,2010,2010,2011,2011,2012,2013,2014,2015,2015],"Y_PREVALENCE_1000PP":[0.03299,0.01682,0.07576,0.07665,0.02915,0.02444,0.06331,0.01546,0.07802,0.01638,0.08075,0.01391,0.07532,0.0471,0.01592,0.02488,0.0347,0.01768,0.02014,0.017]},"PREVALENCE_BY_MONTH":{"X_CALENDAR_MONTH":[200410,200501,200507,200605,200704,200705,200708,200811,200904,200909,201008,201503],"Y_PREVALENCE_1000PP":[0.00138,0.00159,0.00156,0.00172,0.00165,0.00143,0.00181,0.00114,0.00113,0.00113,0.00153,0.00129]},"DRUG_FREQUENCY_DISTRIBUTION":{"Y_NUM_PERSONS":[0,0,0,0,0,0],"X_COUNT":[1,2,3,4,5,6]},"QUANTITY_DISTRIBUTION":{"CATEGORY":"Quantity","MIN_VALUE":1,"P10_VALUE":1,"P25_VALUE":1,"MEDIAN_VALUE":1,"P75_VALUE":2,"P90_VALUE":6,"MAX_VALUE":18},"REFILLS_DISTRIBUTION":{"CATEGORY":"Refills","MIN_VALUE":0,"P10_VALUE":0,"P25_VALUE":0,"MEDIAN_VALUE":0,"P75_VALUE":0,"P90_VALUE":5,"MAX_VALUE":14}}
