{"AGE_AT_FIRST_EXPOSURE":{"CATEGORY":["MALE","FEMALE"],"MIN_VALUE":[42,49],"P10_VALUE":[64,64],"P25_VALUE":[68,71],"MEDIAN_VALUE":[75,76],"P75_VALUE":[80,83],"P90_VALUE":[85,86],"MAX_VALUE":[94,92]},"DAYS_SUPPLY_DISTRIBUTION":{"CATEGORY":"Days supply","MIN_VALUE":28,"P10_VALUE":28,"P25_VALUE":28,"MEDIAN_VALUE":42,"P75_VALUE":56,"P90_VALUE":56,"MAX_VALUE":60},"DRUGS_BY_TYPE":{"CONCEPT_NAME":"Prescription written","COUNT_VALUE":3690},"PREVALENCE_BY_GENDER_AGE_YEAR":{"TRELLIS_NAME":["80-89","70-79","70-79","70-79","70-79","80-89","80-89","60-69","70-79","80-89","70-79","70-79","80-89","70-79","70-79","70-79","60-69","80-89","80-89","70-79","70-79","60-69","80-89","80-89","70-79","80-89","80-89","70-79","60-69","70-79","70-79","80-89","70-79","70-79","80-89","70-79"],"SERIES_NAME":["FEMALE","MALE","FEMALE","MALE","FEMALE","MALE","FEMALE","MALE","FEMALE","MALE","MALE","FEMALE","MALE","MALE","MALE","FEMALE","FEMALE","MALE","FEMALE","MALE","FEMALE","MALE","FEMALE","MALE","MALE","FEMALE","MALE","FEMALE","MALE","FEMALE","MALE","FEMALE","MALE","MALE","FEMALE","MALE"],"X_CALENDAR_YEAR":[1996,1996,1996,1997,1997,1997,1997,1997,1998,1998,1998,1999,1999,1999,2000,2000,2000,2000,2000,2001,2001,2001,2001,2001,2002,2002,2002,2002,2002,2003,2003,2004,2004,2005,2005,2006],"Y_PREVALENCE_1000PP":[0.54645,0.62497,0.32799,0.31796,0.18316,0.40317,0.24206,0.11742,0.12307,0.41178,0.21939,0.09736,0.21661,0.11112,0.09911,0.06932,0.04633,0.18454,0.0995,0.07817,0.06941,0.04343,0.07712,0.18018,0.08379,0.05787,0.10332,0.04343,0.03236,0.04759,0.07194,0.05061,0.05909,0.04432,0.04857,0.03624]},"PREVALENCE_BY_MONTH":{"X_CALENDAR_MONTH":[199509,199510,199511,199512,199601,199602,199603,199604,199605,199606,199607,199608,199609,199610,199611,199612,199701,199702,199703,199704,199705,199706,199707,199708,199709,199710,199711,199712,199801,199802,199803,199804,199805,199806,199807,199808,199809,199810,199811,199812,199901,199902,199903,199904,199905,199906,199907,199908,199909,199910,199911,199912,200001,200002,200003,200004,200005,200006,200007,200008,200009,200010,200011,200012,200101,200102,200103,200104,200105,200106,200107,200108,200109,200110,200111,200112,200201,200202,200203,200204,200205,200206,200207,200208,200209,200210,200211,200212,200301,200302,200303,200304,200305,200306,200307,200308,200309,200310,200311,200312,200401,200402,200403,200404,200405,200406,200407,200408,200409,200410,200411,200412,200501,200502,200503,200504,200505,200506,200507,200508,200509,200510,200511,200512,200601,200603,200604,200605,200606,200607,200608,200609,200610,200611,200612,200701,200702,200704,200705,200706,200707,200708,200709,200710,200711,200712,200801,200802,200803,200804,200806,200809,200810,200903,200905,200908,201208,201209,201211,201212,201302,201304,201305,201307,201309,201311,201312,201401,201402,201405,201407,201605],"Y_PREVALENCE_1000PP":[0.07704,0.07163,0.08749,0.07387,0.05629,0.04989,0.03885,0.02883,0.04174,0.04875,0.04382,0.04918,0.03693,0.04154,0.03897,0.04069,0.03364,0.02655,0.02871,0.03112,0.02111,0.0284,0.02534,0.0177,0.02654,0.02128,0.01963,0.02031,0.01937,0.01754,0.0215,0.01947,0.01379,0.01538,0.01668,0.01244,0.01219,0.01341,0.01103,0.01605,0.00965,0.01143,0.01394,0.01361,0.01021,0.01271,0.00808,0.01287,0.00758,0.00957,0.01066,0.0099,0.0099,0.01032,0.01234,0.0087,0.01118,0.00929,0.01083,0.00947,0.00927,0.0076,0.01069,0.00508,0.01031,0.00833,0.00881,0.00765,0.00822,0.00805,0.00827,0.00808,0.00792,0.00714,0.00675,0.0079,0.00792,0.00843,0.00775,0.00893,0.00832,0.008,0.0074,0.00601,0.00678,0.00565,0.00402,0.0059,0.00531,0.00528,0.005,0.0055,0.00522,0.00494,0.00515,0.00488,0.00537,0.00535,0.00456,0.0053,0.0042,0.00394,0.0058,0.00428,0.00378,0.00352,0.00327,0.00325,0.00254,0.00437,0.00275,0.00344,0.00294,0.00271,0.00362,0.00203,0.00338,0.00314,0.00289,0.00266,0.00307,0.00263,0.00241,0.00285,0.0026,0.0026,0.00194,0.00193,0.00171,0.00192,0.00149,0.00127,0.00148,0.0021,0.00147,0.00145,0.00187,0.00227,0.00143,0.00162,0.00161,0.00161,0.00179,0.00177,0.00195,0.00156,0.00116,0.00116,0.00175,0.00136,0.00134,0.00152,0.00133,0.00132,0.00113,0.00132,0.00109,0.00109,0.00165,0.0011,0.00111,0.00111,0.0013,0.00148,0.0013,0.00113,0.00115,0.00153,0.00114,0.00115,0.00118,0.00152]},"DRUG_FREQUENCY_DISTRIBUTION":{"Y_NUM_PERSONS":[0,0,0,0,0,0,0,0,0,0,0,0,0,0,0,0,0,0,0,0,0,0,0,0,0,0,0,0,0,0,0,0,0,0,0,0,0,0,0,0,0,0,0,0,0,0,0,0,0,0],"X_COUNT":[1,2,3,4,5,6,7,8,9,10,11,12,13,14,15,16,17,19,20,21,22,23,24,25,26,27,29,30,33,34,36,40,45,46,47,50,51,52,54,59,61,62,65,66,70,72,81,92,96,99]},"QUANTITY_DISTRIBUTION":{"CATEGORY":"Quantity","MIN_VALUE":0,"P10_VALUE":14,"P25_VALUE":30,"MEDIAN_VALUE":56,"P75_VALUE":60,"P90_VALUE":112,"MAX_VALUE":300},"REFILLS_DISTRIBUTION":{"CATEGORY":"Refills","MIN_VALUE":0,"P10_VALUE":3,"P25_VALUE":6,"MEDIAN_VALUE":6,"P75_VALUE":12,"P90_VALUE":20,"MAX_VALUE":1200}}
