{"AGE_AT_FIRST_EXPOSURE":{"CATEGORY":["MALE","FEMALE"],"MIN_VALUE":[6,19],"P10_VALUE":[51,47],"P25_VALUE":[61,60],"MEDIAN_VALUE":[69,72],"P75_VALUE":[77,78],"P90_VALUE":[82,84],"MAX_VALUE":[93,100]},"DAYS_SUPPLY_DISTRIBUTION":{"CATEGORY":"Days supply","MIN_VALUE":30,"P10_VALUE":30,"P25_VALUE":30,"MEDIAN_VALUE":30,"P75_VALUE":30,"P90_VALUE":30,"MAX_VALUE":30},"DRUGS_BY_TYPE":{"CONCEPT_NAME":"Prescription written","COUNT_VALUE":10147},"PREVALENCE_BY_GENDER_AGE_YEAR":{"TRELLIS_NAME":["50-59","70-79","50-59","80-89","60-69","40-49","50-59","70-79","60-69","70-79","80-89","60-69","70-79","80-89","70-79","50-59","50-59","80-89","60-69","40-49","70-79","70-79","40-49","50-59","50-59","60-69","80-89","80-89","60-69","30-39","50-59","80-89","40-49","50-59","70-79","80-89","30-39","60-69","70-79","40-49","60-69","40-49","50-59","60-69","50-59","70-79","60-69","40-49","80-89","70-79","80-89","30-39","60-69","50-59","40-49","50-59","80-89","40-49","70-79","60-69","80-89","70-79","80-89","40-49","60-69","60-69","50-59","80-89","70-79","70-79","40-49","50-59","80-89","40-49","80-89","40-49","70-79","70-79","60-69","60-69","50-59","60-69","70-79","80-89","80-89"],"SERIES_NAME":["MALE","MALE","MALE","MALE","FEMALE","MALE","MALE","FEMALE","MALE","MALE","FEMALE","MALE","FEMALE","MALE","MALE","FEMALE","MALE","FEMALE","FEMALE","MALE","MALE","FEMALE","MALE","FEMALE","MALE","MALE","MALE","FEMALE","FEMALE","MALE","FEMALE","MALE","FEMALE","MALE","MALE","FEMALE","FEMALE","FEMALE","FEMALE","MALE","MALE","MALE","MALE","MALE","FEMALE","MALE","FEMALE","FEMALE","MALE","FEMALE","FEMALE","MALE","MALE","FEMALE","FEMALE","MALE","FEMALE","MALE","MALE","FEMALE","MALE","FEMALE","FEMALE","FEMALE","MALE","FEMALE","FEMALE","MALE","MALE","FEMALE","MALE","MALE","FEMALE","FEMALE","MALE","MALE","FEMALE","MALE","FEMALE","MALE","MALE","MALE","MALE","FEMALE","MALE"],"X_CALENDAR_YEAR":[2000,2000,2001,2007,2007,2007,2007,2007,2007,2007,2007,2008,2008,2008,2008,2008,2008,2008,2008,2008,2009,2009,2009,2009,2009,2009,2009,2009,2009,2010,2010,2010,2010,2010,2010,2010,2010,2010,2010,2010,2010,2011,2011,2011,2011,2011,2011,2011,2011,2011,2011,2012,2012,2012,2012,2012,2012,2012,2012,2012,2012,2012,2013,2013,2013,2013,2013,2013,2013,2013,2013,2013,2014,2014,2014,2014,2014,2014,2014,2014,2014,2015,2015,2015,2015],"Y_PREVALENCE_1000PP":[0.0391,0.06607,0.02585,0.29791,0.0967,0.01857,0.04894,0.12789,0.21391,0.29975,0.1227,0.17396,0.15645,0.28209,0.31015,0.026,0.03941,0.18063,0.06936,0.02026,0.51622,0.28276,0.02236,0.04299,0.05572,0.25244,0.46271,0.28937,0.09684,0.01721,0.10664,0.79109,0.03246,0.12286,0.71016,0.34695,0.01506,0.16028,0.43098,0.05105,0.40404,0.02842,0.04502,0.16845,0.065,0.30716,0.06996,0.02046,0.38914,0.17433,0.13053,0.01477,0.08154,0.04026,0.02074,0.02891,0.10343,0.02673,0.17284,0.04574,0.18623,0.14267,0.13227,0.02103,0.08755,0.0425,0.0237,0.15351,0.17854,0.08742,0.02711,0.03878,0.06586,0.02274,0.1586,0.02692,0.06282,0.1574,0.0257,0.08284,0.04014,0.03247,0.0549,0.05598,0.10275]},"PREVALENCE_BY_MONTH":{"X_CALENDAR_MONTH":[199906,199912,200001,200002,200003,200004,200005,200006,200007,200008,200010,200012,200101,200102,200103,200104,200105,200106,200107,200109,200206,200208,200703,200704,200705,200706,200707,200708,200709,200710,200711,200712,200801,200802,200803,200804,200805,200806,200807,200808,200809,200810,200811,200812,200901,200902,200903,200904,200905,200906,200907,200908,200909,200910,200911,200912,201001,201002,201003,201004,201005,201006,201007,201008,201009,201010,201011,201012,201101,201102,201103,201104,201105,201106,201107,201108,201109,201110,201111,201112,201201,201202,201203,201204,201205,201206,201207,201208,201209,201210,201211,201212,201301,201302,201303,201304,201305,201306,201307,201308,201309,201310,201311,201312,201401,201402,201403,201404,201405,201406,201407,201408,201409,201410,201411,201412,201501,201502,201503,201504,201505,201506,201507,201508,201509,201510,201511,201512,201601,201602,201603,201604],"Y_PREVALENCE_1000PP":[0.00445,0.00544,0.00675,0.00404,0.00441,0.00348,0.0043,0.0038,0.00416,0.00329,0.0048,0.00313,0.00331,0.00435,0.00247,0.00348,0.00205,0.00268,0.00364,0.00254,0.00165,0.00164,0.00166,0.00124,0.00962,0.00791,0.01126,0.01045,0.01195,0.01752,0.01639,0.0162,0.01665,0.01495,0.01615,0.01647,0.01607,0.0144,0.01588,0.01339,0.01464,0.01423,0.01554,0.01647,0.01735,0.01867,0.02108,0.02174,0.01923,0.02467,0.02463,0.01884,0.02554,0.02561,0.02908,0.03214,0.03141,0.03361,0.04186,0.04603,0.04193,0.04565,0.03992,0.03968,0.04196,0.04241,0.04535,0.04314,0.02579,0.02035,0.01929,0.01518,0.01715,0.01528,0.01505,0.0152,0.01439,0.014,0.01715,0.01477,0.01419,0.01419,0.01436,0.01545,0.01092,0.00946,0.01039,0.00926,0.0087,0.01126,0.01116,0.01031,0.01376,0.01289,0.01222,0.00999,0.01002,0.01282,0.01168,0.01002,0.00945,0.00842,0.01111,0.01229,0.0105,0.00935,0.00823,0.00939,0.00881,0.00891,0.00862,0.00829,0.00912,0.00728,0.0049,0.00539,0.0056,0.00543,0.00432,0.00692,0.00389,0.0045,0.0054,0.0018,0.0027,0.00303,0.00237,0.00271,0.00346,0.00299,0.00274,0.0015]},"DRUG_FREQUENCY_DISTRIBUTION":{"Y_NUM_PERSONS":[0,0,0,0,0,0,0,0,0,0,0,0,0,0,0,0,0,0,0,0,0,0,0,0,0,0,0,0,0,0,0,0,0,0,0,0,0,0,0,0,0,0,0,0,0,0,0],"X_COUNT":[1,2,3,4,5,6,7,8,9,10,11,12,13,14,15,16,17,18,19,20,21,22,23,24,25,26,27,28,29,30,31,32,33,34,35,36,37,39,40,41,42,43,44,45,48,49,50]},"QUANTITY_DISTRIBUTION":{"CATEGORY":"Quantity","MIN_VALUE":3,"P10_VALUE":28,"P25_VALUE":28,"MEDIAN_VALUE":50,"P75_VALUE":56,"P90_VALUE":84,"MAX_VALUE":350},"REFILLS_DISTRIBUTION":{"CATEGORY":"Refills","MIN_VALUE":0,"P10_VALUE":3,"P25_VALUE":6,"MEDIAN_VALUE":6,"P75_VALUE":9,"P90_VALUE":12,"MAX_VALUE":123}}
