{"AGE_AT_FIRST_EXPOSURE":{"CATEGORY":["FEMALE","MALE"],"MIN_VALUE":[13,10],"P10_VALUE":[22,19],"P25_VALUE":[31,28],"MEDIAN_VALUE":[45,47],"P75_VALUE":[54,60],"P90_VALUE":[66,68],"MAX_VALUE":[82,81]},"DAYS_SUPPLY_DISTRIBUTION":{"CATEGORY":"Days supply","MIN_VALUE":56,"P10_VALUE":56,"P25_VALUE":56,"MEDIAN_VALUE":56,"P75_VALUE":56,"P90_VALUE":56,"MAX_VALUE":56},"DRUGS_BY_TYPE":{"CONCEPT_NAME":"Prescription written","COUNT_VALUE":2508},"PREVALENCE_BY_GENDER_AGE_YEAR":{"TRELLIS_NAME":["60-69","60-69","50-59","60-69","50-59","40-49","20-29","50-59","40-49","20-29","60-69","50-59","60-69","50-59","20-29","20-29","50-59","40-49","50-59","30-39","50-59","60-69","20-29","60-69","50-59","30-39","50-59","20-29","30-39","60-69","50-59","20-29","50-59","50-59","40-49","60-69","50-59"],"SERIES_NAME":["MALE","MALE","MALE","MALE","MALE","FEMALE","MALE","FEMALE","FEMALE","MALE","MALE","MALE","MALE","MALE","MALE","FEMALE","FEMALE","FEMALE","FEMALE","MALE","MALE","MALE","MALE","MALE","FEMALE","MALE","MALE","FEMALE","MALE","MALE","MALE","MALE","FEMALE","FEMALE","MALE","MALE","MALE"],"X_CALENDAR_YEAR":[2011,2012,2012,2013,2013,2013,2013,2014,2014,2014,2014,2014,2015,2015,2015,2015,2015,2016,2016,2016,2016,2016,2016,2017,2017,2017,2017,2018,2018,2018,2018,2018,2018,2019,2019,2019,2019],"Y_PREVALENCE_1000PP":[0.02184,0.02195,0.0184,0.02189,0.01551,0.02103,0.01547,0.01631,0.01768,0.0193,0.02982,0.01873,0.02525,0.02303,0.02432,0.01741,0.02922,0.02068,0.0445,0.0237,0.02697,0.02599,0.02183,0.0442,0.03777,0.02215,0.02233,0.0264,0.03694,0.0497,0.03332,0.0277,0.04669,0.0413,0.02891,0.03564,0.0318]},"PREVALENCE_BY_MONTH":{"X_CALENDAR_MONTH":[201010,201011,201012,201101,201102,201103,201104,201105,201106,201107,201108,201109,201110,201111,201112,201201,201202,201203,201204,201205,201206,201207,201208,201209,201210,201211,201212,201301,201302,201303,201304,201305,201306,201307,201308,201309,201310,201311,201312,201401,201402,201403,201404,201405,201406,201407,201408,201409,201410,201411,201412,201501,201502,201503,201504,201505,201506,201507,201508,201509,201510,201511,201512,201601,201602,201603,201604,201605,201606,201607,201608,201609,201610,201611,201612,201701,201702,201703,201704,201705,201706,201707,201708,201709,201710,201711,201712,201801,201802,201803,201804,201805,201806,201807,201808,201809,201810,201811,201812,201901,201902,201903],"Y_PREVALENCE_1000PP":[0.00132,0.00131,0.00113,0.0015,0.00131,0.00148,0.00222,0.00129,0.00166,0.00184,0.00238,0.00219,0.00273,0.00219,0.00401,0.00364,0.00346,0.00345,0.00327,0.00328,0.004,0.00419,0.00345,0.00381,0.00363,0.00366,0.00442,0.00385,0.00368,0.00352,0.00426,0.00334,0.00353,0.005,0.00427,0.00482,0.00542,0.00414,0.00403,0.00477,0.00363,0.0044,0.00326,0.00441,0.00388,0.0047,0.00454,0.00456,0.00465,0.00409,0.00456,0.00477,0.00481,0.00518,0.0054,0.00605,0.00653,0.00607,0.00674,0.0063,0.00791,0.00591,0.00664,0.00668,0.00722,0.00897,0.00875,0.00607,0.01003,0.00735,0.00801,0.00643,0.00842,0.00712,0.00904,0.00548,0.00756,0.00822,0.0077,0.00685,0.00874,0.0076,0.00912,0.00886,0.0074,0.00905,0.00518,0.0071,0.0068,0.00958,0.00648,0.00895,0.00992,0.00694,0.00764,0.00799,0.00716,0.01051,0.00987,0.0082,0.01123,0.00627]},"DRUG_FREQUENCY_DISTRIBUTION":{"Y_NUM_PERSONS":[0,0,0,0,0,0,0,0,0,0,0,0,0,0,0,0,0,0,0,0,0,0,0,0,0,0,0,0,0,0,0,0,0,0,0,0,0,0,0,0],"X_COUNT":[1,2,3,4,5,6,7,8,9,10,11,12,13,14,15,16,17,18,19,20,21,23,24,25,26,27,28,30,32,33,35,36,38,39,41,44,46,47,51,54]},"QUANTITY_DISTRIBUTION":{"CATEGORY":"Quantity","MIN_VALUE":0,"P10_VALUE":28,"P25_VALUE":30,"MEDIAN_VALUE":50,"P75_VALUE":56,"P90_VALUE":60,"MAX_VALUE":172},"REFILLS_DISTRIBUTION":{"CATEGORY":"Refills","MIN_VALUE":0,"P10_VALUE":2,"P25_VALUE":3,"MEDIAN_VALUE":6,"P75_VALUE":7,"P90_VALUE":12,"MAX_VALUE":999}}
