{"AGE_AT_FIRST_EXPOSURE":{"CATEGORY":["MALE","FEMALE"],"MIN_VALUE":[12,14],"P10_VALUE":[24,26],"P25_VALUE":[34,38],"MEDIAN_VALUE":[45,50],"P75_VALUE":[56,61],"P90_VALUE":[66,74],"MAX_VALUE":[85,83]},"DAYS_SUPPLY_DISTRIBUTION":{"CATEGORY":[],"MIN_VALUE":[],"P10_VALUE":[],"P25_VALUE":[],"MEDIAN_VALUE":[],"P75_VALUE":[],"P90_VALUE":[],"MAX_VALUE":[]},"DRUGS_BY_TYPE":{"CONCEPT_NAME":"Prescription written","COUNT_VALUE":321},"PREVALENCE_BY_GENDER_AGE_YEAR":{"TRELLIS_NAME":["30-39","60-69","50-59","40-49","50-59","30-39","40-49","40-49","60-69","30-39","50-59","40-49","40-49","40-49"],"SERIES_NAME":["MALE","FEMALE","FEMALE","FEMALE","MALE","FEMALE","FEMALE","MALE","MALE","MALE","FEMALE","MALE","MALE","FEMALE"],"X_CALENDAR_YEAR":[2013,2014,2014,2014,2014,2014,2015,2016,2016,2017,2017,2017,2018,2018],"Y_PREVALENCE_1000PP":[0.01728,0.01928,0.02718,0.01768,0.01606,0.01839,0.017,0.0267,0.02599,0.02954,0.03022,0.03401,0.03868,0.02688]},"PREVALENCE_BY_MONTH":{"X_CALENDAR_MONTH":[201306,201401,201406,201408,201410,201412,201502,201506,201601,201702,201704,201706,201707,201809],"Y_PREVALENCE_1000PP":[0.0013,0.00115,0.0031,0.00118,0.00121,0.00166,0.00188,0.00203,0.00173,0.00448,0.00257,0.00175,0.00322,0.00192]},"DRUG_FREQUENCY_DISTRIBUTION":{"Y_NUM_PERSONS":[0,0,0,0],"X_COUNT":[1,2,3,4]},"QUANTITY_DISTRIBUTION":{"CATEGORY":"Quantity","MIN_VALUE":0,"P10_VALUE":1,"P25_VALUE":1,"MEDIAN_VALUE":1,"P75_VALUE":2,"P90_VALUE":2,"MAX_VALUE":2},"REFILLS_DISTRIBUTION":{"CATEGORY":"Refills","MIN_VALUE":0,"P10_VALUE":0,"P25_VALUE":1,"MEDIAN_VALUE":1,"P75_VALUE":2,"P90_VALUE":3,"MAX_VALUE":999}}
