{"AGE_AT_FIRST_EXPOSURE":{"CATEGORY":["MALE","FEMALE"],"MIN_VALUE":[11,16],"P10_VALUE":[46,41],"P25_VALUE":[61,52],"MEDIAN_VALUE":[75,67],"P75_VALUE":[84,81],"P90_VALUE":[88,88],"MAX_VALUE":[100,100]},"DAYS_SUPPLY_DISTRIBUTION":{"CATEGORY":"Days supply","MIN_VALUE":28,"P10_VALUE":28,"P25_VALUE":28,"MEDIAN_VALUE":28,"P75_VALUE":28,"P90_VALUE":28,"MAX_VALUE":56},"DRUGS_BY_TYPE":{"CONCEPT_NAME":"Prescription written","COUNT_VALUE":1693},"PREVALENCE_BY_GENDER_AGE_YEAR":{"TRELLIS_NAME":["50-59","40-49","50-59","60-69","80-89","70-79","40-49","50-59","60-69","70-79","70-79","80-89","60-69","70-79","80-89","50-59","70-79","40-49","80-89","60-69","70-79","70-79","60-69","80-89","80-89","80-89"],"SERIES_NAME":["FEMALE","FEMALE","FEMALE","FEMALE","FEMALE","FEMALE","FEMALE","FEMALE","FEMALE","FEMALE","MALE","FEMALE","FEMALE","FEMALE","FEMALE","FEMALE","MALE","FEMALE","FEMALE","FEMALE","FEMALE","FEMALE","FEMALE","FEMALE","MALE","FEMALE"],"X_CALENDAR_YEAR":[2013,2014,2014,2014,2014,2014,2015,2015,2015,2015,2015,2015,2016,2016,2016,2016,2016,2016,2017,2017,2017,2018,2018,2018,2018,2019],"Y_PREVALENCE_1000PP":[0.0158,0.02274,0.01631,0.01928,0.06586,0.03141,0.017,0.03799,0.03144,0.03417,0.03843,0.06398,0.03773,0.06225,0.14427,0.03765,0.06347,0.02413,0.1513,0.0383,0.0553,0.08187,0.04336,0.18268,0.11766,0.14627]},"PREVALENCE_BY_MONTH":{"X_CALENDAR_MONTH":[201306,201307,201308,201309,201310,201311,201312,201401,201402,201403,201404,201405,201406,201407,201408,201409,201410,201411,201412,201501,201502,201503,201504,201505,201506,201507,201508,201509,201510,201511,201512,201601,201602,201603,201604,201605,201606,201607,201608,201609,201610,201611,201612,201701,201702,201703,201704,201705,201706,201707,201708,201709,201710,201711,201712,201801,201802,201803,201804,201805,201806,201807,201808,201809,201810,201811,201812,201901,201902,201903],"Y_PREVALENCE_1000PP":[0.00111,0.00111,0.00148,0.00167,0.0015,0.00226,0.00192,0.00325,0.00382,0.00325,0.00326,0.00402,0.00484,0.00431,0.00336,0.00337,0.00263,0.00327,0.00394,0.00394,0.00439,0.00345,0.00454,0.00367,0.00405,0.0045,0.00494,0.0036,0.00442,0.00426,0.00467,0.00495,0.00473,0.00548,0.005,0.00632,0.00566,0.00709,0.00641,0.00858,0.00679,0.00712,0.00767,0.00466,0.00392,0.00397,0.00485,0.00542,0.00554,0.00468,0.00412,0.00443,0.00592,0.00482,0.00548,0.0071,0.0068,0.0068,0.00494,0.00555,0.00558,0.01104,0.00541,0.00639,0.00554,0.00755,0.00724,0.00591,0.00528,0.00528]},"DRUG_FREQUENCY_DISTRIBUTION":{"Y_NUM_PERSONS":[0,0,0,0,0,0,0,0,0,0,0,0,0,0,0,0,0,0,0,0,0,0,0,0,0,0,0,0,0],"X_COUNT":[1,2,3,4,5,6,7,8,9,10,11,13,14,15,16,18,19,20,21,22,23,25,26,27,30,31,33,35,39]},"QUANTITY_DISTRIBUTION":{"CATEGORY":"Quantity","MIN_VALUE":0,"P10_VALUE":7,"P25_VALUE":14,"MEDIAN_VALUE":28,"P75_VALUE":56,"P90_VALUE":60,"MAX_VALUE":224},"REFILLS_DISTRIBUTION":{"CATEGORY":"Refills","MIN_VALUE":0,"P10_VALUE":3,"P25_VALUE":4,"MEDIAN_VALUE":6,"P75_VALUE":12,"P90_VALUE":12,"MAX_VALUE":999}}
