{"AGE_AT_FIRST_EXPOSURE":{"CATEGORY":"FEMALE","MIN_VALUE":19,"P10_VALUE":44,"P25_VALUE":47,"MEDIAN_VALUE":50,"P75_VALUE":53,"P90_VALUE":56,"MAX_VALUE":69},"DAYS_SUPPLY_DISTRIBUTION":{"CATEGORY":[],"MIN_VALUE":[],"P10_VALUE":[],"P25_VALUE":[],"MEDIAN_VALUE":[],"P75_VALUE":[],"P90_VALUE":[],"MAX_VALUE":[]},"DRUGS_BY_TYPE":{"CONCEPT_NAME":"Prescription written","COUNT_VALUE":581},"PREVALENCE_BY_GENDER_AGE_YEAR":{"TRELLIS_NAME":["40-49","50-59","50-59","40-49","50-59","40-49","40-49","50-59","40-49","50-59","40-49","50-59","50-59","40-49","50-59","50-59","40-49","50-59","40-49","50-59","40-49","40-49","50-59"],"SERIES_NAME":["FEMALE","FEMALE","FEMALE","FEMALE","FEMALE","FEMALE","FEMALE","FEMALE","FEMALE","FEMALE","FEMALE","FEMALE","FEMALE","FEMALE","FEMALE","FEMALE","FEMALE","FEMALE","FEMALE","FEMALE","FEMALE","FEMALE","FEMALE"],"X_CALENDAR_YEAR":[2008,2008,2009,2009,2010,2010,2011,2011,2012,2012,2013,2013,2014,2014,2015,2016,2016,2017,2017,2018,2018,2019,2019],"Y_PREVALENCE_1000PP":[0.01893,0.02889,0.0258,0.01872,0.05332,0.04637,0.04093,0.04063,0.02305,0.03489,0.02804,0.04476,0.03261,0.03537,0.01753,0.03423,0.03102,0.03777,0.05489,0.05093,0.03136,0.07495,0.10095]},"PREVALENCE_BY_MONTH":{"X_CALENDAR_MONTH":[200804,200807,200810,200910,201002,201003,201004,201006,201007,201009,201010,201011,201101,201102,201103,201104,201105,201106,201107,201108,201109,201201,201205,201207,201303,201305,201306,201307,201309,201310,201312,201401,201402,201404,201405,201406,201801,201901,201902,201903],"Y_PREVALENCE_1000PP":[0.00116,0.00115,0.00133,0.00113,0.00114,0.00171,0.00171,0.00115,0.00153,0.0019,0.00113,0.00169,0.00168,0.00205,0.00167,0.00167,0.00166,0.00166,0.00147,0.00128,0.00146,0.00109,0.00109,0.00109,0.00111,0.00111,0.00149,0.00111,0.00148,0.00168,0.00154,0.00134,0.00114,0.00153,0.00172,0.00116,0.00309,0.00197,0.00231,0.00859]},"DRUG_FREQUENCY_DISTRIBUTION":{"Y_NUM_PERSONS":[0,0,0,0,0,0,0,0,0,0,0],"X_COUNT":[1,2,3,4,5,6,7,9,10,11,12]},"QUANTITY_DISTRIBUTION":{"CATEGORY":"Quantity","MIN_VALUE":3,"P10_VALUE":56,"P25_VALUE":84,"MEDIAN_VALUE":84,"P75_VALUE":84,"P90_VALUE":168,"MAX_VALUE":336},"REFILLS_DISTRIBUTION":{"CATEGORY":"Refills","MIN_VALUE":0,"P10_VALUE":0,"P25_VALUE":0,"MEDIAN_VALUE":0,"P75_VALUE":1,"P90_VALUE":4,"MAX_VALUE":12}}
