{"AGE_AT_FIRST_EXPOSURE":{"CATEGORY":["MALE","FEMALE"],"MIN_VALUE":[14,30],"P10_VALUE":[33,47],"P25_VALUE":[48,55],"MEDIAN_VALUE":[64,68],"P75_VALUE":[73,77],"P90_VALUE":[82,84],"MAX_VALUE":[91,92]},"DAYS_SUPPLY_DISTRIBUTION":{"CATEGORY":"Days supply","MIN_VALUE":28,"P10_VALUE":28,"P25_VALUE":28,"MEDIAN_VALUE":30,"P75_VALUE":60,"P90_VALUE":60,"MAX_VALUE":84},"DRUGS_BY_TYPE":{"CONCEPT_NAME":"Prescription written","COUNT_VALUE":244},"PREVALENCE_BY_GENDER_AGE_YEAR":{"TRELLIS_NAME":["60-69","60-69","40-49","70-79","50-59","80-89","60-69","70-79","80-89","50-59","70-79"],"SERIES_NAME":["FEMALE","FEMALE","FEMALE","FEMALE","MALE","MALE","MALE","MALE","FEMALE","FEMALE","FEMALE"],"X_CALENDAR_YEAR":[1995,1996,1996,1996,1996,1996,1996,1996,1996,1996,1997],"Y_PREVALENCE_1000PP":[0.78421,0.65178,0.17949,0.72886,0.23789,0.72029,0.20685,0.28845,0.42502,0.29665,0.12211]},"PREVALENCE_BY_MONTH":{"X_CALENDAR_MONTH":[199509,199510,199512,199601,199602,199603,199604,199605,199606,199607,199608,199609,199610,199611,199612,199701,199704],"Y_PREVALENCE_1000PP":[0.07704,0.05571,0.05372,0.04691,0.06236,0.04591,0.04484,0.03339,0.01857,0.04173,0.01324,0.01477,0.02528,0.01864,0.01695,0.02288,0.00958]},"DRUG_FREQUENCY_DISTRIBUTION":{"Y_NUM_PERSONS":[0,0,0,0,0],"X_COUNT":[1,2,3,4,5]},"QUANTITY_DISTRIBUTION":{"CATEGORY":"Quantity","MIN_VALUE":1,"P10_VALUE":20,"P25_VALUE":28,"MEDIAN_VALUE":40,"P75_VALUE":56,"P90_VALUE":60,"MAX_VALUE":120},"REFILLS_DISTRIBUTION":{"CATEGORY":"Refills","MIN_VALUE":0,"P10_VALUE":0,"P25_VALUE":0,"MEDIAN_VALUE":3,"P75_VALUE":6,"P90_VALUE":12,"MAX_VALUE":99}}
