{"AGE_AT_FIRST_EXPOSURE":{"CATEGORY":["FEMALE","MALE"],"MIN_VALUE":[13,21],"P10_VALUE":[33,35],"P25_VALUE":[40,45],"MEDIAN_VALUE":[52,54],"P75_VALUE":[63,65],"P90_VALUE":[73,73],"MAX_VALUE":[97,85]},"DAYS_SUPPLY_DISTRIBUTION":{"CATEGORY":"Days supply","MIN_VALUE":28,"P10_VALUE":28,"P25_VALUE":28,"MEDIAN_VALUE":28,"P75_VALUE":30,"P90_VALUE":84,"MAX_VALUE":84},"DRUGS_BY_TYPE":{"CONCEPT_NAME":"Prescription written","COUNT_VALUE":993},"PREVALENCE_BY_GENDER_AGE_YEAR":{"TRELLIS_NAME":["50-59","40-49","60-69","30-39","30-39","40-49","50-59","60-69","70-79","70-79","40-49","50-59","70-79","50-59","60-69","60-69","70-79","20-29","50-59","70-79","40-49","60-69","60-69","40-49","50-59","30-39"],"SERIES_NAME":["FEMALE","FEMALE","FEMALE","MALE","FEMALE","MALE","MALE","MALE","FEMALE","MALE","FEMALE","FEMALE","MALE","MALE","FEMALE","MALE","MALE","FEMALE","FEMALE","FEMALE","MALE","MALE","FEMALE","FEMALE","MALE","FEMALE"],"X_CALENDAR_YEAR":[2000,2000,2000,2000,2000,2000,2000,2000,2000,2000,2001,2001,2001,2001,2001,2001,2002,2002,2002,2002,2002,2002,2002,2002,2002,2002],"Y_PREVALENCE_1000PP":[0.07466,0.08054,0.11584,0.03442,0.04401,0.05624,0.08936,0.10304,0.05199,0.07709,0.04975,0.03545,0.05211,0.04309,0.07881,0.07445,0.06094,0.02297,0.07782,0.03723,0.02056,0.05394,0.06891,0.0396,0.06426,0.03077]},"PREVALENCE_BY_MONTH":{"X_CALENDAR_MONTH":[199711,199801,199803,199804,199806,199808,199810,199811,199901,199902,199904,199906,199908,199909,199910,199911,199912,200001,200002,200003,200004,200005,200006,200007,200008,200009,200010,200011,200012,200101,200102,200103,200104,200105,200106,200107,200108,200109,200110,200111,200112,200201,200202,200203,200204,200205,200206,200207,200208,200209,200210,200211,200212,200301,200303],"Y_PREVALENCE_1000PP":[0.00589,0.00505,0.00579,0.00487,0.00729,0.00467,0.00596,0.00515,0.00483,0.00471,0.00389,0.00763,0.0049,0.00466,0.0045,0.00533,0.00445,0.00495,0.00359,0.01498,0.00826,0.01591,0.0114,0.01166,0.00864,0.01007,0.0104,0.00911,0.00742,0.007,0.00543,0.00599,0.00278,0.00377,0.00638,0.00397,0.00517,0.0038,0.00621,0.00553,0.00395,0.00499,0.00465,0.00574,0.00558,0.00721,0.00552,0.00713,0.00765,0.00787,0.00861,0.00804,0.00456,0.00345,0.00158]},"DRUG_FREQUENCY_DISTRIBUTION":{"Y_NUM_PERSONS":[0,0,0,0,0,0,0,0,0,0,0,0,0,0,0,0,0],"X_COUNT":[1,2,3,4,5,6,7,8,9,10,11,12,15,16,17,19,21]},"QUANTITY_DISTRIBUTION":{"CATEGORY":"Quantity","MIN_VALUE":1,"P10_VALUE":40,"P25_VALUE":56,"MEDIAN_VALUE":56,"P75_VALUE":56,"P90_VALUE":112,"MAX_VALUE":180},"REFILLS_DISTRIBUTION":{"CATEGORY":"Refills","MIN_VALUE":0,"P10_VALUE":0,"P25_VALUE":0,"MEDIAN_VALUE":6,"P75_VALUE":6,"P90_VALUE":12,"MAX_VALUE":30}}
