{"AGE_AT_FIRST_EXPOSURE":{"CATEGORY":["MALE","FEMALE"],"MIN_VALUE":[1,6],"P10_VALUE":[8,8],"P25_VALUE":[13,13],"MEDIAN_VALUE":[24,35],"P75_VALUE":[49,56],"P90_VALUE":[67,72],"MAX_VALUE":[92,96]},"DAYS_SUPPLY_DISTRIBUTION":{"CATEGORY":"Days supply","MIN_VALUE":28,"P10_VALUE":28,"P25_VALUE":28,"MEDIAN_VALUE":28,"P75_VALUE":30,"P90_VALUE":30,"MAX_VALUE":100},"DRUGS_BY_TYPE":{"CONCEPT_NAME":"Prescription written","COUNT_VALUE":5442},"PREVALENCE_BY_GENDER_AGE_YEAR":{"TRELLIS_NAME":["10-19","10-19","10-19","60-69","60-69","30-39","10-19","50-59","60-69","20-29","70-79","30-39","10-19","20-29","10-19","60-69","40-49","20-29","10-19","0-9","70-79","60-69","40-49","50-59","20-29","0-9","20-29","40-49","0-9","60-69","20-29","50-59","30-39","0-9","10-19","10-19","20-29","10-19","0-9","10-19","30-39","20-29","10-19","0-9","10-19","50-59","0-9","10-19","10-19","20-29","10-19","50-59","20-29","10-19","10-19","10-19","20-29","50-59"],"SERIES_NAME":["MALE","MALE","FEMALE","FEMALE","MALE","MALE","FEMALE","FEMALE","MALE","MALE","MALE","MALE","FEMALE","MALE","MALE","FEMALE","FEMALE","MALE","MALE","FEMALE","MALE","FEMALE","MALE","MALE","FEMALE","MALE","FEMALE","MALE","FEMALE","FEMALE","MALE","MALE","MALE","MALE","FEMALE","MALE","MALE","FEMALE","MALE","MALE","MALE","MALE","MALE","MALE","FEMALE","MALE","MALE","FEMALE","MALE","MALE","FEMALE","MALE","MALE","MALE","MALE","FEMALE","MALE","MALE"],"X_CALENDAR_YEAR":[2009,2010,2010,2010,2010,2011,2011,2011,2011,2011,2012,2012,2012,2012,2012,2012,2013,2013,2013,2013,2013,2013,2013,2013,2013,2013,2014,2014,2014,2014,2014,2014,2014,2014,2014,2014,2015,2015,2015,2015,2015,2016,2016,2016,2016,2016,2017,2017,2017,2017,2018,2018,2018,2018,2019,2019,2019,2019],"Y_PREVALENCE_1000PP":[0.01844,0.01839,0.0302,0.01886,0.02565,0.02192,0.03601,0.02438,0.01872,0.0257,0.0305,0.01723,0.02617,0.03083,0.01835,0.0183,0.01402,0.03868,0.0367,0.02063,0.02976,0.02125,0.02033,0.0181,0.0148,0.02247,0.01573,0.02937,0.0187,0.01928,0.04137,0.01873,0.01841,0.0238,0.03765,0.03886,0.03648,0.03714,0.04235,0.04945,0.02016,0.02911,0.08805,0.03874,0.03505,0.0236,0.03459,0.03362,0.11105,0.04053,0.03207,0.02499,0.04155,0.13435,0.10781,0.03546,0.03733,0.0318]},"PREVALENCE_BY_MONTH":{"X_CALENDAR_MONTH":[200809,200810,200811,200812,200901,200902,200903,200904,200905,200906,200907,200908,200909,200910,200911,200912,201001,201002,201003,201004,201005,201006,201007,201008,201009,201010,201011,201012,201101,201102,201103,201104,201105,201106,201107,201108,201109,201110,201111,201112,201201,201202,201203,201204,201205,201206,201207,201208,201209,201210,201211,201212,201301,201302,201303,201304,201305,201306,201307,201308,201309,201310,201311,201312,201401,201402,201403,201404,201405,201406,201407,201408,201409,201410,201411,201412,201501,201502,201503,201504,201505,201506,201507,201508,201509,201510,201511,201512,201601,201602,201603,201604,201605,201606,201607,201608,201609,201610,201611,201612,201701,201702,201703,201704,201705,201706,201707,201708,201709,201710,201711,201712,201801,201802,201803,201804,201805,201806,201807,201808,201809,201810,201811,201812,201901,201902,201903],"Y_PREVALENCE_1000PP":[0.00114,0.00152,0.00152,0.0017,0.00283,0.00302,0.00282,0.00321,0.00302,0.00339,0.00244,0.00339,0.00338,0.00264,0.00378,0.00304,0.00303,0.00361,0.00323,0.00418,0.00457,0.00554,0.0042,0.00382,0.00475,0.00434,0.00581,0.00525,0.00505,0.00598,0.00705,0.00629,0.00811,0.00755,0.00679,0.00806,0.00747,0.00709,0.00711,0.00675,0.00673,0.00782,0.00672,0.00673,0.00819,0.006,0.00893,0.0069,0.00671,0.00799,0.00878,0.00773,0.00863,0.0081,0.00815,0.0087,0.0091,0.00929,0.00945,0.01021,0.00926,0.01048,0.00998,0.01018,0.0105,0.01107,0.00938,0.01092,0.00862,0.00969,0.00862,0.00809,0.00793,0.00789,0.00797,0.00892,0.01038,0.0094,0.01122,0.00951,0.0093,0.01126,0.01034,0.00944,0.01147,0.00954,0.00946,0.01008,0.00989,0.00896,0.01221,0.00975,0.00961,0.01029,0.00919,0.00988,0.01019,0.00842,0.00794,0.00986,0.00958,0.0098,0.01162,0.01283,0.01113,0.0137,0.01141,0.01148,0.01152,0.01332,0.01146,0.0137,0.01389,0.01236,0.01328,0.01358,0.0145,0.01457,0.01482,0.01368,0.01086,0.01302,0.01084,0.0148,0.01148,0.01255,0.01321]},"DRUG_FREQUENCY_DISTRIBUTION":{"Y_NUM_PERSONS":[0,0,0,0,0,0,0,0,0,0,0,0,0,0,0,0,0,0,0,0,0,0,0,0,0,0,0,0,0,0,0,0,0,0,0,0,0,0,0,0,0,0,0,0,0,0,0,0,0,0,0],"X_COUNT":[1,2,3,4,5,6,7,8,9,10,11,12,13,14,15,16,17,18,19,20,21,22,23,24,25,26,27,28,29,30,31,32,35,36,37,38,39,40,42,43,44,46,47,48,49,53,54,59,61,65,67]},"QUANTITY_DISTRIBUTION":{"CATEGORY":"Quantity","MIN_VALUE":0,"P10_VALUE":42,"P25_VALUE":56,"MEDIAN_VALUE":100,"P75_VALUE":140,"P90_VALUE":200,"MAX_VALUE":480},"REFILLS_DISTRIBUTION":{"CATEGORY":"Refills","MIN_VALUE":0,"P10_VALUE":2,"P25_VALUE":4,"MEDIAN_VALUE":6,"P75_VALUE":12,"P90_VALUE":13,"MAX_VALUE":999}}
