{"AGE_AT_FIRST_EXPOSURE":{"CATEGORY":["FEMALE","MALE"],"MIN_VALUE":[20,20],"P10_VALUE":[36,40],"P25_VALUE":[51,46],"MEDIAN_VALUE":[66,59],"P75_VALUE":[76,74],"P90_VALUE":[79,83],"MAX_VALUE":[87,93]},"DAYS_SUPPLY_DISTRIBUTION":{"CATEGORY":"Days supply","MIN_VALUE":30,"P10_VALUE":30,"P25_VALUE":30,"MEDIAN_VALUE":30,"P75_VALUE":30,"P90_VALUE":30,"MAX_VALUE":30},"DRUGS_BY_TYPE":{"CONCEPT_NAME":"Prescription written","COUNT_VALUE":623},"PREVALENCE_BY_GENDER_AGE_YEAR":{"TRELLIS_NAME":[],"SERIES_NAME":[],"X_CALENDAR_YEAR":[],"Y_PREVALENCE_1000PP":[]},"PREVALENCE_BY_MONTH":{"X_CALENDAR_MONTH":[200803,200805,200809,200810,200811,200903,200906,200907,200910,201001,201003,201004,201005,201006,201008,201010,201012,201101,201102,201103,201105,201106,201107,201108,201109,201110,201111,201203,201206,201207,201208,201210,201301,201310,201404,201405,201407,201408,201409,201502],"Y_PREVALENCE_1000PP":[0.00117,0.00116,0.00114,0.00133,0.00114,0.00132,0.00132,0.0015,0.00151,0.00114,0.00171,0.00114,0.00133,0.00115,0.00172,0.00132,0.00113,0.00112,0.00131,0.00167,0.00148,0.00147,0.00147,0.00147,0.00127,0.00127,0.00146,0.00145,0.00109,0.00128,0.00145,0.00109,0.0011,0.00112,0.00115,0.00115,0.00118,0.00138,0.00139,0.00125]},"DRUG_FREQUENCY_DISTRIBUTION":{"Y_NUM_PERSONS":[0,0,0,0,0,0,0,0,0,0,0,0,0,0,0,0],"X_COUNT":[1,2,3,4,5,6,7,8,9,10,11,13,14,17,21,24]},"QUANTITY_DISTRIBUTION":{"CATEGORY":"Quantity","MIN_VALUE":1,"P10_VALUE":84,"P25_VALUE":84,"MEDIAN_VALUE":90,"P75_VALUE":90,"P90_VALUE":168,"MAX_VALUE":360},"REFILLS_DISTRIBUTION":{"CATEGORY":"Refills","MIN_VALUE":0,"P10_VALUE":1,"P25_VALUE":3,"MEDIAN_VALUE":6,"P75_VALUE":6,"P90_VALUE":12,"MAX_VALUE":13}}
