{"AGE_AT_FIRST_EXPOSURE":{"CATEGORY":["FEMALE","MALE"],"MIN_VALUE":[17,13],"P10_VALUE":[53,54],"P25_VALUE":[62,64],"MEDIAN_VALUE":[73,72],"P75_VALUE":[79,80],"P90_VALUE":[84,84],"MAX_VALUE":[94,93]},"DAYS_SUPPLY_DISTRIBUTION":{"CATEGORY":[],"MIN_VALUE":[],"P10_VALUE":[],"P25_VALUE":[],"MEDIAN_VALUE":[],"P75_VALUE":[],"P90_VALUE":[],"MAX_VALUE":[]},"DRUGS_BY_TYPE":{"CONCEPT_NAME":"Prescription written","COUNT_VALUE":2249},"PREVALENCE_BY_GENDER_AGE_YEAR":{"TRELLIS_NAME":["70-79","60-69","60-69","70-79","70-79","80-89","50-59","50-59","60-69","60-69","40-49","80-89","70-79","80-89","50-59","50-59","70-79","50-59","50-59","60-69","80-89","80-89","70-79","40-49","70-79","60-69","50-59","70-79","80-89","70-79","60-69","60-69","80-89","50-59","80-89","80-89","60-69","50-59","60-69","50-59","70-79","70-79","60-69","80-89","80-89","60-69","70-79","70-79"],"SERIES_NAME":["MALE","MALE","FEMALE","MALE","FEMALE","FEMALE","FEMALE","MALE","FEMALE","MALE","FEMALE","FEMALE","FEMALE","MALE","FEMALE","MALE","MALE","FEMALE","MALE","FEMALE","MALE","FEMALE","FEMALE","FEMALE","MALE","MALE","MALE","FEMALE","FEMALE","MALE","FEMALE","MALE","MALE","FEMALE","MALE","FEMALE","MALE","FEMALE","FEMALE","MALE","MALE","FEMALE","MALE","MALE","FEMALE","FEMALE","FEMALE","MALE"],"X_CALENDAR_YEAR":[2013,2014,2014,2014,2014,2014,2014,2014,2015,2015,2015,2015,2015,2015,2015,2015,2015,2016,2016,2016,2016,2016,2016,2016,2016,2016,2017,2017,2017,2017,2017,2017,2017,2017,2018,2018,2018,2018,2018,2018,2018,2018,2019,2019,2019,2019,2019,2019],"Y_PREVALENCE_1000PP":[0.02976,0.02651,0.03856,0.07108,0.07628,0.04391,0.02446,0.01873,0.04891,0.07215,0.017,0.12795,0.15132,0.2055,0.02338,0.03454,0.1702,0.04108,0.04719,0.10901,0.40831,0.2116,0.2094,0.03102,0.31098,0.1083,0.04466,0.27036,0.25937,0.25448,0.13404,0.12768,0.43828,0.05666,0.48745,0.35318,0.14357,0.0382,0.11924,0.03749,0.18983,0.19103,0.06535,0.2354,0.15957,0.05825,0.06499,0.11203]},"PREVALENCE_BY_MONTH":{"X_CALENDAR_MONTH":[201303,201306,201307,201308,201309,201310,201312,201401,201403,201404,201405,201406,201407,201408,201409,201410,201411,201412,201501,201502,201503,201504,201505,201506,201507,201508,201509,201510,201511,201512,201601,201602,201603,201604,201605,201606,201607,201608,201609,201610,201611,201612,201701,201702,201703,201704,201705,201706,201707,201708,201709,201710,201711,201712,201801,201802,201803,201804,201805,201806,201807,201808,201809,201810,201811,201812,201901,201902,201903],"Y_PREVALENCE_1000PP":[0.00148,0.0013,0.00167,0.00148,0.00111,0.00168,0.00269,0.00153,0.00249,0.00306,0.00287,0.00388,0.00255,0.00316,0.00396,0.00344,0.00429,0.00394,0.00415,0.00376,0.00432,0.00454,0.00476,0.00608,0.0063,0.00584,0.00562,0.00605,0.0071,0.00959,0.00767,0.00796,0.00947,0.0095,0.00961,0.00797,0.00814,0.01095,0.01072,0.0095,0.01013,0.01041,0.01232,0.01176,0.01446,0.0077,0.0117,0.01049,0.01024,0.00824,0.0124,0.00977,0.01025,0.00944,0.00833,0.00865,0.00958,0.01327,0.01234,0.00837,0.01135,0.01209,0.01118,0.01335,0.01051,0.01151,0.01148,0.01288,0.01321]},"DRUG_FREQUENCY_DISTRIBUTION":{"Y_NUM_PERSONS":[0,0,0,0,0,0,0,0,0,0,0,0,0,0,0,0,0,0,0,0,0,0,0,0,0],"X_COUNT":[1,2,3,4,5,6,7,8,9,10,11,13,15,16,17,18,19,20,21,22,25,26,27,30,31]},"QUANTITY_DISTRIBUTION":{"CATEGORY":"Quantity","MIN_VALUE":1,"P10_VALUE":5,"P25_VALUE":5,"MEDIAN_VALUE":5,"P75_VALUE":5,"P90_VALUE":10,"MAX_VALUE":84},"REFILLS_DISTRIBUTION":{"CATEGORY":"Refills","MIN_VALUE":0,"P10_VALUE":0,"P25_VALUE":0,"MEDIAN_VALUE":0,"P75_VALUE":4,"P90_VALUE":6,"MAX_VALUE":22}}
