{"AGE_AT_FIRST_EXPOSURE":{"CATEGORY":["FEMALE","MALE"],"MIN_VALUE":[45,35],"P10_VALUE":[61,56],"P25_VALUE":[68,66],"MEDIAN_VALUE":[77,73],"P75_VALUE":[84,80],"P90_VALUE":[88,84],"MAX_VALUE":[95,93]},"DAYS_SUPPLY_DISTRIBUTION":{"CATEGORY":"Days supply","MIN_VALUE":7,"P10_VALUE":28,"P25_VALUE":28,"MEDIAN_VALUE":28,"P75_VALUE":30,"P90_VALUE":56,"MAX_VALUE":100},"DRUGS_BY_TYPE":{"CONCEPT_NAME":"Prescription written","COUNT_VALUE":5234},"PREVALENCE_BY_GENDER_AGE_YEAR":{"TRELLIS_NAME":["80-89","60-69","60-69","70-79","70-79","80-89","60-69","70-79","80-89","90-99","80-89","70-79","60-69","50-59","60-69","70-79","80-89","80-89","60-69","50-59","70-79","70-79","60-69","70-79","90-99","60-69","50-59","80-89","80-89","80-89","60-69","80-89","60-69","70-79","70-79","50-59","70-79","60-69","70-79","60-69","80-89","80-89","80-89","80-89","60-69","70-79","60-69","70-79","90-99","80-89","80-89","70-79"],"SERIES_NAME":["FEMALE","MALE","FEMALE","FEMALE","MALE","MALE","FEMALE","MALE","FEMALE","FEMALE","MALE","FEMALE","MALE","MALE","MALE","FEMALE","MALE","FEMALE","FEMALE","MALE","MALE","FEMALE","FEMALE","MALE","FEMALE","MALE","MALE","MALE","FEMALE","FEMALE","MALE","MALE","FEMALE","MALE","FEMALE","MALE","FEMALE","FEMALE","MALE","MALE","MALE","FEMALE","MALE","FEMALE","MALE","MALE","FEMALE","FEMALE","FEMALE","FEMALE","MALE","FEMALE"],"X_CALENDAR_YEAR":[1996,1996,1996,1996,1996,1996,1997,1997,1997,1997,1997,1997,1997,1997,1998,1998,1998,1998,1998,1998,1998,1999,1999,1999,1999,1999,1999,1999,1999,2000,2000,2000,2000,2000,2000,2000,2001,2001,2001,2001,2001,2001,2002,2002,2002,2002,2002,2002,2002,2003,2003,2003],"Y_PREVALENCE_1000PP":[0.78931,0.41369,0.26071,0.58309,0.81727,1.44058,0.26068,0.92737,1.0028,1.25089,1.4111,0.52912,0.25441,0.12926,0.13228,0.23075,0.66914,0.56043,0.15507,0.07489,0.65818,0.11899,0.10826,0.33335,0.72127,0.11168,0.05776,0.57762,0.37739,0.28429,0.11097,0.39544,0.06178,0.19822,0.15596,0.03351,0.12494,0.05456,0.08685,0.06204,0.30031,0.24238,0.24108,0.16398,0.04315,0.06094,0.04771,0.09306,0.30641,0.08165,0.11199,0.03569]},"PREVALENCE_BY_MONTH":{"X_CALENDAR_MONTH":[199409,199411,199412,199508,199509,199510,199511,199512,199601,199602,199603,199604,199605,199606,199607,199608,199609,199610,199611,199612,199701,199702,199703,199704,199705,199706,199707,199708,199709,199710,199711,199712,199801,199802,199803,199804,199805,199806,199807,199808,199809,199810,199811,199812,199901,199902,199903,199904,199905,199906,199907,199908,199909,199910,199911,199912,200001,200002,200003,200004,200005,200006,200007,200008,200009,200010,200011,200012,200101,200102,200103,200104,200105,200106,200107,200108,200109,200110,200111,200112,200201,200202,200203,200204,200205,200206,200207,200208,200209,200210,200211,200212,200301,200302,200303,200304,200305,200306,200307],"Y_PREVALENCE_1000PP":[0.90827,0.90717,1.05724,0.10616,0.09631,0.13531,0.15113,0.10073,0.10789,0.06236,0.08476,0.07687,0.10853,0.06964,0.08763,0.08512,0.08309,0.09752,0.06778,0.09155,0.07132,0.09104,0.09112,0.09695,0.09852,0.08412,0.09293,0.07706,0.07961,0.08006,0.0805,0.08801,0.05981,0.0543,0.05126,0.05031,0.04704,0.04291,0.04606,0.03655,0.04189,0.04023,0.03972,0.04087,0.0393,0.03766,0.04182,0.04018,0.03381,0.03813,0.03358,0.0288,0.03032,0.02759,0.02612,0.02474,0.0297,0.02603,0.02864,0.02304,0.02581,0.02026,0.02373,0.02058,0.02055,0.0212,0.02138,0.01914,0.01694,0.01847,0.01268,0.01531,0.0154,0.01443,0.01587,0.01648,0.01521,0.01614,0.01688,0.0152,0.01643,0.01453,0.0135,0.01479,0.01524,0.01407,0.01289,0.01202,0.00977,0.00968,0.00885,0.00698,0.00849,0.00555,0.00605,0.00577,0.00496,0.0039,0.0018]},"DRUG_FREQUENCY_DISTRIBUTION":{"Y_NUM_PERSONS":[0,0,0,0,0,0,0,0,0,0,0,0,0,0,0,0,0,0,0,0,0,0,0,0,0,0,0,0,0,0,0,0,0,0,0,0,0,0,0,0,0,0,0,0,0,0,0,0,0,0,0],"X_COUNT":[1,2,3,4,5,6,7,8,9,10,11,12,13,14,15,16,17,18,19,20,21,22,23,24,25,26,27,28,29,30,31,32,34,35,36,37,40,41,43,44,46,48,49,51,52,53,54,58,59,60,62]},"QUANTITY_DISTRIBUTION":{"CATEGORY":"Quantity","MIN_VALUE":0,"P10_VALUE":30,"P25_VALUE":56,"MEDIAN_VALUE":60,"P75_VALUE":112,"P90_VALUE":120,"MAX_VALUE":600},"REFILLS_DISTRIBUTION":{"CATEGORY":"Refills","MIN_VALUE":0,"P10_VALUE":3,"P25_VALUE":6,"MEDIAN_VALUE":6,"P75_VALUE":12,"P90_VALUE":12,"MAX_VALUE":99}}
