{"AGE_AT_FIRST_EXPOSURE":{"CATEGORY":["MALE","FEMALE"],"MIN_VALUE":[12,14],"P10_VALUE":[33,39],"P25_VALUE":[49,50],"MEDIAN_VALUE":[66,65],"P75_VALUE":[76,78],"P90_VALUE":[85,85],"MAX_VALUE":[98,106]},"DAYS_SUPPLY_DISTRIBUTION":{"CATEGORY":[],"MIN_VALUE":[],"P10_VALUE":[],"P25_VALUE":[],"MEDIAN_VALUE":[],"P75_VALUE":[],"P90_VALUE":[],"MAX_VALUE":[]},"DRUGS_BY_TYPE":{"CONCEPT_NAME":"Prescription written","COUNT_VALUE":733},"PREVALENCE_BY_GENDER_AGE_YEAR":{"TRELLIS_NAME":["50-59","60-69","40-49","70-79","80-89","70-79","50-59","40-49","50-59","70-79","60-69","80-89","60-69","40-49","70-79","40-49","30-39","70-79","80-89","60-69","70-79","60-69","50-59","80-89","70-79"],"SERIES_NAME":["FEMALE","FEMALE","FEMALE","FEMALE","FEMALE","FEMALE","FEMALE","MALE","MALE","MALE","FEMALE","FEMALE","MALE","FEMALE","FEMALE","FEMALE","FEMALE","MALE","FEMALE","FEMALE","FEMALE","MALE","FEMALE","MALE","FEMALE"],"X_CALENDAR_YEAR":[2012,2012,2012,2012,2012,2013,2013,2013,2013,2013,2013,2013,2013,2013,2014,2015,2015,2015,2015,2015,2015,2015,2015,2015,2017],"Y_PREVALENCE_1000PP":[0.03489,0.04879,0.01383,0.04904,0.06895,0.05682,0.01843,0.02033,0.02844,0.0496,0.03947,0.07658,0.02814,0.01869,0.04487,0.03117,0.01727,0.03294,0.10396,0.04891,0.05369,0.02886,0.02922,0.07992,0.03687]},"PREVALENCE_BY_MONTH":{"X_CALENDAR_MONTH":[201207,201208,201209,201210,201211,201212,201301,201302,201303,201304,201305,201306,201307,201308,201309,201407,201408,201409,201410,201411,201412,201501,201502,201503,201504,201505,201506,201507,201508,201509,201510,201511,201512,201603,201604,201605,201606,201607,201609,201610,201703,201709,201710,201711,201807],"Y_PREVALENCE_1000PP":[0.00346,0.00418,0.0029,0.00309,0.00201,0.00202,0.00275,0.00258,0.00259,0.00444,0.00241,0.00371,0.00371,0.00427,0.0013,0.00157,0.00158,0.00218,0.00243,0.00163,0.0027,0.00353,0.00376,0.00237,0.00346,0.00281,0.00338,0.00495,0.00157,0.00315,0.00233,0.00237,0.00246,0.0015,0.00175,0.00202,0.00334,0.00158,0.00188,0.00163,0.00198,0.00177,0.00207,0.00241,0.00189]},"DRUG_FREQUENCY_DISTRIBUTION":{"Y_NUM_PERSONS":[0,0,0,0,0,0,0,0,0,0,0,0,0],"X_COUNT":[1,2,3,4,5,6,7,8,9,10,11,12,14]},"QUANTITY_DISTRIBUTION":{"CATEGORY":"Quantity","MIN_VALUE":30,"P10_VALUE":50,"P25_VALUE":50,"MEDIAN_VALUE":50,"P75_VALUE":50,"P90_VALUE":100,"MAX_VALUE":500},"REFILLS_DISTRIBUTION":{"CATEGORY":"Refills","MIN_VALUE":0,"P10_VALUE":0,"P25_VALUE":0,"MEDIAN_VALUE":0,"P75_VALUE":3,"P90_VALUE":6,"MAX_VALUE":999}}
