{"AGE_AT_FIRST_EXPOSURE":{"CATEGORY":["FEMALE","MALE"],"MIN_VALUE":[1,1],"P10_VALUE":[6,5],"P25_VALUE":[9,7],"MEDIAN_VALUE":[25,11],"P75_VALUE":[56,28],"P90_VALUE":[71,61],"MAX_VALUE":[93,93]},"DAYS_SUPPLY_DISTRIBUTION":{"CATEGORY":"Days supply","MIN_VALUE":28,"P10_VALUE":28,"P25_VALUE":30,"MEDIAN_VALUE":30,"P75_VALUE":30,"P90_VALUE":56,"MAX_VALUE":56},"DRUGS_BY_TYPE":{"CONCEPT_NAME":"Prescription written","COUNT_VALUE":3773},"PREVALENCE_BY_GENDER_AGE_YEAR":{"TRELLIS_NAME":["40-49","0-9","30-39","0-9","10-19","10-19","10-19","10-19","0-9","50-59","70-79","50-59","0-9","20-29","60-69","70-79","30-39","40-49","50-59","70-79","30-39","30-39","0-9","10-19","50-59","40-49","70-79","60-69","40-49","80-89","0-9","10-19","20-29","60-69","20-29","10-19","60-69","50-59","40-49","30-39","20-29","50-59","10-19","70-79","30-39","40-49","70-79","0-9","0-9","20-29","60-69","80-89","10-19","30-39","40-49","50-59","10-19","70-79","30-39","60-69","20-29","0-9","60-69","0-9","80-89","10-19"],"SERIES_NAME":["FEMALE","MALE","FEMALE","FEMALE","FEMALE","MALE","MALE","FEMALE","FEMALE","FEMALE","MALE","MALE","MALE","FEMALE","FEMALE","FEMALE","FEMALE","FEMALE","FEMALE","MALE","FEMALE","MALE","FEMALE","MALE","MALE","FEMALE","FEMALE","MALE","MALE","FEMALE","MALE","FEMALE","MALE","FEMALE","FEMALE","MALE","FEMALE","FEMALE","MALE","MALE","MALE","MALE","FEMALE","MALE","FEMALE","FEMALE","FEMALE","MALE","FEMALE","FEMALE","MALE","FEMALE","MALE","MALE","FEMALE","FEMALE","FEMALE","FEMALE","FEMALE","MALE","FEMALE","MALE","FEMALE","FEMALE","FEMALE","MALE"],"X_CALENDAR_YEAR":[1997,1997,1997,1997,1997,1997,1998,1998,1998,1998,1998,1998,1998,1998,1998,1998,1998,1998,1999,1999,1999,1999,1999,1999,1999,1999,1999,1999,1999,1999,1999,1999,1999,1999,1999,2000,2000,2000,2000,2000,2000,2000,2000,2000,2000,2000,2000,2000,2000,2000,2000,2000,2001,2001,2001,2001,2001,2001,2001,2001,2001,2001,2001,2001,2001,2002],"Y_PREVALENCE_1000PP":[0.0914,0.46245,0.08836,0.36735,0.18655,0.28842,0.83017,0.754,0.68508,0.18649,0.11967,0.10698,0.92608,0.07824,0.21146,0.12307,0.09955,0.14015,0.14877,0.22223,0.18521,0.06068,0.59817,0.69929,0.06498,0.15774,0.21635,0.09137,0.05915,0.20757,0.85343,0.61268,0.04347,0.20667,0.1023,0.71683,0.22395,0.21248,0.0767,0.06884,0.07421,0.06144,0.695,0.16518,0.15404,0.1396,0.32059,0.79245,0.64247,0.16198,0.11097,0.18479,0.23974,0.02367,0.02902,0.03988,0.23343,0.10411,0.04502,0.04343,0.03022,0.24731,0.097,0.18908,0.07712,0.03619]},"PREVALENCE_BY_MONTH":{"X_CALENDAR_MONTH":[199709,199710,199711,199712,199801,199802,199803,199804,199805,199806,199807,199808,199809,199810,199811,199812,199901,199902,199903,199904,199905,199906,199907,199908,199909,199910,199911,199912,200001,200002,200003,200004,200005,200006,200007,200008,200009,200010,200011,200012,200101,200102,200103,200104,200105,200106,200107],"Y_PREVALENCE_1000PP":[0.01633,0.02533,0.03927,0.05513,0.03369,0.04845,0.03969,0.04706,0.03569,0.04615,0.0413,0.03655,0.05027,0.05066,0.04119,0.07006,0.04275,0.0464,0.05045,0.04148,0.05167,0.04004,0.05161,0.04228,0.04956,0.05517,0.05811,0.06086,0.0477,0.04848,0.05463,0.03783,0.0529,0.06331,0.04997,0.04405,0.04592,0.0548,0.05584,0.04922,0.0567,0.02643,0.0148,0.00835,0.00513,0.00436,0.00231]},"DRUG_FREQUENCY_DISTRIBUTION":{"Y_NUM_PERSONS":[0,0,0,0,0,0,0,0,0,0,0,0,0,0,0,0,0,0],"X_COUNT":[1,2,3,4,5,6,7,8,9,10,11,12,13,14,15,16,17,19]},"QUANTITY_DISTRIBUTION":{"CATEGORY":"Quantity","MIN_VALUE":0,"P10_VALUE":1,"P25_VALUE":1,"MEDIAN_VALUE":1,"P75_VALUE":1,"P90_VALUE":2,"MAX_VALUE":200},"REFILLS_DISTRIBUTION":{"CATEGORY":"Refills","MIN_VALUE":0,"P10_VALUE":0,"P25_VALUE":0,"MEDIAN_VALUE":6,"P75_VALUE":6,"P90_VALUE":12,"MAX_VALUE":99}}
