{"AGE_AT_FIRST_EXPOSURE":{"CATEGORY":["MALE","FEMALE"],"MIN_VALUE":[0,1],"P10_VALUE":[0,1],"P25_VALUE":[0,2],"MEDIAN_VALUE":[1,5],"P75_VALUE":[10,8],"P90_VALUE":[54,17],"MAX_VALUE":[92,87]},"DAYS_SUPPLY_DISTRIBUTION":{"CATEGORY":[],"MIN_VALUE":[],"P10_VALUE":[],"P25_VALUE":[],"MEDIAN_VALUE":[],"P75_VALUE":[],"P90_VALUE":[],"MAX_VALUE":[]},"DRUGS_BY_TYPE":{"CONCEPT_NAME":"Prescription written","COUNT_VALUE":417},"PREVALENCE_BY_GENDER_AGE_YEAR":{"TRELLIS_NAME":["0-9","0-9","0-9"],"SERIES_NAME":["MALE","MALE","MALE"],"X_CALENDAR_YEAR":[2014,2015,2017],"Y_PREVALENCE_1000PP":[0.02082,0.0228,0.02595]},"PREVALENCE_BY_MONTH":{"X_CALENDAR_MONTH":[201307,201310,201311,201312,201401,201402,201404,201405,201406,201408,201409,201412,201505,201506,201507,201508,201509,201511,201512,201605,201606,201608],"Y_PREVALENCE_1000PP":[0.00111,0.00112,0.00113,0.00134,0.00134,0.00134,0.00134,0.00134,0.00136,0.00178,0.00119,0.00145,0.0013,0.00158,0.00157,0.00157,0.00135,0.00166,0.00148,0.00152,0.00154,0.00187]},"DRUG_FREQUENCY_DISTRIBUTION":{"Y_NUM_PERSONS":[0,0,0,0,0,0,0,0,0,0,0,0,0,0],"X_COUNT":[1,2,3,4,5,6,7,9,12,15,17,19,21,22]},"QUANTITY_DISTRIBUTION":{"CATEGORY":"Quantity","MIN_VALUE":28,"P10_VALUE":200,"P25_VALUE":300,"MEDIAN_VALUE":450,"P75_VALUE":600,"P90_VALUE":1000,"MAX_VALUE":2400},"REFILLS_DISTRIBUTION":{"CATEGORY":"Refills","MIN_VALUE":0,"P10_VALUE":1,"P25_VALUE":3,"MEDIAN_VALUE":6,"P75_VALUE":6,"P90_VALUE":10,"MAX_VALUE":99}}
