{"AGE_AT_FIRST_EXPOSURE":{"CATEGORY":["MALE","FEMALE"],"MIN_VALUE":[37,38],"P10_VALUE":[47,51],"P25_VALUE":[54,58],"MEDIAN_VALUE":[63,65],"P75_VALUE":[71,74],"P90_VALUE":[75,81],"MAX_VALUE":[86,89]},"DAYS_SUPPLY_DISTRIBUTION":{"CATEGORY":[],"MIN_VALUE":[],"P10_VALUE":[],"P25_VALUE":[],"MEDIAN_VALUE":[],"P75_VALUE":[],"P90_VALUE":[],"MAX_VALUE":[]},"DRUGS_BY_TYPE":{"CONCEPT_NAME":"Prescription written","COUNT_VALUE":2727},"PREVALENCE_BY_GENDER_AGE_YEAR":{"TRELLIS_NAME":["60-69","60-69","50-59","50-59","50-59","70-79","70-79","60-69","60-69","70-79","60-69","70-79","70-79","60-69","60-69","70-79"],"SERIES_NAME":["MALE","MALE","MALE","FEMALE","MALE","MALE","FEMALE","FEMALE","MALE","MALE","FEMALE","FEMALE","FEMALE","MALE","FEMALE","FEMALE"],"X_CALENDAR_YEAR":[2001,2002,2002,2002,2005,2005,2005,2005,2006,2006,2006,2006,2007,2007,2007,2013],"Y_PREVALENCE_1000PP":[0.04963,0.03775,0.02268,0.02335,0.02512,0.04432,0.05315,0.05002,0.03143,0.03624,0.03869,0.04086,0.04737,0.02104,0.02763,0.02623]},"PREVALENCE_BY_MONTH":{"X_CALENDAR_MONTH":[200104,200105,200106,200107,200108,200109,200110,200111,200112,200201,200202,200203,200204,200205,200206,200207,200208,200209,200210,200211,200212,200301,200302,200303,200304,200305,200306,200307,200308,200309,200310,200311,200312,200401,200402,200403,200404,200405,200406,200407,200408,200409,200410,200411,200412,200501,200502,200503,200504,200505,200506,200507,200508,200509,200510,200511,200512,200601,200602,200603,200604,200605,200606,200607,200608,200609,200610,200611,200612,200701,200702,200703,200704,200705,200706,200707,200708,200709,200710,200711,200712,200801,200802,200803,200804,200805,200806,200807,200808,200809,200810,200811,200812,200901,200902,200903,200904,200905,200906,200907,200908,200909,200910,200911,200912,201001,201002,201003,201004,201005,201006,201007,201008,201009,201010,201011,201012,201101,201102,201103,201104,201105,201106,201107,201108,201212,201304,201309,201311,201405,201406,201407,201408,201409,201410,201411,201704,201705,201706],"Y_PREVALENCE_1000PP":[0.00348,0.00377,0.00436,0.00496,0.00388,0.00412,0.00528,0.00522,0.00425,0.00411,0.00523,0.00517,0.00363,0.0036,0.00276,0.00411,0.00355,0.00407,0.00403,0.00375,0.00322,0.00345,0.00343,0.00394,0.00367,0.00339,0.0039,0.00309,0.00359,0.00358,0.00382,0.00253,0.00404,0.00222,0.00345,0.0029,0.00238,0.00237,0.00235,0.00233,0.00256,0.00324,0.00184,0.00275,0.00298,0.00362,0.00294,0.00384,0.00361,0.00405,0.00358,0.00356,0.00532,0.00549,0.00702,0.00788,0.00591,0.00714,0.00694,0.00585,0.00711,0.00687,0.00748,0.00727,0.00703,0.00764,0.00718,0.00693,0.00609,0.00665,0.0056,0.00746,0.00536,0.00512,0.00588,0.00462,0.00462,0.00458,0.00512,0.00429,0.00371,0.00407,0.00311,0.0037,0.00368,0.00348,0.00326,0.00268,0.00364,0.00304,0.00322,0.00246,0.00341,0.00283,0.00245,0.00282,0.00321,0.00264,0.00264,0.00282,0.00151,0.00244,0.00188,0.00245,0.0019,0.00227,0.00171,0.00266,0.00152,0.00229,0.00229,0.00229,0.00229,0.00171,0.00188,0.00225,0.00244,0.00168,0.00187,0.00185,0.00167,0.00166,0.00184,0.0011,0.0011,0.0011,0.00167,0.0013,0.00132,0.00134,0.00136,0.00118,0.00138,0.00119,0.00142,0.00143,0.00171,0.00171,0.00204]},"DRUG_FREQUENCY_DISTRIBUTION":{"Y_NUM_PERSONS":[0,0,0,0,0,0,0,0,0,0,0,0,0,0,0,0,0,0,0,0,0,0,0,0,0,0,0,0,0,0,0,0,0,0,0,0,0,0,0,0,0,0,0],"X_COUNT":[1,2,3,4,5,6,7,8,9,10,11,12,13,14,15,16,17,18,19,20,21,23,24,25,28,29,31,35,41,42,44,45,47,48,49,52,57,67,69,70,76,79,82]},"QUANTITY_DISTRIBUTION":{"CATEGORY":"Quantity","MIN_VALUE":7,"P10_VALUE":28,"P25_VALUE":28,"MEDIAN_VALUE":28,"P75_VALUE":56,"P90_VALUE":56,"MAX_VALUE":112},"REFILLS_DISTRIBUTION":{"CATEGORY":"Refills","MIN_VALUE":0,"P10_VALUE":2,"P25_VALUE":6,"MEDIAN_VALUE":6,"P75_VALUE":12,"P90_VALUE":12,"MAX_VALUE":60}}
