{"AGE_AT_FIRST_EXPOSURE":{"CATEGORY":["MALE","FEMALE"],"MIN_VALUE":[0,0],"P10_VALUE":[0,1],"P25_VALUE":[1,1],"MEDIAN_VALUE":[2,2],"P75_VALUE":[3,4],"P90_VALUE":[5,5],"MAX_VALUE":[21,96]},"DAYS_SUPPLY_DISTRIBUTION":{"CATEGORY":"Days supply","MIN_VALUE":5,"P10_VALUE":5,"P25_VALUE":5,"MEDIAN_VALUE":5,"P75_VALUE":7,"P90_VALUE":7,"MAX_VALUE":7},"DRUGS_BY_TYPE":{"CONCEPT_NAME":"Prescription written","COUNT_VALUE":2907},"PREVALENCE_BY_GENDER_AGE_YEAR":{"TRELLIS_NAME":["0-9","0-9","0-9","0-9","0-9","0-9","0-9","0-9","0-9","0-9","0-9","0-9","0-9","0-9","0-9","0-9","0-9","0-9","0-9","0-9","0-9","0-9"],"SERIES_NAME":["FEMALE","MALE","FEMALE","MALE","FEMALE","MALE","MALE","FEMALE","MALE","FEMALE","MALE","FEMALE","FEMALE","MALE","MALE","FEMALE","FEMALE","MALE","MALE","FEMALE","FEMALE","MALE"],"X_CALENDAR_YEAR":[2002,2003,2009,2009,2010,2010,2011,2011,2012,2012,2013,2013,2014,2014,2015,2015,2016,2016,2017,2017,2018,2018],"Y_PREVALENCE_1000PP":[0.02862,0.02896,0.41675,0.45839,0.58798,0.77546,0.62536,0.56034,0.66189,0.58592,0.44664,0.40369,0.3864,0.45814,0.28667,0.18118,0.09757,0.14721,0.07351,0.07703,0.07804,0.04968]},"PREVALENCE_BY_MONTH":{"X_CALENDAR_MONTH":[200904,200905,200906,200907,200908,200909,200910,200911,200912,201001,201002,201003,201004,201005,201006,201007,201008,201009,201010,201011,201012,201101,201102,201103,201104,201105,201106,201107,201108,201109,201110,201111,201112,201201,201202,201203,201204,201205,201206,201207,201208,201209,201210,201211,201212,201301,201302,201303,201304,201305,201306,201307,201308,201309,201310,201311,201312,201401,201402,201403,201404,201405,201406,201407,201408,201409,201410,201411,201412,201501,201502,201503,201504,201505,201506,201507,201508,201510,201511,201512,201601,201602,201603,201605,201611,201709,201711],"Y_PREVALENCE_1000PP":[0.00699,0.00603,0.00358,0.00564,0.0049,0.0062,0.00621,0.01001,0.01236,0.00681,0.00854,0.00875,0.00894,0.00915,0.00802,0.00554,0.0042,0.00437,0.00773,0.01181,0.01613,0.00897,0.00971,0.00983,0.00648,0.00682,0.00515,0.00404,0.00256,0.00401,0.00763,0.01022,0.00948,0.00764,0.0131,0.0129,0.00618,0.00564,0.00546,0.00401,0.00327,0.00344,0.00854,0.00896,0.01067,0.00496,0.00553,0.00759,0.00463,0.00613,0.00334,0.00334,0.00204,0.00408,0.00673,0.0064,0.00864,0.00497,0.0103,0.01014,0.00421,0.00575,0.00581,0.00411,0.00197,0.00278,0.00364,0.00531,0.00643,0.00415,0.0046,0.00324,0.00367,0.00324,0.00248,0.0027,0.00157,0.00163,0.00379,0.00492,0.00247,0.00224,0.00299,0.00177,0.00164,0.00177,0.00211]},"DRUG_FREQUENCY_DISTRIBUTION":{"Y_NUM_PERSONS":[0,0,0,0,0,0,0,0],"X_COUNT":[1,2,3,4,5,6,7,10]},"QUANTITY_DISTRIBUTION":{"CATEGORY":"Quantity","MIN_VALUE":14,"P10_VALUE":140,"P25_VALUE":140,"MEDIAN_VALUE":140,"P75_VALUE":140,"P90_VALUE":140,"MAX_VALUE":1401},"REFILLS_DISTRIBUTION":{"CATEGORY":"Refills","MIN_VALUE":0,"P10_VALUE":0,"P25_VALUE":0,"MEDIAN_VALUE":0,"P75_VALUE":0,"P90_VALUE":0,"MAX_VALUE":12}}
