{"AGE_AT_FIRST_EXPOSURE":{"CATEGORY":["FEMALE","MALE"],"MIN_VALUE":[49,51],"P10_VALUE":[52,51],"P25_VALUE":[57,74],"MEDIAN_VALUE":[71,78],"P75_VALUE":[74,79],"P90_VALUE":[75,82],"MAX_VALUE":[77,82]},"DAYS_SUPPLY_DISTRIBUTION":{"CATEGORY":"Days supply","MIN_VALUE":28,"P10_VALUE":28,"P25_VALUE":28,"MEDIAN_VALUE":28,"P75_VALUE":28,"P90_VALUE":28,"MAX_VALUE":28},"DRUGS_BY_TYPE":{"CONCEPT_NAME":"Prescription written","COUNT_VALUE":382},"PREVALENCE_BY_GENDER_AGE_YEAR":{"TRELLIS_NAME":"70-79","SERIES_NAME":"FEMALE","X_CALENDAR_YEAR":2001,"Y_PREVALENCE_1000PP":0.04165},"PREVALENCE_BY_MONTH":{"X_CALENDAR_MONTH":[199905,199907,199909,199911,200001,200002,200003,200004,200005,200006,200007,200008,200009,200010,200011,200012,200101,200102,200103,200104,200105,200106,200107,200108,200109,200110,200111,200112,200201,200202],"Y_PREVALENCE_1000PP":[0.00383,0.00435,0.0035,0.0032,0.0036,0.00269,0.00397,0.00304,0.0043,0.0038,0.00333,0.0037,0.00322,0.004,0.00356,0.00273,0.00295,0.0029,0.00247,0.00278,0.00205,0.00302,0.00298,0.00291,0.00317,0.00279,0.00276,0.00243,0.00205,0.00233]},"DRUG_FREQUENCY_DISTRIBUTION":{"Y_NUM_PERSONS":[0,0,0,0,0,0,0,0,0,0],"X_COUNT":[1,2,3,4,8,11,23,25,27,28]},"QUANTITY_DISTRIBUTION":{"CATEGORY":"Quantity","MIN_VALUE":3,"P10_VALUE":28,"P25_VALUE":56,"MEDIAN_VALUE":56,"P75_VALUE":56,"P90_VALUE":126,"MAX_VALUE":180},"REFILLS_DISTRIBUTION":{"CATEGORY":"Refills","MIN_VALUE":0,"P10_VALUE":3,"P25_VALUE":6,"MEDIAN_VALUE":6,"P75_VALUE":6,"P90_VALUE":20,"MAX_VALUE":99}}
