{"AGE_AT_FIRST_EXPOSURE":{"CATEGORY":["FEMALE","MALE"],"MIN_VALUE":[26,29],"P10_VALUE":[48,51],"P25_VALUE":[61,58],"MEDIAN_VALUE":[70,65],"P75_VALUE":[78,73],"P90_VALUE":[83,81],"MAX_VALUE":[100,95]},"DAYS_SUPPLY_DISTRIBUTION":{"CATEGORY":[],"MIN_VALUE":[],"P10_VALUE":[],"P25_VALUE":[],"MEDIAN_VALUE":[],"P75_VALUE":[],"P90_VALUE":[],"MAX_VALUE":[]},"DRUGS_BY_TYPE":{"CONCEPT_NAME":"Prescription written","COUNT_VALUE":549},"PREVALENCE_BY_GENDER_AGE_YEAR":{"TRELLIS_NAME":["60-69","70-79","60-69","50-59","60-69","70-79","60-69","50-59","60-69","70-79","70-79","80-89","60-69","60-69","50-59","60-69","70-79","80-89","60-69","70-79","70-79","60-69","70-79","80-89","70-79","80-89","60-69","60-69","70-79","80-89"],"SERIES_NAME":["MALE","MALE","MALE","MALE","MALE","MALE","MALE","MALE","FEMALE","FEMALE","MALE","FEMALE","FEMALE","MALE","MALE","MALE","FEMALE","FEMALE","FEMALE","MALE","FEMALE","MALE","MALE","FEMALE","FEMALE","MALE","MALE","MALE","FEMALE","FEMALE"],"X_CALENDAR_YEAR":[2009,2009,2010,2011,2011,2012,2012,2012,2012,2013,2013,2013,2013,2013,2013,2014,2014,2014,2014,2014,2015,2015,2015,2015,2016,2016,2017,2018,2018,2018],"Y_PREVALENCE_1000PP":[0.02295,0.04741,0.01924,0.02913,0.03431,0.061,0.03136,0.03154,0.03049,0.03934,0.03968,0.04177,0.02732,0.05003,0.01551,0.03976,0.02692,0.05854,0.01928,0.0457,0.04393,0.03247,0.04392,0.05598,0.05659,0.09527,0.02947,0.03313,0.05458,0.08525]},"PREVALENCE_BY_MONTH":{"X_CALENDAR_MONTH":[200809,200908,200910,201005,201007,201108,201109,201111,201112,201201,201202,201203,201205,201206,201207,201208,201301,201304,201305,201306,201307,201308,201310,201311,201401,201402,201403,201404,201407,201409,201410,201502,201504,201505,201506,201511,201512,201601,201705],"Y_PREVALENCE_1000PP":[0.00114,0.00151,0.00113,0.00114,0.00115,0.0011,0.00127,0.00164,0.00109,0.00109,0.00164,0.00164,0.00164,0.00127,0.00146,0.00109,0.00128,0.00167,0.00149,0.0013,0.00204,0.00148,0.00112,0.00113,0.00115,0.00114,0.00115,0.00115,0.00118,0.00178,0.00162,0.00146,0.00151,0.00151,0.00135,0.00142,0.00172,0.00148,0.002]},"DRUG_FREQUENCY_DISTRIBUTION":{"Y_NUM_PERSONS":[0,0,0,0],"X_COUNT":[1,2,3,4]},"QUANTITY_DISTRIBUTION":{"CATEGORY":"Quantity","MIN_VALUE":1,"P10_VALUE":1,"P25_VALUE":1,"MEDIAN_VALUE":2,"P75_VALUE":5,"P90_VALUE":30,"MAX_VALUE":84},"REFILLS_DISTRIBUTION":{"CATEGORY":"Refills","MIN_VALUE":0,"P10_VALUE":0,"P25_VALUE":0,"MEDIAN_VALUE":0,"P75_VALUE":0,"P90_VALUE":6,"MAX_VALUE":48}}
