{"AGE_AT_FIRST_EXPOSURE":{"CATEGORY":["FEMALE","MALE"],"MIN_VALUE":[1,1],"P10_VALUE":[6,6],"P25_VALUE":[8,7],"MEDIAN_VALUE":[9,9],"P75_VALUE":[12,11],"P90_VALUE":[15,13],"MAX_VALUE":[93,91]},"DAYS_SUPPLY_DISTRIBUTION":{"CATEGORY":"Days supply","MIN_VALUE":7,"P10_VALUE":28,"P25_VALUE":28,"MEDIAN_VALUE":28,"P75_VALUE":28,"P90_VALUE":36,"MAX_VALUE":60},"DRUGS_BY_TYPE":{"CONCEPT_NAME":"Prescription written","COUNT_VALUE":19295},"PREVALENCE_BY_GENDER_AGE_YEAR":{"TRELLIS_NAME":["10-19","0-9","10-19","0-9","10-19","0-9","0-9","10-19","0-9","0-9","10-19","10-19","0-9","10-19","10-19","0-9","0-9","0-9","10-19","10-19","0-9","10-19","10-19","0-9","10-19","0-9","0-9","10-19","0-9","20-29","10-19","0-9","10-19","40-49","0-9","10-19","0-9","10-19","0-9","10-19","0-9","10-19","0-9","10-19","10-19","0-9","10-19","10-19","0-9","0-9","0-9","10-19","10-19","0-9","10-19","10-19","0-9","0-9","20-29","0-9","10-19","20-29","0-9","10-19","10-19","20-29","0-9","0-9","10-19","10-19","0-9","10-19","20-29","0-9","10-19","0-9","10-19","20-29","20-29","0-9","0-9","0-9","10-19","10-19","10-19","10-19","0-9","0-9","0-9"],"SERIES_NAME":["MALE","MALE","FEMALE","FEMALE","MALE","FEMALE","MALE","FEMALE","FEMALE","MALE","FEMALE","MALE","FEMALE","FEMALE","MALE","MALE","FEMALE","MALE","MALE","FEMALE","FEMALE","MALE","FEMALE","MALE","MALE","FEMALE","MALE","FEMALE","MALE","FEMALE","FEMALE","FEMALE","MALE","FEMALE","MALE","FEMALE","FEMALE","MALE","MALE","MALE","FEMALE","FEMALE","FEMALE","FEMALE","MALE","MALE","FEMALE","MALE","FEMALE","MALE","MALE","MALE","FEMALE","FEMALE","MALE","FEMALE","MALE","FEMALE","FEMALE","FEMALE","MALE","FEMALE","MALE","FEMALE","MALE","FEMALE","FEMALE","MALE","FEMALE","FEMALE","MALE","MALE","FEMALE","FEMALE","FEMALE","MALE","MALE","MALE","FEMALE","FEMALE","FEMALE","MALE","MALE","FEMALE","MALE","FEMALE","FEMALE","MALE","MALE"],"X_CALENDAR_YEAR":[1996,1996,1996,1996,1997,1997,1997,1997,1998,1998,1998,1998,1999,1999,1999,1999,2000,2000,2000,2000,2001,2001,2001,2001,2002,2002,2002,2002,2003,2003,2003,2003,2003,2004,2004,2004,2004,2004,2005,2005,2005,2005,2006,2006,2006,2006,2007,2007,2007,2007,2008,2008,2008,2008,2009,2009,2009,2009,2009,2010,2010,2010,2010,2010,2011,2011,2011,2011,2011,2012,2012,2012,2012,2012,2013,2013,2013,2013,2013,2013,2014,2014,2014,2014,2015,2015,2015,2015,2016],"Y_PREVALENCE_1000PP":[0.35143,0.31731,0.3384,0.30354,0.55882,0.40234,0.46245,0.47674,0.46111,0.30479,0.43732,0.67204,0.33926,0.40845,0.54881,0.42273,0.39107,0.42767,0.51202,0.59233,0.52401,0.54723,0.51474,0.48967,0.53382,0.55802,0.47481,0.5949,0.48396,0.02177,0.64803,0.58744,0.63038,0.02383,0.48499,0.63478,0.49041,0.5511,0.32796,0.55184,0.34076,0.58331,0.38723,0.44425,0.54265,0.33942,0.44739,0.43833,0.40965,0.32597,0.3302,0.44934,0.51585,0.50888,0.44867,0.50055,0.40071,0.46447,0.01778,0.41065,0.50881,0.02788,0.31791,0.56376,0.41778,0.01977,0.43749,0.36718,0.51399,0.52987,0.39318,0.38836,0.01724,0.35806,0.39249,0.30057,0.37309,0.01547,0.01973,0.36833,0.22124,0.18742,0.24608,0.33543,0.03179,0.05943,0.0547,0.04886,0.03487]},"PREVALENCE_BY_MONTH":{"X_CALENDAR_MONTH":[199605,199607,199609,199610,199611,199612,199701,199702,199703,199704,199705,199706,199707,199708,199709,199710,199711,199712,199801,199802,199803,199804,199805,199806,199807,199808,199809,199810,199811,199812,199901,199902,199903,199904,199905,199906,199907,199908,199909,199910,199911,199912,200001,200002,200003,200004,200005,200006,200007,200008,200009,200010,200011,200012,200101,200102,200103,200104,200105,200106,200107,200108,200109,200110,200111,200112,200201,200202,200203,200204,200205,200206,200207,200208,200209,200210,200211,200212,200301,200302,200303,200304,200305,200306,200307,200308,200309,200310,200311,200312,200401,200402,200403,200404,200405,200406,200407,200408,200409,200410,200411,200412,200501,200502,200503,200504,200505,200506,200507,200508,200509,200510,200511,200512,200601,200602,200603,200604,200605,200606,200607,200608,200609,200610,200611,200612,200701,200702,200703,200704,200705,200706,200707,200708,200709,200710,200711,200712,200801,200802,200803,200804,200805,200806,200807,200808,200809,200810,200811,200812,200901,200902,200903,200904,200905,200906,200907,200908,200909,200910,200911,200912,201001,201002,201003,201004,201005,201006,201007,201008,201009,201010,201011,201012,201101,201102,201103,201104,201105,201106,201107,201108,201109,201110,201111,201112,201201,201202,201203,201204,201205,201206,201207,201208,201209,201210,201211,201212,201301,201302,201303,201304,201305,201306,201307,201308,201309,201310,201311,201312,201401,201402,201403,201404,201405,201406,201407,201408,201409,201502,201503,201504,201505,201506,201507,201510,201511,201512,201601],"Y_PREVALENCE_1000PP":[0.0167,0.01878,0.02031,0.01445,0.02033,0.02034,0.02557,0.0177,0.01748,0.03232,0.01759,0.02076,0.01478,0.00937,0.02347,0.01824,0.01767,0.01547,0.02274,0.01337,0.02729,0.02515,0.02028,0.02348,0.01588,0.01555,0.02209,0.01862,0.01912,0.01532,0.02344,0.01816,0.02722,0.01944,0.01914,0.02097,0.01306,0.01716,0.01516,0.01745,0.02346,0.01781,0.01575,0.02289,0.02511,0.01783,0.0228,0.01984,0.01499,0.01194,0.01531,0.0228,0.02099,0.0168,0.01988,0.02571,0.02677,0.02157,0.02773,0.02181,0.01819,0.01422,0.0149,0.02608,0.02517,0.01854,0.02405,0.02122,0.02413,0.02373,0.02938,0.02151,0.02111,0.01475,0.02225,0.02797,0.0252,0.02388,0.02708,0.02746,0.03208,0.02621,0.02637,0.02987,0.02317,0.01745,0.02376,0.02164,0.02661,0.02777,0.02742,0.02514,0.02609,0.02712,0.02625,0.02958,0.01959,0.02441,0.02128,0.02164,0.02546,0.0243,0.02672,0.02464,0.02532,0.02053,0.02454,0.02129,0.01889,0.01619,0.01449,0.01821,0.01576,0.01926,0.02034,0.01866,0.02599,0.01658,0.02405,0.02221,0.01945,0.01726,0.01486,0.01879,0.0212,0.01658,0.02182,0.02114,0.02402,0.01773,0.02149,0.01968,0.01649,0.01627,0.01594,0.0183,0.02127,0.01796,0.02537,0.02659,0.02179,0.02423,0.02129,0.02151,0.02238,0.01588,0.02263,0.02049,0.0216,0.02214,0.02584,0.01923,0.02823,0.02004,0.02508,0.02411,0.02181,0.01903,0.02535,0.0209,0.0236,0.02529,0.02214,0.0243,0.02892,0.02663,0.02364,0.02483,0.01967,0.01774,0.01899,0.0213,0.02174,0.02195,0.02318,0.0239,0.02448,0.02239,0.02803,0.02669,0.02184,0.02271,0.02185,0.01981,0.02152,0.02152,0.02347,0.02546,0.02344,0.01963,0.02094,0.01837,0.01913,0.01689,0.01632,0.02088,0.0214,0.023,0.02129,0.02118,0.02129,0.02072,0.01949,0.02099,0.01761,0.01652,0.01741,0.01889,0.0177,0.02131,0.02426,0.01927,0.0178,0.01245,0.01034,0.00736,0.00137,0.00158,0.00119,0.00125,0.00151,0.00195,0.00151,0.0018,0.00135,0.00186,0.00189,0.00172,0.00173]},"DRUG_FREQUENCY_DISTRIBUTION":{"Y_NUM_PERSONS":[0,0,0,0,0,0,0,0,0,0,0,0,0,0,0,0,0,0,0,0,0,0,0,0,0,0,0,0,0,0,0,0,0,0,0,0,0,0,0,0,0,0,0,0,0,0,0,0,0,0,0,0,0,0,0,0,0,0,0],"X_COUNT":[1,2,3,4,5,6,7,8,9,10,11,12,13,14,15,16,17,18,19,20,21,22,23,24,25,26,27,28,29,30,31,32,33,34,35,36,37,38,39,40,41,42,43,44,45,47,48,50,51,55,56,58,59,60,63,64,68,72,73]},"QUANTITY_DISTRIBUTION":{"CATEGORY":"Quantity","MIN_VALUE":1,"P10_VALUE":300,"P25_VALUE":300,"MEDIAN_VALUE":300,"P75_VALUE":300,"P90_VALUE":600,"MAX_VALUE":9000},"REFILLS_DISTRIBUTION":{"CATEGORY":"Refills","MIN_VALUE":0,"P10_VALUE":0,"P25_VALUE":0,"MEDIAN_VALUE":3,"P75_VALUE":6,"P90_VALUE":7,"MAX_VALUE":999}}
