{"AGE_AT_FIRST_EXPOSURE":{"CATEGORY":["FEMALE","MALE"],"MIN_VALUE":[22,20],"P10_VALUE":[41,40],"P25_VALUE":[54,54],"MEDIAN_VALUE":[65,66],"P75_VALUE":[76,74],"P90_VALUE":[83,79],"MAX_VALUE":[95,91]},"DAYS_SUPPLY_DISTRIBUTION":{"CATEGORY":"Days supply","MIN_VALUE":7,"P10_VALUE":7,"P25_VALUE":28,"MEDIAN_VALUE":28,"P75_VALUE":28,"P90_VALUE":56,"MAX_VALUE":56},"DRUGS_BY_TYPE":{"CONCEPT_NAME":"Prescription written","COUNT_VALUE":2246},"PREVALENCE_BY_GENDER_AGE_YEAR":{"TRELLIS_NAME":["70-79","70-79","60-69","80-89","60-69","70-79","70-79","60-69","70-79","70-79","50-59","70-79","80-89","60-69","50-59","70-79","60-69","80-89","70-79","60-69","70-79","60-69","50-59","80-89","50-59","60-69","70-79","50-59","70-79","30-39","60-69","60-69","80-89","70-79","40-49","60-69","50-59","40-49","80-89","50-59","60-69","70-79","70-79","70-79","60-69","50-59","50-59"],"SERIES_NAME":["FEMALE","FEMALE","FEMALE","FEMALE","FEMALE","FEMALE","FEMALE","FEMALE","MALE","MALE","FEMALE","FEMALE","FEMALE","FEMALE","FEMALE","MALE","FEMALE","FEMALE","FEMALE","MALE","FEMALE","MALE","FEMALE","FEMALE","MALE","FEMALE","MALE","FEMALE","MALE","FEMALE","FEMALE","MALE","FEMALE","FEMALE","FEMALE","MALE","FEMALE","FEMALE","FEMALE","MALE","FEMALE","FEMALE","MALE","FEMALE","FEMALE","MALE","FEMALE"],"X_CALENDAR_YEAR":[1997,1998,1998,1999,1999,1999,2000,2000,2000,2001,2001,2001,2001,2001,2002,2002,2002,2002,2002,2002,2003,2003,2003,2003,2003,2003,2003,2004,2004,2004,2004,2004,2004,2004,2004,2005,2005,2005,2005,2005,2005,2005,2005,2006,2006,2006,2006],"Y_PREVALENCE_1000PP":[0.14246,0.10768,0.15507,0.13209,0.07873,0.07572,0.12997,0.08495,0.0881,0.08685,0.02659,0.10411,0.0661,0.07275,0.02335,0.05332,0.06361,0.08681,0.04963,0.04854,0.05949,0.07966,0.03662,0.10887,0.02136,0.07843,0.07914,0.02704,0.07222,0.01925,0.07009,0.04448,0.08436,0.06591,0.02978,0.02959,0.03556,0.01682,0.05666,0.02198,0.04585,0.1063,0.05065,0.06128,0.02708,0.01825,0.02818]},"PREVALENCE_BY_MONTH":{"X_CALENDAR_MONTH":[199612,199702,199704,199705,199707,199708,199709,199710,199712,199802,199803,199804,199805,199806,199807,199808,199810,199811,199812,199901,199902,199903,199904,199905,199906,199907,199908,199909,199910,199911,199912,200001,200002,200003,200004,200005,200006,200007,200008,200009,200010,200011,200012,200101,200102,200103,200104,200105,200106,200107,200108,200109,200110,200111,200112,200201,200202,200203,200204,200205,200206,200207,200208,200209,200210,200211,200212,200301,200302,200303,200304,200305,200306,200307,200308,200309,200310,200311,200312,200401,200402,200403,200404,200405,200406,200407,200408,200409,200410,200411,200412,200501,200502,200503,200504,200505,200506,200507,200508,200509,200510,200511,200512,200601,200602,200603,200604,200605],"Y_PREVALENCE_1000PP":[0.01017,0.00885,0.00718,0.00821,0.0095,0.00833,0.00816,0.00811,0.00774,0.01002,0.00827,0.00568,0.00811,0.00567,0.00477,0.00467,0.00745,0.00662,0.00438,0.00483,0.00672,0.00465,0.00713,0.00765,0.00763,0.00808,0.00674,0.007,0.00507,0.00533,0.00643,0.00765,0.00987,0.00881,0.00913,0.00774,0.00929,0.00666,0.00617,0.00685,0.008,0.00515,0.00742,0.00736,0.00507,0.0081,0.00591,0.00753,0.00638,0.00727,0.00808,0.00729,0.00776,0.00737,0.0079,0.00616,0.00523,0.00661,0.00502,0.00582,0.00496,0.00548,0.00492,0.0057,0.00726,0.0067,0.00644,0.00637,0.00475,0.00736,0.00734,0.00601,0.00935,0.00618,0.00667,0.00664,0.00687,0.00507,0.0053,0.00667,0.00764,0.0058,0.00452,0.00639,0.00657,0.0056,0.00604,0.00555,0.00622,0.00619,0.00459,0.00453,0.0052,0.0052,0.00541,0.00518,0.00515,0.006,0.00532,0.00395,0.00614,0.00635,0.00525,0.00671,0.00586,0.00606,0.00237,0.0015]},"DRUG_FREQUENCY_DISTRIBUTION":{"Y_NUM_PERSONS":[0,0,0,0,0,0,0,0,0,0,0,0,0,0,0,0,0,0,0,0,0,0,0,0,0,0,0,0,0,0,0,0,0,0,0,0,0,0,0],"X_COUNT":[1,2,3,4,5,6,7,8,9,10,11,12,13,14,15,16,17,18,19,20,21,22,23,24,25,26,27,29,30,33,35,36,38,39,41,47,49,51,52]},"QUANTITY_DISTRIBUTION":{"CATEGORY":"Quantity","MIN_VALUE":1,"P10_VALUE":28,"P25_VALUE":56,"MEDIAN_VALUE":84,"P75_VALUE":100,"P90_VALUE":112,"MAX_VALUE":300},"REFILLS_DISTRIBUTION":{"CATEGORY":"Refills","MIN_VALUE":0,"P10_VALUE":0,"P25_VALUE":3,"MEDIAN_VALUE":6,"P75_VALUE":12,"P90_VALUE":12,"MAX_VALUE":99}}
