{"AGE_AT_FIRST_EXPOSURE":{"CATEGORY":["FEMALE","MALE"],"MIN_VALUE":[1,3],"P10_VALUE":[1,3],"P25_VALUE":[3,6],"MEDIAN_VALUE":[6,9],"P75_VALUE":[9,12],"P90_VALUE":[19,19],"MAX_VALUE":[62,20]},"DAYS_SUPPLY_DISTRIBUTION":{"CATEGORY":[],"MIN_VALUE":[],"P10_VALUE":[],"P25_VALUE":[],"MEDIAN_VALUE":[],"P75_VALUE":[],"P90_VALUE":[],"MAX_VALUE":[]},"DRUGS_BY_TYPE":{"CONCEPT_NAME":"Prescription written","COUNT_VALUE":539},"PREVALENCE_BY_GENDER_AGE_YEAR":{"TRELLIS_NAME":[],"SERIES_NAME":[],"X_CALENDAR_YEAR":[],"Y_PREVALENCE_1000PP":[]},"PREVALENCE_BY_MONTH":{"X_CALENDAR_MONTH":[201406,201407,201408,201509,201602,201603,201604,201605,201608,201609,201610,201611,201612,201701,201702,201703,201704,201705,201706,201707,201708,201709,201710,201711,201712,201801,201802,201803,201804,201805,201806,201807,201808,201810,201811,201812,201901,201902,201903],"Y_PREVALENCE_1000PP":[0.00116,0.00118,0.00118,0.00135,0.00149,0.00174,0.0015,0.00152,0.00214,0.00188,0.00217,0.00274,0.00246,0.00219,0.00196,0.00255,0.00171,0.002,0.00204,0.00234,0.00265,0.00207,0.00178,0.00241,0.00213,0.00247,0.00247,0.00185,0.00216,0.00216,0.00186,0.00189,0.00223,0.00228,0.00263,0.0023,0.00262,0.00297,0.00297]},"DRUG_FREQUENCY_DISTRIBUTION":{"Y_NUM_PERSONS":[0,0,0,0,0,0,0,0,0,0,0,0,0],"X_COUNT":[1,2,4,5,6,8,9,11,12,19,22,23,41]},"QUANTITY_DISTRIBUTION":{"CATEGORY":"Quantity","MIN_VALUE":60,"P10_VALUE":150,"P25_VALUE":300,"MEDIAN_VALUE":450,"P75_VALUE":600,"P90_VALUE":900,"MAX_VALUE":1500},"REFILLS_DISTRIBUTION":{"CATEGORY":"Refills","MIN_VALUE":0,"P10_VALUE":3,"P25_VALUE":3,"MEDIAN_VALUE":6,"P75_VALUE":8,"P90_VALUE":12,"MAX_VALUE":16}}
