{"AGE_AT_FIRST_EXPOSURE":{"CATEGORY":["MALE","FEMALE"],"MIN_VALUE":[20,14],"P10_VALUE":[35,37],"P25_VALUE":[45,46],"MEDIAN_VALUE":[54,55],"P75_VALUE":[67,71],"P90_VALUE":[77,82],"MAX_VALUE":[101,96]},"DAYS_SUPPLY_DISTRIBUTION":{"CATEGORY":"Days supply","MIN_VALUE":7,"P10_VALUE":7,"P25_VALUE":7,"MEDIAN_VALUE":7,"P75_VALUE":7,"P90_VALUE":28,"MAX_VALUE":56},"DRUGS_BY_TYPE":{"CONCEPT_NAME":"Prescription written","COUNT_VALUE":7680},"PREVALENCE_BY_GENDER_AGE_YEAR":{"TRELLIS_NAME":["60-69","50-59","80-89","40-49","30-39","40-49","70-79","60-69","50-59","40-49","80-89","60-69","50-59","40-49","70-79","30-39","60-69","80-89","20-29","30-39","50-59","40-49","80-89","50-59","50-59","30-39","70-79","60-69","40-49","70-79","80-89","20-29","60-69","80-89","60-69","40-49","30-39","50-59","80-89","30-39","20-29","40-49","50-59","60-69","70-79","70-79","60-69","60-69","30-39","70-79","40-49","70-79","50-59","80-89","80-89","40-49","50-59","80-89","50-59","40-49","30-39","70-79","40-49","60-69","80-89","70-79","60-69","50-59","80-89","50-59","60-69","40-49","70-79","50-59","70-79","60-69","40-49","30-39","60-69","50-59","70-79","40-49","50-59"],"SERIES_NAME":["MALE","MALE","MALE","FEMALE","MALE","MALE","MALE","FEMALE","FEMALE","MALE","MALE","FEMALE","MALE","FEMALE","MALE","FEMALE","MALE","FEMALE","MALE","MALE","FEMALE","FEMALE","MALE","MALE","FEMALE","MALE","FEMALE","FEMALE","MALE","MALE","FEMALE","MALE","MALE","MALE","MALE","FEMALE","FEMALE","FEMALE","FEMALE","MALE","MALE","MALE","MALE","FEMALE","FEMALE","MALE","FEMALE","MALE","MALE","FEMALE","MALE","MALE","MALE","FEMALE","MALE","FEMALE","FEMALE","MALE","FEMALE","FEMALE","MALE","FEMALE","MALE","FEMALE","FEMALE","MALE","MALE","MALE","FEMALE","MALE","MALE","FEMALE","MALE","FEMALE","FEMALE","FEMALE","MALE","MALE","MALE","FEMALE","MALE","MALE","MALE"],"X_CALENDAR_YEAR":[2012,2012,2012,2012,2012,2012,2012,2012,2012,2013,2013,2013,2013,2013,2013,2013,2013,2013,2013,2013,2013,2014,2014,2014,2014,2014,2014,2014,2014,2014,2014,2014,2014,2015,2015,2015,2015,2015,2015,2015,2015,2015,2015,2015,2015,2015,2016,2016,2016,2016,2016,2016,2016,2016,2016,2016,2016,2017,2017,2017,2017,2017,2017,2017,2017,2017,2017,2017,2018,2018,2018,2018,2018,2018,2018,2018,2018,2018,2019,2019,2019,2019,2019],"Y_PREVALENCE_1000PP":[0.05332,0.06571,0.08277,0.02766,0.03446,0.04901,0.03559,0.0183,0.02953,0.08809,0.14327,0.0334,0.09825,0.04907,0.10911,0.02726,0.12819,0.06962,0.02579,0.04691,0.05003,0.04295,0.16917,0.12844,0.04892,0.03418,0.05385,0.0257,0.07097,0.09647,0.08049,0.03309,0.12261,0.11417,0.13708,0.06516,0.02302,0.06429,0.06398,0.03457,0.02432,0.11007,0.1324,0.04891,0.05857,0.17569,0.0587,0.16462,0.05078,0.09055,0.10679,0.16501,0.15506,0.08656,0.14971,0.03447,0.05477,0.09068,0.04533,0.05489,0.05169,0.06144,0.10204,0.04787,0.06484,0.16507,0.17188,0.10049,0.07307,0.1083,0.16014,0.0448,0.16705,0.05093,0.05458,0.05962,0.06876,0.03694,0.10099,0.03671,0.10403,0.03854,0.04998]},"PREVALENCE_BY_MONTH":{"X_CALENDAR_MONTH":[201207,201208,201209,201210,201211,201212,201301,201302,201303,201304,201305,201306,201307,201308,201309,201310,201311,201312,201401,201402,201403,201404,201405,201406,201407,201408,201409,201410,201411,201412,201501,201502,201503,201504,201505,201506,201507,201508,201509,201510,201511,201512,201601,201602,201603,201604,201605,201606,201607,201608,201609,201610,201611,201612,201701,201702,201703,201704,201705,201706,201707,201708,201709,201710,201711,201712,201801,201802,201803,201804,201805,201806,201807,201808,201809,201810,201811,201812,201901,201902,201903],"Y_PREVALENCE_1000PP":[0.00383,0.0049,0.00671,0.00817,0.0086,0.0081,0.0123,0.01013,0.01389,0.0124,0.0117,0.01226,0.01186,0.01411,0.01019,0.01048,0.00998,0.01114,0.01203,0.01145,0.00938,0.01111,0.01226,0.01298,0.0143,0.01539,0.01467,0.01395,0.01573,0.01576,0.01743,0.0163,0.01791,0.01837,0.01859,0.01869,0.02024,0.01955,0.01844,0.01769,0.02129,0.02214,0.02226,0.0204,0.02143,0.01874,0.02099,0.01852,0.02231,0.02004,0.02359,0.02172,0.01971,0.02081,0.01807,0.01876,0.02183,0.01796,0.02082,0.0204,0.0193,0.02325,0.02185,0.0222,0.0199,0.02131,0.02129,0.0204,0.02162,0.01883,0.02005,0.01581,0.01608,0.01686,0.01565,0.01823,0.01708,0.01447,0.01805,0.0142,0.01684]},"DRUG_FREQUENCY_DISTRIBUTION":{"Y_NUM_PERSONS":[0,0,0,0,0,0,0,0,0,0,0,0,0,0,0,0,0,0,0,0,0,0,0,0,0,0,0,0,0,0,0,0,0,0,0,0,0,0,0,0,0,0,0,0,0,0,0,0,0,0,0,0,0,0,0,0,0,0,0,0,0,0,0],"X_COUNT":[1,2,3,4,5,6,7,8,9,10,11,12,13,14,15,16,17,18,19,20,21,22,23,24,25,26,27,28,29,30,31,32,33,34,36,37,38,39,40,41,43,44,45,47,48,49,52,53,55,57,60,61,62,63,67,72,76,78,79,80,83,84,93]},"QUANTITY_DISTRIBUTION":{"CATEGORY":"Quantity","MIN_VALUE":1,"P10_VALUE":7,"P25_VALUE":21,"MEDIAN_VALUE":56,"P75_VALUE":84,"P90_VALUE":90,"MAX_VALUE":270},"REFILLS_DISTRIBUTION":{"CATEGORY":"Refills","MIN_VALUE":0,"P10_VALUE":1,"P25_VALUE":4,"MEDIAN_VALUE":6,"P75_VALUE":8,"P90_VALUE":24,"MAX_VALUE":99}}
