{"AGE_AT_FIRST_EXPOSURE":{"CATEGORY":["MALE","FEMALE"],"MIN_VALUE":[0,0],"P10_VALUE":[6,8],"P25_VALUE":[10,13],"MEDIAN_VALUE":[41,54],"P75_VALUE":[70,78],"P90_VALUE":[85,88],"MAX_VALUE":[97,103]},"DAYS_SUPPLY_DISTRIBUTION":{"CATEGORY":"Days supply","MIN_VALUE":5,"P10_VALUE":7,"P25_VALUE":7,"MEDIAN_VALUE":28,"P75_VALUE":28,"P90_VALUE":28,"MAX_VALUE":28},"DRUGS_BY_TYPE":{"CONCEPT_NAME":"Prescription written","COUNT_VALUE":3825},"PREVALENCE_BY_GENDER_AGE_YEAR":{"TRELLIS_NAME":["10-19","10-19","0-9","0-9","10-19","10-19","10-19","10-19","10-19","10-19","10-19","80-89","0-9","0-9","10-19","10-19","0-9","10-19","60-69","0-9","0-9","10-19","0-9","60-69","80-89","10-19","50-59","0-9","80-89","10-19","0-9","60-69","10-19","10-19","10-19","0-9","60-69","0-9","70-79","80-89","50-59","70-79","70-79","0-9","10-19","60-69","60-69","10-19","0-9","80-89","90-99","80-89","70-79","10-19","10-19","50-59","70-79","60-69","0-9","60-69","0-9","0-9","0-9","80-89","60-69","10-19","10-19","70-79","90-99","50-59","70-79","80-89","80-89","0-9","0-9"],"SERIES_NAME":["MALE","MALE","MALE","MALE","MALE","MALE","MALE","FEMALE","MALE","MALE","MALE","FEMALE","MALE","FEMALE","MALE","FEMALE","MALE","MALE","MALE","FEMALE","FEMALE","FEMALE","MALE","MALE","FEMALE","MALE","MALE","FEMALE","FEMALE","MALE","MALE","MALE","FEMALE","MALE","FEMALE","FEMALE","MALE","MALE","MALE","FEMALE","FEMALE","MALE","FEMALE","FEMALE","FEMALE","FEMALE","MALE","MALE","MALE","FEMALE","FEMALE","FEMALE","FEMALE","FEMALE","MALE","FEMALE","MALE","MALE","MALE","FEMALE","FEMALE","MALE","FEMALE","MALE","FEMALE","MALE","FEMALE","MALE","FEMALE","FEMALE","FEMALE","FEMALE","FEMALE","MALE","FEMALE"],"X_CALENDAR_YEAR":[2002,2003,2003,2004,2004,2005,2006,2007,2007,2008,2010,2010,2011,2011,2011,2012,2012,2012,2012,2012,2013,2013,2013,2013,2013,2013,2014,2014,2014,2014,2014,2014,2014,2015,2015,2015,2015,2015,2015,2015,2015,2016,2016,2016,2016,2016,2016,2016,2016,2016,2017,2017,2017,2017,2017,2017,2017,2017,2017,2017,2017,2018,2018,2018,2018,2018,2018,2018,2018,2018,2018,2018,2019,2019,2019],"Y_PREVALENCE_1000PP":[0.03167,0.03362,0.02482,0.02632,0.03397,0.02164,0.03435,0.02505,0.0224,0.01859,0.02452,0.04163,0.02008,0.02098,0.04238,0.02617,0.02263,0.03058,0.01882,0.01776,0.02652,0.02919,0.02247,0.01876,0.06962,0.02446,0.01873,0.02804,0.06586,0.02914,0.0238,0.01988,0.04792,0.04945,0.05572,0.04786,0.02164,0.04886,0.03294,0.05598,0.01753,0.05077,0.05659,0.03659,0.06134,0.02935,0.04765,0.02935,0.05036,0.12503,0.26419,0.12968,0.09217,0.04323,0.03702,0.03399,0.08941,0.03929,0.04324,0.03351,0.03625,0.07949,0.07804,0.1849,0.07588,0.07751,0.06413,0.08352,0.29927,0.04669,0.08869,0.20704,0.09308,0.04852,0.03812]},"PREVALENCE_BY_MONTH":{"X_CALENDAR_MONTH":[200104,200105,200106,200107,200108,200109,200110,200111,200112,200201,200202,200203,200204,200205,200207,200210,200211,200212,200301,200302,200303,200305,200306,200307,200310,200311,200312,200401,200402,200403,200404,200405,200406,200408,200409,200410,200411,200412,200501,200502,200503,200504,200505,200506,200507,200508,200509,200510,200511,200512,200601,200602,200603,200604,200605,200606,200607,200608,200609,200610,200611,200612,200701,200702,200703,200704,200705,200706,200707,200708,200709,200710,200711,200712,200801,200802,200803,200804,200805,200806,200807,200808,200809,200810,200811,200812,200901,200902,200903,200904,200905,200906,200907,200908,200909,200910,200911,200912,201001,201002,201003,201004,201005,201006,201007,201008,201009,201010,201011,201012,201101,201102,201103,201104,201105,201106,201107,201108,201109,201110,201111,201112,201201,201202,201203,201204,201205,201206,201207,201208,201209,201210,201211,201212,201301,201302,201303,201304,201305,201306,201307,201308,201309,201310,201311,201312,201401,201402,201403,201404,201405,201406,201407,201408,201409,201410,201411,201412,201501,201502,201503,201504,201505,201506,201507,201508,201509,201510,201511,201512,201601,201602,201603,201604,201605,201606,201607,201608,201609,201610,201611,201612,201701,201702,201703,201704,201705,201706,201707,201708,201709,201710,201711,201712,201801,201802,201803,201804,201805,201806,201807,201808,201809,201810,201811,201812,201901,201902,201903],"Y_PREVALENCE_1000PP":[0.00244,0.00274,0.00201,0.00231,0.00194,0.00222,0.0031,0.00215,0.00213,0.00235,0.00291,0.00258,0.00251,0.00333,0.00192,0.00161,0.00214,0.00268,0.00265,0.00211,0.00184,0.00157,0.00182,0.00154,0.00178,0.00203,0.00252,0.00148,0.00222,0.00338,0.00143,0.00189,0.00258,0.00186,0.00208,0.00161,0.00138,0.00298,0.00159,0.00158,0.00158,0.00226,0.00135,0.00179,0.00156,0.00155,0.00198,0.00176,0.00284,0.00263,0.00173,0.00195,0.00217,0.00172,0.00193,0.00192,0.00171,0.0017,0.00212,0.00169,0.00189,0.0021,0.00229,0.00187,0.00186,0.00227,0.00287,0.00203,0.00241,0.00201,0.00179,0.00295,0.00293,0.00195,0.00252,0.00155,0.00233,0.00155,0.00155,0.00173,0.00134,0.00153,0.00152,0.00152,0.00208,0.0017,0.00151,0.00207,0.00207,0.00151,0.00113,0.0017,0.00226,0.00151,0.00131,0.00169,0.00208,0.00152,0.00227,0.00285,0.00209,0.00304,0.00229,0.00306,0.0021,0.00286,0.00342,0.00245,0.00337,0.00394,0.00224,0.00355,0.00334,0.00315,0.0035,0.00295,0.0022,0.00385,0.00382,0.00382,0.00347,0.00474,0.00327,0.00346,0.004,0.00273,0.00346,0.00436,0.00383,0.00309,0.00417,0.00327,0.00384,0.00258,0.0044,0.00221,0.00241,0.00204,0.00334,0.00297,0.00334,0.00241,0.00278,0.00299,0.00245,0.00288,0.00401,0.00286,0.00306,0.00306,0.00211,0.00252,0.00274,0.00276,0.00337,0.00344,0.00286,0.00353,0.00415,0.00501,0.00475,0.00346,0.00519,0.00495,0.00405,0.00472,0.00472,0.00489,0.00568,0.00713,0.00569,0.00647,0.00498,0.0055,0.00405,0.00592,0.00604,0.00588,0.00643,0.00787,0.00712,0.00767,0.00958,0.00812,0.00709,0.00741,0.00485,0.00554,0.0076,0.00883,0.00738,0.0077,0.00965,0.00883,0.0071,0.00989,0.00958,0.00679,0.0074,0.00868,0.00946,0.00923,0.00735,0.00944,0.01018,0.00987,0.01116,0.01057,0.00793]},"DRUG_FREQUENCY_DISTRIBUTION":{"Y_NUM_PERSONS":[0,0,0,0,0,0,0,0,0,0,0,0,0,0,0,0,0,0,0,0,0,0,0,0,0,0,0,0,0,0,0,0,0,0,0,0,0,0,0,0,0,0],"X_COUNT":[1,2,3,4,5,6,7,8,9,10,11,12,13,14,15,16,17,18,19,20,21,23,24,25,27,28,29,30,31,32,34,36,37,39,40,41,43,51,52,54,57,60]},"QUANTITY_DISTRIBUTION":{"CATEGORY":"Quantity","MIN_VALUE":1,"P10_VALUE":100,"P25_VALUE":100,"MEDIAN_VALUE":200,"P75_VALUE":300,"P90_VALUE":300,"MAX_VALUE":1500},"REFILLS_DISTRIBUTION":{"CATEGORY":"Refills","MIN_VALUE":0,"P10_VALUE":0,"P25_VALUE":0,"MEDIAN_VALUE":6,"P75_VALUE":6,"P90_VALUE":12,"MAX_VALUE":99}}
