{"AGE_AT_FIRST_EXPOSURE":{"CATEGORY":["MALE","FEMALE"],"MIN_VALUE":[27,31],"P10_VALUE":[60,51],"P25_VALUE":[66,60],"MEDIAN_VALUE":[74,72],"P75_VALUE":[80,78],"P90_VALUE":[82,83],"MAX_VALUE":[87,100]},"DAYS_SUPPLY_DISTRIBUTION":{"CATEGORY":"Days supply","MIN_VALUE":28,"P10_VALUE":28,"P25_VALUE":28,"MEDIAN_VALUE":28,"P75_VALUE":28,"P90_VALUE":28,"MAX_VALUE":28},"DRUGS_BY_TYPE":{"CONCEPT_NAME":"Prescription written","COUNT_VALUE":2896},"PREVALENCE_BY_GENDER_AGE_YEAR":{"TRELLIS_NAME":["70-79","60-69","80-89","80-89","60-69","50-59","70-79","50-59","70-79","60-69","70-79","60-69","80-89","80-89","70-79","50-59","70-79","60-69","80-89","80-89","70-79","50-59","80-89","70-79","60-69","60-69","80-89"],"SERIES_NAME":["FEMALE","FEMALE","MALE","FEMALE","FEMALE","FEMALE","FEMALE","FEMALE","MALE","FEMALE","FEMALE","MALE","MALE","FEMALE","FEMALE","FEMALE","MALE","FEMALE","MALE","FEMALE","FEMALE","FEMALE","MALE","MALE","MALE","FEMALE","FEMALE"],"X_CALENDAR_YEAR":[2000,2000,2001,2001,2001,2001,2001,2002,2002,2002,2002,2002,2002,2002,2003,2003,2003,2003,2003,2003,2004,2004,2004,2004,2004,2004,2004],"Y_PREVALENCE_1000PP":[0.10397,0.04633,0.2002,0.13221,0.06669,0.03545,0.17352,0.05059,0.08379,0.07951,0.13649,0.03775,0.15498,0.13504,0.10113,0.04395,0.05755,0.05882,0.11199,0.0998,0.06591,0.02704,0.10233,0.05253,0.03114,0.04381,0.07592]},"PREVALENCE_BY_MONTH":{"X_CALENDAR_MONTH":[200001,200002,200003,200004,200005,200006,200007,200008,200009,200010,200011,200012,200101,200102,200103,200104,200105,200106,200107,200108,200109,200110,200111,200112,200201,200202,200203,200204,200205,200206,200207,200208,200209,200210,200211,200212,200301,200302,200303,200304,200305,200306,200307,200308,200309,200310,200311,200312,200401,200402,200403,200404,200405,200406,200407,200408,200409],"Y_PREVALENCE_1000PP":[0.0126,0.01167,0.0119,0.01174,0.01161,0.0114,0.01041,0.01029,0.01007,0.0112,0.0103,0.01016,0.00957,0.00797,0.01127,0.01113,0.01095,0.01107,0.01091,0.00905,0.00887,0.00993,0.0175,0.01702,0.01907,0.01802,0.01867,0.0201,0.02301,0.02096,0.02111,0.01994,0.01737,0.01829,0.01608,0.01825,0.01725,0.01426,0.01683,0.01651,0.01488,0.01533,0.01467,0.0154,0.01405,0.01426,0.01267,0.01338,0.01384,0.01158,0.01305,0.01094,0.01017,0.00704,0.0056,0.00349,0.00162]},"DRUG_FREQUENCY_DISTRIBUTION":{"Y_NUM_PERSONS":[0,0,0,0,0,0,0,0,0,0,0,0,0,0,0,0,0,0,0,0,0,0,0,0,0,0,0,0,0,0,0,0,0,0,0,0,0,0,0,0,0,0,0,0,0,0],"X_COUNT":[1,2,3,4,5,6,7,8,9,10,11,12,13,14,15,16,17,19,20,21,22,23,24,25,26,27,28,29,30,31,32,33,34,35,36,37,38,39,41,42,52,53,54,55,58,59]},"QUANTITY_DISTRIBUTION":{"CATEGORY":"Quantity","MIN_VALUE":14,"P10_VALUE":28,"P25_VALUE":28,"MEDIAN_VALUE":28,"P75_VALUE":28,"P90_VALUE":56,"MAX_VALUE":112},"REFILLS_DISTRIBUTION":{"CATEGORY":"Refills","MIN_VALUE":0,"P10_VALUE":6,"P25_VALUE":6,"MEDIAN_VALUE":6,"P75_VALUE":6,"P90_VALUE":12,"MAX_VALUE":15}}
