{"AGE_AT_FIRST_EXPOSURE":{"CATEGORY":["MALE","FEMALE"],"MIN_VALUE":[43,54],"P10_VALUE":[51,61],"P25_VALUE":[68,69],"MEDIAN_VALUE":[74,75],"P75_VALUE":[78,80],"P90_VALUE":[85,87],"MAX_VALUE":[86,94]},"DAYS_SUPPLY_DISTRIBUTION":{"CATEGORY":[],"MIN_VALUE":[],"P10_VALUE":[],"P25_VALUE":[],"MEDIAN_VALUE":[],"P75_VALUE":[],"P90_VALUE":[],"MAX_VALUE":[]},"DRUGS_BY_TYPE":{"CONCEPT_NAME":"Prescription written","COUNT_VALUE":524},"PREVALENCE_BY_GENDER_AGE_YEAR":{"TRELLIS_NAME":["70-79","70-79"],"SERIES_NAME":["MALE","MALE"],"X_CALENDAR_YEAR":[1997,1998],"Y_PREVALENCE_1000PP":[0.23847,0.13961]},"PREVALENCE_BY_MONTH":{"X_CALENDAR_MONTH":[199510,199511,199602,199603,199605,199606,199607,199608,199609,199610,199611,199612,199701,199703,199704,199705,199706,199707,199708,199709,199710,199711,199712,199802,199803,199804,199805,199806,199808,199809,199810,199902,199903,199905,200002,200004,200103,200105,200110,200209],"Y_PREVALENCE_1000PP":[0.04776,0.04772,0.0291,0.03178,0.01948,0.01625,0.02086,0.01324,0.01477,0.01806,0.01017,0.01187,0.01211,0.00999,0.01077,0.00938,0.00983,0.01267,0.00833,0.01021,0.01115,0.00589,0.01257,0.00585,0.00496,0.00649,0.00487,0.00486,0.00544,0.00609,0.00447,0.00403,0.00531,0.00447,0.00269,0.00261,0.00211,0.00205,0.00186,0.00217]},"DRUG_FREQUENCY_DISTRIBUTION":{"Y_NUM_PERSONS":[0,0,0,0,0,0,0,0,0,0,0,0,0,0,0,0],"X_COUNT":[1,2,3,5,6,8,9,11,12,15,16,17,18,19,25,28]},"QUANTITY_DISTRIBUTION":{"CATEGORY":"Quantity","MIN_VALUE":1,"P10_VALUE":1,"P25_VALUE":1,"MEDIAN_VALUE":2,"P75_VALUE":7,"P90_VALUE":15,"MAX_VALUE":28},"REFILLS_DISTRIBUTION":{"CATEGORY":"Refills","MIN_VALUE":0,"P10_VALUE":0,"P25_VALUE":6,"MEDIAN_VALUE":6,"P75_VALUE":6,"P90_VALUE":12,"MAX_VALUE":25}}
