{"AGE_AT_FIRST_EXPOSURE":{"CATEGORY":["MALE","FEMALE"],"MIN_VALUE":[2,0],"P10_VALUE":[5,4],"P25_VALUE":[13,11],"MEDIAN_VALUE":[45,44],"P75_VALUE":[66,64],"P90_VALUE":[73,76],"MAX_VALUE":[89,98]},"DAYS_SUPPLY_DISTRIBUTION":{"CATEGORY":[],"MIN_VALUE":[],"P10_VALUE":[],"P25_VALUE":[],"MEDIAN_VALUE":[],"P75_VALUE":[],"P90_VALUE":[],"MAX_VALUE":[]},"DRUGS_BY_TYPE":{"CONCEPT_NAME":"Prescription written","COUNT_VALUE":2515},"PREVALENCE_BY_GENDER_AGE_YEAR":{"TRELLIS_NAME":"0-9","SERIES_NAME":"FEMALE","X_CALENDAR_YEAR":2010,"Y_PREVALENCE_1000PP":0.02178},"PREVALENCE_BY_MONTH":{"X_CALENDAR_MONTH":[200106,200110,200112,200204,200205,200206,200208,200210,200301,200302,200304,200306,200307,200308,200309,200310,200312,200401,200402,200403,200404,200405,200406,200407,200409,200410,200411,200412,200501,200502,200503,200504,200505,200506,200507,200508,200509,200510,200511,200512,200601,200602,200603,200604,200605,200606,200607,200608,200609,200610,200611,200612,200701,200702,200703,200704,200705,200706,200707,200708,200709,200710,200711,200712,200801,200802,200803,200804,200805,200806,200807,200808,200809,200810,200811,200812,200901,200902,200903,200904,200905,200906,200907,200908,200909,200910,200911,200912,201001,201002,201003,201004,201005,201006,201007,201008,201009,201010,201011,201012,201101,201102,201103,201104,201105,201106,201107,201108,201109,201110,201111,201112,201201,201202,201203,201204,201205,201206,201207,201208,201210,201211,201212,201301,201302,201303,201304,201305,201306,201307,201308,201309,201310,201311,201312,201401,201402,201403,201404,201405,201406,201407,201408,201409,201410,201411,201412,201501,201502,201503,201504,201505,201506,201507,201509,201510,201511,201512,201601,201602,201603,201604,201605,201606,201607,201608,201609,201610,201611,201612,201701,201702,201703,201704,201705,201706,201707,201708,201709,201710,201711,201712,201801,201802,201803,201804,201805,201806,201807,201808,201809,201810,201811,201812,201901,201902,201903],"Y_PREVALENCE_1000PP":[0.00235,0.00248,0.00182,0.00195,0.00249,0.00165,0.00164,0.00161,0.00186,0.00158,0.00157,0.00156,0.00232,0.00205,0.00204,0.00178,0.00202,0.00148,0.00197,0.00169,0.00143,0.00142,0.00164,0.00163,0.00231,0.00207,0.00252,0.00206,0.00181,0.00158,0.00181,0.00135,0.00203,0.00202,0.00156,0.00133,0.00176,0.00176,0.00153,0.00175,0.00173,0.00217,0.00195,0.00129,0.00193,0.00235,0.00235,0.00256,0.00234,0.00274,0.00252,0.00231,0.00187,0.00207,0.00186,0.00186,0.00205,0.00162,0.00181,0.00221,0.00239,0.00236,0.00215,0.00254,0.00232,0.00214,0.00253,0.00233,0.0031,0.0023,0.00249,0.0021,0.00152,0.00285,0.00208,0.00246,0.00226,0.00207,0.00188,0.00265,0.00226,0.00207,0.00263,0.00207,0.00225,0.00188,0.0017,0.00228,0.0017,0.00228,0.00171,0.0019,0.00172,0.00172,0.00134,0.00172,0.0019,0.00132,0.00169,0.00225,0.00168,0.00131,0.00204,0.00148,0.00148,0.00203,0.0011,0.0022,0.002,0.00182,0.00146,0.00164,0.00164,0.00146,0.00218,0.00182,0.00127,0.00164,0.00182,0.002,0.00163,0.00128,0.0011,0.0022,0.00147,0.00185,0.0013,0.00204,0.00204,0.00185,0.00241,0.00185,0.00224,0.00169,0.00269,0.00248,0.00286,0.00249,0.00287,0.00268,0.00213,0.00215,0.00178,0.00198,0.00222,0.00143,0.00207,0.0027,0.00146,0.00216,0.00195,0.0013,0.00158,0.00202,0.00225,0.00256,0.00308,0.00246,0.00371,0.00224,0.00324,0.00275,0.00278,0.0018,0.00263,0.00267,0.00295,0.00299,0.00329,0.00246,0.00246,0.0028,0.00198,0.00285,0.00228,0.00321,0.00322,0.00265,0.00266,0.00326,0.00332,0.00335,0.00309,0.00309,0.00309,0.0037,0.00339,0.00403,0.00378,0.00477,0.00383,0.0026,0.00296,0.00263,0.0023,0.00264,0.0033]},"DRUG_FREQUENCY_DISTRIBUTION":{"Y_NUM_PERSONS":[0,0,0,0,0,0,0,0,0,0,0,0,0,0,0,0,0,0,0,0,0,0,0,0,0,0,0,0,0,0,0,0,0,0,0,0,0,0,0,0],"X_COUNT":[1,2,3,4,5,6,7,8,9,10,11,12,13,14,15,16,17,18,19,21,23,24,27,28,29,32,33,37,39,41,43,45,47,49,50,51,52,64,67,71]},"QUANTITY_DISTRIBUTION":{"CATEGORY":"Quantity","MIN_VALUE":1,"P10_VALUE":60,"P25_VALUE":150,"MEDIAN_VALUE":150,"P75_VALUE":300,"P90_VALUE":450,"MAX_VALUE":1200},"REFILLS_DISTRIBUTION":{"CATEGORY":"Refills","MIN_VALUE":0,"P10_VALUE":1,"P25_VALUE":3,"MEDIAN_VALUE":6,"P75_VALUE":6,"P90_VALUE":12,"MAX_VALUE":999}}
