{"AGE_AT_FIRST_EXPOSURE":{"CATEGORY":["FEMALE","MALE"],"MIN_VALUE":[21,22],"P10_VALUE":[34,30],"P25_VALUE":[45,42],"MEDIAN_VALUE":[56,50],"P75_VALUE":[73,66],"P90_VALUE":[78,75],"MAX_VALUE":[96,79]},"DAYS_SUPPLY_DISTRIBUTION":{"CATEGORY":[],"MIN_VALUE":[],"P10_VALUE":[],"P25_VALUE":[],"MEDIAN_VALUE":[],"P75_VALUE":[],"P90_VALUE":[],"MAX_VALUE":[]},"DRUGS_BY_TYPE":{"CONCEPT_NAME":"Prescription written","COUNT_VALUE":856},"PREVALENCE_BY_GENDER_AGE_YEAR":{"TRELLIS_NAME":["50-59","70-79"],"SERIES_NAME":["FEMALE","FEMALE"],"X_CALENDAR_YEAR":[2010,2010],"Y_PREVALENCE_1000PP":[0.01684,0.03629]},"PREVALENCE_BY_MONTH":{"X_CALENDAR_MONTH":[200809,200810,200811,200812,200901,200902,200904,200907,200911,200912,201001,201002,201003,201004,201005,201006,201007,201008,201009,201010,201011,201012,201101,201102,201103,201104,201105,201106,201107,201108,201109,201110,201111,201112,201201,201202,201203,201204,201205,201207,201208,201209,201210,201211,201212,201301,201302,201303,201304,201308],"Y_PREVALENCE_1000PP":[0.00133,0.00152,0.00133,0.00132,0.00151,0.00113,0.00113,0.00113,0.00227,0.00285,0.00208,0.00228,0.00171,0.00152,0.00305,0.00286,0.00248,0.00267,0.00209,0.00226,0.00206,0.00225,0.00224,0.00261,0.00223,0.00148,0.00277,0.00166,0.00165,0.00238,0.002,0.00164,0.00182,0.00201,0.002,0.00127,0.002,0.00164,0.00164,0.00128,0.00182,0.00109,0.00127,0.00165,0.00129,0.00128,0.00111,0.00148,0.00111,0.0013]},"DRUG_FREQUENCY_DISTRIBUTION":{"Y_NUM_PERSONS":[0,0,0,0,0,0,0,0,0,0,0,0,0,0,0,0],"X_COUNT":[1,2,3,4,6,7,9,11,13,15,16,25,30,31,35,41]},"QUANTITY_DISTRIBUTION":{"CATEGORY":"Quantity","MIN_VALUE":8,"P10_VALUE":56,"P25_VALUE":84,"MEDIAN_VALUE":100,"P75_VALUE":112,"P90_VALUE":224,"MAX_VALUE":336},"REFILLS_DISTRIBUTION":{"CATEGORY":"Refills","MIN_VALUE":0,"P10_VALUE":0,"P25_VALUE":6,"MEDIAN_VALUE":6,"P75_VALUE":6,"P90_VALUE":12,"MAX_VALUE":16}}
