{"AGE_AT_FIRST_EXPOSURE":{"CATEGORY":["MALE","FEMALE"],"MIN_VALUE":[4,13],"P10_VALUE":[44,40],"P25_VALUE":[58,56],"MEDIAN_VALUE":[72,72],"P75_VALUE":[81,81],"P90_VALUE":[86,87],"MAX_VALUE":[96,97]},"DAYS_SUPPLY_DISTRIBUTION":{"CATEGORY":"Days supply","MIN_VALUE":28,"P10_VALUE":28,"P25_VALUE":28,"MEDIAN_VALUE":28,"P75_VALUE":28,"P90_VALUE":28,"MAX_VALUE":28},"DRUGS_BY_TYPE":{"CONCEPT_NAME":"Prescription written","COUNT_VALUE":5597},"PREVALENCE_BY_GENDER_AGE_YEAR":{"TRELLIS_NAME":["80-89","70-79","60-69","80-89","70-79","60-69","40-49","70-79","50-59","80-89","70-79","50-59","60-69","60-69","80-89","70-79","40-49","80-89","70-79","60-69","70-79","80-89","50-59","50-59","80-89","60-69","70-79","70-79","70-79","50-59","80-89","70-79","60-69","80-89","80-89","70-79","70-79","50-59","60-69","80-89","60-69","70-79","70-79","60-69","50-59","80-89","40-49","60-69","80-89","60-69","80-89","80-89","60-69","70-79","70-79","40-49","60-69","50-59","80-89","70-79","80-89","70-79","80-89","80-89","70-79","60-69","70-79","70-79","70-79","80-89","80-89","60-69","70-79","80-89","70-79","70-79","60-69","60-69","80-89","70-79","80-89","70-79","80-89"],"SERIES_NAME":["MALE","MALE","MALE","MALE","MALE","MALE","FEMALE","FEMALE","MALE","FEMALE","FEMALE","MALE","MALE","FEMALE","MALE","MALE","FEMALE","MALE","MALE","MALE","FEMALE","FEMALE","MALE","FEMALE","MALE","FEMALE","MALE","FEMALE","MALE","MALE","MALE","FEMALE","FEMALE","FEMALE","MALE","MALE","FEMALE","MALE","FEMALE","FEMALE","MALE","MALE","FEMALE","FEMALE","MALE","MALE","MALE","MALE","FEMALE","FEMALE","MALE","FEMALE","MALE","FEMALE","MALE","MALE","MALE","FEMALE","FEMALE","FEMALE","MALE","MALE","FEMALE","MALE","MALE","MALE","FEMALE","MALE","FEMALE","MALE","FEMALE","MALE","MALE","MALE","FEMALE","MALE","FEMALE","FEMALE","FEMALE","MALE","MALE","MALE","FEMALE"],"X_CALENDAR_YEAR":[2003,2003,2003,2004,2004,2004,2004,2004,2004,2005,2005,2005,2005,2005,2005,2005,2006,2006,2006,2006,2006,2006,2007,2007,2007,2007,2007,2007,2008,2008,2008,2008,2008,2008,2009,2009,2009,2009,2009,2009,2009,2010,2010,2010,2010,2010,2010,2010,2010,2011,2011,2011,2011,2011,2011,2011,2012,2012,2012,2012,2012,2012,2013,2013,2013,2013,2013,2014,2014,2014,2014,2015,2015,2015,2015,2016,2016,2017,2017,2017,2018,2018,2018],"Y_PREVALENCE_1000PP":[0.11199,0.05755,0.02987,0.10233,0.07222,0.04003,0.02085,0.05493,0.02298,0.07285,0.04783,0.02198,0.03382,0.02918,0.17935,0.08231,0.0159,0.14265,0.09663,0.0275,0.0715,0.04657,0.02015,0.02367,0.20258,0.02418,0.07771,0.03789,0.08556,0.02815,0.19182,0.03681,0.02312,0.06947,0.18729,0.08955,0.08665,0.02507,0.01937,0.08268,0.02623,0.0731,0.08166,0.022,0.01638,0.18423,0.01554,0.01924,0.09021,0.01825,0.12621,0.08244,0.02496,0.07599,0.07679,0.01312,0.02823,0.01879,0.12412,0.04458,0.1345,0.08134,0.12531,0.12281,0.07439,0.02189,0.08305,0.07616,0.06282,0.11631,0.07318,0.02164,0.04392,0.09133,0.02929,0.05077,0.03354,0.02872,0.12968,0.0619,0.10085,0.06075,0.09743]},"PREVALENCE_BY_MONTH":{"X_CALENDAR_MONTH":[200304,200305,200306,200307,200308,200309,200310,200311,200312,200401,200402,200403,200404,200405,200406,200407,200408,200409,200410,200411,200412,200501,200502,200503,200504,200505,200506,200507,200508,200509,200510,200511,200512,200601,200602,200603,200604,200605,200606,200607,200608,200609,200610,200611,200612,200701,200702,200703,200704,200705,200706,200707,200708,200709,200710,200711,200712,200801,200802,200803,200804,200805,200806,200807,200808,200809,200810,200811,200812,200901,200902,200903,200904,200905,200906,200907,200908,200909,200910,200911,200912,201001,201002,201003,201004,201005,201006,201007,201008,201009,201010,201011,201012,201101,201102,201103,201104,201105,201106,201107,201108,201109,201110,201111,201112,201201,201202,201203,201204,201205,201206,201207,201208,201209,201210,201211,201212,201301,201302,201303,201304,201305,201306,201307,201308,201309,201310,201311,201312,201401,201402,201403,201404,201405,201406,201407,201408,201409,201410,201411,201412,201501,201502,201503,201504,201505,201506,201507,201508,201509,201510,201511,201512,201601,201602,201603,201604,201605,201606,201607,201608,201609,201610,201611,201612,201701,201702,201703,201704,201705,201706,201707,201708,201709,201710,201711,201712,201801,201802,201803,201804,201805,201806,201807,201808,201809,201810,201811,201812,201901,201902,201903],"Y_PREVALENCE_1000PP":[0.00262,0.00261,0.00312,0.0036,0.00513,0.00537,0.00687,0.00558,0.00454,0.00593,0.00567,0.00556,0.00476,0.00473,0.0061,0.00513,0.00511,0.00578,0.00507,0.00482,0.00527,0.00589,0.00407,0.0043,0.00496,0.0045,0.00538,0.00467,0.00488,0.00527,0.00658,0.00503,0.00481,0.00281,0.00521,0.00433,0.00517,0.00558,0.00641,0.00363,0.00575,0.00552,0.00675,0.00672,0.00546,0.00478,0.00497,0.00518,0.00412,0.0045,0.00426,0.00563,0.00623,0.00438,0.00492,0.00527,0.0039,0.00523,0.00543,0.00603,0.00698,0.00639,0.00653,0.00708,0.00631,0.00761,0.00569,0.00739,0.00814,0.00698,0.00773,0.00734,0.00775,0.00679,0.0064,0.00696,0.00697,0.00657,0.0064,0.00623,0.0078,0.00719,0.00494,0.00647,0.00533,0.00553,0.00516,0.00535,0.00572,0.00494,0.00547,0.00618,0.006,0.00411,0.00504,0.00538,0.00722,0.00774,0.00755,0.00679,0.00769,0.00619,0.00654,0.00584,0.0062,0.0071,0.00564,0.00618,0.00782,0.0071,0.00782,0.00528,0.00781,0.0049,0.00726,0.00475,0.00589,0.00624,0.00497,0.00685,0.00629,0.00576,0.00576,0.00612,0.00612,0.00537,0.00655,0.00659,0.00634,0.00649,0.0063,0.00574,0.00498,0.00613,0.00601,0.00588,0.00395,0.00476,0.00404,0.00347,0.00456,0.00374,0.00418,0.00345,0.00389,0.00324,0.00383,0.00382,0.00405,0.0036,0.00442,0.00308,0.00369,0.00322,0.00274,0.00374,0.00425,0.00455,0.00283,0.00446,0.00347,0.00456,0.0057,0.00438,0.00493,0.00548,0.0056,0.00652,0.00485,0.00513,0.00554,0.00526,0.005,0.0062,0.00385,0.00573,0.00396,0.00401,0.00494,0.00463,0.00463,0.00463,0.0031,0.00504,0.00573,0.00447,0.00521,0.00657,0.00559,0.00558,0.00562,0.00528]},"DRUG_FREQUENCY_DISTRIBUTION":{"Y_NUM_PERSONS":[0,0,0,0,0,0,0,0,0,0,0,0,0,0,0,0,0,0,0,0,0,0,0,0,0,0,0,0,0,0,0,0,0,0,0,0,0,0,0,0,0,0,0,0,0,0],"X_COUNT":[1,2,3,4,5,6,7,8,9,10,11,12,13,14,15,16,17,18,19,20,21,22,23,24,25,26,27,28,29,30,31,32,33,34,35,36,37,38,39,41,43,45,47,52,53,57]},"QUANTITY_DISTRIBUTION":{"CATEGORY":"Quantity","MIN_VALUE":0,"P10_VALUE":2,"P25_VALUE":4,"MEDIAN_VALUE":4,"P75_VALUE":4,"P90_VALUE":4,"MAX_VALUE":56},"REFILLS_DISTRIBUTION":{"CATEGORY":"Refills","MIN_VALUE":0,"P10_VALUE":0,"P25_VALUE":3,"MEDIAN_VALUE":6,"P75_VALUE":7,"P90_VALUE":12,"MAX_VALUE":999}}
