{"AGE_AT_FIRST_EXPOSURE":{"CATEGORY":"MALE","MIN_VALUE":37,"P10_VALUE":39,"P25_VALUE":49,"MEDIAN_VALUE":54,"P75_VALUE":66,"P90_VALUE":77,"MAX_VALUE":91},"DAYS_SUPPLY_DISTRIBUTION":{"CATEGORY":[],"MIN_VALUE":[],"P10_VALUE":[],"P25_VALUE":[],"MEDIAN_VALUE":[],"P75_VALUE":[],"P90_VALUE":[],"MAX_VALUE":[]},"DRUGS_BY_TYPE":{"CONCEPT_NAME":"Prescription written","COUNT_VALUE":767},"PREVALENCE_BY_GENDER_AGE_YEAR":{"TRELLIS_NAME":["50-59","50-59"],"SERIES_NAME":["MALE","MALE"],"X_CALENDAR_YEAR":[2012,2014],"Y_PREVALENCE_1000PP":[0.01577,0.01606]},"PREVALENCE_BY_MONTH":{"X_CALENDAR_MONTH":[201103,201104,201105,201106,201107,201108,201109,201110,201111,201112,201201,201202,201203,201204,201205,201207,201208,201209,201210,201211,201212,201301,201302,201303,201304,201305,201306,201307,201308,201309,201310,201311,201312,201401,201402,201403,201404,201405,201406,201407,201408,201409,201410,201411,201412,201501,201502,201503,201504,201505,201506,201507,201509,201512,201601,201603,201604,201605,201606,201607,201608,201610,201612,201704],"Y_PREVALENCE_1000PP":[0.0013,0.0013,0.00148,0.00184,0.00165,0.00128,0.00146,0.00109,0.00201,0.00146,0.00146,0.00164,0.00145,0.00164,0.00146,0.00128,0.00163,0.00199,0.002,0.00128,0.00166,0.00147,0.00147,0.00148,0.00185,0.00186,0.00204,0.00167,0.00204,0.00148,0.00168,0.00188,0.00173,0.00191,0.00153,0.00153,0.00192,0.00134,0.00194,0.00196,0.00158,0.00178,0.00162,0.00204,0.00228,0.00249,0.00167,0.00237,0.00195,0.00173,0.00293,0.00247,0.00135,0.00197,0.00173,0.00199,0.00175,0.00177,0.00154,0.00184,0.0016,0.0019,0.00164,0.00171]},"DRUG_FREQUENCY_DISTRIBUTION":{"Y_NUM_PERSONS":[0,0,0,0,0,0,0,0,0,0,0,0,0,0,0,0],"X_COUNT":[1,2,3,5,10,11,12,19,20,23,34,42,48,50,51,54]},"QUANTITY_DISTRIBUTION":{"CATEGORY":"Quantity","MIN_VALUE":7,"P10_VALUE":7,"P25_VALUE":28,"MEDIAN_VALUE":28,"P75_VALUE":28,"P90_VALUE":56,"MAX_VALUE":112},"REFILLS_DISTRIBUTION":{"CATEGORY":"Refills","MIN_VALUE":0,"P10_VALUE":4,"P25_VALUE":6,"MEDIAN_VALUE":6,"P75_VALUE":12,"P90_VALUE":12,"MAX_VALUE":26}}
