{"AGE_AT_FIRST_EXPOSURE":{"CATEGORY":["MALE","FEMALE"],"MIN_VALUE":[7,15],"P10_VALUE":[46,41],"P25_VALUE":[54,51],"MEDIAN_VALUE":[62,62],"P75_VALUE":[71,72],"P90_VALUE":[78,81],"MAX_VALUE":[97,99]},"DAYS_SUPPLY_DISTRIBUTION":{"CATEGORY":[],"MIN_VALUE":[],"P10_VALUE":[],"P25_VALUE":[],"MEDIAN_VALUE":[],"P75_VALUE":[],"P90_VALUE":[],"MAX_VALUE":[]},"DRUGS_BY_TYPE":{"CONCEPT_NAME":"Prescription written","COUNT_VALUE":6344},"PREVALENCE_BY_GENDER_AGE_YEAR":{"TRELLIS_NAME":["60-69","60-69","50-59","60-69","50-59","60-69","70-79","70-79","50-59","50-59","40-49","60-69","50-59","60-69","50-59","70-79","60-69","40-49","70-79","70-79","60-69","50-59","60-69","50-59","60-69","40-49","70-79","50-59","60-69","70-79","50-59","60-69","60-69","70-79","30-39","80-89","30-39","70-79","50-59","40-49","50-59","80-89","70-79","70-79","50-59","60-69","50-59","40-49","60-69","70-79","60-69","70-79","30-39","80-89","60-69","50-59","50-59","70-79","60-69","40-49","60-69","50-59","40-49","30-39","70-79","50-59","80-89","70-79","70-79","40-49","50-59","40-49","50-59","60-69","60-69","60-69","60-69","70-79","40-49","50-59","40-49","70-79","50-59","60-69","70-79","70-79","50-59","50-59","60-69","50-59","40-49"],"SERIES_NAME":["MALE","MALE","FEMALE","FEMALE","MALE","FEMALE","MALE","FEMALE","FEMALE","MALE","FEMALE","MALE","MALE","FEMALE","FEMALE","MALE","MALE","FEMALE","MALE","FEMALE","FEMALE","FEMALE","MALE","MALE","MALE","FEMALE","MALE","FEMALE","FEMALE","FEMALE","MALE","MALE","FEMALE","FEMALE","FEMALE","FEMALE","MALE","MALE","FEMALE","FEMALE","MALE","FEMALE","FEMALE","MALE","FEMALE","FEMALE","MALE","MALE","MALE","FEMALE","MALE","MALE","MALE","FEMALE","FEMALE","FEMALE","MALE","MALE","MALE","MALE","FEMALE","MALE","FEMALE","FEMALE","FEMALE","FEMALE","FEMALE","FEMALE","MALE","MALE","FEMALE","FEMALE","MALE","FEMALE","MALE","MALE","FEMALE","MALE","FEMALE","FEMALE","MALE","FEMALE","MALE","MALE","MALE","FEMALE","MALE","FEMALE","MALE","MALE","MALE"],"X_CALENDAR_YEAR":[2002,2003,2004,2004,2004,2005,2005,2005,2005,2005,2005,2005,2006,2006,2006,2006,2006,2006,2007,2007,2007,2007,2007,2007,2008,2008,2008,2008,2008,2008,2008,2009,2009,2009,2009,2009,2009,2009,2009,2009,2009,2010,2010,2010,2010,2010,2010,2010,2010,2011,2011,2011,2011,2011,2011,2011,2011,2012,2012,2012,2012,2012,2012,2012,2012,2012,2013,2013,2013,2013,2013,2013,2013,2013,2013,2014,2014,2014,2014,2014,2014,2014,2014,2015,2015,2015,2015,2016,2016,2017,2017],"Y_PREVALENCE_1000PP":[0.03775,0.02987,0.03042,0.03504,0.03939,0.02918,0.05698,0.03189,0.02586,0.02198,0.02523,0.0465,0.02433,0.0503,0.02192,0.03624,0.0275,0.0265,0.03886,0.02842,0.04835,0.02663,0.03507,0.04318,0.04684,0.01893,0.07486,0.02889,0.05945,0.05982,0.0563,0.04918,0.0581,0.07297,0.01766,0.05512,0.01475,0.07901,0.03439,0.02341,0.06129,0.05551,0.03629,0.06788,0.0449,0.04714,0.05734,0.01554,0.07375,0.05364,0.06863,0.10239,0.01948,0.05496,0.03346,0.01625,0.03707,0.061,0.06586,0.01337,0.05794,0.04731,0.02305,0.01493,0.03567,0.03758,0.04177,0.05682,0.07935,0.01355,0.0316,0.0257,0.02068,0.04554,0.07191,0.06627,0.0257,0.0457,0.01768,0.02174,0.01468,0.04936,0.02676,0.04329,0.04941,0.04393,0.02303,0.02054,0.03033,0.02233,0.02268]},"PREVALENCE_BY_MONTH":{"X_CALENDAR_MONTH":[200209,200210,200211,200212,200301,200302,200303,200304,200305,200307,200309,200310,200311,200312,200401,200402,200403,200404,200405,200406,200407,200408,200409,200410,200411,200412,200501,200502,200503,200504,200505,200506,200507,200508,200509,200510,200511,200512,200601,200602,200603,200604,200605,200606,200607,200608,200609,200610,200611,200612,200701,200702,200703,200704,200705,200706,200707,200708,200709,200710,200711,200712,200801,200802,200803,200804,200805,200806,200807,200808,200809,200810,200811,200812,200901,200902,200903,200904,200905,200906,200907,200908,200909,200910,200911,200912,201001,201002,201003,201004,201005,201006,201007,201008,201009,201010,201011,201012,201101,201102,201103,201104,201105,201106,201107,201108,201109,201110,201111,201112,201201,201202,201203,201204,201205,201206,201207,201208,201209,201210,201211,201212,201301,201302,201303,201304,201305,201306,201307,201308,201309,201310,201311,201312,201401,201402,201403,201404,201405,201406,201407,201408,201409,201410,201411,201412,201501,201502,201503,201504,201505,201506,201507,201508,201509,201510,201511,201512,201601,201602,201603,201604,201605,201606,201607,201608,201609,201610,201611,201612,201701,201702,201703,201704,201705,201706,201707,201708,201709,201710,201711,201712,201801,201802,201803,201804,201805,201806,201807,201808,201809,201810,201811,201812,201901],"Y_PREVALENCE_1000PP":[0.0019,0.00269,0.00214,0.00188,0.00186,0.00185,0.0021,0.00288,0.00209,0.00154,0.0023,0.00255,0.00177,0.00177,0.00173,0.00173,0.00266,0.00286,0.00237,0.00211,0.00163,0.00186,0.00162,0.00253,0.00275,0.00344,0.00272,0.00271,0.00271,0.00248,0.00293,0.00314,0.00378,0.0031,0.00329,0.00219,0.00328,0.00306,0.00303,0.00239,0.00282,0.00194,0.00258,0.0032,0.00321,0.00405,0.0034,0.00232,0.0021,0.00252,0.00249,0.00269,0.00311,0.00392,0.00328,0.00183,0.00261,0.00261,0.00339,0.00335,0.00351,0.00332,0.00387,0.00427,0.0037,0.00523,0.00658,0.00557,0.00402,0.00517,0.00456,0.00322,0.00417,0.00606,0.00434,0.00566,0.00546,0.00529,0.0066,0.00527,0.00489,0.00452,0.00582,0.0049,0.00434,0.00552,0.00435,0.00399,0.00533,0.00399,0.00381,0.00535,0.00458,0.00439,0.00494,0.00622,0.0045,0.00413,0.00505,0.00467,0.00538,0.00629,0.00443,0.00515,0.00532,0.00604,0.00674,0.006,0.0042,0.00529,0.00528,0.00582,0.00509,0.00673,0.00601,0.00546,0.0062,0.00527,0.00635,0.00581,0.00457,0.00534,0.00551,0.00442,0.0037,0.00407,0.00501,0.00464,0.00482,0.00353,0.00445,0.00561,0.00508,0.0048,0.00516,0.00534,0.00402,0.00517,0.00479,0.00601,0.00431,0.00434,0.00496,0.00546,0.00511,0.00456,0.00415,0.00313,0.00345,0.00367,0.00281,0.0036,0.00472,0.00337,0.0036,0.00303,0.0026,0.00271,0.00322,0.00423,0.00349,0.00275,0.00354,0.00386,0.00236,0.00267,0.00349,0.00353,0.00383,0.00411,0.00301,0.0028,0.00369,0.00285,0.00314,0.0035,0.0038,0.00324,0.00325,0.00296,0.00362,0.00426,0.00309,0.00402,0.00309,0.0034,0.0037,0.00341,0.00252,0.00286,0.00256,0.00228,0.00197,0.0023,0.00197]},"DRUG_FREQUENCY_DISTRIBUTION":{"Y_NUM_PERSONS":[0,0,0,0,0,0,0,0,0,0,0,0,0,0,0,0,0,0,0,0,0,0,0,0,0,0,0,0,0,0,0,0,0,0,0,0,0,0,0,0,0,0,0,0,0,0,0,0],"X_COUNT":[1,2,3,4,5,6,7,8,9,10,11,12,13,14,15,16,17,18,19,20,21,22,23,24,25,26,27,28,29,34,38,41,42,43,46,47,48,49,51,58,59,62,69,75,81,82,90,95]},"QUANTITY_DISTRIBUTION":{"CATEGORY":"Quantity","MIN_VALUE":1,"P10_VALUE":120,"P25_VALUE":120,"MEDIAN_VALUE":120,"P75_VALUE":240,"P90_VALUE":360,"MAX_VALUE":5040},"REFILLS_DISTRIBUTION":{"CATEGORY":"Refills","MIN_VALUE":0,"P10_VALUE":0,"P25_VALUE":0,"MEDIAN_VALUE":3,"P75_VALUE":6,"P90_VALUE":12,"MAX_VALUE":100}}
