{"AGE_AT_FIRST_EXPOSURE":{"CATEGORY":["FEMALE","MALE"],"MIN_VALUE":[7,4],"P10_VALUE":[14,12],"P25_VALUE":[50,20],"MEDIAN_VALUE":[66,62],"P75_VALUE":[77,72],"P90_VALUE":[83,79],"MAX_VALUE":[104,92]},"DAYS_SUPPLY_DISTRIBUTION":{"CATEGORY":[],"MIN_VALUE":[],"P10_VALUE":[],"P25_VALUE":[],"MEDIAN_VALUE":[],"P75_VALUE":[],"P90_VALUE":[],"MAX_VALUE":[]},"DRUGS_BY_TYPE":{"CONCEPT_NAME":"Prescription written","COUNT_VALUE":538},"PREVALENCE_BY_GENDER_AGE_YEAR":{"TRELLIS_NAME":["60-69","10-19","60-69","70-79","70-79","70-79","70-79","10-19","60-69","40-49","70-79","60-69","50-59","10-19","10-19","70-79","10-19","60-69","60-69","60-69","80-89","70-79","70-79","60-69","60-69","70-79","60-69"],"SERIES_NAME":["MALE","MALE","FEMALE","MALE","FEMALE","MALE","FEMALE","MALE","MALE","MALE","FEMALE","MALE","MALE","MALE","MALE","MALE","MALE","FEMALE","MALE","MALE","FEMALE","FEMALE","MALE","FEMALE","FEMALE","FEMALE","MALE"],"X_CALENDAR_YEAR":[2008,2008,2008,2008,2008,2009,2009,2009,2009,2010,2010,2010,2011,2011,2012,2013,2013,2013,2013,2014,2014,2014,2014,2014,2015,2015,2015],"Y_PREVALENCE_1000PP":[0.02342,0.01859,0.03303,0.07486,0.03681,0.04741,0.02736,0.01844,0.02623,0.01554,0.02722,0.02565,0.01589,0.02725,0.02446,0.03968,0.02141,0.01822,0.01876,0.03314,0.04391,0.04039,0.05077,0.03856,0.02445,0.02929,0.02525]},"PREVALENCE_BY_MONTH":{"X_CALENDAR_MONTH":[200803,200804,200805,200806,200807,200903,200906,200907,200910,200911,200912,201002,201003,201007,201008,201101,201106,201108,201111,201201,201206,201209,201212,201303,201307,201312,201402,201403,201406,201501,201502,201801],"Y_PREVALENCE_1000PP":[0.00117,0.00233,0.00194,0.00115,0.00115,0.00132,0.00113,0.00132,0.00113,0.00113,0.00114,0.00133,0.00209,0.00172,0.00153,0.00206,0.00239,0.00293,0.00109,0.00164,0.00127,0.00163,0.0011,0.00111,0.00111,0.00173,0.00191,0.00211,0.00194,0.00208,0.00125,0.00185]},"DRUG_FREQUENCY_DISTRIBUTION":{"Y_NUM_PERSONS":[0,0,0,0],"X_COUNT":[1,2,3,4]},"QUANTITY_DISTRIBUTION":{"CATEGORY":"Quantity","MIN_VALUE":1,"P10_VALUE":1,"P25_VALUE":1,"MEDIAN_VALUE":2,"P75_VALUE":2,"P90_VALUE":2,"MAX_VALUE":10},"REFILLS_DISTRIBUTION":{"CATEGORY":"Refills","MIN_VALUE":0,"P10_VALUE":0,"P25_VALUE":0,"MEDIAN_VALUE":0,"P75_VALUE":0,"P90_VALUE":0,"MAX_VALUE":3}}
