{"AGE_AT_FIRST_EXPOSURE":{"CATEGORY":["MALE","FEMALE"],"MIN_VALUE":[2,5],"P10_VALUE":[31,29],"P25_VALUE":[43,42],"MEDIAN_VALUE":[57,53],"P75_VALUE":[67,68],"P90_VALUE":[77,78],"MAX_VALUE":[89,92]},"DAYS_SUPPLY_DISTRIBUTION":{"CATEGORY":[],"MIN_VALUE":[],"P10_VALUE":[],"P25_VALUE":[],"MEDIAN_VALUE":[],"P75_VALUE":[],"P90_VALUE":[],"MAX_VALUE":[]},"DRUGS_BY_TYPE":{"CONCEPT_NAME":"Prescription written","COUNT_VALUE":809},"PREVALENCE_BY_GENDER_AGE_YEAR":{"TRELLIS_NAME":["60-69","50-59","50-59","60-69","60-69","50-59","60-69","40-49","70-79","60-69","50-59","40-49","50-59","40-49","40-49","50-59","50-59","50-59"],"SERIES_NAME":["FEMALE","MALE","FEMALE","FEMALE","MALE","FEMALE","MALE","FEMALE","FEMALE","MALE","FEMALE","FEMALE","FEMALE","FEMALE","FEMALE","FEMALE","FEMALE","FEMALE"],"X_CALENDAR_YEAR":[2008,2009,2009,2009,2010,2011,2011,2011,2011,2012,2012,2012,2013,2013,2014,2014,2015,2018],"Y_PREVALENCE_1000PP":[0.02642,0.01671,0.0258,0.01937,0.02886,0.01625,0.02184,0.01364,0.02682,0.02195,0.02147,0.01844,0.0158,0.01402,0.01768,0.02446,0.01753,0.03395]},"PREVALENCE_BY_MONTH":{"X_CALENDAR_MONTH":[200809,200811,200904,200905,200906,200907,200909,200910,201002,201007,201008,201009,201011,201012,201101,201102,201103,201104,201105,201107,201108,201109,201111,201112,201201,201202,201203,201204,201205,201206,201207,201208,201210,201211,201301,201302,201303,201402,201404,201410,201501,201507,201508,201509,201510,201512,201602,201603,201604,201606,201707,201804,201806,201807,201808,201809,201810,201901,201902,201903],"Y_PREVALENCE_1000PP":[0.00152,0.00114,0.00189,0.00132,0.00151,0.00132,0.0015,0.00132,0.00133,0.00191,0.00134,0.00133,0.00112,0.00225,0.0028,0.00168,0.00167,0.00111,0.00166,0.00147,0.0011,0.00127,0.00128,0.00128,0.00146,0.00127,0.00236,0.00182,0.00146,0.00145,0.00164,0.00236,0.00163,0.00146,0.00128,0.00111,0.00148,0.00134,0.00115,0.00121,0.00125,0.00135,0.0018,0.00157,0.0014,0.00148,0.00174,0.00174,0.0025,0.00154,0.00175,0.00185,0.00186,0.00189,0.00223,0.00192,0.00195,0.00197,0.00198,0.00198]},"DRUG_FREQUENCY_DISTRIBUTION":{"Y_NUM_PERSONS":[0,0,0,0,0,0,0,0,0,0,0,0,0,0],"X_COUNT":[1,2,3,4,5,6,7,8,9,10,11,12,16,18]},"QUANTITY_DISTRIBUTION":{"CATEGORY":"Quantity","MIN_VALUE":2,"P10_VALUE":5,"P25_VALUE":5,"MEDIAN_VALUE":40,"P75_VALUE":40,"P90_VALUE":80,"MAX_VALUE":240},"REFILLS_DISTRIBUTION":{"CATEGORY":"Refills","MIN_VALUE":0,"P10_VALUE":0,"P25_VALUE":0,"MEDIAN_VALUE":0,"P75_VALUE":3,"P90_VALUE":6,"MAX_VALUE":15}}
