{"AGE_AT_FIRST_EXPOSURE":{"CATEGORY":["MALE","FEMALE"],"MIN_VALUE":[22,32],"P10_VALUE":[52,41],"P25_VALUE":[61,57],"MEDIAN_VALUE":[70,70],"P75_VALUE":[81,82],"P90_VALUE":[85,86],"MAX_VALUE":[86,96]},"DAYS_SUPPLY_DISTRIBUTION":{"CATEGORY":[],"MIN_VALUE":[],"P10_VALUE":[],"P25_VALUE":[],"MEDIAN_VALUE":[],"P75_VALUE":[],"P90_VALUE":[],"MAX_VALUE":[]},"DRUGS_BY_TYPE":{"CONCEPT_NAME":"Prescription written","COUNT_VALUE":1809},"PREVALENCE_BY_GENDER_AGE_YEAR":{"TRELLIS_NAME":["70-79","80-89","60-69","60-69","80-89","80-89","60-69","70-79","80-89","60-69","70-79","80-89"],"SERIES_NAME":["MALE","MALE","MALE","FEMALE","FEMALE","MALE","MALE","MALE","FEMALE","MALE","MALE","MALE"],"X_CALENDAR_YEAR":[2005,2005,2005,2006,2006,2006,2006,2006,2007,2007,2007,2007],"Y_PREVALENCE_1000PP":[0.03799,0.09657,0.02959,0.02708,0.05433,0.10374,0.04714,0.05435,0.05052,0.03857,0.04441,0.10725]},"PREVALENCE_BY_MONTH":{"X_CALENDAR_MONTH":[200412,200510,200511,200512,200601,200602,200603,200604,200605,200606,200607,200608,200609,200610,200611,200612,200701,200702,200703,200704,200705,200706,200707,200708,200709,200710,200711,200712,200801,200802,200803,200804,200805,200806,200807,200808,200809,200810,200811,200812,200901,200902,200903,200904,200905,200906,200907,200908,200909,200910,200911,200912,201001,201002,201003,201004,201005,201006,201007,201008,201009,201010,201011,201012,201201],"Y_PREVALENCE_1000PP":[0.00138,0.00483,0.00722,0.00678,0.00779,0.00759,0.00801,0.00775,0.00773,0.00705,0.00812,0.00788,0.00849,0.00887,0.00903,0.00776,0.00769,0.00705,0.00849,0.0066,0.00798,0.00832,0.00764,0.00763,0.00737,0.00669,0.00683,0.00546,0.00387,0.00252,0.00311,0.00252,0.0029,0.00192,0.00306,0.00287,0.00247,0.00285,0.00227,0.00246,0.00207,0.00245,0.00188,0.00227,0.00189,0.00264,0.00207,0.00188,0.0015,0.00188,0.00208,0.00228,0.00208,0.00209,0.0019,0.0019,0.00172,0.00191,0.0021,0.00134,0.00171,0.00151,0.00187,0.00131,0.00109]},"DRUG_FREQUENCY_DISTRIBUTION":{"Y_NUM_PERSONS":[0,0,0,0,0,0,0,0,0,0,0,0,0,0,0,0,0,0,0,0,0,0,0,0,0,0,0,0,0,0,0,0],"X_COUNT":[1,2,3,4,5,6,7,8,9,10,13,14,15,16,17,18,19,20,21,22,23,28,29,30,31,32,33,34,37,40,42,43]},"QUANTITY_DISTRIBUTION":{"CATEGORY":"Quantity","MIN_VALUE":14,"P10_VALUE":56,"P25_VALUE":56,"MEDIAN_VALUE":56,"P75_VALUE":56,"P90_VALUE":112,"MAX_VALUE":224},"REFILLS_DISTRIBUTION":{"CATEGORY":"Refills","MIN_VALUE":0,"P10_VALUE":3,"P25_VALUE":6,"MEDIAN_VALUE":6,"P75_VALUE":11,"P90_VALUE":12,"MAX_VALUE":52}}
