{"AGE_AT_FIRST_EXPOSURE":{"CATEGORY":["FEMALE","MALE"],"MIN_VALUE":[39,43],"P10_VALUE":[51,48],"P25_VALUE":[54,54],"MEDIAN_VALUE":[63,60],"P75_VALUE":[74,68],"P90_VALUE":[79,80],"MAX_VALUE":[99,88]},"DAYS_SUPPLY_DISTRIBUTION":{"CATEGORY":[],"MIN_VALUE":[],"P10_VALUE":[],"P25_VALUE":[],"MEDIAN_VALUE":[],"P75_VALUE":[],"P90_VALUE":[],"MAX_VALUE":[]},"DRUGS_BY_TYPE":{"CONCEPT_NAME":"Prescription written","COUNT_VALUE":559},"PREVALENCE_BY_GENDER_AGE_YEAR":{"TRELLIS_NAME":[],"SERIES_NAME":[],"X_CALENDAR_YEAR":[],"Y_PREVALENCE_1000PP":[]},"PREVALENCE_BY_MONTH":{"X_CALENDAR_MONTH":[201403,201405,201407,201408,201409,201410,201411,201412,201501,201502,201503,201504,201505,201506,201507,201508,201509,201510,201511,201512,201601,201602,201603,201604,201605,201606,201607,201608,201609,201610,201611,201612,201701,201702,201703,201704,201705,201706,201707,201709,201710,201711,201712,201802,201804,201806,201808,201810,201811,201901,201902,201903],"Y_PREVALENCE_1000PP":[0.00115,0.00115,0.00196,0.00178,0.00198,0.00202,0.00266,0.00145,0.00145,0.00125,0.00173,0.00173,0.00151,0.00158,0.00247,0.00202,0.0018,0.00233,0.0026,0.00221,0.00272,0.00249,0.00249,0.0035,0.00177,0.00232,0.00289,0.00374,0.00322,0.0038,0.00329,0.00329,0.00356,0.00308,0.00255,0.00314,0.00285,0.00262,0.00292,0.00207,0.00296,0.00211,0.00274,0.00247,0.00247,0.00217,0.00223,0.00195,0.0023,0.00197,0.00198,0.00198]},"DRUG_FREQUENCY_DISTRIBUTION":{"Y_NUM_PERSONS":[0,0,0,0,0,0,0,0,0,0,0,0,0,0,0,0],"X_COUNT":[1,2,3,4,5,6,7,10,11,12,15,16,21,24,29,32]},"QUANTITY_DISTRIBUTION":{"CATEGORY":"Quantity","MIN_VALUE":24,"P10_VALUE":56,"P25_VALUE":56,"MEDIAN_VALUE":84,"P75_VALUE":120,"P90_VALUE":168,"MAX_VALUE":448},"REFILLS_DISTRIBUTION":{"CATEGORY":"Refills","MIN_VALUE":0,"P10_VALUE":6,"P25_VALUE":6,"MEDIAN_VALUE":6,"P75_VALUE":12,"P90_VALUE":12,"MAX_VALUE":13}}
