{"AGE_AT_FIRST_EXPOSURE":{"CATEGORY":["MALE","FEMALE"],"MIN_VALUE":[1,1],"P10_VALUE":[12,6],"P25_VALUE":[25,33],"MEDIAN_VALUE":[51,51],"P75_VALUE":[67,72],"P90_VALUE":[76,81],"MAX_VALUE":[91,97]},"DAYS_SUPPLY_DISTRIBUTION":{"CATEGORY":[],"MIN_VALUE":[],"P10_VALUE":[],"P25_VALUE":[],"MEDIAN_VALUE":[],"P75_VALUE":[],"P90_VALUE":[],"MAX_VALUE":[]},"DRUGS_BY_TYPE":{"CONCEPT_NAME":"Prescription written","COUNT_VALUE":279},"PREVALENCE_BY_GENDER_AGE_YEAR":{"TRELLIS_NAME":["50-59","70-79"],"SERIES_NAME":["MALE","FEMALE"],"X_CALENDAR_YEAR":[2000,2000],"Y_PREVALENCE_1000PP":[0.03351,0.07798]},"PREVALENCE_BY_MONTH":{"X_CALENDAR_MONTH":[199712,199810,199812,199901,199902,199904,199908,199909,199910,199911,200001,200002,200006,200007,200101,200103,200105],"Y_PREVALENCE_1000PP":[0.00774,0.00447,0.00803,0.00621,0.00605,0.00389,0.00429,0.00466,0.0045,0.0032,0.0027,0.00269,0.00549,0.00541,0.00221,0.00211,0.00205]},"DRUG_FREQUENCY_DISTRIBUTION":{"Y_NUM_PERSONS":[0,0,0,0,0],"X_COUNT":[1,2,3,4,5]},"QUANTITY_DISTRIBUTION":{"CATEGORY":"Quantity","MIN_VALUE":1,"P10_VALUE":1,"P25_VALUE":10,"MEDIAN_VALUE":30,"P75_VALUE":30,"P90_VALUE":60,"MAX_VALUE":100},"REFILLS_DISTRIBUTION":{"CATEGORY":"Refills","MIN_VALUE":0,"P10_VALUE":0,"P25_VALUE":0,"MEDIAN_VALUE":0,"P75_VALUE":0,"P90_VALUE":6,"MAX_VALUE":12}}
