{"AGE_AT_FIRST_EXPOSURE":{"CATEGORY":["MALE","FEMALE"],"MIN_VALUE":[1,1],"P10_VALUE":[7,15],"P25_VALUE":[12,26],"MEDIAN_VALUE":[29,45],"P75_VALUE":[51,64],"P90_VALUE":[67,75],"MAX_VALUE":[90,91]},"DAYS_SUPPLY_DISTRIBUTION":{"CATEGORY":"Days supply","MIN_VALUE":5,"P10_VALUE":28,"P25_VALUE":28,"MEDIAN_VALUE":28,"P75_VALUE":28,"P90_VALUE":28,"MAX_VALUE":28},"DRUGS_BY_TYPE":{"CONCEPT_NAME":"Prescription written","COUNT_VALUE":616},"PREVALENCE_BY_GENDER_AGE_YEAR":{"TRELLIS_NAME":["20-29","60-69","40-49","40-49","70-79","50-59","20-29","10-19","10-19","30-39","60-69","50-59","40-49","70-79","20-29","0-9","70-79","20-29","60-69","40-49","30-39","50-59","0-9","10-19","60-69","0-9","50-59","70-79","10-19","20-29","40-49","30-39"],"SERIES_NAME":["FEMALE","FEMALE","MALE","FEMALE","FEMALE","FEMALE","MALE","FEMALE","MALE","FEMALE","FEMALE","FEMALE","MALE","FEMALE","FEMALE","MALE","FEMALE","FEMALE","MALE","MALE","FEMALE","FEMALE","FEMALE","FEMALE","FEMALE","MALE","MALE","MALE","MALE","MALE","FEMALE","MALE"],"X_CALENDAR_YEAR":[1996,1996,1996,1996,1996,1996,1997,1997,1997,1997,1997,1997,1997,1997,1997,1997,1998,1998,1998,1998,1998,1998,1998,1998,1998,1998,1998,1998,1998,1998,1998,1998],"Y_PREVALENCE_1000PP":[0.16637,0.22812,0.15143,0.13462,0.36443,0.21574,0.08201,0.1451,0.14421,0.12149,0.20482,0.10343,0.10054,0.20351,0.12913,0.09249,0.21536,0.18581,0.16168,0.05776,0.14103,0.30715,0.13175,0.19604,0.23965,0.18756,0.07489,0.11967,0.21084,0.12502,0.23025,0.08215]},"PREVALENCE_BY_MONTH":{"X_CALENDAR_MONTH":[199601,199603,199604,199605,199606,199607,199608,199609,199611,199612,199701,199702,199703,199704,199705,199706,199707,199708,199709,199710,199711,199712,199801,199802,199803,199804,199805,199806,199807,199808,199809,199810,199811,199812,199902],"Y_PREVALENCE_1000PP":[0.03753,0.02825,0.04804,0.03339,0.04411,0.01878,0.01513,0.02216,0.01525,0.01356,0.00942,0.00759,0.01623,0.02873,0.0258,0.01311,0.01901,0.0125,0.00612,0.00811,0.01178,0.01257,0.01348,0.02172,0.01406,0.01623,0.03163,0.04129,0.03097,0.021,0.01447,0.01415,0.00956,0.00584,0.00403]},"DRUG_FREQUENCY_DISTRIBUTION":{"Y_NUM_PERSONS":[0,0,0,0,0,0,0,0],"X_COUNT":[1,2,3,4,5,6,7,10]},"QUANTITY_DISTRIBUTION":{"CATEGORY":"Quantity","MIN_VALUE":0,"P10_VALUE":1,"P25_VALUE":1,"MEDIAN_VALUE":2,"P75_VALUE":5,"P90_VALUE":5,"MAX_VALUE":20},"REFILLS_DISTRIBUTION":{"CATEGORY":"Refills","MIN_VALUE":0,"P10_VALUE":0,"P25_VALUE":0,"MEDIAN_VALUE":0,"P75_VALUE":6,"P90_VALUE":12,"MAX_VALUE":99}}
