{"AGE_AT_FIRST_EXPOSURE":{"CATEGORY":["MALE","FEMALE"],"MIN_VALUE":[40,35],"P10_VALUE":[54,49],"P25_VALUE":[58,62],"MEDIAN_VALUE":[65,70],"P75_VALUE":[73,78],"P90_VALUE":[82,88],"MAX_VALUE":[89,93]},"DAYS_SUPPLY_DISTRIBUTION":{"CATEGORY":"Days supply","MIN_VALUE":7,"P10_VALUE":7,"P25_VALUE":7,"MEDIAN_VALUE":28,"P75_VALUE":28,"P90_VALUE":28,"MAX_VALUE":28},"DRUGS_BY_TYPE":{"CONCEPT_NAME":"Prescription written","COUNT_VALUE":1240},"PREVALENCE_BY_GENDER_AGE_YEAR":{"TRELLIS_NAME":["60-69","50-59","70-79","60-69","60-69"],"SERIES_NAME":["MALE","MALE","MALE","MALE","MALE"],"X_CALENDAR_YEAR":[2015,2015,2015,2016,2017],"Y_PREVALENCE_1000PP":[0.02886,0.02015,0.03294,0.03466,0.02947]},"PREVALENCE_BY_MONTH":{"X_CALENDAR_MONTH":[201402,201403,201404,201405,201406,201407,201408,201409,201410,201411,201412,201501,201502,201503,201504,201505,201506,201507,201508,201509,201510,201511,201512,201601,201602,201603,201604,201605,201606,201607,201608,201609,201610,201611,201612,201701,201702,201703,201704,201705,201706,201707,201708,201709,201710,201711,201712,201801,201802,201803,201804,201805,201806,201807,201808,201809,201810,201811,201812,201901,201902,201903],"Y_PREVALENCE_1000PP":[0.00134,0.00115,0.00249,0.00211,0.00213,0.00294,0.00276,0.00278,0.00344,0.00368,0.00311,0.00477,0.00334,0.00367,0.00367,0.00432,0.0045,0.00472,0.00382,0.00292,0.00372,0.00355,0.00443,0.00346,0.00299,0.00399,0.00375,0.0043,0.00463,0.00394,0.00454,0.00375,0.00434,0.00465,0.00438,0.00493,0.00448,0.00539,0.00513,0.00542,0.00525,0.00556,0.005,0.00443,0.00592,0.00513,0.00426,0.00555,0.00464,0.00463,0.00525,0.00524,0.00465,0.00536,0.00573,0.00447,0.00651,0.00493,0.00493,0.00591,0.00528,0.00462]},"DRUG_FREQUENCY_DISTRIBUTION":{"Y_NUM_PERSONS":[0,0,0,0,0,0,0,0,0,0,0,0,0,0,0,0,0,0,0,0,0,0,0,0,0,0,0,0,0],"X_COUNT":[1,2,4,5,6,7,9,10,11,12,13,14,15,17,20,21,23,27,28,29,30,31,34,38,41,43,44,46,48]},"QUANTITY_DISTRIBUTION":{"CATEGORY":"Quantity","MIN_VALUE":0,"P10_VALUE":28,"P25_VALUE":42,"MEDIAN_VALUE":84,"P75_VALUE":140,"P90_VALUE":224,"MAX_VALUE":300},"REFILLS_DISTRIBUTION":{"CATEGORY":"Refills","MIN_VALUE":0,"P10_VALUE":3,"P25_VALUE":6,"MEDIAN_VALUE":6,"P75_VALUE":12,"P90_VALUE":13,"MAX_VALUE":999}}
