{"AGE_AT_FIRST_EXPOSURE":{"CATEGORY":["MALE","FEMALE"],"MIN_VALUE":[0,0],"P10_VALUE":[1,2],"P25_VALUE":[4,6],"MEDIAN_VALUE":[8,13],"P75_VALUE":[11,51],"P90_VALUE":[39,86],"MAX_VALUE":[92,97]},"DAYS_SUPPLY_DISTRIBUTION":{"CATEGORY":"Days supply","MIN_VALUE":25,"P10_VALUE":25,"P25_VALUE":28,"MEDIAN_VALUE":28,"P75_VALUE":28,"P90_VALUE":28,"MAX_VALUE":28},"DRUGS_BY_TYPE":{"CONCEPT_NAME":"Prescription written","COUNT_VALUE":526},"PREVALENCE_BY_GENDER_AGE_YEAR":{"TRELLIS_NAME":["0-9","0-9","80-89","10-19","10-19","0-9","0-9","0-9","0-9","10-19","10-19"],"SERIES_NAME":["FEMALE","MALE","FEMALE","FEMALE","MALE","MALE","FEMALE","FEMALE","MALE","FEMALE","MALE"],"X_CALENDAR_YEAR":[2017,2017,2018,2018,2018,2018,2018,2019,2019,2019,2019],"Y_PREVALENCE_1000PP":[0.05437,0.05189,0.08525,0.08017,0.07751,0.21859,0.16128,0.06353,0.10918,0.04137,0.05107]},"PREVALENCE_BY_MONTH":{"X_CALENDAR_MONTH":[201709,201710,201711,201712,201801,201802,201803,201804,201805,201806,201807,201808,201809,201810,201811,201812,201901,201902,201903],"Y_PREVALENCE_1000PP":[0.00236,0.00355,0.00513,0.007,0.00895,0.00618,0.01174,0.00679,0.00895,0.00868,0.00725,0.00732,0.00767,0.00814,0.00821,0.00921,0.0105,0.01024,0.01123]},"DRUG_FREQUENCY_DISTRIBUTION":{"Y_NUM_PERSONS":[0,0,0,0,0,0,0,0,0,0,0],"X_COUNT":[1,2,3,4,5,6,7,8,9,10,11]},"QUANTITY_DISTRIBUTION":{"CATEGORY":"Quantity","MIN_VALUE":20,"P10_VALUE":50,"P25_VALUE":50,"MEDIAN_VALUE":50,"P75_VALUE":50,"P90_VALUE":100,"MAX_VALUE":230},"REFILLS_DISTRIBUTION":{"CATEGORY":"Refills","MIN_VALUE":0,"P10_VALUE":0,"P25_VALUE":0,"MEDIAN_VALUE":3,"P75_VALUE":6,"P90_VALUE":12,"MAX_VALUE":99}}
