{"AGE_AT_FIRST_EXPOSURE":{"CATEGORY":["FEMALE","MALE"],"MIN_VALUE":[0,0],"P10_VALUE":[1,1],"P25_VALUE":[4,3],"MEDIAN_VALUE":[8,6],"P75_VALUE":[13,11],"P90_VALUE":[43,17],"MAX_VALUE":[92,89]},"DAYS_SUPPLY_DISTRIBUTION":{"CATEGORY":[],"MIN_VALUE":[],"P10_VALUE":[],"P25_VALUE":[],"MEDIAN_VALUE":[],"P75_VALUE":[],"P90_VALUE":[],"MAX_VALUE":[]},"DRUGS_BY_TYPE":{"CONCEPT_NAME":"Prescription written","COUNT_VALUE":1941},"PREVALENCE_BY_GENDER_AGE_YEAR":{"TRELLIS_NAME":["0-9","0-9","10-19","10-19","0-9","10-19","10-19","0-9","0-9","0-9","10-19","10-19","0-9","0-9","10-19","10-19","0-9","10-19","0-9","10-19","0-9","10-19","10-19","0-9","0-9","10-19","0-9","10-19","0-9","0-9"],"SERIES_NAME":["MALE","FEMALE","MALE","FEMALE","FEMALE","FEMALE","MALE","MALE","MALE","FEMALE","FEMALE","MALE","MALE","FEMALE","FEMALE","MALE","MALE","FEMALE","FEMALE","MALE","FEMALE","FEMALE","MALE","MALE","FEMALE","MALE","MALE","FEMALE","MALE","FEMALE"],"X_CALENDAR_YEAR":[2010,2010,2010,2010,2011,2011,2011,2011,2012,2012,2012,2012,2013,2013,2013,2013,2014,2014,2014,2014,2015,2015,2015,2015,2016,2016,2016,2016,2017,2017],"Y_PREVALENCE_1000PP":[0.03268,0.04666,0.02452,0.03356,0.12286,0.04256,0.04844,0.10327,0.15274,0.11245,0.0785,0.06422,0.14045,0.13555,0.06163,0.04893,0.08925,0.03423,0.0966,0.04209,0.07863,0.04086,0.03179,0.1075,0.06505,0.03354,0.07748,0.0482,0.03027,0.02719]},"PREVALENCE_BY_MONTH":{"X_CALENDAR_MONTH":[201007,201008,201009,201010,201011,201012,201101,201102,201103,201104,201105,201106,201107,201108,201109,201110,201111,201112,201201,201202,201203,201204,201205,201206,201207,201208,201209,201210,201211,201212,201301,201302,201303,201304,201305,201306,201307,201308,201309,201310,201311,201312,201401,201402,201403,201404,201405,201406,201407,201408,201409,201410,201411,201412,201501,201502,201503,201504,201505,201506,201507,201508,201509,201510,201511,201512,201601,201602,201603,201604,201605,201606,201607,201608,201609,201610,201611,201612,201701,201702,201703,201704,201705,201706,201708,201802,201803,201804,201805,201807,201903],"Y_PREVALENCE_1000PP":[0.00115,0.00153,0.00247,0.00151,0.00356,0.00413,0.00505,0.00598,0.00556,0.005,0.00664,0.00644,0.00532,0.00385,0.00364,0.006,0.00347,0.00292,0.00364,0.004,0.00418,0.004,0.00401,0.00455,0.00474,0.00617,0.00562,0.00581,0.0075,0.00736,0.01009,0.00939,0.00426,0.00389,0.00464,0.00334,0.00408,0.00371,0.00333,0.00224,0.00226,0.00192,0.00325,0.00305,0.00287,0.00402,0.00421,0.00504,0.0045,0.00296,0.00357,0.00344,0.00449,0.00353,0.00457,0.00543,0.00539,0.00432,0.00562,0.0036,0.00315,0.0036,0.00247,0.00279,0.00379,0.00443,0.00346,0.00423,0.00349,0.0035,0.00455,0.00309,0.00289,0.0024,0.00375,0.00326,0.00192,0.00164,0.00164,0.00168,0.00284,0.00171,0.002,0.00204,0.00265,0.00185,0.00216,0.00216,0.00247,0.00189,0.00198]},"DRUG_FREQUENCY_DISTRIBUTION":{"Y_NUM_PERSONS":[0,0,0,0,0,0,0,0,0,0,0,0,0,0,0,0,0,0,0,0,0,0,0,0,0],"X_COUNT":[1,2,3,4,5,6,7,8,9,10,11,12,13,14,15,16,17,18,19,21,22,23,26,27,28]},"QUANTITY_DISTRIBUTION":{"CATEGORY":"Quantity","MIN_VALUE":0,"P10_VALUE":15,"P25_VALUE":30,"MEDIAN_VALUE":50,"P75_VALUE":100,"P90_VALUE":100,"MAX_VALUE":3000},"REFILLS_DISTRIBUTION":{"CATEGORY":"Refills","MIN_VALUE":0,"P10_VALUE":0,"P25_VALUE":0,"MEDIAN_VALUE":3,"P75_VALUE":6,"P90_VALUE":15,"MAX_VALUE":999}}
