{"AGE_AT_FIRST_EXPOSURE":{"CATEGORY":["MALE","FEMALE"],"MIN_VALUE":[35,26],"P10_VALUE":[44,36],"P25_VALUE":[50,50],"MEDIAN_VALUE":[60,64],"P75_VALUE":[76,72],"P90_VALUE":[82,81],"MAX_VALUE":[91,89]},"DAYS_SUPPLY_DISTRIBUTION":{"CATEGORY":"Days supply","MIN_VALUE":28,"P10_VALUE":28,"P25_VALUE":28,"MEDIAN_VALUE":28,"P75_VALUE":30,"P90_VALUE":30,"MAX_VALUE":30},"DRUGS_BY_TYPE":{"CONCEPT_NAME":"Prescription written","COUNT_VALUE":735},"PREVALENCE_BY_GENDER_AGE_YEAR":{"TRELLIS_NAME":["40-49","60-69","80-89","70-79","50-59","50-59","80-89","60-69","70-79","40-49","50-59","50-59","70-79","70-79","50-59"],"SERIES_NAME":["FEMALE","FEMALE","FEMALE","FEMALE","MALE","FEMALE","FEMALE","FEMALE","FEMALE","FEMALE","FEMALE","FEMALE","FEMALE","FEMALE","FEMALE"],"X_CALENDAR_YEAR":[1996,1996,1996,1996,1996,1996,1997,1997,1997,1997,1997,1998,1998,1999,1999],"Y_PREVALENCE_1000PP":[0.22436,0.35848,0.54645,0.40087,0.21146,0.24271,0.24206,0.26068,0.24421,0.07834,0.1182,0.06582,0.10768,0.08654,0.04463]},"PREVALENCE_BY_MONTH":{"X_CALENDAR_MONTH":[199605,199606,199607,199608,199609,199610,199611,199612,199701,199702,199703,199704,199705,199706,199707,199708,199709,199710,199711,199712,199801,199802,199803,199804,199805,199806,199807,199808,199809,199810,199811,199812,199901,199902,199903,199904,199905,199906,199907],"Y_PREVALENCE_1000PP":[0.06401,0.04875,0.03964,0.03405,0.04247,0.03792,0.04067,0.03052,0.03229,0.03414,0.03245,0.02753,0.02111,0.02185,0.01584,0.02395,0.01837,0.01621,0.00982,0.01451,0.01095,0.01504,0.01323,0.01136,0.01298,0.01052,0.00953,0.01011,0.00838,0.01117,0.00956,0.00876,0.00896,0.00941,0.00996,0.01231,0.00574,0.00445,0.00373]},"DRUG_FREQUENCY_DISTRIBUTION":{"Y_NUM_PERSONS":[0,0,0,0,0,0,0,0,0,0,0,0,0,0,0,0,0,0,0,0],"X_COUNT":[1,2,3,4,5,6,7,8,9,10,11,12,13,14,15,16,17,18,22,23]},"QUANTITY_DISTRIBUTION":{"CATEGORY":"Quantity","MIN_VALUE":1,"P10_VALUE":56,"P25_VALUE":60,"MEDIAN_VALUE":60,"P75_VALUE":60,"P90_VALUE":112,"MAX_VALUE":224},"REFILLS_DISTRIBUTION":{"CATEGORY":"Refills","MIN_VALUE":0,"P10_VALUE":0,"P25_VALUE":4,"MEDIAN_VALUE":6,"P75_VALUE":6,"P90_VALUE":12,"MAX_VALUE":60}}
