{"AGE_AT_FIRST_EXPOSURE":{"CATEGORY":["MALE","FEMALE"],"MIN_VALUE":[11,6],"P10_VALUE":[24,21],"P25_VALUE":[39,25],"MEDIAN_VALUE":[58,36],"P75_VALUE":[73,58],"P90_VALUE":[80,75],"MAX_VALUE":[88,82]},"DAYS_SUPPLY_DISTRIBUTION":{"CATEGORY":"Days supply","MIN_VALUE":28,"P10_VALUE":28,"P25_VALUE":28,"MEDIAN_VALUE":30,"P75_VALUE":56,"P90_VALUE":56,"MAX_VALUE":90},"DRUGS_BY_TYPE":{"CONCEPT_NAME":"Prescription written","COUNT_VALUE":207},"PREVALENCE_BY_GENDER_AGE_YEAR":{"TRELLIS_NAME":"20-29","SERIES_NAME":"FEMALE","X_CALENDAR_YEAR":1997,"Y_PREVALENCE_1000PP":0.11621},"PREVALENCE_BY_MONTH":{"X_CALENDAR_MONTH":[199704,199706,199707,199708,199710,199711,199712,199802,199804,199806,199807,199810,199812,199901,199902,199903,199904,199905],"Y_PREVALENCE_1000PP":[0.00718,0.00655,0.00634,0.00729,0.01013,0.00785,0.00967,0.00668,0.00487,0.01052,0.00874,0.0067,0.00511,0.00414,0.0074,0.00398,0.00389,0.00383]},"DRUG_FREQUENCY_DISTRIBUTION":{"Y_NUM_PERSONS":[0,0,0,0,0,0,0],"X_COUNT":[1,2,3,4,5,6,11]},"QUANTITY_DISTRIBUTION":{"CATEGORY":"Quantity","MIN_VALUE":1,"P10_VALUE":1,"P25_VALUE":40,"MEDIAN_VALUE":56,"P75_VALUE":60,"P90_VALUE":84,"MAX_VALUE":180},"REFILLS_DISTRIBUTION":{"CATEGORY":"Refills","MIN_VALUE":0,"P10_VALUE":0,"P25_VALUE":0,"MEDIAN_VALUE":6,"P75_VALUE":12,"P90_VALUE":13,"MAX_VALUE":20}}
