{"AGE_AT_FIRST_EXPOSURE":{"CATEGORY":["FEMALE","MALE"],"MIN_VALUE":[5,3],"P10_VALUE":[25,25],"P25_VALUE":[36,34],"MEDIAN_VALUE":[48,45],"P75_VALUE":[60,56],"P90_VALUE":[69,66],"MAX_VALUE":[96,89]},"DAYS_SUPPLY_DISTRIBUTION":{"CATEGORY":[],"MIN_VALUE":[],"P10_VALUE":[],"P25_VALUE":[],"MEDIAN_VALUE":[],"P75_VALUE":[],"P90_VALUE":[],"MAX_VALUE":[]},"DRUGS_BY_TYPE":{"CONCEPT_NAME":"Prescription written","COUNT_VALUE":1979},"PREVALENCE_BY_GENDER_AGE_YEAR":{"TRELLIS_NAME":["40-49","30-39","30-39","40-49","70-79","20-29","60-69","60-69","50-59","50-59","20-29","40-49","70-79","60-69","20-29","40-49","30-39","30-39","50-59","20-29","50-59","30-39","40-49","60-69","20-29","60-69","50-59","20-29","30-39","40-49","50-59","70-79","20-29","20-29","30-39","40-49","30-39","60-69","50-59","50-59","40-49","60-69","70-79","30-39","70-79","20-29","60-69","50-59","40-49","60-69","30-39","50-59","20-29","40-49","70-79","10-19","30-39","60-69","30-39","50-59","60-69","70-79","20-29","20-29","50-59","40-49","40-49","30-39","40-49","20-29","40-49","10-19","70-79","20-29","50-59","60-69","30-39","80-89","60-69","10-19","50-59","40-49","60-69","50-59","40-49","20-29","50-59"],"SERIES_NAME":["FEMALE","MALE","FEMALE","MALE","FEMALE","FEMALE","FEMALE","MALE","FEMALE","MALE","MALE","FEMALE","FEMALE","FEMALE","FEMALE","MALE","FEMALE","MALE","MALE","MALE","FEMALE","FEMALE","FEMALE","FEMALE","FEMALE","MALE","MALE","MALE","MALE","MALE","FEMALE","FEMALE","MALE","FEMALE","FEMALE","FEMALE","MALE","MALE","FEMALE","MALE","MALE","FEMALE","FEMALE","MALE","FEMALE","FEMALE","FEMALE","MALE","MALE","MALE","FEMALE","FEMALE","MALE","FEMALE","MALE","FEMALE","MALE","MALE","FEMALE","FEMALE","FEMALE","FEMALE","MALE","FEMALE","MALE","MALE","FEMALE","FEMALE","FEMALE","FEMALE","MALE","MALE","FEMALE","MALE","FEMALE","MALE","MALE","FEMALE","FEMALE","FEMALE","MALE","FEMALE","FEMALE","FEMALE","MALE","FEMALE","MALE"],"X_CALENDAR_YEAR":[2006,2006,2006,2006,2006,2006,2006,2006,2006,2006,2006,2007,2007,2007,2007,2007,2007,2007,2007,2007,2007,2008,2008,2008,2008,2008,2008,2008,2008,2008,2008,2008,2009,2009,2009,2009,2009,2009,2009,2009,2009,2009,2009,2010,2010,2010,2010,2010,2010,2010,2010,2010,2010,2010,2011,2011,2011,2011,2011,2011,2011,2011,2011,2011,2011,2011,2011,2012,2012,2012,2012,2012,2012,2012,2012,2012,2012,2012,2012,2012,2012,2013,2013,2013,2014,2014,2016],"Y_PREVALENCE_1000PP":[0.0318,0.06148,0.03965,0.06532,0.04596,0.03213,0.05417,0.07464,0.0501,0.04563,0.01821,0.07332,0.03316,0.05526,0.03232,0.05106,0.05824,0.03685,0.0403,0.01955,0.10356,0.04782,0.07807,0.12551,0.02835,0.05018,0.05348,0.03739,0.05374,0.04277,0.08957,0.03681,0.02897,0.02541,0.05299,0.07256,0.04179,0.03934,0.06019,0.06129,0.02907,0.07747,0.05017,0.0418,0.04083,0.03042,0.09114,0.04095,0.0333,0.03527,0.04268,0.05332,0.02104,0.06028,0.05631,0.01964,0.07307,0.05615,0.08429,0.08126,0.09126,0.07152,0.02056,0.06425,0.05826,0.05903,0.0955,0.07961,0.11524,0.04433,0.06015,0.02141,0.08025,0.02312,0.11005,0.05959,0.05415,0.04827,0.10978,0.03271,0.07097,0.02336,0.01822,0.02106,0.01958,0.01836,0.02023]},"PREVALENCE_BY_MONTH":{"X_CALENDAR_MONTH":[200512,200601,200602,200603,200604,200605,200606,200607,200608,200609,200610,200611,200612,200701,200702,200703,200704,200705,200706,200707,200708,200709,200710,200711,200712,200801,200802,200803,200804,200805,200806,200807,200808,200809,200810,200811,200812,200901,200902,200903,200904,200905,200906,200907,200908,200909,200910,200911,200912,201001,201002,201003,201004,201005,201006,201007,201008,201009,201010,201011,201012,201101,201102,201103,201104,201105,201106,201107,201108,201109,201110,201111,201112,201201,201202,201203,201204,201205,201206,201207,201301,201309,201311,201403,201503,201507,201602,201603,201710,201901],"Y_PREVALENCE_1000PP":[0.00197,0.00433,0.00195,0.00368,0.00323,0.00193,0.00513,0.00342,0.00362,0.00297,0.00359,0.00336,0.00147,0.0027,0.00415,0.00331,0.00247,0.00348,0.00243,0.00503,0.00181,0.00259,0.00394,0.00507,0.00371,0.00407,0.00582,0.00428,0.00581,0.00329,0.00384,0.00421,0.00268,0.00323,0.0036,0.00303,0.00454,0.00415,0.00302,0.00301,0.00416,0.00321,0.00188,0.00226,0.00283,0.00357,0.00339,0.00548,0.00247,0.00322,0.00513,0.00381,0.00247,0.00381,0.00248,0.00325,0.00267,0.00266,0.00245,0.00244,0.00244,0.0028,0.00355,0.00408,0.00315,0.00479,0.00718,0.00147,0.00549,0.00583,0.00618,0.00784,0.00729,0.0071,0.01364,0.01036,0.00891,0.01365,0.004,0.00164,0.00165,0.00148,0.00151,0.00191,0.00151,0.00135,0.00224,0.00174,0.00237,0.0023]},"DRUG_FREQUENCY_DISTRIBUTION":{"Y_NUM_PERSONS":[0,0,0],"X_COUNT":[1,2,3]},"QUANTITY_DISTRIBUTION":{"CATEGORY":"Quantity","MIN_VALUE":1,"P10_VALUE":1,"P25_VALUE":1,"MEDIAN_VALUE":1,"P75_VALUE":1,"P90_VALUE":1,"MAX_VALUE":2},"REFILLS_DISTRIBUTION":{"CATEGORY":"Refills","MIN_VALUE":0,"P10_VALUE":0,"P25_VALUE":0,"MEDIAN_VALUE":0,"P75_VALUE":0,"P90_VALUE":0,"MAX_VALUE":1}}
