{"AGE_AT_FIRST_EXPOSURE":{"CATEGORY":["MALE","FEMALE"],"MIN_VALUE":[18,14],"P10_VALUE":[34,32],"P25_VALUE":[45,44],"MEDIAN_VALUE":[57,60],"P75_VALUE":[69,74],"P90_VALUE":[76,86],"MAX_VALUE":[87,94]},"DAYS_SUPPLY_DISTRIBUTION":{"CATEGORY":[],"MIN_VALUE":[],"P10_VALUE":[],"P25_VALUE":[],"MEDIAN_VALUE":[],"P75_VALUE":[],"P90_VALUE":[],"MAX_VALUE":[]},"DRUGS_BY_TYPE":{"CONCEPT_NAME":"Prescription written","COUNT_VALUE":2885},"PREVALENCE_BY_GENDER_AGE_YEAR":{"TRELLIS_NAME":["80-89","60-69","40-49","70-79","60-69","80-89","60-69","50-59","40-49","50-59","70-79","60-69","50-59","70-79","70-79","40-49","40-49","80-89","50-59","60-69","70-79","60-69","70-79","40-49","40-49","50-59","50-59","60-69","40-49","60-69","60-69","40-49"],"SERIES_NAME":["FEMALE","FEMALE","MALE","MALE","FEMALE","FEMALE","MALE","FEMALE","FEMALE","MALE","FEMALE","MALE","MALE","MALE","FEMALE","FEMALE","MALE","FEMALE","FEMALE","FEMALE","MALE","MALE","FEMALE","MALE","FEMALE","FEMALE","MALE","FEMALE","FEMALE","FEMALE","MALE","MALE"],"X_CALENDAR_YEAR":[2012,2012,2013,2013,2013,2013,2013,2013,2013,2013,2013,2014,2014,2014,2014,2014,2014,2014,2014,2014,2015,2015,2015,2015,2015,2015,2015,2015,2016,2016,2016,2016],"Y_PREVALENCE_1000PP":[0.04137,0.02135,0.02259,0.02976,0.0334,0.04177,0.04377,0.02106,0.01636,0.02586,0.0306,0.03976,0.03211,0.03554,0.04039,0.02274,0.02692,0.05122,0.01902,0.0257,0.04941,0.04329,0.04393,0.03302,0.03117,0.02045,0.0259,0.03493,0.02413,0.03773,0.03899,0.02002]},"PREVALENCE_BY_MONTH":{"X_CALENDAR_MONTH":[200406,200407,200408,200409,200410,200411,200412,200501,200502,200503,200505,200506,200507,200508,200510,200511,200512,200601,200602,200603,200604,200605,200606,200607,200608,200609,200610,200611,200612,200701,200702,200703,200704,200705,200706,200707,200708,200709,200710,200711,200712,200801,200802,200803,200804,200805,200806,200807,200808,200809,200810,200811,200812,200901,200903,200904,200905,200906,200907,200908,200909,200910,200911,200912,201001,201002,201003,201004,201005,201006,201007,201008,201009,201010,201011,201012,201101,201102,201103,201104,201105,201106,201107,201108,201109,201110,201111,201112,201201,201202,201203,201204,201205,201206,201207,201208,201209,201210,201211,201212,201301,201302,201303,201304,201305,201306,201307,201308,201309,201310,201311,201312,201401,201402,201403,201404,201405,201406,201407,201408,201409,201410,201411,201412,201501,201502,201503,201504,201505,201506,201507,201508,201509,201510,201511,201512,201601,201602,201603,201604,201605,201606,201607,201608,201609,201610,201611,201612,201701,201705],"Y_PREVALENCE_1000PP":[0.00164,0.0021,0.00139,0.00278,0.00138,0.00138,0.00138,0.00249,0.00203,0.00203,0.00203,0.00134,0.00156,0.00133,0.00176,0.00219,0.00131,0.00173,0.00152,0.00173,0.00172,0.00193,0.00214,0.00235,0.00298,0.00212,0.00232,0.00168,0.00168,0.00145,0.00207,0.00166,0.00186,0.00143,0.00183,0.00181,0.00161,0.00159,0.00197,0.00117,0.00215,0.00213,0.00175,0.00214,0.00136,0.00116,0.00173,0.00191,0.00115,0.00133,0.00133,0.00114,0.00114,0.00113,0.00132,0.00113,0.00151,0.00113,0.00132,0.00132,0.0015,0.00151,0.00151,0.00152,0.00132,0.00133,0.00171,0.00152,0.00191,0.00153,0.00153,0.00114,0.00152,0.00113,0.00131,0.00169,0.0015,0.00149,0.00148,0.00167,0.00148,0.00166,0.00165,0.00165,0.00182,0.00236,0.00201,0.00146,0.00127,0.00109,0.00182,0.00182,0.00346,0.00309,0.00346,0.00363,0.00363,0.00363,0.00329,0.00331,0.00294,0.00332,0.00278,0.0037,0.00446,0.00464,0.00741,0.00835,0.00704,0.0073,0.0081,0.00653,0.00764,0.00649,0.00785,0.00785,0.00843,0.00833,0.0094,0.00632,0.00872,0.0087,0.00776,0.00892,0.0083,0.00878,0.00971,0.00865,0.00908,0.00923,0.00967,0.00876,0.00832,0.00884,0.00733,0.00984,0.00693,0.00697,0.00623,0.00525,0.00481,0.00309,0.00368,0.00321,0.00375,0.00163,0.00219,0.00192,0.00164,0.00171]},"DRUG_FREQUENCY_DISTRIBUTION":{"Y_NUM_PERSONS":[0,0,0,0,0,0,0,0,0,0,0,0,0,0,0,0,0,0,0,0,0,0,0,0,0,0,0,0,0,0,0,0,0,0,0,0,0,0,0,0,0,0],"X_COUNT":[1,2,3,4,5,6,7,8,9,10,11,12,13,14,15,16,17,18,19,21,22,23,24,25,26,27,28,30,31,32,33,34,38,42,43,44,46,47,49,75,78,79]},"QUANTITY_DISTRIBUTION":{"CATEGORY":"Quantity","MIN_VALUE":0,"P10_VALUE":48,"P25_VALUE":120,"MEDIAN_VALUE":168,"P75_VALUE":224,"P90_VALUE":336,"MAX_VALUE":672},"REFILLS_DISTRIBUTION":{"CATEGORY":"Refills","MIN_VALUE":0,"P10_VALUE":3,"P25_VALUE":4,"MEDIAN_VALUE":6,"P75_VALUE":6,"P90_VALUE":12,"MAX_VALUE":999}}
