{"AGE_AT_FIRST_EXPOSURE":{"CATEGORY":["MALE","FEMALE"],"MIN_VALUE":[0,1],"P10_VALUE":[23,24],"P25_VALUE":[40,33],"MEDIAN_VALUE":[59,44],"P75_VALUE":[71,63],"P90_VALUE":[79,78],"MAX_VALUE":[97,102]},"DAYS_SUPPLY_DISTRIBUTION":{"CATEGORY":[],"MIN_VALUE":[],"P10_VALUE":[],"P25_VALUE":[],"MEDIAN_VALUE":[],"P75_VALUE":[],"P90_VALUE":[],"MAX_VALUE":[]},"DRUGS_BY_TYPE":{"CONCEPT_NAME":"Prescription written","COUNT_VALUE":938},"PREVALENCE_BY_GENDER_AGE_YEAR":{"TRELLIS_NAME":["70-79","40-49","30-39","40-49","30-39","30-39","40-49","20-29","30-39","60-69","40-49","40-49","30-39","30-39","20-29","20-29","30-39","40-49","30-39","40-49","50-59","30-39","40-49","30-39","30-39","60-69","40-49","30-39","50-59"],"SERIES_NAME":["FEMALE","FEMALE","FEMALE","FEMALE","FEMALE","FEMALE","FEMALE","FEMALE","FEMALE","FEMALE","FEMALE","FEMALE","FEMALE","FEMALE","FEMALE","FEMALE","FEMALE","FEMALE","FEMALE","FEMALE","FEMALE","FEMALE","FEMALE","FEMALE","FEMALE","MALE","FEMALE","FEMALE","FEMALE"],"X_CALENDAR_YEAR":[1996,2001,2001,2002,2002,2003,2003,2003,2004,2004,2004,2005,2005,2006,2006,2007,2007,2007,2008,2008,2008,2009,2010,2010,2011,2011,2012,2012,2014],"Y_PREVALENCE_1000PP":[0.21866,0.03317,0.03117,0.0216,0.01846,0.02059,0.02666,0.02177,0.01925,0.03066,0.02085,0.01963,0.02165,0.01586,0.02045,0.02693,0.02026,0.022,0.0151,0.02129,0.02023,0.01514,0.02087,0.02511,0.01735,0.01872,0.01613,0.01493,0.01631]},"PREVALENCE_BY_MONTH":{"X_CALENDAR_MONTH":[199608,199706,200101,200104,200106,200202,200304,200312,200403,200408,200412,200502,200504,200507,200512,200601,200704,200706,200711,200712,200801,200806,200808,200809,200811,200812,200901,200908,200912,201005,201006,201007,201008,201011,201102,201103,201109,201211,201303,201306,201312,201401,201402],"Y_PREVALENCE_1000PP":[0.01135,0.00655,0.00221,0.00209,0.00235,0.00174,0.00236,0.00151,0.00145,0.00139,0.0016,0.00136,0.00135,0.00178,0.00131,0.0013,0.00144,0.00162,0.00156,0.00195,0.00155,0.00211,0.00115,0.00114,0.00114,0.00114,0.00132,0.00113,0.00133,0.00133,0.00115,0.00153,0.00134,0.0015,0.00112,0.0013,0.00127,0.0011,0.00111,0.0013,0.00173,0.00115,0.00114]},"DRUG_FREQUENCY_DISTRIBUTION":{"Y_NUM_PERSONS":[0,0,0,0,0,0,0,0,0,0],"X_COUNT":[1,2,3,4,5,6,7,8,9,10]},"QUANTITY_DISTRIBUTION":{"CATEGORY":"Quantity","MIN_VALUE":1,"P10_VALUE":5,"P25_VALUE":10,"MEDIAN_VALUE":10,"P75_VALUE":21,"P90_VALUE":30,"MAX_VALUE":200},"REFILLS_DISTRIBUTION":{"CATEGORY":"Refills","MIN_VALUE":0,"P10_VALUE":0,"P25_VALUE":0,"MEDIAN_VALUE":0,"P75_VALUE":0,"P90_VALUE":4,"MAX_VALUE":12}}
