{"AGE_AT_FIRST_EXPOSURE":{"CATEGORY":["FEMALE","MALE"],"MIN_VALUE":[0,0],"P10_VALUE":[0,0],"P25_VALUE":[1,0],"MEDIAN_VALUE":[10,1],"P75_VALUE":[62,8],"P90_VALUE":[80,62],"MAX_VALUE":[99,93]},"DAYS_SUPPLY_DISTRIBUTION":{"CATEGORY":"Days supply","MIN_VALUE":28,"P10_VALUE":28,"P25_VALUE":28,"MEDIAN_VALUE":28,"P75_VALUE":28,"P90_VALUE":30,"MAX_VALUE":83},"DRUGS_BY_TYPE":{"CONCEPT_NAME":"Prescription written","COUNT_VALUE":10240},"PREVALENCE_BY_GENDER_AGE_YEAR":{"TRELLIS_NAME":["0-9","0-9","0-9","0-9","0-9","0-9","0-9","0-9","0-9","0-9","0-9","70-79","0-9","10-19","0-9","10-19","0-9","0-9","0-9","70-79","0-9","10-19","10-19","0-9","60-69","0-9","80-89","10-19","70-79","0-9","10-19","0-9","50-59","10-19","10-19","0-9","0-9","10-19","10-19","0-9","10-19","0-9","70-79","60-69","10-19","0-9","0-9","80-89","70-79","10-19","0-9","70-79","10-19","60-69","10-19","0-9","70-79","60-69","70-79","0-9","10-19","10-19","0-9","50-59","0-9","10-19","0-9","70-79","10-19","30-39","10-19","10-19","0-9","0-9","70-79","0-9","0-9","70-79","60-69","70-79","0-9","0-9"],"SERIES_NAME":["FEMALE","MALE","FEMALE","MALE","FEMALE","MALE","FEMALE","MALE","FEMALE","FEMALE","MALE","FEMALE","MALE","FEMALE","FEMALE","FEMALE","FEMALE","MALE","FEMALE","FEMALE","MALE","MALE","FEMALE","FEMALE","FEMALE","MALE","FEMALE","MALE","FEMALE","FEMALE","FEMALE","MALE","FEMALE","MALE","FEMALE","FEMALE","MALE","MALE","MALE","FEMALE","FEMALE","MALE","FEMALE","FEMALE","FEMALE","FEMALE","MALE","FEMALE","FEMALE","MALE","MALE","FEMALE","MALE","FEMALE","FEMALE","FEMALE","FEMALE","FEMALE","MALE","MALE","FEMALE","MALE","FEMALE","FEMALE","FEMALE","FEMALE","MALE","FEMALE","MALE","FEMALE","MALE","FEMALE","FEMALE","MALE","FEMALE","MALE","FEMALE","FEMALE","FEMALE","FEMALE","MALE","FEMALE"],"X_CALENDAR_YEAR":[2000,2001,2001,2002,2002,2003,2003,2004,2004,2005,2005,2006,2006,2006,2006,2007,2007,2007,2008,2008,2008,2008,2008,2009,2009,2009,2009,2009,2010,2010,2010,2010,2010,2010,2011,2011,2011,2011,2012,2012,2012,2012,2012,2013,2013,2013,2013,2013,2013,2013,2014,2014,2014,2014,2014,2014,2015,2015,2015,2015,2015,2015,2015,2016,2016,2016,2016,2016,2016,2017,2017,2017,2017,2017,2017,2018,2018,2018,2018,2019,2019,2019],"Y_PREVALENCE_1000PP":[0.0419,0.0643,0.04322,0.07034,0.07154,0.091,0.04005,0.08271,0.07236,0.09572,0.0901,0.03064,0.13028,0.02318,0.09047,0.03221,0.10073,0.12463,0.11669,0.02761,0.16047,0.02479,0.02751,0.15589,0.0226,0.16089,0.05512,0.03073,0.03629,0.10266,0.02013,0.15153,0.01684,0.03372,0.01964,0.11387,0.12622,0.03633,0.02446,0.11837,0.02944,0.15274,0.04012,0.02429,0.02919,0.10019,0.13483,0.05569,0.03934,0.03058,0.18147,0.0359,0.03886,0.02892,0.03423,0.09037,0.05369,0.03493,0.03843,0.17265,0.03714,0.02826,0.07179,0.02054,0.07724,0.03943,0.16658,0.06225,0.03354,0.02204,0.04164,0.03362,0.0725,0.1427,0.0553,0.18382,0.08324,0.06822,0.03252,0.07944,0.10918,0.06353]},"PREVALENCE_BY_MONTH":{"X_CALENDAR_MONTH":[200010,200105,200106,200109,200110,200111,200112,200201,200202,200203,200204,200205,200206,200207,200208,200209,200210,200211,200212,200301,200302,200303,200304,200305,200306,200307,200308,200309,200310,200311,200312,200401,200402,200403,200404,200405,200406,200407,200408,200409,200410,200411,200412,200501,200502,200503,200504,200505,200506,200507,200508,200509,200510,200511,200512,200601,200602,200603,200604,200605,200606,200607,200608,200609,200610,200611,200612,200701,200702,200703,200704,200705,200706,200707,200708,200709,200710,200711,200712,200801,200802,200803,200804,200805,200806,200807,200808,200809,200810,200811,200812,200901,200902,200903,200904,200905,200906,200907,200908,200909,200910,200911,200912,201001,201002,201003,201004,201005,201006,201007,201008,201009,201010,201011,201012,201101,201102,201103,201104,201105,201106,201107,201108,201109,201110,201111,201112,201201,201202,201203,201204,201205,201206,201207,201208,201209,201210,201211,201212,201301,201302,201303,201304,201305,201306,201307,201308,201309,201310,201311,201312,201401,201402,201403,201404,201405,201406,201407,201408,201409,201410,201411,201412,201501,201502,201503,201504,201505,201506,201507,201508,201509,201510,201511,201512,201601,201602,201603,201604,201605,201606,201607,201608,201609,201610,201611,201612,201701,201702,201703,201704,201705,201706,201707,201708,201709,201710,201711,201712,201801,201802,201803,201804,201805,201806,201807,201808,201809,201810,201811,201812,201901,201902,201903],"Y_PREVALENCE_1000PP":[0.0024,0.0024,0.00235,0.00317,0.00373,0.0043,0.00334,0.00469,0.00378,0.00431,0.00419,0.0036,0.00414,0.00356,0.00464,0.00353,0.00403,0.00429,0.00322,0.00398,0.00555,0.00289,0.00498,0.00496,0.00494,0.00463,0.00385,0.00511,0.00458,0.00405,0.0048,0.0042,0.0037,0.00435,0.00452,0.00497,0.00563,0.00536,0.00767,0.00486,0.00576,0.0055,0.00504,0.00657,0.00452,0.00678,0.00519,0.00473,0.00471,0.00556,0.00577,0.00659,0.0057,0.00635,0.00613,0.00779,0.00673,0.00758,0.00668,0.00709,0.00534,0.00769,0.00661,0.00764,0.00549,0.00672,0.00734,0.00769,0.00663,0.00891,0.0066,0.00573,0.00811,0.00844,0.00703,0.00578,0.00827,0.00761,0.008,0.01007,0.00835,0.00837,0.00853,0.01026,0.00768,0.00957,0.0088,0.01008,0.00854,0.00739,0.00927,0.00811,0.00754,0.00979,0.00869,0.00924,0.01017,0.00996,0.00885,0.01014,0.01111,0.0102,0.01141,0.01041,0.00892,0.01046,0.00894,0.00801,0.00974,0.00974,0.00973,0.01025,0.0098,0.00899,0.00919,0.00953,0.00822,0.00909,0.00907,0.00904,0.00902,0.00973,0.00952,0.0082,0.00836,0.01113,0.00802,0.0111,0.00964,0.01109,0.01163,0.01092,0.00982,0.01057,0.01035,0.00907,0.0109,0.01134,0.01086,0.01248,0.01105,0.01055,0.01036,0.01281,0.01096,0.01316,0.01188,0.01186,0.01178,0.01224,0.01094,0.01127,0.01107,0.01148,0.01111,0.01073,0.01221,0.01136,0.01086,0.0117,0.01335,0.01062,0.01327,0.01287,0.01295,0.01273,0.01405,0.01167,0.01373,0.01372,0.01348,0.01282,0.01233,0.01278,0.01623,0.01286,0.01493,0.01445,0.0125,0.0134,0.01543,0.01286,0.01362,0.01635,0.0133,0.01588,0.01205,0.01451,0.01288,0.01503,0.01483,0.01512,0.01545,0.01609,0.01501,0.01299,0.01451,0.01447,0.0137,0.01358,0.01267,0.01297,0.01482,0.01326,0.01302,0.01293,0.01654,0.01406,0.01433,0.01642,0.01875,0.01312,0.01387,0.01618]},"DRUG_FREQUENCY_DISTRIBUTION":{"Y_NUM_PERSONS":[0,0,0,0,0,0,0,0,0,0,0,0,0,0,0,0,0,0,0,0,0,0,0,0,0,0,0,0,0,0,0,0,0,0,0,0,0,0,0,0,0,0,0,0,0,0,0,0,0,0,0,0,0,0,0,0,0,0,0,0,0,0,0,0,0,0,0,0,0,0,0,0],"X_COUNT":[1,2,3,4,5,6,7,8,9,10,11,12,13,14,15,16,17,18,19,20,21,22,23,24,25,26,27,28,29,30,31,32,33,34,35,36,37,38,39,40,41,42,43,44,45,46,47,48,50,51,52,53,54,55,56,57,58,62,67,69,72,73,75,78,82,83,85,87,89,94,96,103]},"QUANTITY_DISTRIBUTION":{"CATEGORY":"Quantity","MIN_VALUE":1,"P10_VALUE":120,"P25_VALUE":250,"MEDIAN_VALUE":250,"P75_VALUE":500,"P90_VALUE":500,"MAX_VALUE":21000},"REFILLS_DISTRIBUTION":{"CATEGORY":"Refills","MIN_VALUE":0,"P10_VALUE":1,"P25_VALUE":3,"MEDIAN_VALUE":6,"P75_VALUE":6,"P90_VALUE":12,"MAX_VALUE":999}}
