{"AGE_AT_FIRST_EXPOSURE":{"CATEGORY":["FEMALE","MALE"],"MIN_VALUE":[3,2],"P10_VALUE":[14,14],"P25_VALUE":[16,16],"MEDIAN_VALUE":[22,17],"P75_VALUE":[29,22],"P90_VALUE":[37,30],"MAX_VALUE":[86,86]},"DAYS_SUPPLY_DISTRIBUTION":{"CATEGORY":"Days supply","MIN_VALUE":28,"P10_VALUE":28,"P25_VALUE":28,"MEDIAN_VALUE":28,"P75_VALUE":28,"P90_VALUE":28,"MAX_VALUE":56},"DRUGS_BY_TYPE":{"CONCEPT_NAME":"Prescription written","COUNT_VALUE":20586},"PREVALENCE_BY_GENDER_AGE_YEAR":{"TRELLIS_NAME":["10-19","20-29","30-39","10-19","40-49","20-29","10-19","20-29","20-29","40-49","10-19","40-49","30-39","30-39","30-39","20-29","50-59","10-19","20-29","10-19","30-39","40-49","10-19","40-49","30-39","20-29","50-59","30-39","20-29","10-19","50-59","40-49","50-59","10-19","10-19","30-39","40-49","40-49","20-29","20-29","30-39","60-69","40-49","20-29","40-49","50-59","30-39","10-19","20-29","10-19","30-39","50-59","10-19","50-59","40-49","50-59","30-39","30-39","40-49","20-29","20-29","10-19","10-19","50-59","40-49","50-59","20-29","30-39","30-39","10-19","20-29","40-49","50-59","40-49","20-29","10-19","20-29","30-39","40-49","30-39","50-59","10-19","40-49","20-29","20-29","10-19","10-19","30-39","30-39"],"SERIES_NAME":["MALE","MALE","FEMALE","FEMALE","FEMALE","FEMALE","MALE","FEMALE","MALE","MALE","FEMALE","FEMALE","FEMALE","MALE","FEMALE","FEMALE","FEMALE","FEMALE","MALE","MALE","MALE","FEMALE","FEMALE","MALE","FEMALE","MALE","MALE","MALE","FEMALE","MALE","FEMALE","FEMALE","FEMALE","FEMALE","MALE","MALE","FEMALE","MALE","FEMALE","MALE","FEMALE","FEMALE","FEMALE","MALE","MALE","FEMALE","MALE","MALE","FEMALE","FEMALE","FEMALE","MALE","MALE","FEMALE","MALE","MALE","FEMALE","MALE","FEMALE","FEMALE","MALE","FEMALE","MALE","FEMALE","FEMALE","MALE","MALE","FEMALE","MALE","FEMALE","FEMALE","MALE","FEMALE","MALE","FEMALE","MALE","MALE","FEMALE","FEMALE","MALE","MALE","FEMALE","FEMALE","MALE","FEMALE","MALE","FEMALE","MALE","FEMALE"],"X_CALENDAR_YEAR":[2010,2010,2010,2010,2010,2010,2011,2011,2011,2011,2011,2011,2011,2011,2012,2012,2012,2012,2012,2012,2012,2012,2013,2013,2013,2013,2013,2013,2013,2013,2013,2013,2014,2014,2014,2014,2014,2014,2014,2014,2014,2014,2015,2015,2015,2015,2015,2015,2015,2015,2015,2015,2016,2016,2016,2016,2016,2016,2016,2016,2016,2016,2017,2017,2017,2017,2017,2017,2017,2017,2017,2017,2018,2018,2018,2018,2018,2018,2018,2018,2018,2018,2019,2019,2019,2019,2019,2019,2019],"Y_PREVALENCE_1000PP":[0.15326,0.04996,0.06026,0.17785,0.02782,0.14702,0.50557,0.43741,0.15933,0.0153,0.52708,0.04775,0.16609,0.03897,0.2662,0.59112,0.01611,0.80789,0.28005,0.87152,0.07385,0.11754,1.17748,0.02259,0.39652,0.38941,0.01551,0.06913,0.75473,1.16209,0.0237,0.1472,0.04348,1.71479,1.44088,0.1341,0.15663,0.03916,1.08822,0.46605,0.48349,0.01928,0.24082,0.39217,0.03302,0.04675,0.11522,1.37402,1.08534,1.44489,0.55252,0.03166,1.40461,0.06846,0.06007,0.02697,0.58373,0.14218,0.2275,1.27998,0.51301,1.80081,1.64263,0.06043,0.25486,0.05583,0.57959,0.66119,0.12924,2.1807,1.30776,0.07937,0.06791,0.05157,1.43858,1.61732,0.62326,0.60676,0.22846,0.16418,0.02916,2.05757,0.08494,0.3626,0.52495,0.69793,0.73281,0.06091,0.23913]},"PREVALENCE_BY_MONTH":{"X_CALENDAR_MONTH":[201005,201006,201007,201008,201009,201010,201011,201012,201101,201102,201103,201104,201105,201106,201107,201108,201109,201110,201111,201112,201201,201202,201203,201204,201205,201206,201207,201208,201209,201210,201211,201212,201301,201302,201303,201304,201305,201306,201307,201308,201309,201310,201311,201312,201401,201402,201403,201404,201405,201406,201407,201408,201409,201410,201411,201412,201501,201502,201503,201504,201505,201506,201507,201508,201509,201510,201511,201512,201601,201602,201603,201604,201605,201606,201607,201608,201609,201610,201611,201612,201701,201702,201703,201704,201705,201706,201707,201708,201709,201710,201711,201712,201801,201802,201803,201804,201805,201806,201807,201808,201809,201810,201811,201812,201901,201902,201903],"Y_PREVALENCE_1000PP":[0.00114,0.0042,0.00726,0.00687,0.00683,0.00811,0.00937,0.00882,0.01065,0.0112,0.01001,0.0124,0.01567,0.0151,0.0167,0.01557,0.02003,0.01872,0.02371,0.02097,0.02292,0.02419,0.02362,0.01999,0.0244,0.02309,0.02606,0.02978,0.02973,0.0336,0.03127,0.02944,0.03817,0.03408,0.03555,0.03664,0.03991,0.03919,0.04207,0.03823,0.03742,0.04714,0.04463,0.03974,0.05004,0.04255,0.04441,0.04597,0.04674,0.04689,0.0519,0.05585,0.06265,0.05884,0.05251,0.05102,0.05645,0.0445,0.05092,0.04842,0.04453,0.05358,0.05261,0.04562,0.05487,0.0519,0.0556,0.05386,0.05368,0.05399,0.05358,0.05848,0.05488,0.05994,0.06143,0.0569,0.06435,0.06299,0.06269,0.06271,0.06381,0.05853,0.07428,0.06358,0.06932,0.06704,0.06054,0.06799,0.062,0.07076,0.07206,0.05633,0.06634,0.06459,0.05962,0.06359,0.06046,0.05981,0.05991,0.06554,0.06357,0.07228,0.05945,0.06216,0.06956,0.06507,0.06638]},"DRUG_FREQUENCY_DISTRIBUTION":{"Y_NUM_PERSONS":[0,0,0,0,0,0,0,0,0,0,0,0,0,0,0,0,0,0,0,0,0,0,0,0,0,0,0,0,0,0,0,0,0,0,0,0,0,0,0],"X_COUNT":[1,2,3,4,5,6,7,8,9,10,11,12,13,14,15,16,17,18,19,20,21,22,23,24,25,26,27,28,29,30,31,32,33,34,36,39,42,44,47]},"QUANTITY_DISTRIBUTION":{"CATEGORY":"Quantity","MIN_VALUE":1,"P10_VALUE":45,"P25_VALUE":45,"MEDIAN_VALUE":45,"P75_VALUE":45,"P90_VALUE":45,"MAX_VALUE":270},"REFILLS_DISTRIBUTION":{"CATEGORY":"Refills","MIN_VALUE":0,"P10_VALUE":0,"P25_VALUE":0,"MEDIAN_VALUE":0,"P75_VALUE":4,"P90_VALUE":6,"MAX_VALUE":999}}
