{"AGE_AT_FIRST_EXPOSURE":{"CATEGORY":["FEMALE","MALE"],"MIN_VALUE":[26,30],"P10_VALUE":[35,41],"P25_VALUE":[43,46],"MEDIAN_VALUE":[52,57],"P75_VALUE":[62,66],"P90_VALUE":[76,72],"MAX_VALUE":[88,89]},"DAYS_SUPPLY_DISTRIBUTION":{"CATEGORY":[],"MIN_VALUE":[],"P10_VALUE":[],"P25_VALUE":[],"MEDIAN_VALUE":[],"P75_VALUE":[],"P90_VALUE":[],"MAX_VALUE":[]},"DRUGS_BY_TYPE":{"CONCEPT_NAME":"Prescription written","COUNT_VALUE":1757},"PREVALENCE_BY_GENDER_AGE_YEAR":{"TRELLIS_NAME":["50-59","50-59","50-59","40-49","50-59","50-59","50-59","40-49","50-59","40-49","40-49","50-59","30-39","50-59","40-49","40-49"],"SERIES_NAME":["MALE","MALE","FEMALE","FEMALE","FEMALE","FEMALE","FEMALE","MALE","MALE","FEMALE","MALE","FEMALE","FEMALE","FEMALE","FEMALE","MALE"],"X_CALENDAR_YEAR":[2013,2014,2014,2014,2015,2016,2017,2017,2018,2018,2018,2018,2019,2019,2019,2019],"Y_PREVALENCE_1000PP":[0.0181,0.02676,0.01631,0.01516,0.01753,0.02396,0.03022,0.03023,0.02499,0.04927,0.03868,0.0382,0.02813,0.02753,0.03997,0.02891]},"PREVALENCE_BY_MONTH":{"X_CALENDAR_MONTH":[201301,201302,201303,201304,201305,201306,201307,201308,201309,201310,201311,201312,201401,201402,201403,201404,201405,201406,201407,201408,201409,201410,201411,201412,201501,201502,201503,201504,201505,201506,201507,201508,201509,201510,201511,201512,201601,201602,201603,201604,201605,201606,201607,201608,201609,201610,201611,201612,201701,201702,201703,201704,201705,201706,201707,201708,201709,201710,201711,201712,201801,201802,201803,201804,201805,201806,201807,201808,201809,201810,201811,201812,201901,201902,201903],"Y_PREVALENCE_1000PP":[0.00128,0.00184,0.00185,0.0013,0.00149,0.00167,0.00222,0.0013,0.00167,0.00168,0.00282,0.00269,0.00344,0.00286,0.00306,0.00345,0.00326,0.00291,0.00274,0.00296,0.00337,0.00364,0.00327,0.00311,0.00311,0.00251,0.00302,0.00281,0.00367,0.00293,0.00337,0.0027,0.00337,0.00396,0.00379,0.00369,0.00346,0.00398,0.00349,0.0045,0.00354,0.00489,0.00446,0.00614,0.00536,0.0057,0.00438,0.00466,0.00466,0.00588,0.00652,0.00713,0.00713,0.007,0.00614,0.00824,0.00768,0.00829,0.00724,0.00731,0.00771,0.00804,0.00865,0.00957,0.00956,0.00961,0.00851,0.00954,0.00671,0.00879,0.00887,0.00987,0.00984,0.01057,0.01024]},"DRUG_FREQUENCY_DISTRIBUTION":{"Y_NUM_PERSONS":[0,0,0,0,0,0,0,0,0,0,0,0,0,0,0,0,0,0,0,0,0,0,0,0,0,0,0,0,0,0,0,0,0,0,0],"X_COUNT":[1,2,3,4,5,6,7,8,9,10,11,12,13,14,15,16,17,18,19,20,21,23,24,25,26,27,28,33,35,39,40,44,45,47,48]},"QUANTITY_DISTRIBUTION":{"CATEGORY":"Quantity","MIN_VALUE":4,"P10_VALUE":14,"P25_VALUE":56,"MEDIAN_VALUE":56,"P75_VALUE":56,"P90_VALUE":56,"MAX_VALUE":112},"REFILLS_DISTRIBUTION":{"CATEGORY":"Refills","MIN_VALUE":0,"P10_VALUE":0,"P25_VALUE":1,"MEDIAN_VALUE":6,"P75_VALUE":6,"P90_VALUE":12,"MAX_VALUE":999}}
