{"AGE_AT_FIRST_EXPOSURE":{"CATEGORY":["MALE","FEMALE"],"MIN_VALUE":[0,1],"P10_VALUE":[15,23],"P25_VALUE":[39,41],"MEDIAN_VALUE":[54,55],"P75_VALUE":[69,72],"P90_VALUE":[77,79],"MAX_VALUE":[93,98]},"DAYS_SUPPLY_DISTRIBUTION":{"CATEGORY":"Days supply","MIN_VALUE":5,"P10_VALUE":5,"P25_VALUE":30,"MEDIAN_VALUE":30,"P75_VALUE":30,"P90_VALUE":30,"MAX_VALUE":30},"DRUGS_BY_TYPE":{"CONCEPT_NAME":"Prescription written","COUNT_VALUE":1343},"PREVALENCE_BY_GENDER_AGE_YEAR":{"TRELLIS_NAME":["40-49","70-79","50-59","40-49","10-19","30-39","60-69","70-79","60-69","0-9","50-59","70-79","60-69","80-89","60-69","40-49","40-49","70-79","30-39","50-59","80-89","50-59","70-79","30-39","40-49","10-19","70-79","0-9","80-89","60-69","60-69","80-89","40-49","30-39","60-69","20-29","70-79","30-39","70-79","60-69","80-89","50-59","50-59","40-49","40-49","80-89","40-49","50-59","70-79","60-69","20-29","50-59","10-19","60-69","70-79","40-49","40-49","50-59","40-49","60-69","70-79","50-59","50-59"],"SERIES_NAME":["FEMALE","MALE","FEMALE","MALE","MALE","FEMALE","MALE","FEMALE","FEMALE","MALE","FEMALE","FEMALE","FEMALE","FEMALE","MALE","FEMALE","MALE","MALE","FEMALE","MALE","MALE","FEMALE","MALE","FEMALE","FEMALE","FEMALE","FEMALE","MALE","MALE","FEMALE","MALE","FEMALE","MALE","FEMALE","MALE","FEMALE","MALE","MALE","FEMALE","FEMALE","FEMALE","FEMALE","MALE","FEMALE","MALE","FEMALE","FEMALE","FEMALE","MALE","MALE","FEMALE","MALE","FEMALE","FEMALE","FEMALE","MALE","MALE","MALE","FEMALE","FEMALE","FEMALE","FEMALE","FEMALE"],"X_CALENDAR_YEAR":[1996,1996,1996,1996,1996,1996,1996,1996,1996,1997,1997,1997,1997,1997,1997,1997,1997,1997,1997,1997,1997,1998,1998,1998,1998,1998,1998,1998,1998,1998,1998,1998,1998,1999,1999,1999,1999,1999,1999,1999,1999,1999,1999,1999,1999,2000,2000,2000,2000,2000,2000,2000,2000,2000,2000,2000,2001,2001,2001,2001,2001,2001,2002],"Y_PREVALENCE_1000PP":[0.26923,0.3846,0.45846,0.21633,0.19169,0.13569,0.31027,0.65598,0.32589,0.09249,0.23641,0.32561,0.31654,0.31121,0.27398,0.14362,0.10054,0.39745,0.06627,0.15799,0.40317,0.09873,0.19945,0.05807,0.17018,0.12064,0.2769,0.07034,0.3603,0.15507,0.20577,0.24019,0.06738,0.06735,0.13198,0.04092,0.22223,0.04413,0.20554,0.15746,0.22644,0.08183,0.09386,0.07544,0.08544,0.11372,0.04295,0.07466,0.12113,0.07134,0.05939,0.05585,0.07108,0.139,0.17329,0.05624,0.04742,0.03447,0.03732,0.06062,0.05553,0.02659,0.02724]},"PREVALENCE_BY_MONTH":{"X_CALENDAR_MONTH":[199602,199604,199605,199606,199607,199608,199609,199610,199611,199612,199701,199702,199703,199704,199705,199706,199707,199708,199709,199710,199711,199712,199801,199802,199803,199804,199805,199806,199807,199808,199809,199810,199811,199812,199901,199902,199903,199904,199905,199906,199907,199908,199909,199910,199911,199912,200001,200002,200003,200004,200005,200006,200007,200008,200009,200010,200012,200101,200102,200103,200105,200106,200110,200202],"Y_PREVALENCE_1000PP":[0.02494,0.02562,0.03618,0.02089,0.02712,0.01513,0.02954,0.04334,0.04236,0.06103,0.02557,0.02655,0.02247,0.03232,0.0258,0.02403,0.03379,0.0177,0.01939,0.02635,0.02062,0.01644,0.02443,0.01838,0.01323,0.01623,0.02028,0.02024,0.02065,0.01089,0.01523,0.01341,0.01397,0.01314,0.01655,0.01614,0.01925,0.01296,0.01403,0.0108,0.01368,0.01348,0.00933,0.01408,0.00853,0.01435,0.0072,0.01167,0.01762,0.00913,0.00946,0.00844,0.00708,0.00453,0.00564,0.0032,0.00391,0.00295,0.00398,0.00352,0.00479,0.00268,0.00248,0.00291]},"DRUG_FREQUENCY_DISTRIBUTION":{"Y_NUM_PERSONS":[0,0,0,0,0,0,0,0,0,0,0,0,0,0,0,0],"X_COUNT":[1,2,3,4,5,6,7,8,9,10,11,12,14,17,22,23]},"QUANTITY_DISTRIBUTION":{"CATEGORY":"Quantity","MIN_VALUE":1,"P10_VALUE":1,"P25_VALUE":1,"MEDIAN_VALUE":1,"P75_VALUE":3,"P90_VALUE":10,"MAX_VALUE":20},"REFILLS_DISTRIBUTION":{"CATEGORY":"Refills","MIN_VALUE":0,"P10_VALUE":0,"P25_VALUE":0,"MEDIAN_VALUE":0,"P75_VALUE":6,"P90_VALUE":12,"MAX_VALUE":99}}
