{"AGE_AT_FIRST_EXPOSURE":{"CATEGORY":["MALE","FEMALE"],"MIN_VALUE":[1,2],"P10_VALUE":[15,15],"P25_VALUE":[24,27],"MEDIAN_VALUE":[44,41],"P75_VALUE":[67,65],"P90_VALUE":[77,81],"MAX_VALUE":[92,92]},"DAYS_SUPPLY_DISTRIBUTION":{"CATEGORY":"Days supply","MIN_VALUE":28,"P10_VALUE":28,"P25_VALUE":28,"MEDIAN_VALUE":28,"P75_VALUE":28,"P90_VALUE":28,"MAX_VALUE":28},"DRUGS_BY_TYPE":{"CONCEPT_NAME":"Prescription written","COUNT_VALUE":687},"PREVALENCE_BY_GENDER_AGE_YEAR":{"TRELLIS_NAME":["30-39","40-49","40-49","50-59","20-29","30-39","40-49","50-59"],"SERIES_NAME":["MALE","FEMALE","MALE","FEMALE","FEMALE","FEMALE","MALE","MALE"],"X_CALENDAR_YEAR":[2001,2004,2005,2005,2005,2005,2007,2007],"Y_PREVALENCE_1000PP":[0.02029,0.0268,0.0213,0.0194,0.01877,0.01624,0.01393,0.01727]},"PREVALENCE_BY_MONTH":{"X_CALENDAR_MONTH":[199904,199909,200003,200004,200102,200108,200110,200111,200201,200202,200205,200211,200301,200304,200305,200310,200401,200403,200404,200405,200406,200408,200409,200410,200411,200412,200501,200502,200503,200504,200507,200508,200509,200511,200512,200601,200603,200605,200606,200607,200609,200610,200611,200701,200702,200703,200704,200705,200706,200711],"Y_PREVALENCE_1000PP":[0.00389,0.00466,0.00264,0.00261,0.0029,0.00323,0.00186,0.00215,0.00235,0.00233,0.00166,0.00161,0.00186,0.00157,0.00157,0.00153,0.00198,0.00242,0.0019,0.00166,0.00141,0.00186,0.00139,0.00161,0.00275,0.00275,0.00136,0.00226,0.00203,0.00158,0.00245,0.002,0.00176,0.00175,0.00131,0.00195,0.0013,0.00129,0.0015,0.00192,0.00149,0.00127,0.00168,0.00166,0.00145,0.00145,0.00144,0.00123,0.00122,0.00156]},"DRUG_FREQUENCY_DISTRIBUTION":{"Y_NUM_PERSONS":[0,0,0,0,0,0,0,0,0,0,0],"X_COUNT":[1,2,3,4,5,6,7,8,9,10,19]},"QUANTITY_DISTRIBUTION":{"CATEGORY":"Quantity","MIN_VALUE":1,"P10_VALUE":500,"P25_VALUE":500,"MEDIAN_VALUE":500,"P75_VALUE":500,"P90_VALUE":1000,"MAX_VALUE":10000},"REFILLS_DISTRIBUTION":{"CATEGORY":"Refills","MIN_VALUE":0,"P10_VALUE":0,"P25_VALUE":0,"MEDIAN_VALUE":0,"P75_VALUE":6,"P90_VALUE":6,"MAX_VALUE":50}}
