{"AGE_AT_FIRST_EXPOSURE":{"CATEGORY":["MALE","FEMALE"],"MIN_VALUE":[36,41],"P10_VALUE":[45,42],"P25_VALUE":[50,58],"MEDIAN_VALUE":[65,72],"P75_VALUE":[71,78],"P90_VALUE":[81,86],"MAX_VALUE":[87,88]},"DAYS_SUPPLY_DISTRIBUTION":{"CATEGORY":[],"MIN_VALUE":[],"P10_VALUE":[],"P25_VALUE":[],"MEDIAN_VALUE":[],"P75_VALUE":[],"P90_VALUE":[],"MAX_VALUE":[]},"DRUGS_BY_TYPE":{"CONCEPT_NAME":"Prescription written","COUNT_VALUE":773},"PREVALENCE_BY_GENDER_AGE_YEAR":{"TRELLIS_NAME":[],"SERIES_NAME":[],"X_CALENDAR_YEAR":[],"Y_PREVALENCE_1000PP":[]},"PREVALENCE_BY_MONTH":{"X_CALENDAR_MONTH":[200902,200904,200907,200909,200910,200911,200912,201001,201002,201003,201005,201007,201008,201009,201010,201101,201102,201103,201106,201107,201108,201109,201110,201111,201112,201202,201205,201206,201208,201209,201210,201212,201301,201302,201303,201304,201305,201306,201307,201309,201311,201403,201406,201407,201410,201412,201502,201504,201506,201511,201512,201601,201603],"Y_PREVALENCE_1000PP":[0.00151,0.00113,0.00132,0.0015,0.00113,0.00113,0.00133,0.00151,0.00133,0.00133,0.00172,0.00153,0.00134,0.00133,0.00113,0.00112,0.00112,0.00167,0.0011,0.0011,0.0011,0.00109,0.00145,0.00109,0.00146,0.00164,0.00127,0.00145,0.00145,0.00109,0.00127,0.0011,0.00128,0.00111,0.0013,0.00111,0.00111,0.00111,0.00111,0.0013,0.00132,0.00115,0.00116,0.00118,0.00142,0.00166,0.00125,0.00151,0.00135,0.00142,0.00197,0.00148,0.00174]},"DRUG_FREQUENCY_DISTRIBUTION":{"Y_NUM_PERSONS":[0,0,0,0,0,0,0,0,0,0,0,0,0,0,0,0],"X_COUNT":[1,2,4,5,6,7,9,14,17,24,30,32,38,42,43,45]},"QUANTITY_DISTRIBUTION":{"CATEGORY":"Quantity","MIN_VALUE":0,"P10_VALUE":28,"P25_VALUE":28,"MEDIAN_VALUE":28,"P75_VALUE":56,"P90_VALUE":112,"MAX_VALUE":168},"REFILLS_DISTRIBUTION":{"CATEGORY":"Refills","MIN_VALUE":0,"P10_VALUE":3,"P25_VALUE":5,"MEDIAN_VALUE":6,"P75_VALUE":12,"P90_VALUE":12,"MAX_VALUE":36}}
