{"AGE_AT_FIRST_EXPOSURE":{"CATEGORY":["MALE","FEMALE"],"MIN_VALUE":[29,35],"P10_VALUE":[45,46],"P25_VALUE":[53,58],"MEDIAN_VALUE":[61,64],"P75_VALUE":[71,74],"P90_VALUE":[77,82],"MAX_VALUE":[86,94]},"DAYS_SUPPLY_DISTRIBUTION":{"CATEGORY":"Days supply","MIN_VALUE":28,"P10_VALUE":28,"P25_VALUE":28,"MEDIAN_VALUE":28,"P75_VALUE":28,"P90_VALUE":28,"MAX_VALUE":56},"DRUGS_BY_TYPE":{"CONCEPT_NAME":"Prescription written","COUNT_VALUE":6223},"PREVALENCE_BY_GENDER_AGE_YEAR":{"TRELLIS_NAME":["70-79","70-79","60-69","70-79","60-69","50-59","60-69","50-59","40-49","60-69","70-79","60-69","60-69","70-79","50-59","60-69","60-69","70-79","70-79","50-59","80-89","50-59","70-79","80-89","60-69","70-79","60-69","50-59","60-69","60-69","70-79","50-59","70-79","80-89","50-59","60-69","80-89","70-79","60-69","70-79","50-59","70-79","60-69","50-59","70-79","60-69","50-59","50-59","70-79","60-69","70-79","60-69","50-59","70-79","60-69","50-59","60-69","70-79","80-89","50-59","80-89","60-69","50-59","70-79","50-59","70-79","60-69","60-69","70-79","50-59","60-69","70-79","60-69"],"SERIES_NAME":["FEMALE","MALE","FEMALE","FEMALE","FEMALE","MALE","MALE","MALE","MALE","MALE","FEMALE","FEMALE","MALE","FEMALE","MALE","FEMALE","MALE","FEMALE","MALE","MALE","FEMALE","FEMALE","MALE","FEMALE","MALE","FEMALE","FEMALE","FEMALE","MALE","FEMALE","FEMALE","MALE","MALE","FEMALE","MALE","FEMALE","FEMALE","MALE","MALE","FEMALE","FEMALE","FEMALE","MALE","FEMALE","MALE","FEMALE","MALE","FEMALE","MALE","FEMALE","FEMALE","MALE","MALE","MALE","MALE","FEMALE","FEMALE","FEMALE","FEMALE","MALE","FEMALE","FEMALE","MALE","MALE","FEMALE","FEMALE","MALE","MALE","MALE","MALE","MALE","MALE","MALE"],"X_CALENDAR_YEAR":[2000,2000,2000,2001,2001,2001,2001,2002,2002,2002,2002,2002,2003,2003,2003,2003,2004,2004,2004,2004,2004,2005,2005,2005,2005,2005,2005,2006,2006,2006,2006,2006,2006,2006,2007,2007,2007,2007,2007,2007,2007,2008,2008,2008,2008,2008,2008,2009,2009,2009,2009,2009,2009,2010,2010,2010,2010,2010,2010,2010,2011,2011,2011,2011,2011,2011,2011,2012,2012,2012,2013,2013,2014],"Y_PREVALENCE_1000PP":[0.06065,0.06607,0.04633,0.09023,0.04244,0.03878,0.05583,0.03024,0.02742,0.04315,0.06204,0.05301,0.03485,0.05354,0.02492,0.04902,0.03558,0.04394,0.05909,0.02298,0.05061,0.02263,0.05698,0.06476,0.05496,0.04252,0.03751,0.03444,0.03929,0.03482,0.04596,0.03346,0.06039,0.0621,0.03742,0.03108,0.05052,0.05551,0.04909,0.04263,0.02367,0.04602,0.05018,0.01734,0.05347,0.03633,0.03941,0.0172,0.05268,0.02905,0.03649,0.0459,0.03343,0.05222,0.04489,0.01684,0.02828,0.03176,0.04857,0.0273,0.04122,0.03042,0.02648,0.05119,0.01625,0.02682,0.02807,0.02195,0.03559,0.01577,0.02501,0.03968,0.02651]},"PREVALENCE_BY_MONTH":{"X_CALENDAR_MONTH":[199911,199912,200001,200002,200003,200004,200005,200006,200007,200008,200009,200010,200011,200012,200101,200102,200103,200104,200105,200106,200107,200108,200109,200110,200111,200112,200201,200202,200203,200204,200205,200206,200207,200208,200209,200210,200211,200212,200301,200302,200303,200304,200305,200306,200307,200308,200309,200310,200311,200312,200401,200402,200403,200404,200405,200406,200407,200408,200409,200410,200411,200412,200501,200502,200503,200504,200505,200506,200507,200508,200509,200510,200511,200512,200601,200602,200603,200604,200605,200606,200607,200608,200609,200610,200611,200612,200701,200702,200703,200704,200705,200706,200707,200708,200709,200710,200711,200712,200801,200802,200803,200804,200805,200806,200807,200808,200809,200810,200811,200812,200901,200902,200903,200904,200905,200906,200907,200908,200909,200910,200911,200912,201001,201002,201003,201004,201005,201006,201007,201008,201009,201010,201011,201012,201101,201102,201103,201104,201105,201106,201107,201108,201109,201110,201111,201112,201201,201202,201203,201204,201205,201206,201207,201208,201209,201210,201211,201212,201301,201302,201303,201304,201305,201306,201307,201308,201309,201310,201311,201312,201401,201402,201403],"Y_PREVALENCE_1000PP":[0.00586,0.00346,0.00405,0.00673,0.00485,0.00696,0.00387,0.00464,0.00666,0.0037,0.00483,0.0076,0.00594,0.00469,0.00736,0.00688,0.0074,0.00731,0.00753,0.00805,0.0086,0.00711,0.00824,0.00745,0.00767,0.00699,0.00968,0.01017,0.00718,0.0081,0.00804,0.00662,0.00795,0.00901,0.00624,0.00726,0.00777,0.00725,0.00796,0.00607,0.00631,0.00681,0.00522,0.00675,0.00515,0.00642,0.00639,0.00637,0.00684,0.00631,0.00716,0.00518,0.00628,0.00619,0.00662,0.0061,0.00793,0.00651,0.00671,0.00783,0.00665,0.0078,0.00611,0.00791,0.00723,0.00767,0.00743,0.00896,0.00734,0.00887,0.00922,0.00834,0.00766,0.0081,0.00779,0.00781,0.00996,0.0084,0.00945,0.00812,0.00962,0.0081,0.00955,0.0095,0.00861,0.00881,0.00997,0.00808,0.01015,0.00907,0.00942,0.00933,0.00985,0.00944,0.00956,0.00945,0.00898,0.00976,0.00988,0.01087,0.01012,0.01066,0.0089,0.01037,0.00937,0.00784,0.00951,0.00892,0.0091,0.00908,0.00886,0.0083,0.00903,0.00907,0.00849,0.00866,0.00959,0.00829,0.00901,0.00942,0.00906,0.00856,0.00871,0.00779,0.00913,0.00913,0.0082,0.00859,0.00821,0.00858,0.00759,0.00848,0.00825,0.00825,0.00822,0.00747,0.00872,0.00648,0.00645,0.00552,0.00661,0.00586,0.00565,0.00673,0.00565,0.00511,0.00491,0.00473,0.00509,0.00491,0.00583,0.00327,0.00456,0.00436,0.00471,0.004,0.00439,0.00515,0.00496,0.00332,0.00537,0.00481,0.00408,0.00483,0.00389,0.00501,0.00352,0.00412,0.0032,0.00365,0.00248,0.00248,0.00115]},"DRUG_FREQUENCY_DISTRIBUTION":{"Y_NUM_PERSONS":[0,0,0,0,0,0,0,0,0,0,0,0,0,0,0,0,0,0,0,0,0,0,0,0,0,0,0,0,0,0,0,0,0,0,0,0,0,0,0,0,0,0,0,0,0,0,0,0,0,0,0,0,0,0,0,0,0,0,0,0,0,0,0,0,0,0,0,0,0,0,0,0,0,0,0,0],"X_COUNT":[1,2,3,4,5,6,7,8,9,10,11,12,13,14,15,16,18,19,20,21,22,23,25,26,27,28,29,30,31,32,33,34,35,36,37,38,39,40,41,44,45,47,48,49,50,51,53,54,55,56,57,58,59,60,61,63,65,68,69,70,72,74,76,77,78,79,80,82,86,101,104,105,110,113,132,133]},"QUANTITY_DISTRIBUTION":{"CATEGORY":"Quantity","MIN_VALUE":1,"P10_VALUE":28,"P25_VALUE":28,"MEDIAN_VALUE":28,"P75_VALUE":56,"P90_VALUE":84,"MAX_VALUE":168},"REFILLS_DISTRIBUTION":{"CATEGORY":"Refills","MIN_VALUE":0,"P10_VALUE":3,"P25_VALUE":6,"MEDIAN_VALUE":6,"P75_VALUE":12,"P90_VALUE":12,"MAX_VALUE":656}}
