{"AGE_AT_FIRST_EXPOSURE":{"CATEGORY":["FEMALE","MALE"],"MIN_VALUE":[0,1],"P10_VALUE":[21,20],"P25_VALUE":[27,29],"MEDIAN_VALUE":[42,44],"P75_VALUE":[56,59],"P90_VALUE":[66,68],"MAX_VALUE":[87,97]},"DAYS_SUPPLY_DISTRIBUTION":{"CATEGORY":[],"MIN_VALUE":[],"P10_VALUE":[],"P25_VALUE":[],"MEDIAN_VALUE":[],"P75_VALUE":[],"P90_VALUE":[],"MAX_VALUE":[]},"DRUGS_BY_TYPE":{"CONCEPT_NAME":"Prescription written","COUNT_VALUE":695},"PREVALENCE_BY_GENDER_AGE_YEAR":{"TRELLIS_NAME":["40-49","40-49","30-39","20-29","20-29","20-29","40-49","20-29","20-29","30-39","40-49","60-69","50-59","70-79","60-69","20-29","60-69","40-49","30-39","60-69","30-39","40-49","50-59","40-49","30-39","20-29","60-69","30-39","40-49","50-59","60-69","50-59","60-69","40-49","50-59","50-59","60-69","50-59"],"SERIES_NAME":["FEMALE","MALE","FEMALE","FEMALE","MALE","FEMALE","FEMALE","FEMALE","MALE","FEMALE","MALE","FEMALE","MALE","FEMALE","MALE","FEMALE","MALE","MALE","MALE","FEMALE","FEMALE","FEMALE","FEMALE","FEMALE","FEMALE","FEMALE","FEMALE","MALE","MALE","MALE","MALE","FEMALE","MALE","FEMALE","FEMALE","MALE","FEMALE","MALE"],"X_CALENDAR_YEAR":[2002,2002,2002,2002,2003,2003,2003,2004,2004,2004,2004,2004,2004,2004,2004,2005,2005,2005,2005,2005,2005,2005,2005,2006,2006,2006,2006,2006,2006,2006,2006,2006,2007,2007,2007,2008,2008,2009],"Y_PREVALENCE_1000PP":[0.0252,0.02056,0.01846,0.02297,0.03402,0.02539,0.02666,0.02311,0.03082,0.022,0.02266,0.03504,0.02626,0.03296,0.03558,0.05318,0.0465,0.02928,0.02364,0.04168,0.02976,0.02523,0.03556,0.0318,0.01586,0.04381,0.03095,0.01537,0.02261,0.03954,0.03536,0.0407,0.02104,0.01466,0.02071,0.02533,0.01982,0.0195]},"PREVALENCE_BY_MONTH":{"X_CALENDAR_MONTH":[200001,200201,200209,200301,200304,200306,200310,200311,200401,200402,200407,200408,200409,200410,200411,200412,200501,200502,200503,200504,200507,200508,200509,200510,200511,200512,200601,200603,200606,200607,200608,200610,200611,200612,200701,200708,200710,200801,200802,200808,200812,200902,200907,200911,200912],"Y_PREVALENCE_1000PP":[0.00315,0.00264,0.00163,0.00319,0.00157,0.00234,0.00255,0.00152,0.00222,0.00148,0.00163,0.00256,0.00185,0.00299,0.00183,0.00183,0.00226,0.00384,0.00339,0.0018,0.00133,0.00244,0.00176,0.00263,0.00241,0.00197,0.00562,0.00325,0.00128,0.00171,0.0017,0.00274,0.00273,0.00168,0.00187,0.00161,0.00157,0.00174,0.00233,0.00115,0.0017,0.00113,0.0015,0.00113,0.00114]},"DRUG_FREQUENCY_DISTRIBUTION":{"Y_NUM_PERSONS":[0,0,0],"X_COUNT":[1,2,3]},"QUANTITY_DISTRIBUTION":{"CATEGORY":"Quantity","MIN_VALUE":0,"P10_VALUE":1,"P25_VALUE":1,"MEDIAN_VALUE":112,"P75_VALUE":112,"P90_VALUE":112,"MAX_VALUE":896},"REFILLS_DISTRIBUTION":{"CATEGORY":"Refills","MIN_VALUE":0,"P10_VALUE":0,"P25_VALUE":0,"MEDIAN_VALUE":0,"P75_VALUE":0,"P90_VALUE":0,"MAX_VALUE":2}}
