{"AGE_AT_FIRST_EXPOSURE":{"CATEGORY":["FEMALE","MALE"],"MIN_VALUE":[39,35],"P10_VALUE":[55,52],"P25_VALUE":[61,59],"MEDIAN_VALUE":[71,68],"P75_VALUE":[80,75],"P90_VALUE":[84,82],"MAX_VALUE":[89,89]},"DAYS_SUPPLY_DISTRIBUTION":{"CATEGORY":"Days supply","MIN_VALUE":7,"P10_VALUE":7,"P25_VALUE":7,"MEDIAN_VALUE":7,"P75_VALUE":28,"P90_VALUE":28,"MAX_VALUE":28},"DRUGS_BY_TYPE":{"CONCEPT_NAME":"Prescription written","COUNT_VALUE":1754},"PREVALENCE_BY_GENDER_AGE_YEAR":{"TRELLIS_NAME":["70-79","50-59","70-79","60-69","70-79","80-89","70-79","80-89","80-89","80-89","60-69","80-89"],"SERIES_NAME":["MALE","MALE","FEMALE","MALE","MALE","FEMALE","MALE","FEMALE","FEMALE","FEMALE","MALE","FEMALE"],"X_CALENDAR_YEAR":[2012,2012,2012,2012,2013,2013,2014,2015,2016,2017,2017,2018],"Y_PREVALENCE_1000PP":[0.05592,0.01577,0.02675,0.01882,0.04464,0.04177,0.03046,0.04798,0.06733,0.07565,0.02947,0.07307]},"PREVALENCE_BY_MONTH":{"X_CALENDAR_MONTH":[200809,200904,200909,201111,201112,201201,201202,201203,201204,201205,201206,201207,201208,201209,201210,201211,201212,201301,201302,201303,201304,201305,201306,201307,201308,201309,201310,201311,201312,201401,201402,201403,201404,201405,201406,201407,201408,201409,201410,201411,201412,201501,201502,201503,201504,201505,201506,201507,201508,201509,201510,201511,201512,201601,201602,201603,201604,201605,201606,201607,201608,201609,201610,201611,201612,201701,201702,201703,201704,201705,201706,201707,201708,201709,201710,201711,201712,201801,201802,201803,201804,201805,201806,201807,201808,201809,201810,201811,201812,201901,201902],"Y_PREVALENCE_1000PP":[0.00114,0.00113,0.00131,0.00109,0.00164,0.00164,0.00164,0.00182,0.002,0.00237,0.00255,0.00456,0.00454,0.00435,0.00345,0.00421,0.00478,0.00385,0.00332,0.0037,0.00333,0.00353,0.00316,0.00278,0.00297,0.00296,0.00337,0.0032,0.00346,0.00306,0.0021,0.00211,0.00345,0.00307,0.00291,0.00313,0.00217,0.00238,0.00243,0.00266,0.0027,0.00311,0.00313,0.00302,0.00259,0.00259,0.00338,0.00247,0.00382,0.00247,0.00279,0.00308,0.00394,0.00297,0.00224,0.00249,0.003,0.00278,0.00283,0.00263,0.00214,0.00161,0.00272,0.00219,0.00246,0.00274,0.00336,0.0034,0.00399,0.00428,0.00496,0.00351,0.00471,0.00266,0.00444,0.00422,0.00213,0.00339,0.00309,0.00309,0.00185,0.00308,0.00248,0.00315,0.00223,0.00319,0.00293,0.00263,0.00362,0.00262,0.00231]},"DRUG_FREQUENCY_DISTRIBUTION":{"Y_NUM_PERSONS":[0,0,0,0,0,0,0,0,0,0,0,0,0,0,0,0,0,0,0,0,0,0,0,0,0,0,0,0,0,0,0,0,0],"X_COUNT":[1,2,3,4,5,6,7,8,9,10,11,12,13,14,15,18,19,20,21,22,24,26,27,29,32,33,37,38,42,45,47,56,61]},"QUANTITY_DISTRIBUTION":{"CATEGORY":"Quantity","MIN_VALUE":6,"P10_VALUE":28,"P25_VALUE":56,"MEDIAN_VALUE":56,"P75_VALUE":56,"P90_VALUE":112,"MAX_VALUE":180},"REFILLS_DISTRIBUTION":{"CATEGORY":"Refills","MIN_VALUE":0,"P10_VALUE":2,"P25_VALUE":3,"MEDIAN_VALUE":6,"P75_VALUE":12,"P90_VALUE":12,"MAX_VALUE":999}}
