{"AGE_AT_FIRST_EXPOSURE":{"CATEGORY":["FEMALE","MALE"],"MIN_VALUE":[1,0],"P10_VALUE":[12,11],"P25_VALUE":[26,25],"MEDIAN_VALUE":[42,54],"P75_VALUE":[67,68],"P90_VALUE":[78,79],"MAX_VALUE":[93,92]},"DAYS_SUPPLY_DISTRIBUTION":{"CATEGORY":[],"MIN_VALUE":[],"P10_VALUE":[],"P25_VALUE":[],"MEDIAN_VALUE":[],"P75_VALUE":[],"P90_VALUE":[],"MAX_VALUE":[]},"DRUGS_BY_TYPE":{"CONCEPT_NAME":"Prescription written","COUNT_VALUE":851},"PREVALENCE_BY_GENDER_AGE_YEAR":{"TRELLIS_NAME":["70-79","60-69","50-59","50-59","60-69","30-39","10-19","40-49","30-39","60-69","30-39","40-49","70-79","20-29","60-69","60-69","60-69"],"SERIES_NAME":["MALE","FEMALE","MALE","MALE","MALE","FEMALE","FEMALE","FEMALE","FEMALE","MALE","FEMALE","FEMALE","MALE","FEMALE","MALE","FEMALE","FEMALE"],"X_CALENDAR_YEAR":[2006,2008,2009,2010,2010,2010,2010,2010,2011,2011,2012,2012,2012,2012,2012,2012,2013],"Y_PREVALENCE_1000PP":[0.04228,0.02312,0.01671,0.01638,0.03207,0.01757,0.02013,0.01623,0.01983,0.01872,0.01742,0.01383,0.03559,0.0197,0.02509,0.02745,0.01822]},"PREVALENCE_BY_MONTH":{"X_CALENDAR_MONTH":[200507,200512,200603,200606,200607,200609,200610,200611,200612,200701,200705,200706,200707,200708,200709,200710,200712,200803,200804,200805,200806,200807,200808,200809,200811,200812,200901,200902,200903,200904,200905,200906,200907,200909,200911,201001,201002,201003,201004,201005,201006,201007,201009,201010,201011,201012,201101,201102,201103,201104,201105,201106,201107,201108,201109,201110,201111,201112,201201,201202,201203,201204,201205,201206,201207,201208,201209,201210,201211,201212,201301,201302,201303,201304,201305],"Y_PREVALENCE_1000PP":[0.00156,0.00131,0.0013,0.00171,0.00128,0.00212,0.00127,0.00147,0.00168,0.00229,0.00184,0.00142,0.00161,0.00141,0.00139,0.00118,0.00195,0.00117,0.00174,0.00136,0.00173,0.00191,0.00153,0.00152,0.00152,0.00114,0.00189,0.00113,0.00151,0.00113,0.00132,0.00113,0.0015,0.00131,0.00189,0.00132,0.00114,0.00133,0.00133,0.00133,0.00134,0.0021,0.00152,0.00151,0.0015,0.00131,0.00131,0.00112,0.00204,0.00148,0.00203,0.00184,0.00147,0.00256,0.00182,0.00218,0.00182,0.00219,0.00255,0.002,0.00109,0.00164,0.00182,0.00327,0.00219,0.00182,0.00218,0.00363,0.00366,0.00239,0.00257,0.00203,0.00278,0.00204,0.0013]},"DRUG_FREQUENCY_DISTRIBUTION":{"Y_NUM_PERSONS":[0,0,0,0,0,0,0,0,0,0,0,0,0],"X_COUNT":[1,2,3,4,5,6,7,8,10,11,12,16,18]},"QUANTITY_DISTRIBUTION":{"CATEGORY":"Quantity","MIN_VALUE":1,"P10_VALUE":100,"P25_VALUE":120,"MEDIAN_VALUE":120,"P75_VALUE":120,"P90_VALUE":200,"MAX_VALUE":500},"REFILLS_DISTRIBUTION":{"CATEGORY":"Refills","MIN_VALUE":0,"P10_VALUE":0,"P25_VALUE":0,"MEDIAN_VALUE":1,"P75_VALUE":6,"P90_VALUE":6,"MAX_VALUE":99}}
