{"AGE_AT_FIRST_EXPOSURE":{"CATEGORY":["MALE","FEMALE"],"MIN_VALUE":[1,0],"P10_VALUE":[18,10],"P25_VALUE":[29,25],"MEDIAN_VALUE":[41,37],"P75_VALUE":[54,57],"P90_VALUE":[67,67],"MAX_VALUE":[86,72]},"DAYS_SUPPLY_DISTRIBUTION":{"CATEGORY":"Days supply","MIN_VALUE":28,"P10_VALUE":30,"P25_VALUE":30,"MEDIAN_VALUE":30,"P75_VALUE":30,"P90_VALUE":30,"MAX_VALUE":56},"DRUGS_BY_TYPE":{"CONCEPT_NAME":"Prescription written","COUNT_VALUE":1452},"PREVALENCE_BY_GENDER_AGE_YEAR":{"TRELLIS_NAME":["50-59","50-59","20-29","30-39","40-49","30-39","30-39","40-49","30-39","30-39","40-49","40-49","30-39","30-39","40-49"],"SERIES_NAME":["MALE","MALE","FEMALE","MALE","MALE","FEMALE","MALE","MALE","MALE","MALE","FEMALE","MALE","FEMALE","MALE","MALE"],"X_CALENDAR_YEAR":[1996,1997,1997,1999,2001,2001,2001,2002,2002,2003,2003,2003,2003,2004,2004],"Y_PREVALENCE_1000PP":[0.1586,0.10054,0.07748,0.0331,0.02371,0.02078,0.02367,0.02056,0.02404,0.02008,0.01999,0.01902,0.01765,0.01605,0.01699]},"PREVALENCE_BY_MONTH":{"X_CALENDAR_MONTH":[199605,199606,199607,199608,199609,199610,199611,199612,199701,199702,199703,199704,199705,199706,199707,199708,199709,199710,199711,199712,199801,199802,199803,199804,199805,199806,199807,199808,199809,199810,199811,199812,199901,199902,199903,199904,199905,199906,199907,199908,199909,199910,199911,199912,200001,200002,200003,200004,200005,200006,200007,200008,200009,200010,200011,200012,200101,200102,200103,200104,200105,200106,200107,200108,200109,200110,200111,200112,200201,200202,200203,200204,200205,200206,200207,200208,200209,200210,200211,200212,200301,200302,200303,200304,200305,200306,200307,200308,200309,200310,200311,200312,200401,200402,200403],"Y_PREVALENCE_1000PP":[0.03061,0.0325,0.02295,0.02081,0.01846,0.01625,0.01525,0.01695,0.01749,0.01012,0.01123,0.01556,0.01877,0.01529,0.01162,0.01562,0.01021,0.01216,0.01473,0.01064,0.00842,0.01086,0.01075,0.00649,0.0073,0.01376,0.01112,0.007,0.0099,0.00819,0.00662,0.00876,0.00621,0.00605,0.00531,0.00583,0.0051,0.00826,0.00684,0.00674,0.00466,0.00732,0.00693,0.00594,0.00585,0.00539,0.00441,0.00348,0.00387,0.00549,0.00416,0.00494,0.00443,0.0044,0.00554,0.00508,0.00515,0.00435,0.00458,0.00487,0.00616,0.0047,0.00529,0.00485,0.00507,0.00435,0.00491,0.00547,0.00587,0.00552,0.0046,0.0053,0.00471,0.00469,0.00631,0.00546,0.00461,0.00565,0.00348,0.00483,0.00345,0.00528,0.00368,0.00472,0.00574,0.00468,0.00515,0.00513,0.00537,0.00407,0.00304,0.00454,0.00346,0.00444,0.00507]},"DRUG_FREQUENCY_DISTRIBUTION":{"Y_NUM_PERSONS":[0,0,0,0,0,0,0,0,0,0,0,0,0,0,0,0,0,0,0,0,0,0,0,0,0,0,0,0,0,0],"X_COUNT":[1,2,3,4,5,6,7,8,9,10,11,12,13,14,15,16,17,19,20,21,22,23,24,25,26,27,29,32,35,41]},"QUANTITY_DISTRIBUTION":{"CATEGORY":"Quantity","MIN_VALUE":1,"P10_VALUE":1,"P25_VALUE":1,"MEDIAN_VALUE":1,"P75_VALUE":2,"P90_VALUE":2,"MAX_VALUE":3},"REFILLS_DISTRIBUTION":{"CATEGORY":"Refills","MIN_VALUE":0,"P10_VALUE":0,"P25_VALUE":6,"MEDIAN_VALUE":6,"P75_VALUE":12,"P90_VALUE":12,"MAX_VALUE":36}}
