{"AGE_AT_FIRST_EXPOSURE":{"CATEGORY":["FEMALE","MALE"],"MIN_VALUE":[10,3],"P10_VALUE":[37,36],"P25_VALUE":[50,51],"MEDIAN_VALUE":[65,65],"P75_VALUE":[73,74],"P90_VALUE":[80,80],"MAX_VALUE":[92,95]},"DAYS_SUPPLY_DISTRIBUTION":{"CATEGORY":"Days supply","MIN_VALUE":28,"P10_VALUE":28,"P25_VALUE":30,"MEDIAN_VALUE":30,"P75_VALUE":30,"P90_VALUE":30,"MAX_VALUE":56},"DRUGS_BY_TYPE":{"CONCEPT_NAME":"Prescription written","COUNT_VALUE":3790},"PREVALENCE_BY_GENDER_AGE_YEAR":{"TRELLIS_NAME":["60-69","70-79","60-69","30-39","70-79","60-69","50-59","40-49","60-69","70-79","50-59","80-89","60-69","70-79","70-79","60-69","30-39","50-59","40-49","50-59","70-79","70-79","50-59","80-89","30-39","60-69","40-49","40-49","60-69","70-79","60-69","30-39","20-29","70-79","80-89","50-59","50-59","80-89","60-69","40-49","40-49","60-69","50-59","80-89","70-79","40-49","60-69","70-79","40-49","50-59","30-39","80-89","60-69","50-59","50-59","80-89","40-49","70-79","70-79","80-89","40-49","60-69","70-79"],"SERIES_NAME":["FEMALE","MALE","MALE","FEMALE","FEMALE","FEMALE","MALE","MALE","MALE","MALE","FEMALE","MALE","MALE","MALE","FEMALE","FEMALE","FEMALE","MALE","MALE","MALE","FEMALE","MALE","FEMALE","MALE","MALE","MALE","MALE","FEMALE","FEMALE","FEMALE","FEMALE","MALE","FEMALE","MALE","FEMALE","MALE","FEMALE","MALE","MALE","FEMALE","MALE","FEMALE","FEMALE","MALE","MALE","MALE","MALE","FEMALE","FEMALE","MALE","MALE","FEMALE","MALE","MALE","FEMALE","MALE","FEMALE","FEMALE","MALE","FEMALE","MALE","FEMALE","MALE"],"X_CALENDAR_YEAR":[1996,1996,1996,1997,1997,1997,1997,1997,1997,1997,1998,1998,1998,1998,1998,1998,1998,1998,1998,1999,1999,1999,1999,1999,1999,1999,1999,1999,1999,2000,2000,2000,2000,2000,2000,2000,2000,2000,2000,2000,2000,2001,2001,2001,2001,2001,2001,2001,2001,2001,2001,2001,2002,2002,2002,2002,2002,2002,2002,2002,2002,2002,2003],"Y_PREVALENCE_1000PP":[0.19554,0.43267,0.20685,0.06627,0.16281,0.22344,0.1149,0.0754,0.17613,0.21197,0.06582,0.3603,0.16168,0.27923,0.13845,0.19736,0.05807,0.09628,0.06738,0.06498,0.14063,0.20834,0.07439,0.28881,0.0331,0.14213,0.05258,0.05487,0.13778,0.13863,0.07722,0.02581,0.0432,0.26429,0.0995,0.06702,0.0804,0.18454,0.13475,0.03222,0.0409,0.097,0.02659,0.24025,0.25188,0.02766,0.15509,0.10411,0.02488,0.06033,0.03043,0.0661,0.09169,0.03024,0.03502,0.18942,0.0216,0.11168,0.18282,0.09646,0.03085,0.05831,0.05755]},"PREVALENCE_BY_MONTH":{"X_CALENDAR_MONTH":[199602,199603,199604,199605,199606,199607,199608,199609,199610,199611,199612,199701,199702,199703,199704,199705,199706,199707,199708,199709,199710,199711,199712,199801,199802,199803,199804,199805,199806,199807,199808,199809,199810,199811,199812,199901,199902,199903,199904,199905,199906,199907,199908,199909,199910,199911,199912,200001,200002,200003,200004,200005,200006,200007,200008,200009,200010,200011,200012,200101,200102,200103,200104,200105,200106,200107,200108,200109,200110,200111,200112,200201,200202,200203,200204,200205,200206,200207,200208,200209,200210,200211,200212,200301,200302,200303,200304,200305,200306,200307,200308,200310,200401,200402],"Y_PREVALENCE_1000PP":[0.03326,0.02472,0.04484,0.02505,0.0325,0.0313,0.02081,0.024,0.0307,0.02203,0.03221,0.02826,0.0215,0.03745,0.02992,0.02932,0.02731,0.03274,0.02291,0.03062,0.02837,0.02552,0.03095,0.02527,0.03007,0.02563,0.02272,0.02109,0.0251,0.01668,0.02411,0.02285,0.02309,0.02207,0.02773,0.0193,0.02017,0.0239,0.02528,0.0236,0.02924,0.02425,0.02696,0.02099,0.02083,0.02559,0.02078,0.0243,0.02244,0.02071,0.02,0.02194,0.01942,0.02124,0.02388,0.01853,0.0212,0.01901,0.01836,0.01694,0.01521,0.01339,0.01531,0.0113,0.01611,0.01124,0.01228,0.01394,0.0149,0.01044,0.01033,0.01291,0.01134,0.00919,0.01144,0.01303,0.00938,0.01207,0.01175,0.00923,0.00834,0.00804,0.00778,0.00372,0.00396,0.00394,0.00341,0.00261,0.00234,0.00232,0.00231,0.00178,0.00148,0.00148]},"DRUG_FREQUENCY_DISTRIBUTION":{"Y_NUM_PERSONS":[0,0,0,0,0,0,0,0,0,0,0,0,0,0,0,0,0,0,0,0,0,0,0,0,0,0,0,0,0,0,0,0,0,0,0,0,0,0],"X_COUNT":[1,2,3,4,5,6,7,8,9,10,11,12,13,14,15,16,17,18,19,20,21,22,23,24,25,26,27,28,29,30,31,32,34,35,36,39,42,43]},"QUANTITY_DISTRIBUTION":{"CATEGORY":"Quantity","MIN_VALUE":0,"P10_VALUE":1,"P25_VALUE":6,"MEDIAN_VALUE":6,"P75_VALUE":12,"P90_VALUE":12,"MAX_VALUE":2000},"REFILLS_DISTRIBUTION":{"CATEGORY":"Refills","MIN_VALUE":0,"P10_VALUE":0,"P25_VALUE":3,"MEDIAN_VALUE":6,"P75_VALUE":10,"P90_VALUE":12,"MAX_VALUE":99}}
