{"AGE_AT_FIRST_EXPOSURE":{"CATEGORY":["MALE","FEMALE"],"MIN_VALUE":[11,11],"P10_VALUE":[15,37],"P25_VALUE":[56,55],"MEDIAN_VALUE":[72,72],"P75_VALUE":[80,83],"P90_VALUE":[85,89],"MAX_VALUE":[102,96]},"DAYS_SUPPLY_DISTRIBUTION":{"CATEGORY":[],"MIN_VALUE":[],"P10_VALUE":[],"P25_VALUE":[],"MEDIAN_VALUE":[],"P75_VALUE":[],"P90_VALUE":[],"MAX_VALUE":[]},"DRUGS_BY_TYPE":{"CONCEPT_NAME":"Prescription written","COUNT_VALUE":791},"PREVALENCE_BY_GENDER_AGE_YEAR":{"TRELLIS_NAME":["60-69","70-79","80-89","90-99","70-79","80-89","50-59","40-49","60-69","80-89","70-79","80-89","80-89"],"SERIES_NAME":["FEMALE","FEMALE","FEMALE","FEMALE","FEMALE","FEMALE","FEMALE","FEMALE","FEMALE","MALE","MALE","FEMALE","FEMALE"],"X_CALENDAR_YEAR":[2012,2012,2012,2013,2013,2013,2013,2013,2013,2013,2013,2017,2018],"Y_PREVALENCE_1000PP":[0.0183,0.04012,0.06206,0.21283,0.11365,0.11835,0.02896,0.01402,0.04554,0.0921,0.07439,0.07565,0.08525]},"PREVALENCE_BY_MONTH":{"X_CALENDAR_MONTH":[201209,201210,201211,201212,201301,201302,201303,201304,201305,201306,201307,201308,201309,201310,201311,201312,201509,201511,201602,201603,201604,201605,201608,201611,201701,201703,201705,201707,201708,201709,201710,201711,201712,201801,201803,201804,201805,201806,201807,201808,201810,201812,201902],"Y_PREVALENCE_1000PP":[0.00218,0.00254,0.00366,0.00442,0.00496,0.00645,0.0087,0.00925,0.00984,0.00613,0.00519,0.00278,0.00222,0.00206,0.00151,0.00134,0.00135,0.00142,0.00174,0.00174,0.00175,0.00177,0.00187,0.00192,0.00219,0.0017,0.00228,0.00263,0.00206,0.00325,0.00237,0.00271,0.00244,0.00247,0.00185,0.00216,0.00185,0.00217,0.00189,0.00191,0.00293,0.0023,0.00231]},"DRUG_FREQUENCY_DISTRIBUTION":{"Y_NUM_PERSONS":[0,0,0,0,0,0,0,0,0,0,0,0,0,0,0,0,0],"X_COUNT":[1,2,3,4,5,6,7,8,9,11,12,13,15,16,17,18,19]},"QUANTITY_DISTRIBUTION":{"CATEGORY":"Quantity","MIN_VALUE":16,"P10_VALUE":56,"P25_VALUE":100,"MEDIAN_VALUE":100,"P75_VALUE":200,"P90_VALUE":224,"MAX_VALUE":448},"REFILLS_DISTRIBUTION":{"CATEGORY":"Refills","MIN_VALUE":0,"P10_VALUE":0,"P25_VALUE":3,"MEDIAN_VALUE":6,"P75_VALUE":7,"P90_VALUE":12,"MAX_VALUE":999}}
