{"AGE_AT_FIRST_EXPOSURE":{"CATEGORY":"MALE","MIN_VALUE":13,"P10_VALUE":28,"P25_VALUE":36,"MEDIAN_VALUE":52,"P75_VALUE":62,"P90_VALUE":68,"MAX_VALUE":78},"DAYS_SUPPLY_DISTRIBUTION":{"CATEGORY":"Days supply","MIN_VALUE":28,"P10_VALUE":28,"P25_VALUE":120,"MEDIAN_VALUE":120,"P75_VALUE":120,"P90_VALUE":120,"MAX_VALUE":120},"DRUGS_BY_TYPE":{"CONCEPT_NAME":"Prescription written","COUNT_VALUE":524},"PREVALENCE_BY_GENDER_AGE_YEAR":{"TRELLIS_NAME":["50-59","30-39","50-59","60-69","40-49","60-69","50-59","30-39","50-59","50-59"],"SERIES_NAME":["MALE","MALE","MALE","MALE","MALE","MALE","MALE","MALE","MALE","MALE"],"X_CALENDAR_YEAR":[1996,1997,1997,1997,1997,1998,1998,1998,1999,2000],"Y_PREVALENCE_1000PP":[0.18503,0.0875,0.17235,0.23484,0.12567,0.11758,0.10698,0.05751,0.0722,0.05585]},"PREVALENCE_BY_MONTH":{"X_CALENDAR_MONTH":[199605,199607,199609,199610,199611,199612,199701,199702,199703,199704,199705,199706,199707,199708,199709,199710,199711,199712,199801,199802,199803,199804,199805,199806,199807,199808,199809,199810,199811,199812,199901,199902,199904,199905,199906,199907,199909,199911,199912,200001,200002,200003],"Y_PREVALENCE_1000PP":[0.0167,0.01252,0.01477,0.01806,0.01186,0.01865,0.01346,0.02023,0.01872,0.01915,0.01525,0.01639,0.01901,0.01458,0.02347,0.01419,0.01374,0.00967,0.01095,0.00752,0.00744,0.00568,0.00892,0.00729,0.00874,0.00544,0.00609,0.00968,0.00515,0.00657,0.00689,0.00538,0.00389,0.00383,0.00381,0.00373,0.0035,0.00427,0.00396,0.00315,0.00314,0.00308]},"DRUG_FREQUENCY_DISTRIBUTION":{"Y_NUM_PERSONS":[0,0,0,0,0,0,0,0,0,0,0,0,0,0,0,0],"X_COUNT":[1,2,3,4,5,6,7,8,9,10,11,12,13,14,15,19]},"QUANTITY_DISTRIBUTION":{"CATEGORY":"Quantity","MIN_VALUE":1,"P10_VALUE":1,"P25_VALUE":1,"MEDIAN_VALUE":1,"P75_VALUE":3,"P90_VALUE":6,"MAX_VALUE":30},"REFILLS_DISTRIBUTION":{"CATEGORY":"Refills","MIN_VALUE":0,"P10_VALUE":0,"P25_VALUE":0,"MEDIAN_VALUE":3,"P75_VALUE":6,"P90_VALUE":12,"MAX_VALUE":120}}
