{"AGE_AT_FIRST_EXPOSURE":{"CATEGORY":["FEMALE","MALE"],"MIN_VALUE":[17,42],"P10_VALUE":[34,53],"P25_VALUE":[55,60],"MEDIAN_VALUE":[59,68],"P75_VALUE":[71,79],"P90_VALUE":[79,87],"MAX_VALUE":[86,94]},"DAYS_SUPPLY_DISTRIBUTION":{"CATEGORY":[],"MIN_VALUE":[],"P10_VALUE":[],"P25_VALUE":[],"MEDIAN_VALUE":[],"P75_VALUE":[],"P90_VALUE":[],"MAX_VALUE":[]},"DRUGS_BY_TYPE":{"CONCEPT_NAME":"Prescription written","COUNT_VALUE":532},"PREVALENCE_BY_GENDER_AGE_YEAR":{"TRELLIS_NAME":[],"SERIES_NAME":[],"X_CALENDAR_YEAR":[],"Y_PREVALENCE_1000PP":[]},"PREVALENCE_BY_MONTH":{"X_CALENDAR_MONTH":[201304,201403,201404,201405,201406,201407,201409,201410,201411,201412,201501,201502,201503,201504,201505,201506,201507,201602,201606,201701,201703,201705,201712,201803,201804,201805,201807,201810,201811,201812,201901],"Y_PREVALENCE_1000PP":[0.0013,0.00153,0.00115,0.00134,0.00136,0.00118,0.00139,0.00162,0.00123,0.00145,0.00125,0.00146,0.00129,0.00173,0.00151,0.00158,0.00157,0.00149,0.00154,0.00246,0.0017,0.00171,0.00183,0.00216,0.00278,0.00278,0.00189,0.00195,0.0023,0.0023,0.00197]},"DRUG_FREQUENCY_DISTRIBUTION":{"Y_NUM_PERSONS":[0,0,0,0,0,0,0,0,0,0,0,0,0,0,0,0],"X_COUNT":[1,2,3,4,5,6,7,8,10,11,12,13,16,18,19,20]},"QUANTITY_DISTRIBUTION":{"CATEGORY":"Quantity","MIN_VALUE":0,"P10_VALUE":10,"P25_VALUE":20,"MEDIAN_VALUE":40,"P75_VALUE":60,"P90_VALUE":90,"MAX_VALUE":180},"REFILLS_DISTRIBUTION":{"CATEGORY":"Refills","MIN_VALUE":0,"P10_VALUE":0,"P25_VALUE":0,"MEDIAN_VALUE":4,"P75_VALUE":6,"P90_VALUE":14,"MAX_VALUE":99}}
