{"AGE_AT_FIRST_EXPOSURE":{"CATEGORY":["MALE","FEMALE"],"MIN_VALUE":[23,21],"P10_VALUE":[42,45],"P25_VALUE":[53,54],"MEDIAN_VALUE":[62,64],"P75_VALUE":[75,74],"P90_VALUE":[83,82],"MAX_VALUE":[91,97]},"DAYS_SUPPLY_DISTRIBUTION":{"CATEGORY":[],"MIN_VALUE":[],"P10_VALUE":[],"P25_VALUE":[],"MEDIAN_VALUE":[],"P75_VALUE":[],"P90_VALUE":[],"MAX_VALUE":[]},"DRUGS_BY_TYPE":{"CONCEPT_NAME":"Prescription written","COUNT_VALUE":1377},"PREVALENCE_BY_GENDER_AGE_YEAR":{"TRELLIS_NAME":["40-49","50-59","70-79","80-89","70-79","60-69","50-59","80-89","70-79","60-69","50-59","70-79","50-59","70-79","60-69","60-69","50-59","50-59","60-69","80-89","70-79","60-69","50-59","50-59","70-79","60-69","70-79","50-59","60-69","50-59","60-69","60-69","50-59","70-79","50-59","60-69","70-79","70-79"],"SERIES_NAME":["FEMALE","FEMALE","FEMALE","FEMALE","FEMALE","FEMALE","FEMALE","FEMALE","FEMALE","FEMALE","FEMALE","FEMALE","MALE","FEMALE","MALE","FEMALE","FEMALE","FEMALE","FEMALE","FEMALE","FEMALE","MALE","MALE","FEMALE","FEMALE","FEMALE","FEMALE","FEMALE","FEMALE","MALE","MALE","MALE","FEMALE","FEMALE","FEMALE","FEMALE","FEMALE","FEMALE"],"X_CALENDAR_YEAR":[2000,2000,2000,2001,2001,2001,2001,2002,2002,2002,2002,2003,2003,2004,2004,2004,2004,2005,2005,2005,2005,2005,2006,2006,2006,2006,2007,2007,2007,2007,2007,2008,2008,2008,2009,2009,2009,2010],"Y_PREVALENCE_1000PP":[0.03222,0.0402,0.09531,0.11017,0.04859,0.06062,0.02659,0.05787,0.04343,0.05301,0.03891,0.05354,0.02136,0.03296,0.03114,0.04381,0.04056,0.03879,0.05418,0.05666,0.0372,0.02537,0.02129,0.03444,0.05618,0.05804,0.04263,0.02367,0.04144,0.01727,0.02104,0.02676,0.01734,0.04141,0.02293,0.02905,0.03192,0.04083]},"PREVALENCE_BY_MONTH":{"X_CALENDAR_MONTH":[200002,200003,200004,200005,200011,200102,200104,200105,200109,200110,200111,200112,200201,200202,200203,200204,200205,200206,200207,200208,200209,200210,200211,200212,200301,200302,200303,200304,200305,200306,200307,200308,200309,200310,200311,200312,200401,200402,200403,200404,200405,200406,200407,200408,200409,200410,200411,200412,200501,200502,200503,200504,200505,200506,200507,200508,200509,200510,200511,200512,200601,200602,200603,200604,200605,200606,200607,200608,200609,200610,200611,200612,200701,200702,200703,200704,200705,200706,200707,200708,200709,200710,200711,200712,200801,200802,200803,200804,200806,200807,200808,200809,200810,200811,200812,200901,200902,200903,200904,200905,200906,200907,200908,200909,200910,200911,200912,201001,201002,201004,201006,201008,201010],"Y_PREVALENCE_1000PP":[0.00359,0.00441,0.00304,0.00258,0.00277,0.00362,0.00209,0.00205,0.00317,0.00279,0.00399,0.00395,0.00205,0.00262,0.00287,0.00335,0.00222,0.00221,0.00274,0.00273,0.00163,0.00242,0.00241,0.00268,0.00212,0.00185,0.0021,0.00262,0.00235,0.00208,0.00206,0.0018,0.0023,0.00178,0.00228,0.00252,0.00148,0.00173,0.00145,0.00214,0.00189,0.00211,0.0014,0.00349,0.0037,0.00322,0.00275,0.00298,0.00317,0.00271,0.00294,0.00316,0.00293,0.00314,0.00333,0.00355,0.00329,0.00329,0.00306,0.0035,0.00389,0.00369,0.00303,0.00366,0.00429,0.00278,0.00278,0.0017,0.00297,0.00253,0.00231,0.00126,0.00145,0.00124,0.00269,0.00227,0.00246,0.00264,0.00241,0.00261,0.00159,0.00157,0.00137,0.00137,0.00155,0.00175,0.00214,0.00291,0.00134,0.00153,0.0023,0.00133,0.00171,0.00152,0.0017,0.00151,0.00151,0.00151,0.00113,0.0017,0.00151,0.00188,0.00132,0.00207,0.00188,0.00245,0.00152,0.00208,0.0019,0.00152,0.00115,0.00134,0.00132]},"DRUG_FREQUENCY_DISTRIBUTION":{"Y_NUM_PERSONS":[0,0,0,0,0,0,0,0,0,0,0,0,0,0,0,0,0,0,0,0,0,0,0],"X_COUNT":[1,2,3,4,5,6,7,8,9,10,11,12,13,14,15,16,17,18,20,22,23,25,45]},"QUANTITY_DISTRIBUTION":{"CATEGORY":"Quantity","MIN_VALUE":1,"P10_VALUE":12,"P25_VALUE":12,"MEDIAN_VALUE":28,"P75_VALUE":36,"P90_VALUE":48,"MAX_VALUE":120},"REFILLS_DISTRIBUTION":{"CATEGORY":"Refills","MIN_VALUE":0,"P10_VALUE":0,"P25_VALUE":0,"MEDIAN_VALUE":4,"P75_VALUE":6,"P90_VALUE":12,"MAX_VALUE":999}}
