{"AGE_AT_FIRST_EXPOSURE":{"CATEGORY":["MALE","FEMALE"],"MIN_VALUE":[45,40],"P10_VALUE":[55,54],"P25_VALUE":[62,59],"MEDIAN_VALUE":[67,68],"P75_VALUE":[73,72],"P90_VALUE":[77,77],"MAX_VALUE":[85,92]},"DAYS_SUPPLY_DISTRIBUTION":{"CATEGORY":"Days supply","MIN_VALUE":28,"P10_VALUE":56,"P25_VALUE":60,"MEDIAN_VALUE":60,"P75_VALUE":60,"P90_VALUE":60,"MAX_VALUE":60},"DRUGS_BY_TYPE":{"CONCEPT_NAME":"Prescription written","COUNT_VALUE":5919},"PREVALENCE_BY_GENDER_AGE_YEAR":{"TRELLIS_NAME":["70-79","50-59","60-69","50-59","60-69","70-79","70-79","60-69","70-79","60-69","50-59","50-59","50-59","60-69","50-59","70-79","70-79","60-69","60-69","50-59","50-59","70-79","60-69","70-79","80-89","60-69","70-79","50-59","70-79","60-69","60-69","70-79","70-79","80-89","60-69","60-69","70-79","70-79","70-79","60-69","70-79","60-69","70-79","70-79","70-79"],"SERIES_NAME":["FEMALE","FEMALE","FEMALE","MALE","MALE","MALE","FEMALE","FEMALE","MALE","MALE","FEMALE","MALE","FEMALE","FEMALE","MALE","MALE","FEMALE","MALE","FEMALE","MALE","FEMALE","MALE","MALE","FEMALE","MALE","MALE","MALE","MALE","FEMALE","FEMALE","MALE","MALE","FEMALE","MALE","FEMALE","MALE","MALE","FEMALE","MALE","MALE","FEMALE","MALE","MALE","FEMALE","MALE"],"X_CALENDAR_YEAR":[2010,2010,2010,2010,2010,2010,2011,2011,2011,2011,2011,2011,2012,2012,2012,2012,2012,2012,2013,2013,2013,2013,2013,2013,2014,2014,2014,2014,2014,2014,2015,2015,2015,2015,2015,2016,2016,2016,2017,2017,2017,2018,2018,2018,2019],"Y_PREVALENCE_1000PP":[0.07712,0.01684,0.04086,0.01638,0.05451,0.07833,0.07152,0.04259,0.12286,0.05927,0.02709,0.02119,0.02953,0.04574,0.02366,0.12709,0.09362,0.08781,0.03643,0.02844,0.02633,0.12895,0.08442,0.07868,0.07401,0.06959,0.09647,0.02676,0.0718,0.03856,0.08297,0.09334,0.0781,0.07992,0.03493,0.04765,0.06981,0.06791,0.0619,0.05402,0.04916,0.03313,0.05315,0.04093,0.05601]},"PREVALENCE_BY_MONTH":{"X_CALENDAR_MONTH":[201001,201002,201003,201004,201005,201006,201007,201008,201009,201010,201011,201012,201101,201102,201103,201104,201105,201106,201107,201108,201109,201110,201111,201112,201201,201202,201203,201204,201205,201206,201207,201208,201209,201210,201211,201212,201301,201302,201303,201304,201305,201306,201307,201308,201309,201310,201311,201312,201401,201402,201403,201404,201405,201406,201407,201408,201409,201410,201411,201412,201501,201502,201503,201504,201505,201506,201507,201508,201509,201510,201511,201512,201601,201602,201603,201604,201605,201606,201607,201608,201609,201610,201611,201612,201701,201702,201703,201704,201705,201706,201707,201708,201709,201710,201711,201712,201801,201802,201803,201804,201805,201806,201807,201808,201809,201810,201811,201812,201901,201902,201903],"Y_PREVALENCE_1000PP":[0.00132,0.00266,0.00381,0.00476,0.00457,0.00611,0.00535,0.00782,0.00664,0.00773,0.00787,0.009,0.00841,0.00896,0.00946,0.00962,0.01106,0.01031,0.01174,0.00934,0.01147,0.01018,0.01058,0.01149,0.01092,0.01146,0.01199,0.01218,0.01202,0.01237,0.01184,0.01326,0.01305,0.01398,0.0139,0.01454,0.01413,0.01308,0.01296,0.01369,0.013,0.01226,0.01223,0.01151,0.01334,0.01216,0.01224,0.01133,0.01203,0.01126,0.01206,0.01111,0.01226,0.0124,0.01273,0.01145,0.01209,0.01112,0.01144,0.0112,0.01225,0.00898,0.01122,0.00908,0.00951,0.01036,0.00922,0.00899,0.00877,0.00977,0.00733,0.00762,0.00767,0.00771,0.00673,0.00825,0.00733,0.00746,0.00578,0.00721,0.00697,0.00706,0.0063,0.0063,0.00712,0.00532,0.0068,0.00627,0.00742,0.00583,0.00731,0.00647,0.0065,0.00563,0.00543,0.00548,0.00555,0.00556,0.00618,0.00463,0.00586,0.00527,0.00599,0.00477,0.00511,0.00488,0.00591,0.00526,0.00591,0.0033,0.00495]},"DRUG_FREQUENCY_DISTRIBUTION":{"Y_NUM_PERSONS":[0,0,0,0,0,0,0,0,0,0,0,0,0,0,0,0,0,0,0,0,0,0,0,0,0,0,0,0,0,0,0,0,0,0,0,0,0,0,0,0,0,0,0,0,0,0,0,0,0,0,0,0,0,0,0,0,0,0,0,0,0,0,0,0,0],"X_COUNT":[1,2,3,4,5,6,7,8,9,10,11,12,13,14,15,16,17,18,19,20,22,23,24,25,26,27,28,29,30,31,32,33,34,35,36,38,39,40,41,42,43,44,45,48,49,50,51,52,55,56,57,59,60,63,69,71,72,73,78,81,82,92,99,104,115]},"QUANTITY_DISTRIBUTION":{"CATEGORY":"Quantity","MIN_VALUE":0,"P10_VALUE":7,"P25_VALUE":28,"MEDIAN_VALUE":30,"P75_VALUE":30,"P90_VALUE":60,"MAX_VALUE":224},"REFILLS_DISTRIBUTION":{"CATEGORY":"Refills","MIN_VALUE":0,"P10_VALUE":3,"P25_VALUE":6,"MEDIAN_VALUE":6,"P75_VALUE":12,"P90_VALUE":14,"MAX_VALUE":99}}
