{"AGE_AT_FIRST_EXPOSURE":{"CATEGORY":["FEMALE","MALE"],"MIN_VALUE":[10,3],"P10_VALUE":[14,14],"P25_VALUE":[16,15],"MEDIAN_VALUE":[22,17],"P75_VALUE":[33,22],"P90_VALUE":[41,30],"MAX_VALUE":[80,65]},"DAYS_SUPPLY_DISTRIBUTION":{"CATEGORY":[],"MIN_VALUE":[],"P10_VALUE":[],"P25_VALUE":[],"MEDIAN_VALUE":[],"P75_VALUE":[],"P90_VALUE":[],"MAX_VALUE":[]},"DRUGS_BY_TYPE":{"CONCEPT_NAME":"Prescription written","COUNT_VALUE":1025},"PREVALENCE_BY_GENDER_AGE_YEAR":{"TRELLIS_NAME":["10-19","10-19","10-19","10-19","10-19","20-29","10-19","20-29","10-19","20-29","20-29","30-39","10-19","10-19","10-19","10-19","30-39","20-29","40-49","10-19","30-39","20-29","20-29","10-19","20-29","40-49","20-29","10-19","30-39","10-19","20-29","20-29","10-19","10-19","30-39"],"SERIES_NAME":["MALE","MALE","FEMALE","FEMALE","MALE","MALE","MALE","FEMALE","FEMALE","FEMALE","MALE","FEMALE","FEMALE","MALE","FEMALE","MALE","FEMALE","FEMALE","FEMALE","FEMALE","FEMALE","MALE","FEMALE","MALE","MALE","FEMALE","FEMALE","MALE","FEMALE","FEMALE","FEMALE","MALE","FEMALE","MALE","FEMALE"],"X_CALENDAR_YEAR":[2002,2003,2003,2004,2004,2004,2005,2005,2005,2006,2006,2006,2006,2006,2007,2007,2007,2007,2007,2008,2008,2008,2008,2008,2009,2009,2009,2009,2009,2009,2010,2010,2010,2010,2010],"Y_PREVALENCE_1000PP":[0.04524,0.05463,0.0432,0.04718,0.04907,0.02397,0.06492,0.03441,0.08974,0.05842,0.02124,0.01586,0.08112,0.08243,0.09306,0.06399,0.02785,0.05117,0.01711,0.11005,0.0302,0.02938,0.05155,0.10536,0.02107,0.01404,0.03557,0.10449,0.03028,0.08117,0.03295,0.02892,0.07718,0.0613,0.0226]},"PREVALENCE_BY_MONTH":{"X_CALENDAR_MONTH":[200208,200302,200305,200310,200312,200403,200405,200406,200407,200409,200412,200501,200504,200505,200506,200507,200508,200509,200510,200511,200512,200601,200603,200604,200605,200606,200607,200608,200609,200610,200611,200612,200701,200702,200703,200704,200705,200706,200707,200708,200709,200710,200711,200712,200801,200802,200803,200804,200805,200806,200807,200808,200809,200810,200811,200812,200901,200902,200903,200904,200905,200906,200907,200908,200909,200910,200911,200912,201001,201002,201003,201004,201005,201006,201007,201008,201009,201010,201011,201101],"Y_PREVALENCE_1000PP":[0.00191,0.00185,0.00235,0.00229,0.00177,0.00193,0.00166,0.00141,0.00233,0.00254,0.00138,0.00136,0.00203,0.00135,0.00224,0.00156,0.00133,0.00176,0.00197,0.00241,0.00219,0.0026,0.00303,0.00129,0.00301,0.00171,0.00192,0.00128,0.00255,0.0019,0.00231,0.0021,0.00229,0.00124,0.00311,0.00165,0.00246,0.00345,0.00201,0.00221,0.00179,0.00354,0.00215,0.00254,0.00484,0.00272,0.00233,0.00194,0.00232,0.00269,0.00134,0.00268,0.00437,0.00266,0.00303,0.00208,0.00339,0.00226,0.00188,0.00132,0.00377,0.00207,0.00244,0.00301,0.00263,0.00282,0.00208,0.00323,0.00208,0.0019,0.00228,0.00266,0.00114,0.00286,0.00191,0.00191,0.0019,0.00207,0.00187,0.00168]},"DRUG_FREQUENCY_DISTRIBUTION":{"Y_NUM_PERSONS":[0,0,0,0,0,0,0,0,0,0,0,0,0],"X_COUNT":[1,2,3,4,5,6,7,8,9,10,11,12,13]},"QUANTITY_DISTRIBUTION":{"CATEGORY":"Quantity","MIN_VALUE":2,"P10_VALUE":25,"P25_VALUE":25,"MEDIAN_VALUE":50,"P75_VALUE":50,"P90_VALUE":50,"MAX_VALUE":200},"REFILLS_DISTRIBUTION":{"CATEGORY":"Refills","MIN_VALUE":0,"P10_VALUE":0,"P25_VALUE":0,"MEDIAN_VALUE":0,"P75_VALUE":3,"P90_VALUE":6,"MAX_VALUE":999}}
