{"AGE_AT_FIRST_EXPOSURE":{"CATEGORY":["MALE","FEMALE"],"MIN_VALUE":[19,18],"P10_VALUE":[29,26],"P25_VALUE":[35,31],"MEDIAN_VALUE":[42,41],"P75_VALUE":[54,52],"P90_VALUE":[62,63],"MAX_VALUE":[85,87]},"DAYS_SUPPLY_DISTRIBUTION":{"CATEGORY":[],"MIN_VALUE":[],"P10_VALUE":[],"P25_VALUE":[],"MEDIAN_VALUE":[],"P75_VALUE":[],"P90_VALUE":[],"MAX_VALUE":[]},"DRUGS_BY_TYPE":{"CONCEPT_NAME":"Prescription written","COUNT_VALUE":282},"PREVALENCE_BY_GENDER_AGE_YEAR":{"TRELLIS_NAME":["50-59","20-29","30-39","40-49","30-39","30-39","30-39","30-39","50-59","20-29","40-49","40-49","30-39","30-39","40-49","30-39","40-49","20-29"],"SERIES_NAME":["FEMALE","FEMALE","FEMALE","FEMALE","FEMALE","MALE","MALE","FEMALE","FEMALE","FEMALE","FEMALE","MALE","FEMALE","MALE","FEMALE","MALE","FEMALE","FEMALE"],"X_CALENDAR_YEAR":[1998,1998,1998,1999,1999,1999,2000,2000,2000,2000,2000,2001,2001,2001,2001,2002,2002,2002],"Y_PREVALENCE_1000PP":[0.08776,0.06846,0.06637,0.04115,0.03367,0.0331,0.03012,0.05281,0.05168,0.0324,0.05906,0.02766,0.04502,0.02367,0.04146,0.02103,0.0324,0.02297]},"PREVALENCE_BY_MONTH":{"X_CALENDAR_MONTH":[199801,199802,199810,199902,199903,200001,200005,200006,200009,200012,200101,200107,200109,200111,200202,200206,200207,200211,200301],"Y_PREVALENCE_1000PP":[0.00505,0.00585,0.00521,0.00538,0.00531,0.00315,0.00387,0.00338,0.00363,0.00273,0.00258,0.00231,0.0019,0.00215,0.00174,0.00165,0.00192,0.00188,0.00186]},"DRUG_FREQUENCY_DISTRIBUTION":{"Y_NUM_PERSONS":[0,0,0],"X_COUNT":[1,2,3]},"QUANTITY_DISTRIBUTION":{"CATEGORY":"Quantity","MIN_VALUE":1,"P10_VALUE":1,"P25_VALUE":1,"MEDIAN_VALUE":1,"P75_VALUE":56,"P90_VALUE":56,"MAX_VALUE":56},"REFILLS_DISTRIBUTION":{"CATEGORY":"Refills","MIN_VALUE":0,"P10_VALUE":0,"P25_VALUE":0,"MEDIAN_VALUE":0,"P75_VALUE":0,"P90_VALUE":0,"MAX_VALUE":6}}
