{"AGE_AT_FIRST_EXPOSURE":{"CATEGORY":["FEMALE","MALE"],"MIN_VALUE":[0,0],"P10_VALUE":[0,0],"P25_VALUE":[1,1],"MEDIAN_VALUE":[3,3],"P75_VALUE":[5,5],"P90_VALUE":[7,6],"MAX_VALUE":[98,98]},"DAYS_SUPPLY_DISTRIBUTION":{"CATEGORY":"Days supply","MIN_VALUE":14,"P10_VALUE":28,"P25_VALUE":28,"MEDIAN_VALUE":28,"P75_VALUE":28,"P90_VALUE":28,"MAX_VALUE":200},"DRUGS_BY_TYPE":{"CONCEPT_NAME":"Prescription written","COUNT_VALUE":3396},"PREVALENCE_BY_GENDER_AGE_YEAR":{"TRELLIS_NAME":["0-9","0-9","0-9","0-9","0-9","0-9","0-9","0-9","0-9","0-9","0-9","0-9","0-9","0-9","0-9","0-9","0-9","0-9","0-9","0-9","0-9","0-9","0-9","0-9","0-9","0-9","0-9","0-9","0-9","0-9","0-9","0-9","0-9","0-9","0-9","0-9","0-9","0-9","0-9","0-9"],"SERIES_NAME":["FEMALE","FEMALE","MALE","FEMALE","MALE","FEMALE","MALE","FEMALE","MALE","FEMALE","MALE","FEMALE","MALE","MALE","FEMALE","FEMALE","MALE","FEMALE","MALE","FEMALE","MALE","MALE","FEMALE","MALE","FEMALE","MALE","MALE","FEMALE","MALE","FEMALE","FEMALE","MALE","MALE","FEMALE","MALE","FEMALE","MALE","FEMALE","MALE","FEMALE"],"X_CALENDAR_YEAR":[1996,1997,1997,1998,1998,1999,1999,2000,2000,2001,2001,2002,2002,2003,2003,2004,2004,2006,2006,2007,2007,2008,2008,2009,2011,2011,2012,2012,2013,2013,2014,2014,2015,2015,2016,2016,2017,2017,2018,2018],"Y_PREVALENCE_1000PP":[0.18212,0.47231,0.44703,0.56651,0.75024,0.83922,0.83748,0.34219,0.57232,0.46459,0.48967,0.28139,0.28137,0.17787,0.16911,0.11657,0.09023,0.09047,0.11657,0.07387,0.07031,0.04012,0.04538,0.02429,0.04195,0.04303,0.28003,0.29296,0.48877,0.44789,0.51416,0.45814,0.33879,0.30425,0.1937,0.21547,0.09946,0.09968,0.04471,0.08844]},"PREVALENCE_BY_MONTH":{"X_CALENDAR_MONTH":[199512,199702,199703,199704,199706,199707,199709,199710,199802,199803,199804,199805,199806,199807,199808,199809,199810,199811,199812,199901,199902,199903,199904,199905,199906,199907,199908,199909,199910,199911,199912,200001,200002,200003,200004,200009,200010,200011,200012,200101,200102,200103,200104,200105,200106,200107,200108,200109,200110,200111,200112,200201,200202,200203,200204,200205,200206,200207,200208,200209,200210,200211,200212,200301,200302,200303,200304,200305,200306,200307,200308,200309,200310,200311,200312,200401,200402,200403,200404,200405,200406,200407,200409,200601,200602,200603,200604,200605,200610,200611,200612,200701,200702,200703,200707,200708,200710,200801,200811,200812,201111,201112,201201,201202,201204,201206,201207,201208,201209,201210,201211,201212,201301,201302,201303,201304,201305,201306,201307,201308,201309,201310,201311,201312,201401,201402,201403,201404,201405,201406,201407,201408,201409,201410,201411,201412,201501,201502,201503,201504,201505,201506,201507,201508,201509,201510,201511,201512,201601,201602,201603,201604,201605,201606,201607,201608,201609,201610,201611,201612,201705,201706,201707,201710,201711,201712,201801,201803,201805],"Y_PREVALENCE_1000PP":[0.04029,0.00885,0.00749,0.00958,0.00983,0.00634,0.01225,0.00811,0.01587,0.00992,0.01136,0.0073,0.00971,0.00953,0.00467,0.00609,0.00447,0.0103,0.01824,0.01103,0.01345,0.01394,0.01167,0.01786,0.01271,0.00995,0.00613,0.01982,0.01745,0.02612,0.02227,0.01485,0.01257,0.01057,0.00522,0.00282,0.0052,0.00792,0.01016,0.01068,0.0076,0.00986,0.00939,0.00719,0.0047,0.00628,0.00485,0.00824,0.00776,0.01259,0.00821,0.00909,0.00552,0.00661,0.00475,0.00499,0.00359,0.00247,0.00273,0.00434,0.00403,0.00402,0.00429,0.00319,0.0029,0.00342,0.00288,0.00235,0.00182,0.00206,0.0018,0.00153,0.00382,0.00431,0.00227,0.00296,0.00173,0.00169,0.00286,0.00331,0.00141,0.00163,0.00162,0.00389,0.00347,0.00303,0.00302,0.00301,0.00148,0.00357,0.0021,0.00332,0.00207,0.00145,0.00121,0.00121,0.00157,0.00116,0.00133,0.00132,0.00128,0.00182,0.00146,0.00127,0.00145,0.00218,0.00674,0.00236,0.00308,0.00508,0.01042,0.00552,0.00459,0.00424,0.00518,0.00426,0.00668,0.00669,0.00519,0.00445,0.00593,0.00673,0.01017,0.01171,0.0084,0.00878,0.00842,0.00613,0.00632,0.00736,0.00588,0.00138,0.00416,0.0087,0.00511,0.00871,0.00685,0.00627,0.00669,0.00324,0.00389,0.0027,0.00157,0.00202,0.00495,0.00326,0.00662,0.00443,0.00297,0.00473,0.00473,0.002,0.00202,0.00437,0.00158,0.00187,0.00375,0.00272,0.00329,0.00192,0.00257,0.00204,0.00205,0.00207,0.00181,0.00274,0.00185,0.00185,0.00185]},"DRUG_FREQUENCY_DISTRIBUTION":{"Y_NUM_PERSONS":[0,0,0,0,0,0,0,0,0,0,0,0,0,0,0,0],"X_COUNT":[1,2,3,4,5,6,7,8,9,10,11,12,13,14,15,17]},"QUANTITY_DISTRIBUTION":{"CATEGORY":"Quantity","MIN_VALUE":1,"P10_VALUE":100,"P25_VALUE":100,"MEDIAN_VALUE":140,"P75_VALUE":200,"P90_VALUE":200,"MAX_VALUE":2000},"REFILLS_DISTRIBUTION":{"CATEGORY":"Refills","MIN_VALUE":0,"P10_VALUE":0,"P25_VALUE":0,"MEDIAN_VALUE":0,"P75_VALUE":0,"P90_VALUE":6,"MAX_VALUE":12}}
