{"AGE_AT_FIRST_EXPOSURE":{"CATEGORY":["FEMALE","MALE"],"MIN_VALUE":[9,7],"P10_VALUE":[26,30],"P25_VALUE":[33,35],"MEDIAN_VALUE":[44,47],"P75_VALUE":[57,58],"P90_VALUE":[71,68],"MAX_VALUE":[86,81]},"DAYS_SUPPLY_DISTRIBUTION":{"CATEGORY":[],"MIN_VALUE":[],"P10_VALUE":[],"P25_VALUE":[],"MEDIAN_VALUE":[],"P75_VALUE":[],"P90_VALUE":[],"MAX_VALUE":[]},"DRUGS_BY_TYPE":{"CONCEPT_NAME":"Prescription written","COUNT_VALUE":695},"PREVALENCE_BY_GENDER_AGE_YEAR":{"TRELLIS_NAME":["30-39","50-59","40-49","40-49","30-39","50-59","50-59"],"SERIES_NAME":["MALE","MALE","FEMALE","MALE","MALE","MALE","FEMALE"],"X_CALENDAR_YEAR":[1998,2000,2001,2001,2001,2010,2013],"Y_PREVALENCE_1000PP":[0.04929,0.05027,0.02902,0.03556,0.02029,0.01638,0.02106]},"PREVALENCE_BY_MONTH":{"X_CALENDAR_MONTH":[199810,199811,199908,200004,200009,200101,200102,200106,200107,200110,200111,201211,201212,201303,201306,201307,201310,201312,201406,201506],"Y_PREVALENCE_1000PP":[0.00447,0.00441,0.0049,0.00261,0.00242,0.00368,0.00253,0.00336,0.00198,0.00341,0.00184,0.0011,0.00166,0.0013,0.00241,0.0013,0.0015,0.00134,0.00116,0.00158]},"DRUG_FREQUENCY_DISTRIBUTION":{"Y_NUM_PERSONS":[0,0,0,0,0,0,0,0,0,0],"X_COUNT":[1,2,3,4,5,6,7,8,9,15]},"QUANTITY_DISTRIBUTION":{"CATEGORY":"Quantity","MIN_VALUE":1,"P10_VALUE":30,"P25_VALUE":30,"MEDIAN_VALUE":30,"P75_VALUE":60,"P90_VALUE":60,"MAX_VALUE":500},"REFILLS_DISTRIBUTION":{"CATEGORY":"Refills","MIN_VALUE":0,"P10_VALUE":0,"P25_VALUE":0,"MEDIAN_VALUE":0,"P75_VALUE":6,"P90_VALUE":12,"MAX_VALUE":99}}
