{"AGE_AT_FIRST_EXPOSURE":{"CATEGORY":["FEMALE","MALE"],"MIN_VALUE":[9,8],"P10_VALUE":[18,17],"P25_VALUE":[27,25],"MEDIAN_VALUE":[38,36],"P75_VALUE":[51,53],"P90_VALUE":[66,67],"MAX_VALUE":[96,89]},"DAYS_SUPPLY_DISTRIBUTION":{"CATEGORY":"Days supply","MIN_VALUE":14,"P10_VALUE":28,"P25_VALUE":28,"MEDIAN_VALUE":28,"P75_VALUE":30,"P90_VALUE":56,"MAX_VALUE":84},"DRUGS_BY_TYPE":{"CONCEPT_NAME":"Prescription written","COUNT_VALUE":3484},"PREVALENCE_BY_GENDER_AGE_YEAR":{"TRELLIS_NAME":["40-49","40-49","20-29","70-79","30-39","50-59","20-29","60-69","10-19","80-89","60-69","70-79","10-19","50-59","40-49","30-39","60-69","50-59","20-29","10-19","10-19","20-29","50-59","30-39","70-79","60-69","40-49","40-49","30-39","70-79","60-69","50-59","20-29","40-49","10-19","70-79","20-29","60-69","50-59","30-39","10-19","70-79","40-49","30-39","40-49","30-39","60-69","20-29","50-59","70-79","70-79","10-19","10-19","60-69","30-39","20-29","40-49","50-59"],"SERIES_NAME":["FEMALE","FEMALE","MALE","MALE","FEMALE","FEMALE","FEMALE","MALE","MALE","FEMALE","FEMALE","FEMALE","FEMALE","MALE","MALE","MALE","MALE","MALE","MALE","MALE","FEMALE","FEMALE","FEMALE","MALE","FEMALE","FEMALE","FEMALE","MALE","FEMALE","MALE","MALE","FEMALE","FEMALE","FEMALE","FEMALE","FEMALE","MALE","FEMALE","MALE","MALE","MALE","MALE","MALE","FEMALE","FEMALE","MALE","MALE","FEMALE","FEMALE","FEMALE","MALE","FEMALE","MALE","FEMALE","FEMALE","MALE","MALE","MALE"],"X_CALENDAR_YEAR":[1995,1996,1996,1996,1996,1996,1996,1996,1996,1996,1996,1996,1996,1996,1996,1996,1997,1997,1997,1997,1997,1997,1997,1997,1997,1997,1997,1997,1997,1997,1998,1998,1998,1998,1998,1998,1998,1998,1998,1998,1998,1998,1998,1998,1999,1999,1999,1999,1999,1999,1999,1999,1999,1999,1999,1999,1999,1999],"Y_PREVALENCE_1000PP":[0.53182,0.91988,0.83475,0.62497,0.69785,0.72814,0.71301,0.37922,1.08623,0.3643,0.45625,0.40087,0.86479,0.31719,0.5192,0.83351,0.43055,0.41651,0.65604,0.55882,0.64257,0.7102,0.67967,0.48123,0.46807,0.42826,0.80952,0.46498,0.67373,0.42394,0.36745,0.50461,0.59654,0.58063,0.69368,0.30766,0.41674,0.5075,0.29955,0.4272,0.42167,0.27923,0.48129,0.57241,0.30862,0.15997,0.14213,0.19777,0.26779,0.16227,0.18056,0.25528,0.18589,0.22636,0.19643,0.11592,0.22346,0.18772]},"PREVALENCE_BY_MONTH":{"X_CALENDAR_MONTH":[199506,199509,199510,199512,199601,199602,199603,199604,199605,199606,199607,199608,199609,199610,199611,199612,199701,199702,199703,199704,199705,199706,199707,199708,199709,199710,199711,199712,199801,199802,199803,199804,199805,199806,199807,199808,199809,199810,199811,199812,199901,199902,199903,199904,199905,199906,199907,199908],"Y_PREVALENCE_1000PP":[0.33374,0.05778,0.04776,0.04701,0.06098,0.0582,0.09182,0.12171,0.23098,0.38769,0.2775,0.08512,0.06093,0.04154,0.03558,0.03052,0.03633,0.04173,0.06366,0.18312,0.17475,0.19992,0.15629,0.0906,0.05205,0.04662,0.03043,0.03385,0.04128,0.02924,0.0554,0.0706,0.16546,0.18054,0.13184,0.07854,0.0495,0.02384,0.02942,0.02408,0.02275,0.02959,0.03983,0.07323,0.08739,0.075,0.02549,0.00919]},"DRUG_FREQUENCY_DISTRIBUTION":{"Y_NUM_PERSONS":[0,0,0,0,0,0,0,0,0,0,0,0,0,0,0,0,0,0,0,0,0,0,0],"X_COUNT":[1,2,3,4,5,6,7,8,9,10,11,12,13,14,15,16,17,18,20,21,22,25,29]},"QUANTITY_DISTRIBUTION":{"CATEGORY":"Quantity","MIN_VALUE":0,"P10_VALUE":1,"P25_VALUE":28,"MEDIAN_VALUE":30,"P75_VALUE":50,"P90_VALUE":60,"MAX_VALUE":120},"REFILLS_DISTRIBUTION":{"CATEGORY":"Refills","MIN_VALUE":0,"P10_VALUE":0,"P25_VALUE":0,"MEDIAN_VALUE":5,"P75_VALUE":6,"P90_VALUE":12,"MAX_VALUE":99}}
