{"AGE_AT_FIRST_EXPOSURE":{"CATEGORY":["FEMALE","MALE"],"MIN_VALUE":[8,3],"P10_VALUE":[23,24],"P25_VALUE":[31,33],"MEDIAN_VALUE":[41,46],"P75_VALUE":[56,62],"P90_VALUE":[71,70],"MAX_VALUE":[95,86]},"DAYS_SUPPLY_DISTRIBUTION":{"CATEGORY":[],"MIN_VALUE":[],"P10_VALUE":[],"P25_VALUE":[],"MEDIAN_VALUE":[],"P75_VALUE":[],"P90_VALUE":[],"MAX_VALUE":[]},"DRUGS_BY_TYPE":{"CONCEPT_NAME":"Prescription written","COUNT_VALUE":2500},"PREVALENCE_BY_GENDER_AGE_YEAR":{"TRELLIS_NAME":["40-49","20-29","60-69","30-39","50-59","30-39","40-49","20-29","30-39","40-49","30-39","60-69","20-29","40-49","50-59","40-49","30-39","50-59","20-29","40-49","50-59","60-69","30-39","30-39","70-79","50-59","20-29","40-49","50-59","30-39","30-39","60-69","70-79","40-49","50-59","20-29","30-39","30-39","60-69","40-49","20-29","50-59","60-69","50-59","30-39","30-39","20-29","20-29","60-69","50-59","40-49","40-49","30-39","30-39","70-79","50-59","40-49","60-69","20-29","50-59","30-39","30-39","20-29","60-69","60-69","20-29","40-49"],"SERIES_NAME":["FEMALE","FEMALE","MALE","FEMALE","MALE","MALE","FEMALE","FEMALE","FEMALE","MALE","FEMALE","MALE","FEMALE","MALE","FEMALE","FEMALE","MALE","MALE","FEMALE","FEMALE","FEMALE","MALE","FEMALE","MALE","MALE","MALE","MALE","FEMALE","MALE","FEMALE","MALE","MALE","FEMALE","MALE","FEMALE","FEMALE","MALE","FEMALE","FEMALE","MALE","FEMALE","FEMALE","MALE","FEMALE","MALE","FEMALE","MALE","FEMALE","MALE","MALE","FEMALE","MALE","FEMALE","MALE","FEMALE","FEMALE","MALE","MALE","FEMALE","FEMALE","MALE","FEMALE","FEMALE","MALE","FEMALE","MALE","MALE"],"X_CALENDAR_YEAR":[2009,2010,2010,2010,2011,2011,2011,2011,2011,2011,2012,2012,2012,2012,2012,2012,2012,2012,2013,2013,2013,2013,2013,2013,2013,2013,2013,2014,2014,2014,2014,2014,2014,2014,2014,2014,2015,2015,2015,2015,2015,2015,2015,2016,2016,2016,2016,2016,2016,2016,2016,2016,2017,2017,2017,2017,2017,2017,2017,2018,2018,2018,2018,2018,2018,2018,2018],"Y_PREVALENCE_1000PP":[0.01404,0.01521,0.02245,0.01757,0.01854,0.01461,0.01819,0.0173,0.02479,0.01312,0.01742,0.01882,0.01724,0.01337,0.01611,0.02766,0.01723,0.02103,0.0148,0.02103,0.01843,0.01876,0.03222,0.02222,0.04464,0.02327,0.01805,0.02526,0.03211,0.0289,0.02892,0.04308,0.04487,0.01713,0.04076,0.01573,0.02592,0.03741,0.02096,0.03302,0.02031,0.03507,0.03247,0.02396,0.02708,0.03374,0.02183,0.02087,0.04765,0.02023,0.02413,0.05006,0.04041,0.02215,0.04301,0.02644,0.04157,0.0442,0.02335,0.02971,0.03284,0.0246,0.0264,0.03865,0.03252,0.0277,0.04298]},"PREVALENCE_BY_MONTH":{"X_CALENDAR_MONTH":[200205,200701,200702,200703,200704,200705,200707,200709,200711,200802,200804,200805,200807,200811,200901,200905,200906,200907,200908,200909,200910,200912,201001,201002,201003,201004,201005,201006,201007,201008,201009,201010,201011,201012,201101,201102,201103,201104,201105,201106,201107,201108,201109,201110,201111,201112,201201,201202,201203,201204,201205,201206,201207,201208,201209,201210,201211,201212,201301,201302,201303,201304,201305,201306,201307,201308,201309,201310,201311,201312,201401,201402,201403,201404,201405,201406,201407,201408,201409,201410,201411,201412,201501,201502,201503,201504,201505,201506,201507,201508,201509,201510,201511,201512,201601,201602,201603,201604,201605,201606,201607,201608,201609,201610,201611,201612,201701,201702,201703,201704,201705,201706,201707,201708,201709,201710,201711,201712,201801,201802,201803,201804,201805,201806,201807,201808,201809,201810,201811,201812,201901,201902,201903],"Y_PREVALENCE_1000PP":[0.00194,0.00166,0.00124,0.00124,0.00144,0.00164,0.00121,0.0012,0.00156,0.00136,0.00116,0.00136,0.00115,0.00171,0.00151,0.00113,0.00132,0.00226,0.0017,0.00188,0.00151,0.00133,0.00132,0.00209,0.00171,0.00228,0.0021,0.0021,0.0021,0.0021,0.00285,0.00226,0.00206,0.00169,0.0028,0.00168,0.0013,0.00185,0.00203,0.00221,0.00184,0.00238,0.00419,0.002,0.00219,0.00219,0.002,0.00309,0.00254,0.00254,0.00255,0.00436,0.00255,0.00218,0.00308,0.00327,0.00274,0.00294,0.0044,0.00332,0.00352,0.00204,0.00408,0.00297,0.00352,0.00278,0.00204,0.00243,0.00395,0.00288,0.00306,0.00363,0.00306,0.0046,0.00326,0.00291,0.0047,0.00355,0.00476,0.00566,0.00429,0.00373,0.00332,0.00418,0.00496,0.00454,0.00346,0.00428,0.00517,0.00472,0.00517,0.00396,0.00473,0.00492,0.0047,0.00522,0.00523,0.00425,0.0043,0.00386,0.0063,0.00481,0.00322,0.00516,0.00411,0.00411,0.00356,0.0042,0.0051,0.00399,0.00513,0.00641,0.00497,0.00618,0.00472,0.00414,0.00543,0.00487,0.00463,0.00587,0.00525,0.00463,0.00524,0.00341,0.00441,0.0035,0.00351,0.00488,0.00526,0.00362,0.00394,0.00595,0.00462]},"DRUG_FREQUENCY_DISTRIBUTION":{"Y_NUM_PERSONS":[0,0,0,0,0,0,0,0,0,0,0,0,0,0,0,0,0,0,0,0,0,0,0,0,0,0,0,0,0,0],"X_COUNT":[1,2,3,4,5,6,7,8,9,10,11,12,13,14,15,16,17,18,19,21,22,29,31,34,35,36,38,39,43,49]},"QUANTITY_DISTRIBUTION":{"CATEGORY":"Quantity","MIN_VALUE":1,"P10_VALUE":7,"P25_VALUE":14,"MEDIAN_VALUE":28,"P75_VALUE":28,"P90_VALUE":30,"MAX_VALUE":112},"REFILLS_DISTRIBUTION":{"CATEGORY":"Refills","MIN_VALUE":0,"P10_VALUE":0,"P25_VALUE":0,"MEDIAN_VALUE":3,"P75_VALUE":6,"P90_VALUE":12,"MAX_VALUE":99}}
