{"PREVALENCE_BY_GENDER_AGE_YEAR":{"TRELLIS_NAME":["90-99","90-99","70-79","80-89","80-89","70-79","90-99","90-99","70-79","80-89","80-89","70-79","70-79","80-89","80-89","90-99","90-99","70-79","90-99","70-79","80-89","60-69","90-99","80-89","70-79","80-89","70-79","80-89","90-99","70-79"],"SERIES_NAME":["MALE","FEMALE","MALE","FEMALE","MALE","FEMALE","MALE","FEMALE","FEMALE","FEMALE","MALE","MALE","MALE","FEMALE","MALE","FEMALE","MALE","FEMALE","MALE","MALE","FEMALE","MALE","FEMALE","MALE","FEMALE","FEMALE","FEMALE","MALE","FEMALE","MALE"],"X_CALENDAR_YEAR":[2015,2015,2015,2015,2015,2015,2016,2016,2016,2016,2016,2016,2017,2017,2017,2017,2017,2017,2018,2018,2018,2018,2018,2018,2018,2019,2019,2019,2019,2019],"Y_PREVALENCE_1000PP":[0.50157,0.59338,0.21413,0.71173,0.74209,0.26358,0.90023,1.45267,0.31127,1.22148,1.14328,0.33002,0.46082,1.54539,1.73803,1.96256,1.95329,0.52228,0.75514,0.12149,0.76725,0.04418,1.41086,0.60511,0.17056,0.14627,0.06499,0.14486,0.28854,0.08802]},"PREVALENCE_BY_MONTH":{"X_CALENDAR_MONTH":[201509,201510,201511,201512,201601,201602,201603,201604,201605,201606,201609,201610,201611,201612,201701,201702,201703,201704,201705,201706,201707,201708,201709,201710,201711,201712,201801,201802,201803,201804,201805,201806,201809,201901,201902,201903],"Y_PREVALENCE_1000PP":[0.02586,0.01094,0.01987,0.00812,0.00742,0.00398,0.00573,0.00325,0.00253,0.00232,0.0378,0.03149,0.00192,0.00274,0.00767,0.00812,0.00312,0.01112,0.00628,0.00408,0.00351,0.01089,0.06437,0.01036,0.01085,0.0067,0.01728,0.00494,0.02039,0.0071,0.00555,0.00279,0.00192,0.00295,0.00793,0.01123]},"FREQUENCY_DISTRIBUTION":{"Y_NUM_PERSONS":[0,0,0,0],"X_COUNT":[1,2,3,4]},"MEASUREMENTS_BY_TYPE":{"CONCEPT_NAME":"From physical examination","COUNT_VALUE":1436},"AGE_AT_FIRST_OCCURRENCE":{"CATEGORY":["MALE","FEMALE"],"MIN_VALUE":[27,52],"P10_VALUE":[75,75],"P25_VALUE":[77,78],"MEDIAN_VALUE":[81,82],"P75_VALUE":[85,88],"P90_VALUE":[89,91],"MAX_VALUE":[103,103]},"RECORDS_BY_UNIT":{"CONCEPT_NAME":"No matching concept","COUNT_VALUE":1436},"MEASUREMENT_VALUE_DISTRIBUTION":{"CATEGORY":[],"MIN_VALUE":[],"P10_VALUE":[],"P25_VALUE":[],"MEDIAN_VALUE":[],"P75_VALUE":[],"P90_VALUE":[],"MAX_VALUE":[]},"LOWER_LIMIT_DISTRIBUTION":{"CATEGORY":[],"MIN_VALUE":[],"P10_VALUE":[],"P25_VALUE":[],"MEDIAN_VALUE":[],"P75_VALUE":[],"P90_VALUE":[],"MAX_VALUE":[]},"UPPER_LIMIT_DISTRIBUTION":{"CATEGORY":[],"MIN_VALUE":[],"P10_VALUE":[],"P25_VALUE":[],"MEDIAN_VALUE":[],"P75_VALUE":[],"P90_VALUE":[],"MAX_VALUE":[]},"VALUES_RELATIVE_TO_NORM":{"CONCEPT_NAME":[],"COUNT_VALUE":[]}}
