{"PREVALENCE_BY_GENDER_AGE_YEAR":{"TRELLIS_NAME":["0-9","0-9","0-9","0-9","0-9","0-9","0-9","0-9","0-9","0-9","0-9","0-9","0-9","0-9","0-9","0-9","0-9","0-9","0-9","0-9","0-9","0-9","0-9","0-9","0-9","0-9","0-9","0-9","20-29","0-9","0-9","0-9","0-9","0-9","0-9","0-9","0-9","0-9","0-9","0-9","0-9","0-9","0-9","0-9","0-9","0-9","0-9","0-9","0-9","0-9","0-9"],"SERIES_NAME":["MALE","FEMALE","MALE","FEMALE","FEMALE","MALE","FEMALE","MALE","FEMALE","MALE","MALE","FEMALE","MALE","FEMALE","MALE","FEMALE","FEMALE","MALE","MALE","FEMALE","FEMALE","MALE","MALE","FEMALE","MALE","FEMALE","MALE","FEMALE","FEMALE","MALE","FEMALE","MALE","FEMALE","FEMALE","MALE","MALE","FEMALE","MALE","FEMALE","MALE","FEMALE","FEMALE","MALE","FEMALE","MALE","FEMALE","MALE","FEMALE","MALE","FEMALE","MALE"],"X_CALENDAR_YEAR":[1995,1995,1996,1996,1997,1997,1998,1998,1999,1999,2000,2000,2001,2001,2002,2002,2003,2003,2004,2004,2005,2005,2006,2006,2007,2007,2008,2008,2008,2009,2009,2010,2010,2011,2011,2012,2012,2013,2013,2014,2014,2015,2015,2016,2016,2017,2017,2018,2018,2019,2019],"Y_PREVALENCE_1000PP":[1.47804,0.84429,3.6755,3.49067,4.04086,4.20829,4.04464,3.86843,3.08904,3.03088,2.8742,2.76542,1.9389,2.15006,1.78494,1.61682,1.5487,1.48912,1.61664,1.58379,1.38217,1.5317,1.24113,1.20512,1.2016,1.09465,1.2066,1.13769,0.01546,1.15661,1.28844,1.06068,1.09507,0.99783,0.99541,0.9193,0.92919,0.76687,0.76613,0.71101,0.71671,0.58798,0.65804,0.48786,0.48426,0.34889,0.49297,0.3902,0.36266,0.14613,0.07279]},"PREVALENCE_BY_MONTH":{"X_CALENDAR_MONTH":[199512,199601,199602,199603,199604,199605,199606,199607,199608,199609,199610,199611,199612,199701,199702,199703,199704,199705,199706,199707,199708,199709,199710,199711,199712,199801,199802,199803,199804,199805,199806,199807,199808,199809,199810,199811,199812,199901,199902,199903,199904,199905,199906,199907,199908,199909,199910,199911,199912,200001,200002,200003,200004,200005,200006,200007,200008,200009,200010,200011,200012,200101,200102,200103,200104,200105,200106,200107,200108,200109,200110,200111,200112,200201,200202,200203,200204,200205,200206,200207,200208,200209,200210,200211,200212,200301,200302,200303,200304,200305,200306,200307,200308,200309,200310,200311,200312,200401,200402,200403,200404,200405,200406,200407,200408,200409,200410,200411,200412,200501,200502,200503,200504,200505,200506,200507,200508,200509,200510,200511,200512,200601,200602,200603,200604,200605,200606,200607,200608,200609,200610,200611,200612,200701,200702,200703,200704,200705,200706,200707,200708,200709,200710,200711,200712,200801,200802,200803,200804,200805,200806,200807,200808,200809,200810,200811,200812,200901,200902,200903,200904,200905,200906,200907,200908,200909,200910,200911,200912,201001,201002,201003,201004,201005,201006,201007,201008,201009,201010,201011,201012,201101,201102,201103,201104,201105,201106,201107,201108,201109,201110,201111,201112,201201,201202,201203,201204,201205,201206,201207,201208,201209,201210,201211,201212,201301,201302,201303,201304,201305,201306,201307,201308,201309,201310,201311,201312,201401,201402,201403,201404,201405,201406,201407,201408,201409,201410,201411,201412,201501,201502,201503,201504,201505,201506,201507,201508,201509,201510,201511,201512,201601,201602,201603,201604,201605,201606,201607,201608,201609,201610,201611,201612,201701,201702,201703,201704,201705,201706,201707,201708,201709,201710,201711,201712,201801,201802,201803,201804,201805,201806,201807,201808,201809,201810,201811,201812,201901,201902,201903],"Y_PREVALENCE_1000PP":[0.04701,0.04222,0.04157,0.07063,0.02562,0.05844,0.03018,0.04799,0.02648,0.07201,0.07404,0.06269,0.07968,0.0767,0.04426,0.05367,0.05865,0.0516,0.04042,0.03168,0.02291,0.05307,0.05979,0.04614,0.07157,0.04717,0.0518,0.05374,0.05518,0.04299,0.05505,0.04845,0.02722,0.03732,0.04097,0.04119,0.05619,0.04068,0.04775,0.04182,0.02852,0.04657,0.04513,0.03482,0.0337,0.03207,0.04223,0.04105,0.04552,0.03015,0.04174,0.0423,0.03305,0.02753,0.03208,0.02415,0.02429,0.03182,0.0416,0.04198,0.03243,0.03939,0.03223,0.03417,0.02574,0.01951,0.01913,0.01223,0.01357,0.02155,0.02235,0.02763,0.02735,0.0264,0.01889,0.02355,0.01787,0.01718,0.01214,0.01344,0.0112,0.02008,0.02474,0.02252,0.02442,0.02256,0.01901,0.01735,0.01546,0.0141,0.01325,0.01544,0.00949,0.01584,0.02088,0.01698,0.0212,0.02372,0.01997,0.02029,0.01689,0.01443,0.01667,0.01539,0.00744,0.01619,0.01796,0.01903,0.01949,0.01517,0.02035,0.01944,0.01557,0.01554,0.01098,0.01156,0.01331,0.01515,0.01668,0.01729,0.02035,0.01709,0.01562,0.01213,0.01034,0.01288,0.01324,0.00577,0.01172,0.01486,0.0152,0.01532,0.01721,0.01579,0.01306,0.01657,0.01423,0.01044,0.00974,0.01025,0.00884,0.01136,0.01378,0.01386,0.01405,0.01259,0.013,0.01343,0.01473,0.01297,0.01152,0.01339,0.00784,0.01331,0.01271,0.01876,0.014,0.01603,0.01603,0.0143,0.01418,0.01112,0.00998,0.00902,0.00867,0.01709,0.01431,0.01397,0.01579,0.01287,0.01291,0.0156,0.01388,0.00896,0.00783,0.00554,0.00954,0.01367,0.01225,0.01349,0.01669,0.01402,0.01531,0.01372,0.01092,0.00977,0.00976,0.00642,0.00641,0.01075,0.00927,0.01313,0.01386,0.01073,0.012,0.01072,0.00945,0.01238,0.00709,0.00784,0.00581,0.01233,0.01471,0.00988,0.01251,0.00826,0.00903,0.01,0.01018,0.01021,0.00743,0.00741,0.00594,0.00815,0.0086,0.0096,0.01075,0.00688,0.01069,0.00842,0.0067,0.00881,0.00717,0.00666,0.00651,0.00753,0.00849,0.01042,0.00954,0.00726,0.01003,0.00777,0.00778,0.00692,0.00698,0.00742,0.00337,0.00607,0.00745,0.00852,0.00713,0.00767,0.00722,0.00872,0.00425,0.00455,0.00412,0.00446,0.00374,0.00617,0.00815,0.00712,0.00411,0.00356,0.0056,0.00737,0.00542,0.00685,0.0035,0.00351,0.00177,0.0065,0.00592,0.00422,0.00426,0.00401,0.00556,0.0034,0.00463,0.00401,0.00341,0.0041,0.00223,0.00479,0.00554,0.00361,0.0046,0.00492,0.00264,0.00462]},"CONDITIONS_BY_TYPE":{"CONCEPT_NAME":"Observation recorded from EHR","COUNT_VALUE":15623},"AGE_AT_FIRST_DIAGNOSIS":{"CATEGORY":["MALE","FEMALE"],"MIN_VALUE":[0,0],"P10_VALUE":[0,0],"P25_VALUE":[0,0],"MEDIAN_VALUE":[0,0],"P75_VALUE":[1,1],"P90_VALUE":[1,1],"MAX_VALUE":[85,98]}}
