{"PREVALENCE_BY_GENDER_AGE_YEAR":{"TRELLIS_NAME":["50-59","60-69","20-29","30-39","70-79","70-79","40-49","20-29","80-89","60-69","40-49","50-59","50-59","70-79","60-69","60-69","50-59"],"SERIES_NAME":["MALE","MALE","MALE","FEMALE","MALE","FEMALE","FEMALE","FEMALE","FEMALE","FEMALE","MALE","FEMALE","MALE","MALE","FEMALE","MALE","FEMALE"],"X_CALENDAR_YEAR":[2007,2007,2007,2007,2007,2007,2007,2007,2007,2007,2007,2007,2008,2008,2008,2008,2008],"Y_PREVALENCE_1000PP":[0.04894,0.08065,0.01676,0.01773,0.12767,0.10894,0.02689,0.02154,0.10826,0.11397,0.02089,0.07989,0.01689,0.03743,0.02973,0.02007,0.03178]},"PREVALENCE_BY_MONTH":{"X_CALENDAR_MONTH":[200708,200709,200710,200711,200712,200801,200802,200803,201603],"Y_PREVALENCE_1000PP":[0.00301,0.00279,0.00177,0.01932,0.01718,0.0031,0.00252,0.00253,0.00349]},"CONDITIONS_BY_TYPE":{"CONCEPT_NAME":"Observation recorded from EHR","COUNT_VALUE":380},"AGE_AT_FIRST_DIAGNOSIS":{"CATEGORY":["MALE","FEMALE"],"MIN_VALUE":[14,1],"P10_VALUE":[39,41],"P25_VALUE":[51,54],"MEDIAN_VALUE":[64,65],"P75_VALUE":[72,75],"P90_VALUE":[79,83],"MAX_VALUE":[92,93]}}
