{"PREVALENCE_BY_GENDER_AGE_YEAR":{"TRELLIS_NAME":["80-89","90-99","80-89","80-89","80-89","80-89","70-79","70-79","70-79","60-69","80-89","70-79","80-89","70-79","80-89","70-79","60-69","70-79","50-59","80-89","70-79","90-99","70-79","80-89","60-69","80-89","70-79","50-59","50-59","80-89","60-69","80-89","70-79","80-89","80-89","50-59","70-79","60-69","50-59","60-69","70-79","80-89","70-79","80-89","80-89","70-79","80-89","70-79","60-69","80-89","90-99","80-89","60-69","70-79","70-79","70-79","80-89","80-89","80-89","70-79","60-69","80-89","70-79","70-79","70-79","60-69","80-89","80-89","70-79","60-69","70-79","80-89","80-89","50-59","80-89","70-79","70-79","80-89","70-79","80-89","80-89","70-79","60-69","80-89","80-89","80-89","80-89","70-79"],"SERIES_NAME":["FEMALE","FEMALE","MALE","FEMALE","FEMALE","MALE","MALE","FEMALE","MALE","FEMALE","FEMALE","FEMALE","MALE","FEMALE","FEMALE","MALE","MALE","FEMALE","MALE","FEMALE","MALE","FEMALE","MALE","FEMALE","MALE","MALE","FEMALE","MALE","MALE","MALE","MALE","FEMALE","MALE","MALE","FEMALE","MALE","MALE","MALE","MALE","MALE","FEMALE","MALE","MALE","FEMALE","FEMALE","FEMALE","MALE","MALE","MALE","MALE","FEMALE","FEMALE","MALE","MALE","FEMALE","MALE","FEMALE","MALE","FEMALE","FEMALE","MALE","MALE","MALE","FEMALE","MALE","MALE","MALE","FEMALE","FEMALE","MALE","MALE","FEMALE","MALE","MALE","FEMALE","FEMALE","MALE","MALE","FEMALE","FEMALE","MALE","MALE","MALE","MALE","FEMALE","FEMALE","MALE","MALE"],"X_CALENDAR_YEAR":[1999,2000,2000,2000,2001,2001,2001,2001,2002,2002,2002,2002,2002,2003,2003,2003,2003,2004,2004,2004,2004,2005,2005,2005,2005,2005,2005,2005,2006,2006,2006,2006,2006,2007,2007,2007,2007,2007,2008,2008,2008,2008,2008,2008,2009,2009,2009,2009,2009,2010,2010,2010,2010,2010,2011,2011,2011,2011,2012,2012,2012,2012,2012,2013,2013,2013,2013,2013,2014,2014,2014,2014,2014,2015,2015,2015,2015,2015,2016,2016,2016,2016,2016,2017,2017,2018,2018,2018],"Y_PREVALENCE_1000PP":[0.11322,0.35371,0.2109,0.12793,0.13221,0.14014,0.11291,0.04859,0.09141,0.03711,0.08681,0.04963,0.24108,0.04759,0.06351,0.07914,0.03983,0.07141,0.02626,0.14341,0.11162,0.2493,0.08864,0.10523,0.05073,0.08278,0.04783,0.02826,0.02738,0.15562,0.04714,0.11643,0.07851,0.0715,0.05774,0.02015,0.07771,0.02455,0.01689,0.04684,0.05982,0.15797,0.05882,0.1181,0.09646,0.04105,0.20932,0.10008,0.02623,0.2059,0.15567,0.06245,0.02245,0.06266,0.07599,0.05631,0.10305,0.12621,0.09654,0.04012,0.02823,0.07242,0.03559,0.03934,0.03472,0.02501,0.14327,0.12531,0.03141,0.04971,0.05077,0.08781,0.09516,0.01727,0.04798,0.05369,0.06589,0.15984,0.07923,0.12503,0.1361,0.05077,0.03466,0.16625,0.06484,0.09743,0.15128,0.04556]},"PREVALENCE_BY_MONTH":{"X_CALENDAR_MONTH":[200011,200012,200103,200104,200107,200109,200110,200202,200203,200204,200205,200208,200211,200303,200306,200307,200308,200310,200311,200401,200402,200403,200404,200405,200406,200408,200409,200411,200412,200501,200504,200505,200506,200507,200508,200509,200510,200511,200601,200602,200603,200604,200606,200607,200608,200609,200610,200611,200701,200702,200705,200708,200709,200710,200711,200801,200804,200805,200806,200807,200808,200810,200811,200812,200901,200902,200903,200904,200905,200906,200907,200908,200909,200910,201003,201004,201005,201006,201007,201009,201011,201012,201101,201106,201107,201108,201109,201110,201111,201112,201202,201206,201209,201211,201301,201302,201304,201305,201307,201309,201310,201312,201401,201402,201403,201404,201405,201407,201409,201502,201504,201507,201508,201509,201510,201512,201602,201604,201605,201606,201607,201608,201609,201610,201611,201702,201705,201707,201711,201712,201801,201802,201808,201812],"Y_PREVALENCE_1000PP":[0.00238,0.00234,0.00247,0.00244,0.00298,0.0019,0.00248,0.00203,0.00201,0.00195,0.00166,0.00219,0.00268,0.00158,0.00234,0.00232,0.0018,0.00153,0.00152,0.00148,0.00148,0.00193,0.00214,0.00142,0.00164,0.00139,0.00185,0.00252,0.00275,0.00226,0.00158,0.0018,0.00202,0.00156,0.00244,0.00307,0.00219,0.00153,0.00216,0.00195,0.0026,0.00151,0.00128,0.00214,0.00128,0.00149,0.0019,0.00252,0.0027,0.00207,0.00123,0.00221,0.00159,0.00138,0.00137,0.00194,0.00174,0.00174,0.00173,0.0023,0.0021,0.00209,0.00133,0.00151,0.0017,0.00113,0.00207,0.0017,0.00151,0.00151,0.00226,0.0017,0.00244,0.00113,0.00114,0.00152,0.00114,0.00248,0.00115,0.00133,0.00112,0.00113,0.00131,0.00147,0.0011,0.0011,0.00164,0.00145,0.00128,0.00164,0.00164,0.00127,0.00109,0.00128,0.00184,0.00129,0.00204,0.00149,0.0013,0.00185,0.00112,0.00115,0.00115,0.00191,0.00153,0.00172,0.00115,0.00137,0.00139,0.00167,0.0013,0.00135,0.00202,0.00157,0.00186,0.00172,0.00174,0.00275,0.00152,0.00154,0.00184,0.00214,0.00214,0.00163,0.00164,0.00168,0.00171,0.00175,0.00211,0.00213,0.00216,0.00185,0.00223,0.00197]},"CONDITIONS_BY_TYPE":{"CONCEPT_NAME":"Observation recorded from EHR","COUNT_VALUE":1497},"AGE_AT_FIRST_DIAGNOSIS":{"CATEGORY":["FEMALE","MALE"],"MIN_VALUE":[12,14],"P10_VALUE":[61,51],"P25_VALUE":[73,64],"MEDIAN_VALUE":[80,74],"P75_VALUE":[86,82],"P90_VALUE":[90,87],"MAX_VALUE":[100,98]}}
