{"PREVALENCE_BY_GENDER_AGE_YEAR":{"TRELLIS_NAME":["50-59","70-79","60-69","60-69","70-79","40-49","60-69","40-49","50-59","60-69","50-59","50-59","40-49","60-69","50-59","40-49","60-69","50-59","60-69","60-69","70-79","50-59","40-49","50-59","40-49","50-59"],"SERIES_NAME":["MALE","MALE","FEMALE","MALE","FEMALE","MALE","MALE","MALE","MALE","FEMALE","FEMALE","FEMALE","FEMALE","MALE","MALE","MALE","FEMALE","MALE","FEMALE","MALE","FEMALE","FEMALE","MALE","MALE","FEMALE","FEMALE"],"X_CALENDAR_YEAR":[2010,2010,2010,2010,2010,2010,2011,2011,2011,2011,2011,2012,2012,2012,2012,2012,2012,2013,2013,2013,2013,2013,2014,2014,2014,2014],"Y_PREVALENCE_1000PP":[0.07918,0.0731,0.05343,0.1924,0.04537,0.03108,0.09046,0.03498,0.09269,0.08213,0.02167,0.03221,0.01613,0.08154,0.07097,0.03787,0.03659,0.02327,0.04554,0.02501,0.03934,0.0316,0.01958,0.02141,0.02274,0.01902]},"PREVALENCE_BY_MONTH":{"X_CALENDAR_MONTH":[201006,201007,201008,201009,201010,201011,201012,201101,201103,201104,201105,201106,201107,201108,201109,201111,201201,201203,201204,201205,201209,201210,201211,201212,201302,201303,201304,201307,201308,201312,201401,201402,201406],"Y_PREVALENCE_1000PP":[0.00134,0.00134,0.00362,0.01101,0.00603,0.00337,0.0015,0.00224,0.00352,0.00278,0.00148,0.00221,0.00239,0.0022,0.002,0.00201,0.00182,0.00273,0.00164,0.00164,0.00254,0.00218,0.00347,0.0011,0.00111,0.00278,0.0013,0.0013,0.0013,0.00154,0.00229,0.00153,0.00174]},"CONDITIONS_BY_TYPE":{"CONCEPT_NAME":"Observation recorded from EHR","COUNT_VALUE":562},"AGE_AT_FIRST_DIAGNOSIS":{"CATEGORY":["FEMALE","MALE"],"MIN_VALUE":[5,10],"P10_VALUE":[43,44],"P25_VALUE":[52,50],"MEDIAN_VALUE":[61,58],"P75_VALUE":[68,64],"P90_VALUE":[73,69],"MAX_VALUE":[96,86]}}
