{"PREVALENCE_BY_GENDER_AGE_YEAR":{"TRELLIS_NAME":["0-9","0-9","0-9","0-9","0-9","0-9","0-9","0-9","0-9","0-9","0-9","0-9","0-9","0-9","0-9","0-9","0-9","0-9","0-9","0-9","0-9","0-9","0-9"],"SERIES_NAME":["MALE","FEMALE","MALE","MALE","MALE","MALE","FEMALE","FEMALE","MALE","MALE","MALE","MALE","FEMALE","MALE","MALE","FEMALE","FEMALE","MALE","MALE","MALE","FEMALE","FEMALE","MALE"],"X_CALENDAR_YEAR":[2003,2004,2005,2006,2007,2008,2008,2009,2009,2010,2011,2012,2012,2013,2014,2014,2015,2015,2016,2017,2017,2018,2018],"Y_PREVALENCE_1000PP":[0.03309,0.02814,0.02523,0.02743,0.02557,0.02469,0.03241,0.02227,0.02125,0.02971,0.04877,0.04526,0.03255,0.03371,0.03272,0.0187,0.02393,0.04235,0.05811,0.02595,0.03625,0.03122,0.02981]},"PREVALENCE_BY_MONTH":{"X_CALENDAR_MONTH":[200906,201212],"Y_PREVALENCE_1000PP":[0.00113,0.0011]},"CONDITIONS_BY_TYPE":{"CONCEPT_NAME":"Observation recorded from EHR","COUNT_VALUE":381},"AGE_AT_FIRST_DIAGNOSIS":{"CATEGORY":["FEMALE","MALE"],"MIN_VALUE":[0,0],"P10_VALUE":[0,0],"P25_VALUE":[1,0],"MEDIAN_VALUE":[2,1],"P75_VALUE":[42,4],"P90_VALUE":[71,11],"MAX_VALUE":[86,87]}}
