{"PREVALENCE_BY_GENDER_AGE_YEAR":{"TRELLIS_NAME":["30-39","20-29","30-39","20-29","30-39","30-39","20-29","20-29","30-39","10-19","20-29"],"SERIES_NAME":["FEMALE","FEMALE","FEMALE","FEMALE","FEMALE","FEMALE","FEMALE","FEMALE","FEMALE","FEMALE","FEMALE"],"X_CALENDAR_YEAR":[2002,2004,2005,2005,2007,2009,2010,2011,2011,2012,2014],"Y_PREVALENCE_1000PP":[0.01846,0.01981,0.02165,0.01877,0.02026,0.01766,0.02535,0.02224,0.02975,0.0229,0.01836]},"PREVALENCE_BY_MONTH":{"X_CALENDAR_MONTH":200407,"Y_PREVALENCE_1000PP":0.0014},"CONDITIONS_BY_TYPE":{"CONCEPT_NAME":"Observation recorded from EHR","COUNT_VALUE":305},"AGE_AT_FIRST_DIAGNOSIS":{"CATEGORY":"FEMALE","MIN_VALUE":13,"P10_VALUE":17,"P25_VALUE":21,"MEDIAN_VALUE":31,"P75_VALUE":38,"P90_VALUE":41,"MAX_VALUE":60}}
