{"PREVALENCE_BY_GENDER_AGE_YEAR":{"TRELLIS_NAME":["0-9","40-49","50-59","30-39","40-49","0-9","50-59","60-69","30-39","80-89","10-19","20-29","10-19","40-49","0-9","0-9","30-39","40-49","70-79","20-29","80-89","50-59","60-69","30-39","60-69","40-49","80-89","10-19","90-99","50-59","70-79","40-49","20-29","50-59","0-9","80-89","0-9","70-79","20-29","60-69","50-59","30-39","0-9","40-49","0-9","50-59","40-49","20-29","60-69","30-39","40-49","60-69","0-9","80-89","40-49","50-59","10-19","60-69","0-9","60-69","30-39","0-9","50-59","40-49","30-39","0-9","20-29","70-79","50-59","60-69","40-49","30-39","0-9","40-49","50-59","10-19","0-9","50-59","80-89","70-79"],"SERIES_NAME":["FEMALE","MALE","FEMALE","MALE","FEMALE","MALE","MALE","FEMALE","MALE","FEMALE","FEMALE","MALE","MALE","FEMALE","FEMALE","MALE","FEMALE","MALE","MALE","FEMALE","MALE","FEMALE","MALE","FEMALE","MALE","MALE","MALE","FEMALE","FEMALE","MALE","MALE","FEMALE","MALE","FEMALE","MALE","FEMALE","FEMALE","FEMALE","FEMALE","FEMALE","FEMALE","FEMALE","MALE","FEMALE","FEMALE","FEMALE","MALE","FEMALE","MALE","MALE","FEMALE","FEMALE","FEMALE","MALE","FEMALE","FEMALE","FEMALE","MALE","MALE","FEMALE","FEMALE","FEMALE","FEMALE","MALE","FEMALE","FEMALE","FEMALE","FEMALE","MALE","FEMALE","FEMALE","FEMALE","FEMALE","FEMALE","FEMALE","FEMALE","MALE","FEMALE","MALE","FEMALE"],"X_CALENDAR_YEAR":[2001,2001,2001,2001,2001,2001,2002,2002,2002,2002,2002,2002,2002,2002,2002,2002,2002,2002,2002,2002,2002,2002,2002,2003,2003,2003,2003,2003,2003,2003,2003,2003,2003,2003,2003,2003,2003,2003,2003,2003,2004,2004,2004,2004,2005,2005,2007,2007,2007,2007,2007,2007,2007,2008,2008,2008,2008,2008,2008,2008,2008,2008,2009,2009,2009,2009,2009,2009,2009,2009,2009,2010,2010,2010,2010,2011,2011,2011,2015,2015],"Y_PREVALENCE_1000PP":[0.07023,0.03161,0.03545,0.02029,0.04561,0.09892,0.02268,0.07421,0.02103,0.07716,0.03621,0.02792,0.04072,0.0612,0.06677,0.07914,0.06153,0.03085,0.06856,0.02297,0.13776,0.05448,0.10248,0.04412,0.05477,0.03171,0.20799,0.0336,0.24881,0.03915,0.07914,0.06665,0.0378,0.05127,0.04136,0.15423,0.0534,0.06544,0.06167,0.04412,0.02366,0.01925,0.02632,0.02085,0.03063,0.0194,0.02089,0.02424,0.02455,0.01965,0.03911,0.02418,0.02015,0.0677,0.02366,0.02311,0.02063,0.03345,0.02469,0.03303,0.02265,0.03241,0.0258,0.02236,0.02271,0.01909,0.02286,0.02736,0.02507,0.01937,0.02106,0.01506,0.02178,0.01391,0.01684,0.01964,0.01721,0.02438,0.0685,0.04393]},"PREVALENCE_BY_MONTH":{"X_CALENDAR_MONTH":[200009,200010,200012,200102,200103,200104,200105,200106,200107,200109,200110,200111,200112,200201,200202,200203,200204,200205,200206,200207,200208,200209,200210,200211,200212,200301,200302,200303,200304,200305,200306,200307,200308,200309,200310,200407,200408,200409,200411,200412,200501,200502,200504,200505,200506,200511,200512,200605,200611,200612,200701,200702,200703,200704,200705,200706,200708,200709,200710,200711,200712,200801,200802,200803,200804,200807,200808,200809,200810,200811,200812,200901,200902,200903,200904,200905,200906,200907,200908,200909,200910,200911,200912,201001,201003,201004,201007,201008,201009,201011,201012,201102,201103,201104,201105,201106,201107,201203,201205,201208,201209,201411,201412,201502,201503,201504,201505,201506,201507],"Y_PREVALENCE_1000PP":[0.00282,0.0024,0.00234,0.00253,0.00564,0.00383,0.00205,0.00235,0.00331,0.00222,0.00373,0.00215,0.00334,0.00176,0.0032,0.00431,0.00391,0.00333,0.00496,0.00521,0.003,0.00326,0.00323,0.00992,0.01047,0.00849,0.00792,0.00815,0.00393,0.00313,0.00857,0.00463,0.00436,0.00485,0.00764,0.00257,0.00163,0.00162,0.00206,0.0016,0.00181,0.00136,0.00135,0.00135,0.00179,0.00197,0.00131,0.0015,0.00189,0.00189,0.00208,0.00269,0.0029,0.00206,0.00184,0.00122,0.00181,0.00159,0.00216,0.00215,0.00156,0.00174,0.00136,0.00136,0.00252,0.00172,0.00153,0.00323,0.00285,0.00284,0.0017,0.00321,0.00151,0.00207,0.00227,0.00113,0.00113,0.0015,0.00132,0.00263,0.00226,0.00132,0.00228,0.00151,0.00114,0.00209,0.00153,0.00114,0.00133,0.00131,0.00113,0.00112,0.00185,0.00111,0.00184,0.00129,0.00147,0.00164,0.00182,0.00127,0.00109,0.00143,0.00166,0.00167,0.00194,0.00216,0.00173,0.00135,0.00135]},"CONDITIONS_BY_TYPE":{"CONCEPT_NAME":"Observation recorded from EHR","COUNT_VALUE":1477},"AGE_AT_FIRST_DIAGNOSIS":{"CATEGORY":["MALE","FEMALE"],"MIN_VALUE":[0,0],"P10_VALUE":[4,6],"P25_VALUE":[20,22],"MEDIAN_VALUE":[45,41],"P75_VALUE":[65,62],"P90_VALUE":[78,76],"MAX_VALUE":[101,98]}}
