{"PREVALENCE_BY_GENDER_AGE_YEAR":{"TRELLIS_NAME":["70-79","80-89","70-79","80-89","80-89","70-79","70-79","60-69","80-89","70-79","80-89","90-99","70-79","80-89","70-79","80-89","70-79","80-89","70-79","80-89","70-79","80-89","80-89","80-89","70-79","80-89","70-79","70-79","70-79","80-89","70-79","70-79","80-89","80-89","80-89","70-79","90-99","80-89","80-89","70-79","80-89","60-69","80-89","70-79","70-79","80-89","70-79","80-89","60-69","80-89","70-79","80-89","80-89","80-89","70-79","80-89"],"SERIES_NAME":["FEMALE","FEMALE","FEMALE","FEMALE","FEMALE","FEMALE","FEMALE","FEMALE","FEMALE","FEMALE","FEMALE","FEMALE","FEMALE","FEMALE","FEMALE","FEMALE","FEMALE","FEMALE","FEMALE","FEMALE","FEMALE","FEMALE","MALE","FEMALE","FEMALE","FEMALE","FEMALE","MALE","FEMALE","FEMALE","FEMALE","MALE","FEMALE","MALE","MALE","FEMALE","FEMALE","FEMALE","FEMALE","FEMALE","MALE","FEMALE","FEMALE","MALE","FEMALE","FEMALE","FEMALE","MALE","FEMALE","FEMALE","FEMALE","FEMALE","MALE","FEMALE","FEMALE","FEMALE"],"X_CALENDAR_YEAR":[1997,1998,1999,1999,2000,2000,2001,2001,2001,2002,2002,2003,2003,2003,2004,2004,2005,2005,2006,2006,2007,2007,2008,2008,2008,2009,2009,2010,2010,2010,2011,2011,2011,2011,2012,2012,2012,2012,2013,2013,2013,2013,2014,2014,2014,2015,2015,2015,2015,2016,2016,2017,2017,2018,2018,2019],"Y_PREVALENCE_1000PP":[0.16281,0.18681,0.06491,0.13209,0.14214,0.09531,0.06941,0.05456,0.12119,0.06825,0.1061,0.21327,0.05949,0.1633,0.09338,0.10123,0.03189,0.11333,0.05618,0.09314,0.08526,0.16601,0.07899,0.15979,0.04141,0.14468,0.05929,0.03133,0.05444,0.13878,0.0447,0.04095,0.06183,0.07362,0.07242,0.06242,0.16821,0.11033,0.17404,0.05682,0.0614,0.02429,0.15367,0.04062,0.04487,0.11196,0.07322,0.07992,0.02445,0.1058,0.06225,0.06484,0.09068,0.07307,0.04776,0.07979]},"PREVALENCE_BY_MONTH":{"X_CALENDAR_MONTH":[199812,200005,200107,200210,200304,200309,200407,200409,200603,200702,200705,200707,200708,200710,200711,200712,200802,200806,200810,200811,200901,200903,200905,200906,200907,201003,201005,201008,201102,201105,201107,201109,201201,201202,201205,201301,201303,201304,201306,201310,201312,201401,201404,201405,201408,201503,201504,201505,201507,201602,201603,201608,201701,201706,201709,201903],"Y_PREVALENCE_1000PP":[0.00438,0.00258,0.00231,0.00161,0.00157,0.00179,0.0014,0.00231,0.00173,0.00124,0.00164,0.00121,0.00121,0.00118,0.00156,0.00117,0.00136,0.00173,0.00133,0.00114,0.00113,0.00132,0.0017,0.00132,0.00113,0.00133,0.00114,0.00134,0.00112,0.00129,0.0011,0.00109,0.002,0.00127,0.00109,0.00165,0.0013,0.00148,0.00186,0.00112,0.00115,0.00191,0.00115,0.00134,0.00138,0.00151,0.0013,0.0013,0.00157,0.00174,0.0015,0.00267,0.00192,0.00175,0.00177,0.00231]},"CONDITIONS_BY_TYPE":{"CONCEPT_NAME":"Observation recorded from EHR","COUNT_VALUE":995},"AGE_AT_FIRST_DIAGNOSIS":{"CATEGORY":["MALE","FEMALE"],"MIN_VALUE":[30,27],"P10_VALUE":[59,65],"P25_VALUE":[71,73],"MEDIAN_VALUE":[78,80],"P75_VALUE":[84,85],"P90_VALUE":[89,89],"MAX_VALUE":[96,101]}}
