{"PREVALENCE_BY_GENDER_AGE_YEAR":{"TRELLIS_NAME":["50-59","60-69","60-69","60-69","30-39","40-49","40-49","60-69","60-69","40-49","40-49"],"SERIES_NAME":["FEMALE","MALE","FEMALE","MALE","FEMALE","FEMALE","FEMALE","MALE","FEMALE","FEMALE","FEMALE"],"X_CALENDAR_YEAR":[2000,2000,2001,2002,2002,2003,2005,2008,2009,2010,2011],"Y_PREVALENCE_1000PP":[0.04594,0.04756,0.0485,0.03236,0.01846,0.02333,0.02243,0.02007,0.01937,0.01855,0.01364]},"PREVALENCE_BY_MONTH":{"X_CALENDAR_MONTH":[199911,200001,200005,200110,200204,200211,200310,200802,200804,201006,201308],"Y_PREVALENCE_1000PP":[0.0032,0.0027,0.00258,0.00186,0.00195,0.00188,0.00153,0.00116,0.00155,0.00134,0.0013]},"CONDITIONS_BY_TYPE":{"CONCEPT_NAME":"Observation recorded from EHR","COUNT_VALUE":590},"AGE_AT_FIRST_DIAGNOSIS":{"CATEGORY":["FEMALE","MALE"],"MIN_VALUE":[8,9],"P10_VALUE":[30,35],"P25_VALUE":[40,44],"MEDIAN_VALUE":[53,57],"P75_VALUE":[66,66],"P90_VALUE":[74,73],"MAX_VALUE":[96,85]}}
