{"PREVALENCE_BY_GENDER_AGE_YEAR":{"TRELLIS_NAME":["40-49","70-79","30-39","70-79","60-69","40-49","20-29","70-79","60-69","70-79","50-59","60-69","50-59","60-69","70-79","70-79","60-69","70-79","50-59","30-39","20-29","20-29","50-59","60-69","60-69","20-29","40-49","60-69","60-69","20-29","70-79","80-89","70-79","40-49","60-69"],"SERIES_NAME":["FEMALE","FEMALE","FEMALE","FEMALE","FEMALE","FEMALE","FEMALE","FEMALE","MALE","FEMALE","FEMALE","FEMALE","FEMALE","FEMALE","FEMALE","FEMALE","FEMALE","FEMALE","FEMALE","FEMALE","FEMALE","FEMALE","FEMALE","FEMALE","FEMALE","FEMALE","FEMALE","FEMALE","FEMALE","FEMALE","FEMALE","FEMALE","FEMALE","FEMALE","FEMALE"],"X_CALENDAR_YEAR":[1997,1999,2000,2000,2001,2001,2002,2002,2002,2003,2003,2003,2004,2004,2004,2005,2005,2006,2006,2006,2006,2007,2007,2007,2008,2008,2009,2009,2010,2011,2012,2012,2013,2014,2015],"Y_PREVALENCE_1000PP":[0.0914,0.06491,0.02641,0.07798,0.0485,0.03732,0.0268,0.04343,0.03236,0.03569,0.02564,0.02941,0.02366,0.02628,0.03296,0.03189,0.02918,0.03575,0.01879,0.0185,0.01753,0.01616,0.01775,0.02418,0.03303,0.01546,0.01404,0.02905,0.03143,0.01483,0.03121,0.04137,0.02623,0.01516,0.02795]},"PREVALENCE_BY_MONTH":{"X_CALENDAR_MONTH":[199704,200002,200201,200202,200309,200410,200507,200605,200608,200610,200611,200703,200704,200707,200901,200903,200911,201105,201203,201305,201307],"Y_PREVALENCE_1000PP":[0.00718,0.00359,0.00205,0.00203,0.00153,0.00138,0.00133,0.00172,0.00149,0.00148,0.00126,0.00145,0.00144,0.00181,0.00132,0.00132,0.00113,0.00111,0.00127,0.00111,0.00111]},"CONDITIONS_BY_TYPE":{"CONCEPT_NAME":"Observation recorded from EHR","COUNT_VALUE":793},"AGE_AT_FIRST_DIAGNOSIS":{"CATEGORY":["FEMALE","MALE"],"MIN_VALUE":[5,26],"P10_VALUE":[27,49],"P25_VALUE":[40,57],"MEDIAN_VALUE":[59,66],"P75_VALUE":[72,73],"P90_VALUE":[82,79],"MAX_VALUE":[96,88]}}
