{"PREVALENCE_BY_GENDER_AGE_YEAR":{"TRELLIS_NAME":["70-79","60-69","70-79","60-69","60-69","60-69","50-59","60-69","60-69","0-9","70-79","70-79","60-69","60-69","60-69","60-69","60-69","60-69","70-79","60-69","60-69","70-79","70-79","80-89","80-89","60-69","50-59","70-79","70-79","60-69"],"SERIES_NAME":["MALE","FEMALE","MALE","MALE","MALE","FEMALE","FEMALE","MALE","MALE","FEMALE","MALE","FEMALE","MALE","FEMALE","MALE","MALE","FEMALE","MALE","MALE","FEMALE","MALE","FEMALE","FEMALE","MALE","FEMALE","FEMALE","MALE","FEMALE","MALE","MALE"],"X_CALENDAR_YEAR":[2004,2005,2005,2005,2006,2006,2006,2007,2009,2009,2009,2009,2010,2011,2011,2012,2012,2013,2013,2014,2014,2014,2015,2017,2017,2017,2017,2017,2017,2017],"Y_PREVALENCE_1000PP":[0.04596,0.02501,0.04432,0.03805,0.03143,0.02321,0.02505,0.02104,0.02295,0.01909,0.04214,0.03192,0.01924,0.02434,0.02496,0.03763,0.02135,0.02189,0.02976,0.02249,0.02651,0.03141,0.03417,0.2267,0.14049,0.0383,0.02233,0.10446,0.07566,0.06875]},"PREVALENCE_BY_MONTH":{"X_CALENDAR_MONTH":[200312,200401,200509,200511,200512,200604,200605,200606,200609,200708,200709,200711,200808,200901,200904,200909,201008,201010,201105,201108,201111,201202,201205,201208,201210,201211,201301,201302,201303,201305,201405,201409,201411,201512,201703,201704,201710,201810],"Y_PREVALENCE_1000PP":[0.00151,0.00198,0.00132,0.00153,0.00131,0.00172,0.00129,0.0015,0.00212,0.00141,0.00139,0.00117,0.00115,0.00189,0.00132,0.0015,0.00114,0.00132,0.00148,0.00147,0.00109,0.00109,0.00109,0.00127,0.00127,0.00128,0.00165,0.00129,0.00167,0.00111,0.00134,0.00139,0.00143,0.00172,0.01871,0.00456,0.00178,0.00195]},"CONDITIONS_BY_TYPE":{"CONCEPT_NAME":"Observation recorded from EHR","COUNT_VALUE":882},"AGE_AT_FIRST_DIAGNOSIS":{"CATEGORY":["FEMALE","MALE"],"MIN_VALUE":[1,1],"P10_VALUE":[23,24],"P25_VALUE":[46,47],"MEDIAN_VALUE":[64,64],"P75_VALUE":[75,73],"P90_VALUE":[82,81],"MAX_VALUE":[91,91]}}
