{"PREVALENCE_BY_GENDER_AGE_YEAR":{"TRELLIS_NAME":["30-39","10-19","10-19","30-39","0-9","10-19","20-29","30-39","0-9","10-19","0-9","20-29","30-39","10-19","30-39","10-19","0-9","30-39","30-39","20-29","10-19","0-9","40-49","0-9","30-39","10-19","0-9","20-29","30-39","30-39","0-9","30-39","10-19","0-9","20-29","20-29","0-9","20-29","10-19","40-49","30-39","30-39","0-9","0-9","0-9","30-39","20-29","30-39","40-49","20-29","20-29","30-39","0-9","0-9","30-39","20-29","40-49","0-9","40-49","20-29","0-9","10-19","0-9","20-29","0-9","20-29","0-9","10-19","0-9","30-39","20-29","30-39","10-19","0-9","0-9","30-39","0-9","20-29","30-39","0-9","0-9","30-39","20-29","0-9","0-9","0-9","0-9"],"SERIES_NAME":["MALE","FEMALE","MALE","MALE","FEMALE","FEMALE","FEMALE","MALE","FEMALE","MALE","FEMALE","FEMALE","FEMALE","FEMALE","MALE","FEMALE","MALE","FEMALE","MALE","FEMALE","MALE","FEMALE","FEMALE","MALE","MALE","FEMALE","FEMALE","FEMALE","FEMALE","FEMALE","MALE","MALE","FEMALE","FEMALE","FEMALE","MALE","FEMALE","FEMALE","FEMALE","FEMALE","FEMALE","MALE","MALE","FEMALE","MALE","FEMALE","MALE","MALE","MALE","MALE","FEMALE","MALE","FEMALE","MALE","FEMALE","FEMALE","MALE","FEMALE","FEMALE","MALE","MALE","FEMALE","FEMALE","MALE","MALE","FEMALE","MALE","FEMALE","FEMALE","FEMALE","FEMALE","MALE","FEMALE","FEMALE","MALE","FEMALE","FEMALE","FEMALE","MALE","MALE","FEMALE","MALE","FEMALE","FEMALE","MALE","MALE","MALE"],"X_CALENDAR_YEAR":[2000,2000,2001,2001,2001,2002,2002,2002,2002,2002,2003,2003,2003,2003,2003,2004,2004,2004,2004,2004,2004,2004,2005,2005,2005,2005,2005,2005,2005,2006,2006,2006,2006,2006,2006,2006,2007,2007,2007,2007,2007,2007,2007,2008,2008,2008,2008,2008,2009,2009,2009,2009,2009,2009,2009,2010,2010,2010,2010,2010,2010,2011,2011,2011,2011,2011,2012,2012,2012,2013,2013,2013,2013,2013,2013,2014,2014,2014,2014,2014,2015,2015,2015,2016,2016,2017,2018],"Y_PREVALENCE_1000PP":[0.03012,0.05528,0.03127,0.03381,0.03782,0.03104,0.02297,0.03005,0.03339,0.03619,0.06675,0.02177,0.02941,0.0432,0.04016,0.0386,0.04136,0.0165,0.02675,0.03301,0.02642,0.06432,0.02523,0.05406,0.02364,0.02855,0.04594,0.03128,0.04059,0.02115,0.04114,0.01537,0.03477,0.02895,0.03505,0.01821,0.02686,0.02962,0.02505,0.01711,0.01519,0.01965,0.05752,0.0551,0.04938,0.02517,0.01603,0.01466,0.01565,0.02897,0.04319,0.01967,0.03181,0.05768,0.02776,0.01521,0.01332,0.056,0.01391,0.01578,0.06834,0.01964,0.05693,0.01542,0.04303,0.02224,0.03677,0.0229,0.04735,0.0223,0.0148,0.02222,0.02271,0.02947,0.02809,0.02365,0.0187,0.02098,0.01578,0.03867,0.04102,0.01728,0.02612,0.03659,0.03099,0.02595,0.02981]},"PREVALENCE_BY_MONTH":{"X_CALENDAR_MONTH":[200001,200007,200106,200107,200110,200112,200201,200203,200204,200205,200206,200207,200208,200210,200211,200212,200301,200302,200303,200304,200305,200306,200307,200308,200309,200310,200311,200401,200402,200403,200404,200405,200406,200407,200408,200409,200410,200411,200412,200501,200502,200503,200504,200505,200506,200507,200509,200510,200511,200601,200602,200603,200605,200606,200607,200608,200610,200611,200612,200701,200703,200704,200705,200706,200707,200708,200709,200710,200711,200801,200802,200803,200804,200805,200806,200807,200808,200809,200810,200811,200901,200902,200903,200904,200905,200906,200907,200908,200909,200910,200911,200912,201001,201002,201003,201004,201005,201006,201007,201008,201009,201011,201012,201101,201105,201106,201108,201110,201111,201112,201201,201202,201203,201205,201206,201207,201208,201301,201307,201308,201309,201310,201311,201312,201401,201403,201404,201409,201502,201505,201509,201510,201602,201609,201610,201611],"Y_PREVALENCE_1000PP":[0.00315,0.0025,0.00235,0.00364,0.00186,0.00365,0.00176,0.0023,0.00195,0.00277,0.00193,0.00165,0.00191,0.00161,0.00241,0.00242,0.00239,0.00211,0.00263,0.00183,0.00183,0.00234,0.0036,0.00154,0.00281,0.00356,0.00203,0.00148,0.00173,0.00266,0.00167,0.0026,0.00211,0.00187,0.00209,0.00185,0.0023,0.00183,0.00275,0.00294,0.00226,0.00384,0.00158,0.00225,0.00224,0.00178,0.0022,0.00241,0.00197,0.00151,0.00152,0.00152,0.0015,0.0015,0.00214,0.00128,0.0019,0.00252,0.00126,0.00208,0.00166,0.00186,0.00123,0.00203,0.00241,0.00201,0.00199,0.00177,0.00176,0.00194,0.00175,0.00136,0.00116,0.00116,0.00134,0.00134,0.00172,0.00266,0.0019,0.00133,0.00189,0.00207,0.00226,0.00246,0.00151,0.00226,0.00263,0.00245,0.0015,0.00151,0.0017,0.00209,0.00151,0.00209,0.00247,0.00228,0.00152,0.00172,0.00115,0.00134,0.00171,0.0015,0.00113,0.00131,0.00111,0.00129,0.00183,0.00145,0.00201,0.00164,0.00164,0.00109,0.00109,0.00127,0.00182,0.00219,0.002,0.00202,0.00204,0.0013,0.00111,0.00131,0.00132,0.00134,0.00134,0.00191,0.00287,0.00159,0.00146,0.0013,0.00135,0.00186,0.00249,0.00161,0.0019,0.00192]},"CONDITIONS_BY_TYPE":{"CONCEPT_NAME":"Observation recorded from EHR","COUNT_VALUE":1685},"AGE_AT_FIRST_DIAGNOSIS":{"CATEGORY":["MALE","FEMALE"],"MIN_VALUE":[0,0],"P10_VALUE":[0,1],"P25_VALUE":[3,6],"MEDIAN_VALUE":[18,22],"P75_VALUE":[33,33],"P90_VALUE":[42,43],"MAX_VALUE":[76,75]}}
