{"PREVALENCE_BY_GENDER_AGE_YEAR":{"TRELLIS_NAME":["20-29","30-39","20-29","40-49","30-39","20-29","30-39","20-29","30-39","20-29","30-39","40-49","20-29","40-49","30-39","40-49","30-39","10-19","20-29","30-39","40-49","20-29","10-19","20-29","10-19","30-39","40-49","30-39","20-29","40-49","20-29","40-49","30-39","40-49","20-29","30-39","20-29","40-49","10-19","30-39","10-19","40-49","30-39","20-29","10-19","30-39","40-49","20-29","20-29","30-39","40-49","20-29","30-39","40-49","30-39","40-49","20-29","20-29","40-49","30-39","10-19","30-39","40-49","20-29","30-39","20-29","20-29","30-39","30-39","20-29"],"SERIES_NAME":["FEMALE","FEMALE","FEMALE","FEMALE","FEMALE","FEMALE","FEMALE","FEMALE","FEMALE","FEMALE","FEMALE","FEMALE","FEMALE","FEMALE","FEMALE","FEMALE","FEMALE","FEMALE","FEMALE","FEMALE","FEMALE","FEMALE","FEMALE","FEMALE","FEMALE","FEMALE","FEMALE","FEMALE","FEMALE","FEMALE","FEMALE","FEMALE","FEMALE","FEMALE","FEMALE","FEMALE","FEMALE","FEMALE","FEMALE","FEMALE","FEMALE","FEMALE","FEMALE","FEMALE","FEMALE","FEMALE","FEMALE","FEMALE","FEMALE","FEMALE","FEMALE","FEMALE","FEMALE","FEMALE","FEMALE","FEMALE","FEMALE","FEMALE","FEMALE","FEMALE","FEMALE","FEMALE","FEMALE","FEMALE","FEMALE","FEMALE","FEMALE","FEMALE","FEMALE","FEMALE"],"X_CALENDAR_YEAR":[1997,1997,1998,1998,1998,1999,1999,2000,2000,2001,2001,2001,2002,2002,2002,2003,2003,2003,2003,2004,2004,2004,2004,2005,2005,2005,2005,2006,2006,2006,2007,2007,2007,2008,2008,2008,2009,2009,2009,2009,2010,2010,2010,2010,2011,2011,2011,2011,2012,2012,2012,2013,2013,2013,2014,2014,2014,2015,2015,2015,2015,2016,2016,2016,2017,2017,2018,2018,2019,2019],"Y_PREVALENCE_1000PP":[0.14204,0.16567,0.19559,0.07008,0.18251,0.1364,0.14592,0.18358,0.20685,0.1295,0.2078,0.03732,0.11486,0.0396,0.17229,0.03332,0.20588,0.0336,0.09432,0.19247,0.0268,0.13534,0.02573,0.13764,0.02855,0.17588,0.03084,0.1956,0.13144,0.0424,0.13735,0.03177,0.17473,0.04259,0.15464,0.1636,0.15751,0.04213,0.0372,0.16151,0.02013,0.02319,0.1406,0.15716,0.03274,0.17601,0.03865,0.10379,0.15024,0.22391,0.03227,0.15045,0.18091,0.02103,0.20758,0.03284,0.10489,0.10737,0.0255,0.15252,0.02229,0.17546,0.02413,0.11478,0.15061,0.09341,0.12758,0.13119,0.06096,0.0315]},"PREVALENCE_BY_MONTH":{"X_CALENDAR_MONTH":[199807,199809,199810,199812,199903,199904,199909,199911,199912,200003,200005,200006,200007,200008,200009,200010,200011,200101,200103,200104,200105,200106,200107,200108,200109,200110,200111,200112,200201,200202,200203,200204,200206,200207,200208,200209,200210,200211,200212,200301,200302,200303,200304,200305,200306,200307,200308,200309,200310,200311,200312,200401,200402,200403,200404,200405,200406,200407,200408,200409,200410,200411,200412,200501,200502,200503,200504,200505,200506,200507,200508,200509,200510,200511,200512,200601,200602,200603,200604,200605,200606,200607,200608,200609,200610,200611,200612,200701,200702,200703,200704,200706,200707,200708,200709,200710,200711,200712,200801,200802,200803,200804,200805,200806,200807,200808,200809,200810,200811,200812,200901,200902,200903,200904,200905,200906,200907,200908,200909,200910,200911,200912,201001,201002,201003,201004,201005,201006,201007,201008,201009,201010,201011,201012,201101,201102,201103,201104,201105,201106,201107,201108,201109,201110,201111,201112,201201,201202,201203,201204,201205,201206,201207,201208,201209,201210,201211,201212,201301,201302,201303,201304,201305,201306,201307,201308,201309,201310,201311,201312,201401,201402,201403,201404,201405,201406,201407,201408,201409,201410,201411,201412,201501,201503,201504,201505,201506,201507,201509,201510,201511,201512,201601,201602,201603,201604,201607,201608,201610,201611,201612,201701,201702,201705,201707,201708,201710,201711,201804,201805,201806,201808,201810,201901,201903],"Y_PREVALENCE_1000PP":[0.00635,0.00457,0.00447,0.00438,0.00465,0.00389,0.0035,0.00373,0.00396,0.00661,0.00301,0.00338,0.00333,0.00412,0.00403,0.0024,0.00356,0.00221,0.00211,0.00452,0.00342,0.00436,0.00265,0.00323,0.00285,0.00248,0.00246,0.00334,0.00293,0.00233,0.00316,0.00363,0.00221,0.00247,0.003,0.0019,0.00269,0.00295,0.00215,0.00292,0.00158,0.00158,0.00262,0.00183,0.00182,0.00257,0.00257,0.00409,0.00433,0.00228,0.00202,0.00173,0.00296,0.00169,0.00309,0.0026,0.00211,0.0028,0.00232,0.00278,0.00345,0.00275,0.00298,0.00249,0.00203,0.00294,0.00203,0.00248,0.00269,0.00356,0.00244,0.00285,0.00219,0.00306,0.00153,0.00346,0.00239,0.00282,0.00215,0.00408,0.00171,0.00214,0.00192,0.0034,0.00338,0.00147,0.0021,0.00208,0.00269,0.00207,0.00227,0.00243,0.00302,0.00281,0.00179,0.00295,0.00156,0.00312,0.00194,0.0033,0.00233,0.00233,0.00232,0.00211,0.00421,0.00287,0.00304,0.00247,0.00171,0.00132,0.00264,0.00132,0.00132,0.00132,0.00283,0.00264,0.00226,0.00358,0.00413,0.00301,0.00264,0.00228,0.00227,0.00209,0.00209,0.00209,0.0021,0.00248,0.00325,0.00134,0.00152,0.00113,0.00262,0.003,0.00187,0.00131,0.00371,0.00185,0.00166,0.00368,0.0022,0.00238,0.00273,0.00164,0.00164,0.00219,0.00255,0.004,0.00236,0.00218,0.0031,0.00291,0.00292,0.00272,0.00236,0.00254,0.00201,0.00147,0.00367,0.00221,0.00111,0.00241,0.00241,0.00223,0.00204,0.00204,0.00241,0.00224,0.00245,0.00211,0.00286,0.00248,0.00306,0.00192,0.00211,0.00213,0.00118,0.00217,0.00278,0.00202,0.00204,0.00228,0.00208,0.00216,0.00281,0.00195,0.0018,0.0027,0.00202,0.00163,0.00213,0.00246,0.00371,0.00249,0.00274,0.0025,0.00158,0.0024,0.00244,0.00164,0.00192,0.00192,0.00196,0.002,0.00292,0.00265,0.00237,0.00211,0.00216,0.00278,0.00186,0.00318,0.00195,0.00361,0.00231]},"CONDITIONS_BY_TYPE":{"CONCEPT_NAME":"Observation recorded from EHR","COUNT_VALUE":2733},"AGE_AT_FIRST_DIAGNOSIS":{"CATEGORY":["FEMALE","MALE"],"MIN_VALUE":[15,22],"P10_VALUE":[22,27],"P25_VALUE":[27,32],"MEDIAN_VALUE":[31,37],"P75_VALUE":[36,42],"P90_VALUE":[39,60],"MAX_VALUE":[68,78]}}
