{"PREVALENCE_BY_GENDER_AGE_YEAR":{"TRELLIS_NAME":["0-9","0-9","0-9","0-9","0-9","0-9","0-9","0-9","10-19","0-9","0-9","0-9","0-9","10-19","0-9","0-9","0-9","0-9","10-19","0-9","0-9","10-19","0-9","0-9","0-9","0-9","0-9","0-9","0-9","0-9","0-9","0-9","0-9","0-9","0-9","0-9","0-9","0-9","0-9","0-9","0-9","0-9","0-9","0-9","0-9","0-9","0-9","0-9","0-9"],"SERIES_NAME":["FEMALE","MALE","MALE","FEMALE","MALE","FEMALE","MALE","FEMALE","FEMALE","MALE","FEMALE","MALE","FEMALE","MALE","FEMALE","MALE","FEMALE","MALE","FEMALE","MALE","FEMALE","MALE","MALE","FEMALE","FEMALE","MALE","FEMALE","MALE","MALE","FEMALE","MALE","FEMALE","MALE","FEMALE","FEMALE","MALE","MALE","FEMALE","MALE","FEMALE","MALE","FEMALE","FEMALE","MALE","FEMALE","MALE","MALE","FEMALE","MALE"],"X_CALENDAR_YEAR":[1996,1996,1997,1997,1998,1998,1999,1999,2000,2000,2000,2001,2001,2002,2002,2002,2003,2003,2003,2004,2004,2005,2005,2005,2006,2006,2007,2007,2008,2008,2009,2009,2010,2010,2011,2011,2012,2012,2013,2013,2014,2014,2015,2015,2016,2016,2017,2018,2018],"Y_PREVALENCE_1000PP":[0.21248,0.44952,0.38537,0.19242,0.33995,0.27667,0.29511,0.26784,0.04739,0.32075,0.24442,0.27699,0.26471,0.03619,0.26232,0.25059,0.24032,0.28128,0.0576,0.28949,0.24119,0.02164,0.13335,0.16846,0.13752,0.16457,0.14774,0.1534,0.13578,0.12317,0.11536,0.11453,0.09805,0.13999,0.11387,0.11761,0.12163,0.10949,0.08708,0.09135,0.0714,0.0779,0.0547,0.07167,0.02846,0.05424,0.03459,0.03122,0.03478]},"PREVALENCE_BY_MONTH":{"X_CALENDAR_MONTH":[199707,199711,199803,199804,199805,199806,199809,199901,199903,199904,199905,199906,199907,199911,199912,200001,200002,200003,200005,200007,200009,200010,200011,200012,200101,200102,200103,200104,200105,200106,200107,200108,200109,200110,200111,200201,200202,200203,200204,200205,200206,200207,200208,200209,200210,200211,200212,200301,200302,200303,200304,200306,200307,200308,200309,200310,200311,200312,200401,200402,200403,200404,200405,200406,200407,200408,200409,200410,200411,200412,200501,200502,200503,200504,200505,200506,200507,200509,200511,200512,200601,200602,200603,200604,200605,200606,200608,200609,200610,200611,200612,200701,200702,200703,200704,200705,200706,200708,200709,200710,200711,200801,200802,200803,200804,200805,200806,200807,200809,200810,200812,200901,200902,200903,200904,200905,200906,200907,200912,201001,201002,201003,201005,201006,201008,201009,201010,201011,201101,201102,201103,201104,201105,201107,201108,201109,201110,201112,201201,201202,201203,201204,201205,201206,201207,201208,201209,201210,201211,201301,201302,201303,201304,201307,201309,201310,201311,201401,201402,201403,201405,201503],"Y_PREVALENCE_1000PP":[0.00845,0.00785,0.00496,0.00487,0.00568,0.00486,0.00457,0.00483,0.00597,0.00583,0.00447,0.00381,0.0056,0.00373,0.00346,0.0054,0.00269,0.00617,0.00387,0.00583,0.00363,0.0056,0.00515,0.00313,0.00589,0.00326,0.00599,0.00278,0.00411,0.00268,0.00628,0.00226,0.00349,0.00528,0.00276,0.00557,0.00407,0.00345,0.00307,0.00222,0.00165,0.00384,0.00246,0.00326,0.00403,0.00402,0.00349,0.00425,0.00423,0.00316,0.00236,0.0052,0.00489,0.00385,0.00358,0.00535,0.00253,0.00202,0.00568,0.00296,0.00459,0.00262,0.00402,0.00305,0.00373,0.00186,0.00162,0.00138,0.00321,0.00344,0.00136,0.00158,0.00316,0.00316,0.00203,0.00202,0.00245,0.00132,0.00153,0.00175,0.00173,0.00195,0.00282,0.00172,0.00215,0.00214,0.00149,0.00191,0.00253,0.00231,0.00147,0.00374,0.00187,0.00249,0.00165,0.00287,0.00264,0.00161,0.00159,0.00236,0.00137,0.0031,0.00233,0.00156,0.00233,0.00174,0.00154,0.00153,0.00171,0.00152,0.00151,0.00151,0.00226,0.00207,0.00208,0.00151,0.00151,0.00169,0.00114,0.00227,0.00152,0.00171,0.00229,0.00115,0.00114,0.00266,0.00151,0.00131,0.00187,0.00149,0.00167,0.00148,0.00166,0.00128,0.00165,0.00109,0.00218,0.00109,0.00127,0.00127,0.00109,0.00145,0.00146,0.00145,0.00128,0.00163,0.00145,0.00182,0.00183,0.00147,0.00111,0.0013,0.0013,0.00111,0.00241,0.00187,0.00113,0.00115,0.00172,0.00191,0.00115,0.00151]},"CONDITIONS_BY_TYPE":{"CONCEPT_NAME":"Observation recorded from EHR","COUNT_VALUE":2052},"AGE_AT_FIRST_DIAGNOSIS":{"CATEGORY":["MALE","FEMALE"],"MIN_VALUE":[0,0],"P10_VALUE":[1,1],"P25_VALUE":[2,2],"MEDIAN_VALUE":[4,4],"P75_VALUE":[6,8],"P90_VALUE":[16,27],"MAX_VALUE":[88,99]}}
