{"PREVALENCE_BY_GENDER_AGE_YEAR":{"TRELLIS_NAME":["50-59","40-49","40-49","50-59","40-49","60-69","50-59","60-69","30-39","50-59","40-49","20-29","30-39","60-69","40-49","50-59","20-29","30-39","60-69","40-49","50-59","20-29","40-49","30-39","50-59","60-69","60-69","30-39","50-59","40-49","20-29","40-49","30-39","60-69","50-59","40-49","30-39","60-69","50-59","20-29","50-59","20-29","40-49","30-39","60-69","30-39","60-69","20-29","40-49","50-59","60-69","30-39","20-29","50-59","40-49","50-59","20-29","30-39","60-69","40-49","60-69","50-59","30-39","40-49","20-29","40-49","50-59","60-69","30-39","30-39","50-59","40-49","60-69","60-69","50-59","30-39","40-49","30-39","60-69","40-49","20-29","50-59","30-39","50-59","60-69","40-49","50-59","40-49","30-39","30-39","50-59","60-69","40-49","40-49"],"SERIES_NAME":["FEMALE","FEMALE","FEMALE","FEMALE","FEMALE","FEMALE","FEMALE","FEMALE","FEMALE","FEMALE","FEMALE","FEMALE","FEMALE","FEMALE","FEMALE","FEMALE","FEMALE","FEMALE","FEMALE","FEMALE","FEMALE","FEMALE","FEMALE","FEMALE","FEMALE","FEMALE","FEMALE","FEMALE","FEMALE","FEMALE","FEMALE","FEMALE","FEMALE","FEMALE","FEMALE","FEMALE","FEMALE","FEMALE","FEMALE","FEMALE","FEMALE","FEMALE","FEMALE","FEMALE","FEMALE","FEMALE","FEMALE","FEMALE","FEMALE","FEMALE","FEMALE","FEMALE","FEMALE","FEMALE","FEMALE","FEMALE","FEMALE","FEMALE","FEMALE","FEMALE","FEMALE","FEMALE","FEMALE","FEMALE","FEMALE","FEMALE","FEMALE","FEMALE","FEMALE","FEMALE","FEMALE","FEMALE","FEMALE","FEMALE","FEMALE","FEMALE","FEMALE","FEMALE","FEMALE","FEMALE","FEMALE","FEMALE","FEMALE","FEMALE","FEMALE","FEMALE","FEMALE","FEMALE","FEMALE","FEMALE","FEMALE","FEMALE","FEMALE","FEMALE"],"X_CALENDAR_YEAR":[1997,1997,1998,1998,1999,1999,1999,2000,2000,2000,2000,2001,2001,2001,2001,2001,2002,2002,2002,2002,2002,2003,2003,2003,2003,2003,2004,2004,2004,2004,2004,2005,2005,2005,2005,2006,2006,2006,2006,2006,2007,2007,2007,2007,2007,2008,2008,2008,2008,2008,2009,2009,2009,2009,2009,2010,2010,2010,2010,2010,2011,2011,2011,2011,2012,2012,2012,2012,2012,2013,2013,2013,2013,2014,2014,2014,2014,2015,2015,2015,2015,2015,2016,2016,2016,2016,2017,2017,2017,2018,2018,2018,2018,2019],"Y_PREVALENCE_1000PP":[0.1182,0.07834,0.06006,0.12067,0.11659,0.05905,0.14133,0.0695,0.06162,0.20674,0.13423,0.03022,0.04502,0.10306,0.17829,0.30573,0.03063,0.06153,0.10072,0.19439,0.28795,0.03628,0.18328,0.0853,0.31862,0.12745,0.12704,0.08798,0.26704,0.18465,0.02641,0.26076,0.07847,0.12504,0.32005,0.16428,0.06608,0.10447,0.25675,0.01753,0.26334,0.01885,0.17842,0.06837,0.12088,0.11326,0.08257,0.01546,0.28864,0.25426,0.06456,0.10599,0.01778,0.26943,0.23639,0.21329,0.02028,0.07281,0.07228,0.18085,0.0578,0.17876,0.07933,0.20009,0.0197,0.15673,0.17716,0.06099,0.04478,0.0347,0.15272,0.10748,0.04858,0.04177,0.14403,0.05781,0.12884,0.05468,0.02445,0.0935,0.02031,0.08766,0.04049,0.09584,0.03773,0.06894,0.07177,0.10194,0.03306,0.0246,0.08064,0.03252,0.07615,0.02998]},"PREVALENCE_BY_MONTH":{"X_CALENDAR_MONTH":[199905,199907,199908,199911,199912,200002,200004,200005,200006,200007,200009,200010,200011,200012,200101,200102,200103,200104,200105,200106,200107,200108,200109,200110,200111,200112,200201,200202,200203,200204,200205,200206,200207,200208,200209,200210,200211,200212,200301,200302,200303,200304,200305,200306,200307,200308,200309,200310,200311,200312,200401,200402,200403,200404,200405,200406,200407,200408,200409,200410,200411,200412,200501,200502,200503,200504,200505,200506,200507,200508,200509,200510,200511,200512,200601,200602,200603,200604,200605,200606,200607,200608,200609,200610,200611,200612,200701,200702,200703,200704,200705,200706,200707,200708,200709,200710,200711,200712,200801,200802,200803,200804,200805,200806,200807,200808,200809,200810,200811,200812,200901,200902,200903,200904,200905,200906,200907,200908,200909,200910,200911,200912,201001,201002,201003,201004,201005,201006,201007,201008,201009,201010,201011,201012,201101,201102,201103,201104,201105,201106,201107,201108,201109,201110,201111,201112,201201,201202,201203,201204,201205,201206,201207,201208,201209,201210,201211,201212,201301,201302,201303,201304,201305,201306,201307,201308,201309,201310,201311,201312,201401,201402,201403,201404,201405,201406,201407,201408,201409,201410,201411,201412,201501,201502,201503,201504,201505,201506,201507,201508,201509,201510,201512,201601,201602,201603,201605,201606,201607,201608,201610,201612,201701,201703,201705,201706,201707,201708,201711,201802,201804,201807,201901,201903],"Y_PREVALENCE_1000PP":[0.00447,0.00373,0.00429,0.00373,0.00297,0.00314,0.00435,0.0043,0.00338,0.00375,0.00403,0.0044,0.00277,0.00313,0.00368,0.00435,0.00493,0.00313,0.00548,0.00369,0.00397,0.00517,0.00412,0.00528,0.00491,0.00182,0.00352,0.00581,0.00632,0.00419,0.00582,0.00303,0.00219,0.003,0.00516,0.00457,0.00456,0.00268,0.00611,0.00317,0.00447,0.00315,0.0047,0.00468,0.00463,0.00513,0.0069,0.00484,0.00456,0.00454,0.0042,0.00444,0.00483,0.00404,0.00449,0.00399,0.00583,0.00488,0.00624,0.00391,0.0039,0.00275,0.00453,0.00452,0.00362,0.00677,0.00563,0.00448,0.00445,0.00532,0.00681,0.00461,0.00525,0.00328,0.00519,0.00325,0.00433,0.00194,0.00387,0.00363,0.00492,0.0032,0.00446,0.00422,0.00336,0.00273,0.00353,0.00352,0.00518,0.00351,0.00409,0.00527,0.00362,0.00301,0.00558,0.00374,0.0041,0.00332,0.00503,0.00388,0.00525,0.0064,0.00581,0.00519,0.0067,0.00287,0.00723,0.0036,0.00341,0.00284,0.00434,0.00321,0.00678,0.00586,0.00396,0.0049,0.00414,0.00396,0.00432,0.00414,0.00491,0.00304,0.0036,0.00361,0.00438,0.00437,0.004,0.0042,0.00267,0.00343,0.00513,0.00245,0.00356,0.00244,0.00411,0.00261,0.00464,0.00204,0.00369,0.00387,0.00385,0.0033,0.00364,0.00236,0.00438,0.00201,0.00164,0.00309,0.00418,0.00291,0.00419,0.00218,0.00182,0.00309,0.00344,0.00327,0.00274,0.00221,0.00257,0.00221,0.00185,0.00389,0.00186,0.00241,0.00259,0.00186,0.00185,0.00224,0.00188,0.0023,0.00286,0.00248,0.0023,0.0023,0.00192,0.00233,0.00235,0.00217,0.00198,0.00243,0.00368,0.00207,0.00187,0.0023,0.00173,0.00216,0.00151,0.0018,0.0018,0.00202,0.0018,0.00233,0.00172,0.00148,0.00174,0.00174,0.00253,0.0018,0.0021,0.0016,0.00163,0.00164,0.00219,0.00227,0.002,0.00175,0.00175,0.00177,0.00211,0.00247,0.00216,0.00252,0.00361,0.00198]},"CONDITIONS_BY_TYPE":{"CONCEPT_NAME":"Observation recorded from EHR","COUNT_VALUE":3864},"AGE_AT_FIRST_DIAGNOSIS":{"CATEGORY":"FEMALE","MIN_VALUE":18,"P10_VALUE":36,"P25_VALUE":43,"MEDIAN_VALUE":49,"P75_VALUE":55,"P90_VALUE":60,"MAX_VALUE":90}}
