{"PREVALENCE_BY_GENDER_AGE_YEAR":{"TRELLIS_NAME":["50-59","30-39","40-49","30-39","60-69","30-39","40-49","70-79","50-59","60-69","30-39","40-49","30-39","40-49","30-39","30-39","50-59","40-49","60-69","50-59","30-39","20-29","10-19","50-59","60-69","40-49","40-49","20-29","10-19","30-39","50-59","40-49","50-59","20-29","70-79","30-39","60-69","50-59","30-39","30-39","20-29","40-49","20-29","40-49","50-59","70-79","30-39","30-39","60-69","10-19","70-79","50-59","40-49","70-79","50-59","20-29","40-49","60-69","30-39","40-49","20-29","70-79","30-39","60-69","50-59","60-69","10-19","40-49","50-59","50-59","30-39","60-69","20-29","40-49","50-59","10-19","10-19","20-29","30-39","40-49","40-49","30-39","40-49","20-29","50-59","60-69","70-79","20-29","30-39","40-49","50-59","20-29","0-9","30-39","40-49","50-59","60-69","30-39","40-49","60-69","0-9","50-59","20-29","50-59","40-49","30-39","40-49","40-49","30-39"],"SERIES_NAME":["FEMALE","FEMALE","FEMALE","MALE","FEMALE","FEMALE","FEMALE","FEMALE","FEMALE","FEMALE","FEMALE","FEMALE","FEMALE","FEMALE","FEMALE","FEMALE","FEMALE","FEMALE","FEMALE","FEMALE","FEMALE","FEMALE","FEMALE","MALE","FEMALE","FEMALE","FEMALE","FEMALE","MALE","FEMALE","FEMALE","FEMALE","FEMALE","FEMALE","FEMALE","FEMALE","FEMALE","FEMALE","MALE","FEMALE","FEMALE","FEMALE","FEMALE","FEMALE","FEMALE","FEMALE","FEMALE","FEMALE","FEMALE","FEMALE","FEMALE","FEMALE","FEMALE","FEMALE","FEMALE","FEMALE","FEMALE","FEMALE","FEMALE","FEMALE","FEMALE","FEMALE","FEMALE","FEMALE","FEMALE","MALE","MALE","MALE","MALE","FEMALE","FEMALE","FEMALE","FEMALE","FEMALE","FEMALE","MALE","FEMALE","FEMALE","FEMALE","FEMALE","FEMALE","FEMALE","MALE","FEMALE","FEMALE","FEMALE","FEMALE","FEMALE","FEMALE","FEMALE","FEMALE","FEMALE","FEMALE","FEMALE","FEMALE","FEMALE","FEMALE","FEMALE","FEMALE","FEMALE","FEMALE","FEMALE","FEMALE","FEMALE","FEMALE","FEMALE","FEMALE","FEMALE","FEMALE"],"X_CALENDAR_YEAR":[1996,1996,1996,1997,1997,1997,1997,1997,1997,1998,1998,1998,1999,1999,2000,2001,2001,2001,2001,2002,2002,2002,2002,2002,2002,2002,2003,2003,2003,2003,2003,2004,2004,2004,2004,2004,2005,2005,2005,2005,2005,2005,2006,2006,2006,2006,2006,2007,2007,2007,2007,2007,2007,2008,2008,2008,2008,2008,2008,2009,2009,2009,2009,2009,2009,2009,2009,2009,2009,2010,2010,2010,2010,2010,2011,2011,2011,2011,2011,2011,2012,2012,2012,2012,2012,2013,2013,2013,2013,2013,2013,2014,2014,2014,2014,2014,2014,2015,2015,2015,2015,2015,2016,2016,2016,2016,2017,2018,2018],"Y_PREVALENCE_1000PP":[0.16181,0.15508,0.13462,0.07656,0.11172,0.0994,0.20891,0.18316,0.19208,0.08458,0.12444,0.0901,0.05051,0.05487,0.03521,0.05195,0.04874,0.03317,0.03637,0.05448,0.03692,0.03829,0.03621,0.02268,0.04771,0.0504,0.04665,0.0399,0.02522,0.04412,0.07691,0.0417,0.0338,0.03961,0.04394,0.03574,0.04168,0.04203,0.02101,0.03247,0.03754,0.07851,0.02337,0.04505,0.04697,0.03575,0.05022,0.04558,0.02072,0.02863,0.03789,0.01775,0.03422,0.04602,0.06068,0.03351,0.03549,0.06936,0.02265,0.04447,0.02541,0.02736,0.0429,0.02905,0.03726,0.02623,0.01844,0.01342,0.01671,0.03929,0.03264,0.02514,0.05323,0.05565,0.03521,0.02422,0.02292,0.02224,0.03223,0.02274,0.02996,0.02239,0.01559,0.01478,0.04832,0.02429,0.02623,0.01727,0.01983,0.01869,0.0316,0.01573,0.0187,0.03153,0.02021,0.02989,0.02892,0.0259,0.01983,0.02795,0.03077,0.02045,0.02783,0.02054,0.02413,0.02024,0.02353,0.02688,0.0246]},"PREVALENCE_BY_MONTH":{"X_CALENDAR_MONTH":[199607,199609,199610,199611,199612,199701,199702,199703,199704,199706,199707,199710,199712,199801,199803,199804,199806,199811,199903,199904,199905,200011,200012,200101,200105,200108,200111,200112,200201,200202,200203,200204,200205,200210,200212,200302,200303,200304,200306,200307,200308,200309,200310,200311,200312,200401,200402,200404,200405,200408,200410,200411,200412,200501,200502,200503,200504,200505,200506,200508,200509,200510,200511,200512,200601,200602,200603,200604,200605,200606,200611,200703,200704,200705,200710,200711,200712,200801,200802,200803,200804,200805,200807,200808,200809,200810,200811,200812,200901,200902,200903,200904,200905,200906,200907,200909,200910,200911,200912,201001,201002,201003,201004,201005,201006,201007,201008,201010,201011,201012,201101,201103,201104,201106,201109,201110,201111,201112,201201,201202,201203,201204,201205,201208,201209,201212,201301,201302,201304,201305,201311,201312,201402,201409,201410,201411,201412,201501,201502,201503,201504,201505,201510,201511,201602,201603,201606,201612,201702,201711,201712,201801,201802],"Y_PREVALENCE_1000PP":[0.02086,0.01662,0.01084,0.01864,0.01695,0.02018,0.00885,0.00999,0.00718,0.01202,0.00845,0.00811,0.01257,0.01516,0.00827,0.00568,0.00567,0.00662,0.00597,0.00389,0.00574,0.00238,0.00273,0.00331,0.00205,0.00226,0.00399,0.00365,0.00264,0.00291,0.00172,0.00279,0.00249,0.00242,0.00483,0.00211,0.00263,0.00236,0.00286,0.00154,0.00282,0.0023,0.00356,0.00228,0.00278,0.00173,0.00197,0.00167,0.00142,0.00163,0.00368,0.00206,0.00321,0.00204,0.00249,0.00226,0.00316,0.0036,0.00224,0.00155,0.00154,0.00241,0.00175,0.00241,0.00411,0.00217,0.00347,0.00302,0.00279,0.00171,0.00189,0.00166,0.00165,0.00123,0.00197,0.00254,0.00351,0.00232,0.00272,0.00156,0.00136,0.00155,0.00172,0.00134,0.00133,0.0019,0.00246,0.00416,0.00264,0.0017,0.00188,0.0017,0.00189,0.00113,0.0015,0.00131,0.00358,0.00264,0.00228,0.0017,0.00114,0.00171,0.00171,0.00191,0.00153,0.00134,0.00153,0.00207,0.00206,0.00263,0.00299,0.00148,0.00111,0.00166,0.00109,0.00164,0.00128,0.00164,0.00127,0.00127,0.00145,0.00109,0.00237,0.00127,0.00109,0.00258,0.00128,0.00147,0.00111,0.00167,0.00188,0.0023,0.00191,0.00139,0.00202,0.00163,0.00249,0.00166,0.00209,0.00151,0.00173,0.00173,0.00209,0.00237,0.00299,0.00174,0.00206,0.00164,0.00196,0.00211,0.00213,0.00185,0.00185]},"CONDITIONS_BY_TYPE":{"CONCEPT_NAME":"Observation recorded from EHR","COUNT_VALUE":1888},"AGE_AT_FIRST_DIAGNOSIS":{"CATEGORY":["MALE","FEMALE"],"MIN_VALUE":[0,0],"P10_VALUE":[5,19],"P25_VALUE":[18,31],"MEDIAN_VALUE":[42,44],"P75_VALUE":[59,58],"P90_VALUE":[75,72],"MAX_VALUE":[96,98]}}
