{"PREVALENCE_BY_GENDER_AGE_YEAR":{"TRELLIS_NAME":["60-69","60-69","30-39","70-79","50-59","80-89","70-79","50-59","90-99","40-49","30-39","80-89","60-69","40-49","60-69","90-99","30-39","80-89","90-99","90-99","40-49","60-69","50-59","80-89","70-79","30-39","60-69","20-29","70-79","50-59","40-49","80-89","40-49","70-79","80-89","50-59","50-59","70-79","30-39","30-39","90-99","60-69","40-49","60-69","90-99","90-99","70-79","30-39","80-89","90-99","60-69","60-69","30-39","20-29","70-79","50-59","40-49","50-59","40-49","80-89","50-59","80-89","40-49","60-69","40-49","80-89","90-99","30-39","50-59","30-39","60-69","90-99","70-79","70-79","30-39","70-79","60-69","40-49","90-99","60-69","80-89","80-89","50-59","50-59","40-49","90-99","30-39","70-79","50-59","50-59","80-89","80-89","60-69","40-49","90-99","90-99","70-79","70-79","60-69"],"SERIES_NAME":["FEMALE","MALE","MALE","FEMALE","FEMALE","MALE","MALE","MALE","FEMALE","FEMALE","FEMALE","FEMALE","FEMALE","MALE","MALE","MALE","MALE","FEMALE","MALE","FEMALE","MALE","MALE","FEMALE","MALE","FEMALE","FEMALE","FEMALE","MALE","MALE","MALE","FEMALE","FEMALE","MALE","MALE","MALE","FEMALE","MALE","FEMALE","MALE","FEMALE","MALE","MALE","FEMALE","FEMALE","FEMALE","MALE","MALE","MALE","FEMALE","FEMALE","FEMALE","MALE","FEMALE","MALE","FEMALE","MALE","MALE","FEMALE","FEMALE","MALE","FEMALE","MALE","FEMALE","MALE","MALE","FEMALE","FEMALE","FEMALE","MALE","MALE","FEMALE","MALE","MALE","FEMALE","FEMALE","MALE","FEMALE","FEMALE","MALE","MALE","MALE","FEMALE","FEMALE","MALE","MALE","FEMALE","MALE","FEMALE","FEMALE","MALE","FEMALE","MALE","MALE","MALE","FEMALE","MALE","FEMALE","MALE","FEMALE"],"X_CALENDAR_YEAR":[2012,2012,2013,2013,2013,2013,2013,2013,2013,2013,2013,2013,2013,2013,2013,2013,2014,2014,2014,2014,2014,2014,2014,2014,2014,2014,2014,2014,2014,2014,2014,2015,2015,2015,2015,2015,2015,2015,2015,2015,2015,2015,2015,2015,2015,2016,2016,2016,2016,2016,2016,2016,2016,2016,2016,2016,2016,2016,2016,2016,2017,2017,2017,2017,2017,2017,2017,2017,2017,2017,2017,2017,2017,2017,2018,2018,2018,2018,2018,2018,2018,2018,2018,2018,2018,2018,2018,2018,2019,2019,2019,2019,2019,2019,2019,2019,2019,2019,2019],"Y_PREVALENCE_1000PP":[0.0183,0.01882,0.02716,1.30255,0.21592,2.06724,1.74079,0.36715,1.01684,0.09813,0.03717,1.44105,0.5404,0.13327,0.82857,1.75829,0.03681,2.34895,2.73159,1.22255,0.13216,1.22277,0.3723,3.47865,1.64232,0.0289,0.64905,0.01655,2.51839,0.49236,0.12126,2.59103,0.17886,3.08562,3.99589,0.37111,0.61306,1.88412,0.05761,0.04892,1.94357,1.42128,0.11333,0.88728,1.69921,2.47562,3.06542,0.07109,2.60647,1.9479,0.98528,1.46428,0.06073,0.02911,1.9129,0.69103,0.16687,0.40391,0.14477,4.66838,0.34372,4.80602,0.10979,1.5715,0.19275,2.83142,2.30223,0.02939,0.53967,0.048,0.83295,3.22718,2.70304,1.78804,0.0369,2.39943,0.66125,0.10751,2.92618,1.3087,4.00047,2.03383,0.27588,0.53316,0.13323,2.22317,0.02463,1.28263,0.05965,0.11358,0.47872,0.95973,0.31484,0.04818,0.62518,1.34381,0.33219,0.54414,0.22135]},"PREVALENCE_BY_MONTH":{"X_CALENDAR_MONTH":[201211,201212,201301,201302,201303,201304,201305,201306,201307,201308,201309,201310,201311,201312,201401,201402,201403,201404,201405,201406,201407,201408,201409,201410,201411,201412,201501,201502,201503,201504,201505,201506,201507,201508,201509,201510,201511,201512,201601,201602,201603,201604,201605,201606,201607,201608,201609,201610,201611,201612,201701,201702,201703,201704,201705,201706,201707,201708,201709,201710,201711,201712,201801,201802,201803,201804,201805,201806,201807,201808,201809,201810,201811,201812,201901,201902,201903],"Y_PREVALENCE_1000PP":[0.0011,0.00147,0.0033,0.00866,0.03129,0.01684,0.02766,0.03696,0.04633,0.03304,0.03798,0.04209,0.04726,0.03514,0.04393,0.04102,0.04632,0.04157,0.04004,0.04127,0.04857,0.03651,0.05016,0.04792,0.05414,0.05454,0.06123,0.05161,0.05351,0.04496,0.04539,0.05606,0.05194,0.05776,0.06657,0.05539,0.07334,0.05362,0.06085,0.08061,0.09145,0.04548,0.05488,0.06302,0.04699,0.04969,0.06408,0.04561,0.07528,0.04299,0.05778,0.06049,0.08165,0.04761,0.05591,0.05742,0.06522,0.05769,0.05492,0.04767,0.06392,0.03563,0.04906,0.05408,0.04788,0.03673,0.04226,0.04029,0.0577,0.04581,0.03961,0.04884,0.04566,0.03519,0.03707,0.04558,0.04194]},"CONDITIONS_BY_TYPE":{"CONCEPT_NAME":"Observation recorded from EHR","COUNT_VALUE":15106},"AGE_AT_FIRST_DIAGNOSIS":{"CATEGORY":["MALE","FEMALE"],"MIN_VALUE":[16,17],"P10_VALUE":[53,54],"P25_VALUE":[62,64],"MEDIAN_VALUE":[71,74],"P75_VALUE":[79,81],"P90_VALUE":[84,87],"MAX_VALUE":[100,105]}}
