{"PREVALENCE_BY_GENDER_AGE_YEAR":{"TRELLIS_NAME":["50-59","50-59","60-69","60-69","60-69","70-79","50-59","80-89","70-79","60-69","60-69","70-79","70-79"],"SERIES_NAME":["FEMALE","FEMALE","FEMALE","MALE","FEMALE","MALE","FEMALE","FEMALE","FEMALE","FEMALE","MALE","MALE","FEMALE"],"X_CALENDAR_YEAR":[2000,2001,2002,2003,2003,2003,2004,2005,2006,2008,2009,2011,2014],"Y_PREVALENCE_1000PP":[0.03446,0.03102,0.0318,0.03983,0.03431,0.06475,0.02028,0.04857,0.03575,0.02312,0.01967,0.03072,0.02692]},"PREVALENCE_BY_MONTH":{"X_CALENDAR_MONTH":[200006,200011,200012,200210,200301,200308,200310,200312,200407,200510,200707,200812,200901,201606],"Y_PREVALENCE_1000PP":[0.00338,0.00317,0.00234,0.00161,0.00186,0.0018,0.00255,0.00202,0.00163,0.00154,0.00141,0.00132,0.00132,0.0018]},"CONDITIONS_BY_TYPE":{"CONCEPT_NAME":"Observation recorded from EHR","COUNT_VALUE":646},"AGE_AT_FIRST_DIAGNOSIS":{"CATEGORY":["FEMALE","MALE"],"MIN_VALUE":[20,21],"P10_VALUE":[37,39],"P25_VALUE":[52,51],"MEDIAN_VALUE":[65,63],"P75_VALUE":[74,72],"P90_VALUE":[81,79],"MAX_VALUE":[94,90]}}
