{"PREVALENCE_BY_GENDER_AGE_YEAR":{"TRELLIS_NAME":["30-39","30-39","20-29","40-49","20-29","30-39","10-19","20-29","30-39","40-49","30-39","20-29","20-29","20-29","40-49","30-39","20-29","20-29","20-29","30-39","20-29","30-39","20-29","30-39"],"SERIES_NAME":["MALE","MALE","MALE","MALE","MALE","MALE","MALE","MALE","MALE","FEMALE","MALE","MALE","MALE","MALE","MALE","MALE","MALE","MALE","MALE","MALE","MALE","MALE","MALE","MALE"],"X_CALENDAR_YEAR":[2001,2003,2003,2004,2006,2006,2007,2008,2008,2009,2009,2009,2011,2012,2012,2013,2013,2014,2015,2015,2016,2017,2017,2018],"Y_PREVALENCE_1000PP":[0.02029,0.02295,0.02646,0.03116,0.02124,0.01537,0.0224,0.0187,0.0171,0.01404,0.01475,0.02107,0.02313,0.02826,0.02228,0.01481,0.02063,0.02482,0.01824,0.02304,0.03275,0.02215,0.02837,0.02463]},"PREVALENCE_BY_MONTH":{"X_CALENDAR_MONTH":[200309,200710,200801,200802,200903,200907,201211,201304,201509],"Y_PREVALENCE_1000PP":[0.00153,0.00138,0.00174,0.00116,0.00113,0.00132,0.0011,0.0013,0.00157]},"CONDITIONS_BY_TYPE":{"CONCEPT_NAME":"Observation recorded from EHR","COUNT_VALUE":610},"AGE_AT_FIRST_DIAGNOSIS":{"CATEGORY":["MALE","FEMALE"],"MIN_VALUE":[5,12],"P10_VALUE":[20,22],"P25_VALUE":[24,30],"MEDIAN_VALUE":[34,41],"P75_VALUE":[46,52],"P90_VALUE":[55,62],"MAX_VALUE":[79,83]}}
