{"PREVALENCE_BY_GENDER_AGE_YEAR":{"TRELLIS_NAME":["50-59","30-39","20-29","40-49","50-59","20-29","30-39","40-49","20-29","40-49","60-69","30-39","40-49","50-59","50-59","20-29","40-49","60-69","30-39","50-59","40-49","30-39","60-69","50-59","40-49","20-29","20-29","30-39","50-59","30-39","60-69","40-49","40-49","20-29","50-59","20-29","40-49","60-69","50-59","40-49","60-69","30-39","50-59","40-49","20-29","40-49","30-39","60-69","50-59","60-69","40-49","30-39","20-29","30-39","20-29","50-59","30-39","40-49","30-39","50-59","20-29","40-49","40-49","40-49","40-49","30-39","50-59"],"SERIES_NAME":["FEMALE","FEMALE","FEMALE","FEMALE","FEMALE","FEMALE","FEMALE","FEMALE","FEMALE","MALE","FEMALE","FEMALE","FEMALE","FEMALE","MALE","FEMALE","MALE","FEMALE","FEMALE","FEMALE","FEMALE","FEMALE","FEMALE","FEMALE","FEMALE","FEMALE","MALE","FEMALE","FEMALE","MALE","FEMALE","FEMALE","MALE","FEMALE","MALE","FEMALE","FEMALE","FEMALE","FEMALE","MALE","MALE","FEMALE","FEMALE","MALE","FEMALE","FEMALE","FEMALE","MALE","FEMALE","FEMALE","FEMALE","FEMALE","FEMALE","MALE","FEMALE","FEMALE","FEMALE","FEMALE","FEMALE","FEMALE","FEMALE","FEMALE","MALE","MALE","FEMALE","FEMALE","FEMALE"],"X_CALENDAR_YEAR":[2007,2007,2007,2007,2008,2008,2008,2008,2009,2009,2009,2009,2009,2009,2010,2010,2010,2010,2010,2010,2010,2011,2011,2011,2011,2011,2012,2012,2012,2012,2012,2012,2012,2012,2013,2013,2013,2013,2013,2013,2013,2013,2014,2014,2014,2014,2014,2015,2015,2015,2015,2015,2015,2015,2016,2016,2016,2016,2017,2017,2017,2017,2017,2018,2018,2018,2018],"Y_PREVALENCE_1000PP":[0.02367,0.01773,0.01885,0.01466,0.02889,0.01804,0.02517,0.02129,0.02032,0.01342,0.02905,0.02776,0.03511,0.02006,0.01911,0.02028,0.01332,0.01886,0.02511,0.03368,0.04174,0.04462,0.01825,0.0325,0.02728,0.03213,0.01542,0.03981,0.04563,0.02215,0.02135,0.0484,0.02228,0.02463,0.0181,0.04933,0.03972,0.02429,0.06846,0.02711,0.02189,0.03222,0.02718,0.02203,0.03409,0.05558,0.01839,0.02886,0.03799,0.03144,0.03117,0.03453,0.04353,0.02016,0.02783,0.02738,0.03374,0.04481,0.02571,0.02266,0.03503,0.04313,0.02646,0.03868,0.04032,0.0246,0.03395]},"PREVALENCE_BY_MONTH":{"X_CALENDAR_MONTH":[200704,200705,200706,200802,200803,200810,200812,200901,200903,200904,200905,200907,200909,200910,200911,201001,201004,201005,201006,201008,201010,201011,201012,201101,201102,201103,201104,201105,201106,201107,201108,201109,201110,201111,201201,201202,201203,201205,201207,201208,201209,201210,201211,201212,201302,201303,201304,201305,201306,201307,201308,201309,201310,201311,201312,201401,201403,201405,201406,201407,201408,201409,201410,201411,201501,201502,201503,201505,201506,201507,201508,201509,201510,201602,201604,201607,201609,201611,201612,201701,201703,201704,201801,201802,201811,201901],"Y_PREVALENCE_1000PP":[0.00144,0.00143,0.00122,0.00175,0.00117,0.00114,0.00114,0.0017,0.00188,0.00113,0.00151,0.0015,0.00113,0.00188,0.00132,0.00114,0.00133,0.00229,0.0021,0.00153,0.00113,0.00187,0.00131,0.00112,0.00168,0.0013,0.00111,0.00184,0.00129,0.00165,0.00165,0.00182,0.00109,0.00146,0.00127,0.00146,0.00236,0.00291,0.00128,0.00109,0.00308,0.00327,0.00165,0.00129,0.00258,0.00185,0.0013,0.00186,0.00241,0.00241,0.00186,0.00296,0.00187,0.00245,0.00211,0.00153,0.00115,0.0023,0.00194,0.00176,0.00138,0.00178,0.00121,0.00225,0.00311,0.00251,0.00129,0.00151,0.00225,0.0018,0.00135,0.00202,0.00256,0.00199,0.00225,0.0021,0.00214,0.00246,0.00164,0.00246,0.00255,0.00228,0.00185,0.00216,0.0023,0.00295]},"CONDITIONS_BY_TYPE":{"CONCEPT_NAME":"Observation recorded from EHR","COUNT_VALUE":1030},"AGE_AT_FIRST_DIAGNOSIS":{"CATEGORY":["MALE","FEMALE"],"MIN_VALUE":[12,11],"P10_VALUE":[25,24],"P25_VALUE":[38,30],"MEDIAN_VALUE":[45,43],"P75_VALUE":[58,54],"P90_VALUE":[68,64],"MAX_VALUE":[84,88]}}
