{"PREVALENCE_BY_GENDER_AGE_YEAR":{"TRELLIS_NAME":["40-49","50-59","40-49","50-59","30-39","40-49","40-49","30-39","50-59","30-39","40-49","40-49","40-49","40-49","50-59","40-49","40-49","50-59","40-49","50-59","50-59","40-49","40-49","40-49","40-49","50-59","50-59","40-49","30-39","40-49","40-49","50-59","40-49","30-39","50-59","40-49","50-59","40-49","50-59","50-59","40-49","40-49","40-49","40-49","50-59","40-49"],"SERIES_NAME":["MALE","MALE","MALE","MALE","FEMALE","MALE","FEMALE","FEMALE","MALE","MALE","MALE","FEMALE","MALE","MALE","MALE","FEMALE","MALE","FEMALE","FEMALE","FEMALE","MALE","MALE","MALE","FEMALE","FEMALE","FEMALE","MALE","MALE","FEMALE","FEMALE","MALE","MALE","MALE","FEMALE","MALE","MALE","MALE","FEMALE","MALE","FEMALE","FEMALE","FEMALE","MALE","FEMALE","MALE","FEMALE"],"X_CALENDAR_YEAR":[1999,2000,2000,2001,2001,2002,2003,2003,2003,2004,2004,2005,2005,2006,2006,2007,2007,2007,2008,2008,2008,2008,2009,2009,2010,2010,2010,2010,2011,2011,2011,2011,2012,2012,2012,2013,2013,2013,2014,2014,2014,2015,2015,2016,2016,2017],"Y_PREVALENCE_1000PP":[0.03943,0.06144,0.0409,0.03878,0.02424,0.02056,0.02999,0.01765,0.02492,0.0321,0.01983,0.02243,0.01863,0.03266,0.01825,0.01711,0.02089,0.02367,0.01893,0.01734,0.02815,0.02026,0.02236,0.01872,0.01623,0.02526,0.01911,0.01332,0.01487,0.02046,0.01749,0.02119,0.02005,0.01493,0.01577,0.01355,0.02068,0.02336,0.01873,0.02174,0.02526,0.02833,0.02477,0.03102,0.02023,0.02745]},"PREVALENCE_BY_MONTH":{"X_CALENDAR_MONTH":[200410,200412,200509,200602,200603,200609,200611,200708,200807,200810,200906,200907,201009,201101,201106,201211,201307,201401,201404,201604],"Y_PREVALENCE_1000PP":[0.00138,0.0016,0.00132,0.0013,0.0013,0.00149,0.00126,0.00141,0.00134,0.00114,0.00113,0.00113,0.00114,0.00112,0.0011,0.0011,0.00204,0.00134,0.00115,0.0015]},"CONDITIONS_BY_TYPE":{"CONCEPT_NAME":"Observation recorded from EHR","COUNT_VALUE":795},"AGE_AT_FIRST_DIAGNOSIS":{"CATEGORY":["MALE","FEMALE"],"MIN_VALUE":[23,5],"P10_VALUE":[36,34],"P25_VALUE":[42,40],"MEDIAN_VALUE":[49,46],"P75_VALUE":[56,54],"P90_VALUE":[63,63],"MAX_VALUE":[84,81]}}
