{"PREVALENCE_BY_GENDER_AGE_YEAR":{"TRELLIS_NAME":["10-19","10-19","20-29","20-29","10-19","20-29","10-19","30-39","20-29","30-39","40-49","10-19","10-19","30-39","20-29","30-39","10-19","20-29","10-19","20-29","40-49","20-29","30-39","10-19","10-19","20-29","40-49","30-39","40-49","20-29","10-19","10-19","20-29","10-19","20-29","40-49","20-29","10-19","10-19","20-29","10-19","20-29","10-19","20-29","20-29","10-19","10-19","20-29"],"SERIES_NAME":["MALE","MALE","MALE","MALE","MALE","MALE","MALE","MALE","MALE","MALE","MALE","MALE","MALE","MALE","MALE","MALE","MALE","MALE","MALE","MALE","MALE","MALE","MALE","MALE","MALE","MALE","MALE","MALE","MALE","MALE","MALE","MALE","MALE","MALE","MALE","MALE","MALE","MALE","MALE","MALE","MALE","MALE","MALE","MALE","MALE","MALE","MALE","MALE"],"X_CALENDAR_YEAR":[2000,2001,2001,2002,2002,2003,2003,2003,2004,2004,2004,2004,2005,2005,2005,2006,2006,2006,2007,2007,2008,2008,2008,2008,2009,2009,2009,2009,2010,2010,2010,2011,2011,2012,2012,2012,2013,2013,2014,2014,2015,2015,2016,2016,2017,2017,2018,2018],"Y_PREVALENCE_1000PP":[0.04096,0.05212,0.03611,0.0319,0.05429,0.03402,0.07985,0.02295,0.04794,0.02675,0.01699,0.06794,0.06853,0.02627,0.01942,0.01537,0.05839,0.03034,0.05759,0.02513,0.01351,0.04541,0.01954,0.06818,0.06146,0.02107,0.02012,0.01475,0.01332,0.0447,0.03065,0.06055,0.0257,0.05199,0.04111,0.01337,0.0361,0.04893,0.09714,0.03033,0.06711,0.03648,0.05451,0.04002,0.03242,0.05553,0.06201,0.05078]},"PREVALENCE_BY_MONTH":{"X_CALENDAR_MONTH":[200208,200301,200305,200306,200309,200310,200403,200407,200409,200410,200412,200504,200601,200604,200606,200607,200610,200705,200711,200801,200802,200803,200804,200805,200807,200808,200810,200901,200903,200905,200906,200907,200908,200909,201003,201004,201010,201011,201103,201108,201109,201110,201112,201201,201202,201208,201211,201303,201305,201307,201310,201401,201403,201404,201405,201406,201409,201410,201503,201504,201505,201508,201603,201605,201703,201801,201810],"Y_PREVALENCE_1000PP":[0.00164,0.00186,0.00157,0.00182,0.00204,0.00153,0.00145,0.00233,0.00301,0.00184,0.0016,0.00226,0.0013,0.00129,0.0015,0.00128,0.00211,0.00143,0.00156,0.00174,0.00136,0.00156,0.00213,0.00232,0.00115,0.00134,0.00114,0.00151,0.00132,0.00113,0.00132,0.00113,0.00151,0.00113,0.00171,0.00133,0.00151,0.00112,0.00111,0.00128,0.00127,0.00109,0.00109,0.00127,0.00109,0.00145,0.00183,0.00111,0.00111,0.00148,0.00187,0.00115,0.00191,0.00153,0.00115,0.00116,0.00139,0.00182,0.00129,0.00151,0.00151,0.00157,0.0015,0.00278,0.00198,0.00216,0.00195]},"CONDITIONS_BY_TYPE":{"CONCEPT_NAME":"Observation recorded from EHR","COUNT_VALUE":1087},"AGE_AT_FIRST_DIAGNOSIS":{"CATEGORY":["FEMALE","MALE"],"MIN_VALUE":[2,2],"P10_VALUE":[10,12],"P25_VALUE":[19,15],"MEDIAN_VALUE":[41,21],"P75_VALUE":[65,35],"P90_VALUE":[82,52],"MAX_VALUE":[97,94]}}
