{"PREVALENCE_BY_GENDER_AGE_YEAR":{"TRELLIS_NAME":["50-59","30-39","40-49","60-69","70-79","30-39","50-59","80-89","60-69","40-49","50-59","60-69","20-29","50-59","60-69","50-59","20-29"],"SERIES_NAME":["FEMALE","FEMALE","FEMALE","FEMALE","FEMALE","FEMALE","MALE","FEMALE","FEMALE","FEMALE","FEMALE","FEMALE","MALE","FEMALE","FEMALE","FEMALE","FEMALE"],"X_CALENDAR_YEAR":[2003,2008,2009,2009,2009,2009,2009,2010,2010,2010,2011,2011,2012,2012,2013,2014,2017],"Y_PREVALENCE_1000PP":[0.02564,0.02265,0.01404,0.03551,0.03192,0.02019,0.01671,0.04163,0.022,0.01623,0.02438,0.03346,0.01798,0.01611,0.01822,0.01631,0.02335]},"PREVALENCE_BY_MONTH":{"X_CALENDAR_MONTH":[200205,200708,200801,200803,200806,200901,200903,200905,200906,200907,200908,201008,201011,201106,201204,201205,201206,201207,201210,201211,201303,201304,201307,201407,201410,201412,201501,201504,201509,201607,201610,201703],"Y_PREVALENCE_1000PP":[0.00166,0.00121,0.00116,0.00117,0.00134,0.00132,0.00113,0.00151,0.00132,0.00132,0.0017,0.00172,0.00112,0.00129,0.00109,0.00182,0.00109,0.00109,0.00163,0.00146,0.00111,0.00111,0.0013,0.00137,0.00121,0.00187,0.00125,0.0013,0.00157,0.00158,0.00163,0.00227]},"CONDITIONS_BY_TYPE":{"CONCEPT_NAME":"Observation recorded from EHR","COUNT_VALUE":824},"AGE_AT_FIRST_DIAGNOSIS":{"CATEGORY":["FEMALE","MALE"],"MIN_VALUE":[9,7],"P10_VALUE":[27,22],"P25_VALUE":[38,34],"MEDIAN_VALUE":[55,54],"P75_VALUE":[68,69],"P90_VALUE":[80,79],"MAX_VALUE":[97,92]}}
