{"PREVALENCE_BY_GENDER_AGE_YEAR":{"TRELLIS_NAME":["40-49","40-49","50-59","60-69","50-59","40-49","40-49","60-69","50-59","50-59","30-39","30-39","70-79","60-69","30-39","60-69","50-59","50-59","30-39","60-69","40-49","50-59","50-59","30-39","60-69","50-59","40-49","70-79","40-49","30-39","50-59","40-49","40-49","30-39","30-39","40-49","40-49"],"SERIES_NAME":["FEMALE","MALE","MALE","FEMALE","FEMALE","MALE","FEMALE","FEMALE","MALE","FEMALE","FEMALE","MALE","FEMALE","FEMALE","FEMALE","MALE","MALE","FEMALE","FEMALE","FEMALE","FEMALE","FEMALE","FEMALE","FEMALE","MALE","FEMALE","FEMALE","FEMALE","FEMALE","MALE","MALE","MALE","FEMALE","FEMALE","FEMALE","FEMALE","FEMALE"],"X_CALENDAR_YEAR":[1999,2002,2002,2003,2003,2003,2004,2005,2005,2006,2006,2006,2006,2007,2007,2008,2008,2008,2008,2008,2009,2009,2010,2011,2011,2011,2011,2012,2012,2013,2013,2013,2013,2014,2015,2015,2018],"Y_PREVALENCE_1000PP":[0.04801,0.02056,0.02268,0.04902,0.0293,0.01902,0.01787,0.02501,0.01884,0.02192,0.01586,0.01537,0.03064,0.02072,0.01519,0.02007,0.0197,0.02023,0.01762,0.02973,0.01404,0.03153,0.02245,0.01983,0.02496,0.01896,0.02046,0.02675,0.01844,0.01481,0.01551,0.01355,0.01402,0.01577,0.02302,0.017,0.03136]},"PREVALENCE_BY_MONTH":{"X_CALENDAR_MONTH":[200110,200207,200209,200210,200302,200303,200306,200311,200402,200406,200503,200505,200510,200602,200605,200606,200609,200611,200703,200709,200710,200801,200802,200805,200807,200906,200907,200910,201006,201103,201105,201106,201108,201110,201111,201201,201211,201307,201407,201501,201507,201509],"Y_PREVALENCE_1000PP":[0.00186,0.00165,0.0019,0.00161,0.00185,0.00158,0.00156,0.00177,0.00173,0.00164,0.00136,0.00135,0.00154,0.0013,0.00129,0.00128,0.00127,0.00126,0.00166,0.0012,0.00118,0.00155,0.00136,0.00194,0.00191,0.00113,0.0015,0.00132,0.00115,0.00111,0.00166,0.0011,0.00147,0.00127,0.00109,0.00127,0.00128,0.00148,0.00118,0.00125,0.00157,0.00202]},"CONDITIONS_BY_TYPE":{"CONCEPT_NAME":"Observation recorded from EHR","COUNT_VALUE":906},"AGE_AT_FIRST_DIAGNOSIS":{"CATEGORY":["FEMALE","MALE"],"MIN_VALUE":[9,6],"P10_VALUE":[30,31],"P25_VALUE":[40,40],"MEDIAN_VALUE":[51,51],"P75_VALUE":[63,63],"P90_VALUE":[73,73],"MAX_VALUE":[91,95]}}
