{"PREVALENCE_BY_GENDER_AGE_YEAR":{"TRELLIS_NAME":["80-89","70-79","80-89","60-69","70-79","60-69","60-69","40-49","50-59","50-59","70-79","80-89","90-99","80-89","70-79","50-59","60-69","50-59","70-79","60-69","80-89","80-89","90-99","90-99","70-79","80-89","40-49","70-79","80-89","90-99","60-69","90-99","50-59","50-59","70-79","60-69","50-59","90-99","40-49","60-69","80-89","90-99","70-79","50-59","80-89","60-69","70-79","80-89","50-59","60-69","70-79","80-89","50-59","70-79","90-99","40-49","90-99","60-69","90-99","40-49","80-89","80-89","60-69","70-79","50-59","90-99","70-79","60-69","40-49","50-59","80-89","50-59","60-69","80-89","90-99","60-69","40-49","70-79","70-79","90-99","50-59","70-79","80-89","90-99","80-89","90-99","50-59","60-69","40-49","50-59","70-79","40-49","60-69","70-79","60-69","50-59","60-69","70-79","80-89","80-89"],"SERIES_NAME":["FEMALE","FEMALE","MALE","MALE","MALE","MALE","FEMALE","MALE","MALE","FEMALE","FEMALE","MALE","FEMALE","FEMALE","MALE","MALE","FEMALE","FEMALE","FEMALE","MALE","MALE","FEMALE","MALE","FEMALE","MALE","FEMALE","MALE","MALE","MALE","FEMALE","MALE","MALE","FEMALE","MALE","FEMALE","FEMALE","FEMALE","MALE","FEMALE","MALE","FEMALE","FEMALE","FEMALE","MALE","MALE","FEMALE","MALE","FEMALE","FEMALE","MALE","MALE","MALE","MALE","FEMALE","FEMALE","FEMALE","MALE","FEMALE","FEMALE","FEMALE","FEMALE","MALE","FEMALE","MALE","MALE","MALE","FEMALE","MALE","MALE","FEMALE","FEMALE","MALE","FEMALE","MALE","MALE","MALE","MALE","FEMALE","MALE","FEMALE","FEMALE","FEMALE","MALE","FEMALE","FEMALE","MALE","FEMALE","FEMALE","MALE","MALE","MALE","FEMALE","MALE","FEMALE","FEMALE","MALE","MALE","MALE","MALE","FEMALE"],"X_CALENDAR_YEAR":[2010,2010,2010,2010,2010,2011,2011,2011,2011,2011,2011,2011,2011,2011,2011,2012,2012,2012,2012,2012,2012,2012,2012,2012,2012,2013,2013,2013,2013,2013,2013,2013,2013,2013,2013,2013,2014,2014,2014,2014,2014,2014,2014,2014,2014,2014,2014,2015,2015,2015,2015,2015,2015,2015,2015,2015,2015,2015,2016,2016,2016,2016,2016,2016,2016,2016,2016,2016,2016,2016,2017,2017,2017,2017,2017,2017,2017,2017,2017,2017,2017,2018,2018,2018,2018,2018,2018,2018,2018,2018,2018,2018,2018,2019,2019,2019,2019,2019,2019,2019],"Y_PREVALENCE_1000PP":[0.14572,0.14971,0.13004,0.02565,0.10443,0.09046,0.09126,0.0153,0.03443,0.04334,0.34418,0.57845,0.19725,0.57023,0.36347,0.0552,0.12808,0.02147,0.34775,0.19131,0.65182,0.6137,0.3643,0.4806,0.41686,0.46643,0.01355,0.38684,0.54239,0.28377,0.13445,0.52749,0.0237,0.04137,0.32345,0.08197,0.04076,0.65321,0.01768,0.1922,0.57809,0.3493,0.36347,0.04549,0.62383,0.14138,0.4722,0.67974,0.04675,0.25973,0.54904,0.91335,0.06908,0.46859,0.64732,0.0255,0.37618,0.12925,0.59428,0.03792,1.03874,1.40188,0.23479,0.85045,0.08764,0.52513,0.5999,0.34658,0.03004,0.09584,0.99424,0.09305,0.13404,1.05793,0.76433,0.29957,0.04535,0.58372,0.63965,0.60386,0.07177,0.82552,1.66406,0.51304,1.10826,1.51029,0.10611,0.23306,0.04298,0.12079,0.98711,0.02688,0.4031,0.12276,0.0466,0.04543,0.08317,0.17605,0.4527,0.25266]},"PREVALENCE_BY_MONTH":{"X_CALENDAR_MONTH":[201002,201003,201005,201006,201008,201009,201010,201011,201012,201101,201102,201103,201104,201105,201106,201107,201108,201109,201110,201111,201112,201201,201202,201203,201204,201205,201206,201207,201208,201209,201210,201211,201212,201301,201302,201303,201304,201305,201306,201307,201308,201309,201310,201311,201312,201401,201402,201403,201404,201405,201406,201407,201408,201409,201410,201411,201412,201501,201502,201503,201504,201505,201506,201507,201508,201509,201510,201511,201512,201601,201602,201603,201604,201605,201606,201607,201608,201609,201610,201611,201612,201701,201702,201703,201704,201705,201706,201707,201708,201709,201710,201711,201712,201801,201802,201803,201804,201805,201806,201807,201808,201809,201810,201811,201812,201901,201902,201903],"Y_PREVALENCE_1000PP":[0.00114,0.00247,0.00114,0.00153,0.00172,0.00323,0.00264,0.00487,0.00169,0.00392,0.00485,0.0076,0.00703,0.00498,0.00644,0.00569,0.00586,0.00747,0.00563,0.0093,0.00565,0.00873,0.00764,0.00781,0.00836,0.00692,0.00782,0.00583,0.00672,0.00598,0.00835,0.00969,0.00589,0.00459,0.00497,0.00259,0.005,0.00594,0.00427,0.00649,0.00947,0.00908,0.01048,0.00753,0.00499,0.00898,0.00859,0.00823,0.0069,0.009,0.00949,0.00999,0.00632,0.00833,0.00647,0.00817,0.00705,0.00996,0.01149,0.01057,0.00929,0.01275,0.01328,0.01282,0.00899,0.00922,0.00931,0.01112,0.00762,0.00989,0.01468,0.0142,0.01275,0.01568,0.01801,0.0147,0.01736,0.01689,0.01982,0.01643,0.01314,0.01479,0.00448,0.01134,0.00684,0.01055,0.0137,0.01287,0.01324,0.01476,0.01688,0.02291,0.0134,0.01296,0.01947,0.01514,0.01667,0.02283,0.01922,0.01576,0.01527,0.02076,0.02247,0.02037,0.0102,0.0187,0.01718,0.01024]},"CONDITIONS_BY_TYPE":{"CONCEPT_NAME":"Observation recorded from EHR","COUNT_VALUE":4642},"AGE_AT_FIRST_DIAGNOSIS":{"CATEGORY":["MALE","FEMALE"],"MIN_VALUE":[19,15],"P10_VALUE":[58,59],"P25_VALUE":[67,69],"MEDIAN_VALUE":[74,77],"P75_VALUE":[81,83],"P90_VALUE":[85,88],"MAX_VALUE":[102,101]}}
