{"PREVALENCE_BY_GENDER_AGE_YEAR":{"TRELLIS_NAME":["0-9","0-9","0-9","0-9","30-39","30-39","10-19","0-9","50-59","0-9","20-29","0-9","10-19","0-9","10-19","50-59","20-29","30-39","40-49","40-49","10-19","40-49","10-19","50-59","0-9","20-29","30-39","0-9","0-9","60-69","0-9","10-19","10-19","20-29","10-19","50-59","20-29","40-49","0-9","0-9","10-19","30-39","30-39","50-59","10-19","40-49","0-9","0-9","10-19","30-39","0-9","0-9","0-9","0-9","0-9","30-39","0-9","10-19","0-9","0-9","10-19","20-29","10-19","0-9","0-9","0-9","0-9","10-19","0-9","0-9","0-9","0-9","0-9","10-19","10-19","0-9","0-9","0-9","0-9","0-9","0-9","0-9","0-9","40-49"],"SERIES_NAME":["MALE","MALE","FEMALE","MALE","FEMALE","FEMALE","MALE","MALE","FEMALE","FEMALE","FEMALE","FEMALE","FEMALE","MALE","MALE","FEMALE","MALE","MALE","FEMALE","MALE","MALE","FEMALE","FEMALE","MALE","MALE","FEMALE","FEMALE","FEMALE","MALE","FEMALE","FEMALE","MALE","FEMALE","FEMALE","MALE","FEMALE","FEMALE","FEMALE","FEMALE","MALE","FEMALE","FEMALE","MALE","MALE","MALE","FEMALE","MALE","FEMALE","FEMALE","FEMALE","FEMALE","MALE","MALE","FEMALE","MALE","MALE","FEMALE","MALE","MALE","FEMALE","MALE","FEMALE","FEMALE","FEMALE","MALE","MALE","FEMALE","FEMALE","MALE","FEMALE","MALE","FEMALE","FEMALE","MALE","FEMALE","MALE","FEMALE","MALE","MALE","FEMALE","FEMALE","MALE","FEMALE","FEMALE"],"X_CALENDAR_YEAR":[1997,1998,1999,1999,1999,2000,2000,2000,2000,2000,2001,2001,2001,2001,2001,2001,2001,2001,2001,2002,2002,2002,2002,2002,2002,2002,2002,2002,2003,2003,2003,2003,2003,2003,2004,2004,2004,2004,2004,2004,2004,2004,2004,2005,2005,2005,2005,2005,2005,2006,2006,2006,2007,2007,2008,2008,2008,2008,2009,2009,2009,2010,2010,2010,2010,2011,2011,2011,2012,2012,2013,2013,2014,2014,2014,2014,2015,2015,2016,2016,2017,2017,2018,2018],"Y_PREVALENCE_1000PP":[0.12332,0.11723,0.1607,0.14357,0.03929,0.04401,0.08875,0.23899,0.0402,0.22347,0.03453,0.17287,0.10774,0.23742,0.04691,0.03545,0.02709,0.02367,0.03732,0.02056,0.02714,0.0252,0.0569,0.02268,0.21982,0.02297,0.02769,0.2337,0.13237,0.02941,0.15131,0.04623,0.0384,0.02902,0.04152,0.03042,0.03301,0.01787,0.10049,0.2143,0.05147,0.0275,0.01605,0.01884,0.02164,0.01963,0.11533,0.06126,0.02447,0.02115,0.08686,0.11657,0.09268,0.10745,0.07098,0.01954,0.07779,0.02479,0.10929,0.07953,0.02151,0.01521,0.02349,0.07466,0.10696,0.1004,0.08091,0.01964,0.05374,0.06806,0.08146,0.08545,0.04674,0.0259,0.02396,0.0357,0.03419,0.06189,0.04261,0.03252,0.02719,0.06054,0.04162,0.02688]},"PREVALENCE_BY_MONTH":{"X_CALENDAR_MONTH":[199902,199909,199910,199911,199912,200001,200002,200003,200004,200005,200006,200007,200008,200011,200012,200101,200102,200103,200104,200105,200106,200107,200108,200109,200110,200111,200112,200201,200202,200203,200204,200205,200206,200207,200208,200209,200210,200211,200212,200301,200302,200303,200304,200305,200308,200309,200310,200311,200312,200401,200402,200403,200404,200405,200406,200407,200408,200409,200410,200411,200412,200501,200502,200503,200505,200508,200509,200510,200511,200512,200601,200602,200603,200604,200605,200606,200607,200609,200610,200612,200701,200702,200703,200704,200706,200707,200708,200710,200711,200712,200802,200809,200810,200811,200812,200902,200903,200904,200906,200908,200909,200910,200911,200912,201001,201002,201003,201004,201005,201006,201007,201008,201009,201010,201011,201012,201101,201102,201103,201106,201107,201108,201109,201110,201111,201112,201201,201202,201205,201207,201211,201212,201301,201302,201303,201304,201308,201312,201401,201402,201403,201407,201412,201501,201503,201510,201801],"Y_PREVALENCE_1000PP":[0.00403,0.0035,0.01013,0.00533,0.00643,0.0045,0.00494,0.00925,0.00652,0.00344,0.00633,0.00333,0.0037,0.00475,0.00664,0.00957,0.00435,0.00387,0.00348,0.0024,0.0047,0.00298,0.00549,0.00539,0.00466,0.00399,0.00638,0.00528,0.00581,0.0046,0.0053,0.00277,0.00414,0.00219,0.00246,0.00271,0.00376,0.00429,0.00429,0.00239,0.0029,0.00421,0.00262,0.00209,0.00205,0.00179,0.00586,0.00304,0.00303,0.00519,0.00542,0.00435,0.00214,0.00331,0.00235,0.0035,0.00302,0.00278,0.00207,0.00344,0.0039,0.00204,0.00249,0.00316,0.00158,0.002,0.00154,0.00197,0.00197,0.00263,0.00281,0.0013,0.00238,0.00172,0.00215,0.0015,0.00192,0.00149,0.0019,0.00336,0.00353,0.00249,0.00249,0.00206,0.00142,0.00161,0.00121,0.00197,0.00137,0.00137,0.00116,0.00133,0.00247,0.00208,0.00303,0.00283,0.00113,0.00113,0.00132,0.00113,0.00131,0.00151,0.00283,0.00228,0.00132,0.00114,0.00114,0.00266,0.00286,0.0021,0.00115,0.00114,0.00114,0.00132,0.00187,0.00225,0.00112,0.00205,0.00148,0.00184,0.00202,0.0011,0.00146,0.00127,0.00219,0.00146,0.00218,0.00127,0.00146,0.00146,0.0011,0.00202,0.00275,0.00239,0.00222,0.00167,0.00111,0.00211,0.00115,0.00114,0.00115,0.00137,0.00228,0.00145,0.00173,0.00209,0.00216]},"CONDITIONS_BY_TYPE":{"CONCEPT_NAME":"Observation recorded from EHR","COUNT_VALUE":1961},"AGE_AT_FIRST_DIAGNOSIS":{"CATEGORY":["FEMALE","MALE"],"MIN_VALUE":[0,0],"P10_VALUE":[1,1],"P25_VALUE":[4,2],"MEDIAN_VALUE":[10,6],"P75_VALUE":[35,21],"P90_VALUE":[54,48],"MAX_VALUE":[89,86]}}
