{"PREVALENCE_BY_GENDER_AGE_YEAR":{"TRELLIS_NAME":["30-39","0-9","30-39","40-49","0-9","50-59","10-19","10-19","30-39","10-19","60-69","10-19","0-9","20-29","10-19","30-39","30-39","40-49","40-49","10-19","60-69","10-19","10-19","10-19","50-59","70-79","0-9","30-39","40-49","40-49","30-39","20-29","40-49","30-39","10-19","20-29","30-39","20-29","10-19","60-69","60-69","50-59","60-69","40-49","50-59","60-69","60-69","40-49","70-79","70-79","40-49","50-59","60-69","50-59","40-49","40-49"],"SERIES_NAME":["FEMALE","MALE","MALE","MALE","FEMALE","FEMALE","FEMALE","MALE","FEMALE","MALE","MALE","MALE","MALE","MALE","MALE","FEMALE","MALE","MALE","FEMALE","MALE","MALE","FEMALE","FEMALE","MALE","FEMALE","FEMALE","MALE","MALE","FEMALE","MALE","FEMALE","FEMALE","FEMALE","MALE","MALE","MALE","MALE","FEMALE","FEMALE","MALE","FEMALE","MALE","MALE","MALE","FEMALE","FEMALE","MALE","FEMALE","FEMALE","MALE","MALE","MALE","MALE","MALE","MALE","FEMALE"],"X_CALENDAR_YEAR":[1996,1996,1996,1996,1996,1996,1996,1996,1998,1998,1999,1999,1999,2000,2000,2000,2000,2001,2001,2001,2001,2001,2002,2002,2002,2002,2002,2003,2003,2003,2003,2004,2004,2004,2004,2004,2005,2005,2006,2009,2009,2010,2010,2010,2011,2011,2011,2011,2011,2011,2011,2011,2016,2016,2016,2016],"Y_PREVALENCE_1000PP":[0.13569,0.44952,0.23261,0.17307,0.36424,0.21574,0.4888,0.76675,0.04978,0.07906,0.06091,0.10622,0.04786,0.03996,0.04779,0.02641,0.02581,0.02766,0.02488,0.04691,0.03722,0.05387,0.07242,0.04524,0.02724,0.03723,0.03077,0.01721,0.01999,0.0222,0.02941,0.01981,0.02085,0.01872,0.02642,0.02739,0.01576,0.02502,0.02318,0.02295,0.01937,0.01911,0.02886,0.01998,0.03792,0.02434,0.03431,0.02728,0.02682,0.03072,0.03498,0.02648,0.02599,0.03034,0.02336,0.03447]},"PREVALENCE_BY_MONTH":{"X_CALENDAR_MONTH":[199510,199511,199601,199602,199603,199604,199605,199606,199607,199608,199609,199610,199801,199809,199903,199904,199905,199907,199908,199909,200002,200007,200008,200009,200101,200103,200104,200105,200109,200110,200112,200203,200204,200205,200207,200209,200210,200212,200301,200302,200312,200404,200406,200407,200408,200410,200412,200501,200511,200602,200611,200910,200911,201005,201006,201007,201008,201101,201102,201103,201104,201105,201106,201108,201109,201110,201111,201210,201606,201607,201611,201806],"Y_PREVALENCE_1000PP":[0.04776,0.06363,0.07975,0.07068,0.04944,0.05765,0.02226,0.03018,0.02086,0.02081,0.03508,0.01986,0.00505,0.00457,0.0073,0.00518,0.00829,0.00497,0.00368,0.00408,0.00628,0.0025,0.00288,0.00524,0.00295,0.00282,0.00348,0.0024,0.0019,0.00341,0.00182,0.00201,0.00251,0.00194,0.00165,0.00163,0.00538,0.00161,0.00265,0.00238,0.00151,0.00167,0.00141,0.00233,0.00186,0.00138,0.0016,0.00136,0.00131,0.0013,0.00126,0.00132,0.00396,0.00133,0.0021,0.0021,0.00114,0.00224,0.00317,0.00334,0.0013,0.00184,0.00129,0.00165,0.00127,0.00109,0.00109,0.00109,0.0018,0.00158,0.00192,0.00186]},"CONDITIONS_BY_TYPE":{"CONCEPT_NAME":"Observation recorded from EHR","COUNT_VALUE":1117},"AGE_AT_FIRST_DIAGNOSIS":{"CATEGORY":["FEMALE","MALE"],"MIN_VALUE":[4,4],"P10_VALUE":[12,10],"P25_VALUE":[23,17],"MEDIAN_VALUE":[42,40],"P75_VALUE":[58,57],"P90_VALUE":[70,70],"MAX_VALUE":[92,91]}}
