{"PREVALENCE_BY_GENDER_AGE_YEAR":{"TRELLIS_NAME":["0-9","0-9","0-9","0-9","0-9","0-9","0-9","0-9","0-9","0-9","0-9","0-9","0-9","0-9","10-19","0-9","0-9","0-9","0-9","0-9","0-9","0-9","10-19","0-9","10-19","0-9","0-9","0-9","0-9","0-9","0-9","0-9","0-9","0-9","0-9","10-19","0-9","0-9","20-29","0-9","0-9","0-9","0-9","0-9","0-9","0-9","0-9","0-9","0-9","0-9"],"SERIES_NAME":["FEMALE","MALE","MALE","FEMALE","FEMALE","MALE","MALE","FEMALE","MALE","FEMALE","MALE","FEMALE","MALE","FEMALE","MALE","MALE","FEMALE","MALE","FEMALE","FEMALE","MALE","FEMALE","MALE","MALE","MALE","FEMALE","MALE","FEMALE","MALE","MALE","FEMALE","MALE","FEMALE","MALE","FEMALE","MALE","FEMALE","MALE","MALE","MALE","FEMALE","MALE","FEMALE","MALE","FEMALE","MALE","FEMALE","FEMALE","MALE","FEMALE"],"X_CALENDAR_YEAR":[1997,1997,1998,1998,1999,1999,2000,2000,2001,2001,2002,2002,2003,2003,2004,2004,2004,2005,2005,2006,2006,2007,2007,2007,2008,2008,2008,2009,2009,2010,2010,2011,2011,2012,2012,2012,2013,2013,2013,2014,2014,2015,2015,2016,2016,2017,2017,2018,2018,2019],"Y_PREVALENCE_1000PP":[0.13994,0.15415,0.16412,0.07905,0.08035,0.12762,0.14465,0.0838,0.16322,0.08643,0.14948,0.11447,0.14064,0.10681,0.02642,0.12407,0.07638,0.13695,0.08423,0.06876,0.17828,0.08395,0.0192,0.11185,0.02169,0.08751,0.11727,0.07635,0.1275,0.08913,0.07155,0.12335,0.07192,0.12729,0.07398,0.01835,0.11197,0.11517,0.01547,0.11007,0.07479,0.07492,0.0376,0.12784,0.08944,0.12541,0.09062,0.08844,0.1242,0.04447]},"PREVALENCE_BY_MONTH":{"X_CALENDAR_MONTH":[199801,199806,200002,200006,200009,200010,200103,200104,200105,200107,200108,200109,200110,200111,200201,200203,200204,200206,200207,200208,200211,200301,200302,200303,200304,200305,200307,200309,200311,200312,200401,200402,200403,200404,200405,200406,200407,200408,200410,200501,200502,200503,200505,200506,200507,200508,200509,200511,200512,200602,200603,200604,200605,200606,200607,200608,200609,200611,200612,200701,200703,200704,200705,200706,200707,200708,200709,200710,200801,200803,200804,200807,200809,200810,200811,200812,200902,200903,200904,200905,200907,200908,200909,200910,201002,201003,201005,201006,201008,201009,201010,201011,201012,201101,201102,201103,201105,201106,201108,201109,201111,201112,201201,201202,201203,201204,201205,201207,201210,201211,201212,201301,201302,201303,201304,201305,201306,201307,201308,201309,201310,201311,201402,201403,201405,201406,201408,201409,201410,201503,201508,201512,201602,201604,201605,201606,201607,201608,201610,201701,201704,201706,201709,201710,201802,201806,201810,201811],"Y_PREVALENCE_1000PP":[0.00505,0.00486,0.00314,0.00295,0.00322,0.0028,0.00247,0.00244,0.00308,0.00198,0.00259,0.00317,0.00186,0.00184,0.00411,0.0023,0.00279,0.00193,0.00274,0.00246,0.00295,0.00212,0.00238,0.00158,0.00315,0.00157,0.00257,0.00179,0.00203,0.00177,0.00272,0.00197,0.00217,0.0019,0.00213,0.00141,0.00187,0.00163,0.00184,0.00204,0.00203,0.00181,0.00135,0.00224,0.00156,0.00177,0.00154,0.00175,0.00131,0.00195,0.00152,0.00129,0.00258,0.00192,0.00235,0.00149,0.00127,0.00168,0.00189,0.00229,0.00145,0.00144,0.00123,0.00142,0.00141,0.00141,0.00219,0.00118,0.00232,0.00136,0.00194,0.00115,0.0019,0.00247,0.00133,0.00208,0.00132,0.00245,0.00151,0.00226,0.00207,0.00113,0.00207,0.00151,0.00114,0.00171,0.00133,0.00134,0.00172,0.00152,0.00132,0.00187,0.00131,0.00168,0.00112,0.00148,0.0024,0.00166,0.00183,0.00127,0.00274,0.00109,0.00146,0.00182,0.00127,0.00127,0.00164,0.00109,0.00182,0.00238,0.00184,0.00202,0.00166,0.00259,0.00259,0.00167,0.00186,0.0013,0.00186,0.00241,0.00168,0.00132,0.00172,0.00172,0.00115,0.00155,0.00178,0.00139,0.00162,0.00151,0.00135,0.00148,0.00174,0.00225,0.00152,0.00154,0.00236,0.00214,0.00163,0.00164,0.00285,0.00233,0.00325,0.00207,0.00247,0.00279,0.00228,0.00197]},"CONDITIONS_BY_TYPE":{"CONCEPT_NAME":"Observation recorded from EHR","COUNT_VALUE":1768},"AGE_AT_FIRST_DIAGNOSIS":{"CATEGORY":["MALE","FEMALE"],"MIN_VALUE":[0,0],"P10_VALUE":[0,0],"P25_VALUE":[0,0],"MEDIAN_VALUE":[1,1],"P75_VALUE":[9,7],"P90_VALUE":[35,37],"MAX_VALUE":[78,93]}}
