{"PREVALENCE_BY_GENDER_AGE_YEAR":{"TRELLIS_NAME":["20-29","30-39","40-49","20-29","10-19","10-19","50-59","40-49","30-39","0-9","0-9","60-69","10-19","70-79","40-49","60-69","0-9","30-39","0-9","50-59","10-19","20-29","10-19","70-79","50-59","60-69","20-29","0-9","0-9","30-39","40-49","10-19","60-69","50-59","20-29","30-39","0-9","40-49","0-9","0-9","60-69","20-29","40-49","30-39","50-59","10-19","40-49","50-59","20-29","30-39","60-69"],"SERIES_NAME":["FEMALE","FEMALE","FEMALE","FEMALE","MALE","FEMALE","FEMALE","FEMALE","FEMALE","FEMALE","MALE","FEMALE","MALE","FEMALE","FEMALE","FEMALE","FEMALE","FEMALE","MALE","FEMALE","FEMALE","FEMALE","FEMALE","FEMALE","FEMALE","FEMALE","FEMALE","MALE","FEMALE","FEMALE","FEMALE","FEMALE","FEMALE","FEMALE","FEMALE","FEMALE","FEMALE","FEMALE","MALE","MALE","FEMALE","FEMALE","FEMALE","FEMALE","FEMALE","FEMALE","FEMALE","FEMALE","FEMALE","FEMALE","FEMALE"],"X_CALENDAR_YEAR":[2013,2013,2013,2014,2014,2014,2014,2014,2014,2014,2014,2014,2015,2015,2015,2015,2015,2015,2015,2015,2015,2015,2016,2016,2016,2016,2016,2016,2016,2016,2016,2017,2017,2017,2017,2017,2017,2017,2017,2018,2018,2018,2018,2018,2018,2018,2019,2019,2019,2019,2019],"Y_PREVALENCE_1000PP":[0.03946,0.05204,0.01869,0.18618,0.0259,0.05476,0.07609,0.13137,0.23123,0.09348,0.06247,0.02249,0.02473,0.02929,0.08783,0.03144,0.06153,0.16403,0.05538,0.06429,0.052,0.18863,0.06134,0.03396,0.07188,0.02516,0.21217,0.05036,0.03252,0.18895,0.14477,0.05284,0.02872,0.09821,0.2491,0.26815,0.06343,0.20389,0.03459,0.02981,0.07046,0.19797,0.1747,0.21729,0.11035,0.05344,0.06995,0.02753,0.07874,0.0844,0.03495]},"PREVALENCE_BY_MONTH":{"X_CALENDAR_MONTH":[201311,201312,201401,201402,201403,201404,201405,201406,201407,201408,201409,201410,201411,201412,201501,201502,201503,201504,201505,201506,201507,201508,201509,201510,201511,201512,201601,201602,201603,201604,201605,201606,201607,201608,201609,201610,201611,201612,201701,201702,201703,201704,201705,201706,201707,201708,201709,201710,201711,201712,201801,201802,201803,201804,201805,201806,201807,201808,201809,201810,201811,201812,201901,201902,201903],"Y_PREVALENCE_1000PP":[0.00414,0.00614,0.00611,0.00382,0.00287,0.00383,0.00441,0.00465,0.00842,0.0073,0.00833,0.00789,0.00633,0.00933,0.00872,0.00543,0.00345,0.0054,0.00627,0.00405,0.00607,0.00562,0.00405,0.00372,0.00544,0.00467,0.0047,0.00323,0.00449,0.00375,0.00531,0.00695,0.00709,0.00668,0.0059,0.00733,0.00602,0.00438,0.00685,0.00924,0.00794,0.00456,0.00685,0.00991,0.00556,0.00412,0.00531,0.00711,0.01206,0.00609,0.00525,0.00834,0.00556,0.00525,0.00648,0.00434,0.00568,0.00668,0.00511,0.00977,0.00394,0.00526,0.01083,0.00991,0.00859]},"CONDITIONS_BY_TYPE":{"CONCEPT_NAME":"Observation recorded from EHR","COUNT_VALUE":1692},"AGE_AT_FIRST_DIAGNOSIS":{"CATEGORY":["MALE","FEMALE"],"MIN_VALUE":[0,0],"P10_VALUE":[3,19],"P25_VALUE":[6,26],"MEDIAN_VALUE":[16,34],"P75_VALUE":[39,44],"P90_VALUE":[60,55],"MAX_VALUE":[85,92]}}
