{"PREVALENCE_BY_GENDER_AGE_YEAR":{"TRELLIS_NAME":["10-19","10-19","60-69","0-9"],"SERIES_NAME":["FEMALE","FEMALE","MALE","MALE"],"X_CALENDAR_YEAR":[2008,2012,2013,2014],"Y_PREVALENCE_1000PP":[0.03095,0.01962,0.01876,0.01785]},"PREVALENCE_BY_MONTH":{"X_CALENDAR_MONTH":[200505,200706,200711,200801,201010,201106,201205,201206,201306,201310,201408],"Y_PREVALENCE_1000PP":[0.00135,0.00122,0.00176,0.00136,0.00132,0.00129,0.00109,0.00109,0.00111,0.00112,0.00118]},"CONDITIONS_BY_TYPE":{"CONCEPT_NAME":"Observation recorded from EHR","COUNT_VALUE":693},"AGE_AT_FIRST_DIAGNOSIS":{"CATEGORY":["FEMALE","MALE"],"MIN_VALUE":[1,1],"P10_VALUE":[9,10],"P25_VALUE":[13,20],"MEDIAN_VALUE":[26,43],"P75_VALUE":[49,65],"P90_VALUE":[66,77],"MAX_VALUE":[87,90]}}
