{"PREVALENCE_BY_GENDER_AGE_YEAR":{"TRELLIS_NAME":["40-49","50-59","50-59","70-79","60-69","50-59","40-49","70-79","50-59","60-69","40-49","30-39","70-79","50-59","50-59","70-79","50-59","50-59","40-49","70-79","50-59","50-59","50-59","70-79","40-49","50-59","70-79","50-59","60-69","70-79","50-59","60-69","70-79","50-59","50-59","70-79","50-59","70-79","50-59","70-79","50-59","70-79"],"SERIES_NAME":["MALE","FEMALE","FEMALE","MALE","FEMALE","FEMALE","FEMALE","MALE","MALE","FEMALE","FEMALE","FEMALE","MALE","MALE","FEMALE","MALE","FEMALE","MALE","FEMALE","MALE","MALE","FEMALE","FEMALE","FEMALE","FEMALE","MALE","MALE","FEMALE","FEMALE","FEMALE","MALE","MALE","MALE","MALE","FEMALE","FEMALE","FEMALE","FEMALE","FEMALE","MALE","FEMALE","FEMALE"],"X_CALENDAR_YEAR":[2006,2006,2007,2007,2008,2008,2008,2008,2009,2009,2009,2009,2010,2010,2010,2011,2011,2011,2012,2012,2012,2012,2013,2013,2013,2013,2014,2014,2014,2014,2014,2015,2015,2015,2015,2016,2016,2017,2017,2018,2018,2018],"Y_PREVALENCE_1000PP":[0.01507,0.02505,0.03551,0.03331,0.03303,0.02311,0.01656,0.03208,0.01671,0.0226,0.01872,0.01766,0.03133,0.02457,0.02806,0.04095,0.01896,0.01589,0.01613,0.03559,0.01577,0.02147,0.0158,0.0306,0.01402,0.02844,0.03046,0.01631,0.02249,0.02692,0.02141,0.02525,0.03843,0.01727,0.01753,0.03396,0.02054,0.04301,0.03399,0.04556,0.03395,0.04776]},"PREVALENCE_BY_MONTH":{"X_CALENDAR_MONTH":[200602,200704,200706,200710,200712,200801,200802,200803,200902,200910,200911,201002,201003,201007,201010,201011,201012,201101,201102,201106,201110,201112,201201,201202,201204,201209,201309,201311,201312,201405,201408,201411,201507,201510,201511,201512,201601,201702,201703,201708,201805,201811,201901],"Y_PREVALENCE_1000PP":[0.0013,0.00124,0.00142,0.00177,0.00117,0.00194,0.00136,0.0037,0.00189,0.00113,0.0017,0.00228,0.00209,0.00115,0.00113,0.0015,0.00131,0.00112,0.00149,0.0011,0.00109,0.00109,0.00127,0.00255,0.00109,0.00127,0.0013,0.00151,0.00115,0.00153,0.00118,0.00225,0.0018,0.00163,0.00189,0.00197,0.00148,0.00308,0.00227,0.00177,0.00185,0.00197,0.00197]},"CONDITIONS_BY_TYPE":{"CONCEPT_NAME":"Observation recorded from EHR","COUNT_VALUE":800},"AGE_AT_FIRST_DIAGNOSIS":{"CATEGORY":["FEMALE","MALE"],"MIN_VALUE":[1,0],"P10_VALUE":[28,32],"P25_VALUE":[41,46],"MEDIAN_VALUE":[55,59],"P75_VALUE":[71,73],"P90_VALUE":[81,81],"MAX_VALUE":[102,94]}}
