{"PREVALENCE_BY_GENDER_AGE_YEAR":{"TRELLIS_NAME":["30-39","20-29","30-39","20-29","20-29","40-49","30-39","40-49","20-29","30-39","40-49","20-29","30-39","40-49","40-49","20-29","20-29","30-39","40-49","20-29","30-39","30-39","20-29","30-39","40-49","20-29","40-49","20-29","30-39","20-29","30-39","40-49","20-29","40-49","30-39","30-39","30-39","50-59","40-49","20-29","30-39","40-49","40-49","30-39","20-29","20-29","30-39","40-49","40-49","30-39","30-39","30-39","40-49","30-39"],"SERIES_NAME":["MALE","MALE","MALE","FEMALE","MALE","MALE","MALE","MALE","MALE","MALE","MALE","MALE","MALE","MALE","MALE","FEMALE","MALE","MALE","MALE","FEMALE","MALE","MALE","MALE","FEMALE","MALE","FEMALE","MALE","MALE","MALE","MALE","MALE","MALE","MALE","MALE","MALE","FEMALE","MALE","MALE","FEMALE","MALE","FEMALE","MALE","MALE","MALE","MALE","MALE","MALE","MALE","MALE","MALE","FEMALE","FEMALE","MALE","MALE"],"X_CALENDAR_YEAR":[2003,2003,2004,2004,2004,2004,2005,2005,2005,2006,2006,2007,2007,2007,2008,2008,2008,2008,2009,2009,2009,2010,2010,2010,2010,2010,2011,2011,2011,2012,2012,2012,2013,2013,2013,2013,2014,2014,2014,2014,2014,2014,2015,2015,2015,2016,2016,2016,2017,2017,2017,2018,2018,2018],"Y_PREVALENCE_1000PP":[0.02295,0.03402,0.0428,0.02641,0.02055,0.01699,0.04991,0.02662,0.03561,0.04868,0.03015,0.03072,0.05159,0.02785,0.02701,0.01804,0.03205,0.04152,0.02459,0.02286,0.02458,0.03442,0.02104,0.01757,0.01554,0.01521,0.02405,0.01542,0.03653,0.01542,0.04677,0.0245,0.02321,0.02936,0.03209,0.03222,0.03418,0.01873,0.01516,0.01655,0.03416,0.03671,0.03852,0.07489,0.02128,0.02547,0.07109,0.05006,0.05291,0.04062,0.02571,0.0287,0.03868,0.02873]},"PREVALENCE_BY_MONTH":{"X_CALENDAR_MONTH":[200402,200409,200501,200503,200505,200507,200511,200603,200607,200610,200707,200710,200804,200805,200807,200808,200809,200902,201001,201007,201010,201107,201110,201201,201203,201207,201210,201304,201307,201310,201311,201401,201402,201403,201405,201406,201407,201409,201410,201505,201506,201507,201509,201605,201609,201611,201710,201810],"Y_PREVALENCE_1000PP":[0.00197,0.00139,0.00181,0.00181,0.00158,0.00133,0.00131,0.00173,0.00128,0.00148,0.00161,0.00197,0.00116,0.00116,0.00153,0.00115,0.00152,0.00151,0.00114,0.00153,0.00113,0.00128,0.00109,0.00127,0.00164,0.00109,0.00127,0.0013,0.00167,0.00131,0.00113,0.00115,0.00114,0.00172,0.00134,0.00136,0.00157,0.00139,0.00121,0.0013,0.00135,0.00135,0.00157,0.00152,0.00188,0.00246,0.00207,0.00228]},"CONDITIONS_BY_TYPE":{"CONCEPT_NAME":"Observation recorded from EHR","COUNT_VALUE":839},"AGE_AT_FIRST_DIAGNOSIS":{"CATEGORY":["FEMALE","MALE"],"MIN_VALUE":[16,16],"P10_VALUE":[21,25],"P25_VALUE":[27,31],"MEDIAN_VALUE":[33,37],"P75_VALUE":[39,42],"P90_VALUE":[46,48],"MAX_VALUE":[56,64]}}
