{"PREVALENCE_BY_GENDER_AGE_YEAR":{"TRELLIS_NAME":["20-29","20-29","40-49","30-39","40-49","30-39","30-39","20-29","20-29","40-49","40-49","30-39","40-49","20-29","20-29","40-49","30-39","30-39","20-29","40-49","30-39","40-49","40-49","30-39","20-29","20-29","30-39","20-29","30-39","30-39","40-49","20-29","20-29","30-39","40-49","20-29","30-39","40-49","40-49","30-39","20-29","20-29","30-39","50-59","30-39","20-29","40-49","30-39","20-29"],"SERIES_NAME":["FEMALE","FEMALE","FEMALE","FEMALE","FEMALE","FEMALE","FEMALE","FEMALE","FEMALE","FEMALE","FEMALE","FEMALE","FEMALE","FEMALE","FEMALE","FEMALE","FEMALE","FEMALE","FEMALE","FEMALE","FEMALE","FEMALE","FEMALE","FEMALE","FEMALE","FEMALE","FEMALE","FEMALE","FEMALE","FEMALE","FEMALE","FEMALE","FEMALE","FEMALE","FEMALE","FEMALE","FEMALE","FEMALE","FEMALE","FEMALE","FEMALE","FEMALE","FEMALE","FEMALE","FEMALE","FEMALE","FEMALE","FEMALE","FEMALE"],"X_CALENDAR_YEAR":[1999,2000,2000,2000,2001,2001,2002,2002,2003,2003,2004,2004,2005,2005,2006,2006,2006,2007,2007,2007,2008,2008,2009,2009,2009,2010,2010,2011,2011,2012,2012,2012,2013,2013,2013,2014,2014,2014,2015,2015,2015,2016,2016,2016,2017,2017,2018,2018,2018],"Y_PREVALENCE_1000PP":[0.04092,0.0324,0.03758,0.02641,0.04146,0.02771,0.02461,0.02297,0.02902,0.03332,0.03574,0.0275,0.03365,0.02502,0.04089,0.01855,0.02115,0.03292,0.02693,0.022,0.02517,0.02366,0.02106,0.02524,0.01524,0.04309,0.02009,0.02718,0.02727,0.01493,0.01613,0.03202,0.05426,0.04957,0.02804,0.03147,0.0289,0.02274,0.017,0.03741,0.03773,0.02087,0.02699,0.02396,0.06612,0.03892,0.02688,0.0246,0.03959]},"PREVALENCE_BY_MONTH":{"X_CALENDAR_MONTH":[200507,200602,200705,200901,200906,201008,201011,201109,201211,201302,201310,201311,201404,201405,201409,201504,201507,201510,201709],"Y_PREVALENCE_1000PP":[0.00133,0.00152,0.00143,0.00113,0.00151,0.00134,0.00225,0.00146,0.0011,0.00111,0.00243,0.00358,0.00115,0.00115,0.00119,0.0013,0.00157,0.0014,0.00236]},"CONDITIONS_BY_TYPE":{"CONCEPT_NAME":"Observation recorded from EHR","COUNT_VALUE":724},"AGE_AT_FIRST_DIAGNOSIS":{"CATEGORY":["MALE","FEMALE"],"MIN_VALUE":[22,10],"P10_VALUE":[22,23],"P25_VALUE":[34,27],"MEDIAN_VALUE":[35,35],"P75_VALUE":[74,45],"P90_VALUE":[76,52],"MAX_VALUE":[76,87]}}
