{"PREVALENCE_BY_GENDER_AGE_YEAR":{"TRELLIS_NAME":["30-39","30-39","10-19","40-49","20-29","20-29","10-19","50-59"],"SERIES_NAME":["FEMALE","FEMALE","MALE","FEMALE","FEMALE","FEMALE","MALE","FEMALE"],"X_CALENDAR_YEAR":[2000,2004,2006,2006,2006,2007,2008,2013],"Y_PREVALENCE_1000PP":[0.02641,0.01925,0.02061,0.0159,0.02629,0.01616,0.02479,0.0158]},"PREVALENCE_BY_MONTH":{"X_CALENDAR_MONTH":[200011,200301,200603,200701,200702,200705,200805,200809,200811,200812],"Y_PREVALENCE_1000PP":[0.00238,0.00159,0.0013,0.00145,0.00145,0.00123,0.00136,0.00133,0.00133,0.00114]},"CONDITIONS_BY_TYPE":{"CONCEPT_NAME":"Observation recorded from EHR","COUNT_VALUE":395},"AGE_AT_FIRST_DIAGNOSIS":{"CATEGORY":["MALE","FEMALE"],"MIN_VALUE":[2,3],"P10_VALUE":[11,15],"P25_VALUE":[18,24],"MEDIAN_VALUE":[33,37],"P75_VALUE":[52,48],"P90_VALUE":[61,61],"MAX_VALUE":[95,85]}}
