{"PREVALENCE_BY_GENDER_AGE_YEAR":{"TRELLIS_NAME":["40-49","50-59","50-59","50-59","10-19","60-69","30-39","50-59","40-49","40-49","50-59","20-29","10-19","40-49","20-29","60-69","50-59","30-39","20-29","40-49","40-49","30-39","30-39","40-49","20-29","40-49","20-29","20-29","10-19","20-29","30-39","50-59","40-49","40-49","60-69","20-29","30-39","50-59"],"SERIES_NAME":["MALE","MALE","FEMALE","MALE","MALE","FEMALE","MALE","FEMALE","FEMALE","FEMALE","MALE","MALE","FEMALE","MALE","MALE","FEMALE","FEMALE","FEMALE","MALE","FEMALE","MALE","MALE","MALE","FEMALE","MALE","MALE","MALE","MALE","MALE","MALE","MALE","FEMALE","MALE","MALE","FEMALE","MALE","MALE","FEMALE"],"X_CALENDAR_YEAR":[2001,2004,2004,2005,2005,2005,2006,2006,2006,2007,2007,2007,2007,2007,2008,2008,2009,2009,2009,2009,2009,2009,2010,2010,2010,2010,2011,2012,2013,2013,2013,2013,2013,2014,2014,2014,2014,2018],"Y_PREVALENCE_1000PP":[0.02371,0.02298,0.02028,0.01884,0.02164,0.02918,0.01537,0.02192,0.01855,0.01466,0.02015,0.01955,0.02505,0.01393,0.02404,0.01982,0.02293,0.01514,0.02633,0.01872,0.02459,0.01475,0.01967,0.01391,0.01578,0.01776,0.01799,0.01798,0.01835,0.02321,0.01481,0.0237,0.01581,0.01713,0.02249,0.01655,0.01578,0.03395]},"PREVALENCE_BY_MONTH":{"X_CALENDAR_MONTH":[200007,200105,200312,200407,200502,200505,200511,200602,200603,200605,200607,200608,200609,200610,200703,200704,200705,200706,200707,200711,200801,200805,200806,200807,200811,200812,200901,200903,200906,200908,200909,200911,200912,201004,201006,201010,201011,201103,201106,201109,201204,201206,201301,201304,201305,201306,201307,201309,201310,201311,201401,201408,201505,201509,201701,201807],"Y_PREVALENCE_1000PP":[0.0025,0.00205,0.00177,0.00163,0.00158,0.0018,0.00153,0.00195,0.0013,0.00129,0.00128,0.00149,0.00127,0.00127,0.00124,0.00124,0.00143,0.00122,0.00181,0.00176,0.00116,0.00136,0.00115,0.00115,0.00133,0.00132,0.00189,0.00188,0.00151,0.00113,0.00131,0.00113,0.00114,0.00152,0.00134,0.00132,0.00112,0.00185,0.00147,0.00109,0.00164,0.00145,0.00165,0.00111,0.00149,0.00149,0.0013,0.00167,0.00187,0.00151,0.00191,0.00118,0.00151,0.00157,0.00219,0.00189]},"CONDITIONS_BY_TYPE":{"CONCEPT_NAME":"Observation recorded from EHR","COUNT_VALUE":1028},"AGE_AT_FIRST_DIAGNOSIS":{"CATEGORY":["FEMALE","MALE"],"MIN_VALUE":[2,1],"P10_VALUE":[16,17],"P25_VALUE":[34,26],"MEDIAN_VALUE":[51,40],"P75_VALUE":[64,54],"P90_VALUE":[78,69],"MAX_VALUE":[98,95]}}
