{"PREVALENCE_BY_GENDER_AGE_YEAR":{"TRELLIS_NAME":["0-9","0-9","0-9","0-9","0-9","0-9","0-9","0-9","0-9","0-9","0-9","0-9","0-9","0-9","0-9","0-9","0-9","0-9","0-9","0-9","0-9","0-9","0-9","0-9","0-9","0-9","0-9","0-9","0-9","0-9","0-9","0-9","0-9","0-9","0-9","0-9","0-9","0-9","0-9","0-9","0-9","0-9","0-9","0-9","0-9"],"SERIES_NAME":["FEMALE","MALE","MALE","FEMALE","MALE","FEMALE","FEMALE","MALE","FEMALE","MALE","FEMALE","MALE","MALE","FEMALE","MALE","FEMALE","MALE","FEMALE","MALE","FEMALE","MALE","FEMALE","FEMALE","MALE","FEMALE","MALE","MALE","FEMALE","FEMALE","MALE","MALE","FEMALE","FEMALE","MALE","FEMALE","MALE","FEMALE","MALE","MALE","FEMALE","MALE","FEMALE","FEMALE","MALE","FEMALE"],"X_CALENDAR_YEAR":[1997,1997,1998,1998,1999,1999,2000,2000,2001,2001,2002,2002,2003,2003,2004,2004,2005,2005,2006,2006,2007,2007,2008,2008,2009,2009,2010,2010,2011,2011,2012,2012,2013,2013,2014,2014,2015,2015,2016,2016,2017,2017,2018,2018,2019],"Y_PREVALENCE_1000PP":[0.12245,0.26205,0.17584,0.11857,0.10369,0.08035,0.04888,0.12579,0.05942,0.11871,0.07154,0.10991,0.17787,0.08456,0.13911,0.0804,0.10452,0.07657,0.11657,0.06152,0.1502,0.10409,0.12965,0.1327,0.08908,0.15179,0.17529,0.09333,0.11986,0.18933,0.14992,0.10653,0.10019,0.16573,0.12153,0.19932,0.10256,0.17591,0.17433,0.09757,0.16865,0.09515,0.10405,0.27324,0.04447]},"PREVALENCE_BY_MONTH":{"X_CALENDAR_MONTH":[199809,200111,200206,200207,200302,200303,200309,200310,200311,200312,200403,200404,200407,200410,200411,200412,200504,200507,200602,200606,200608,200609,200701,200703,200705,200706,200707,200708,200710,200711,200801,200804,200806,200807,200808,200810,200811,200812,200901,200902,200904,200907,200909,200910,200911,201001,201002,201003,201004,201006,201007,201008,201009,201010,201011,201012,201102,201103,201104,201105,201106,201107,201108,201109,201110,201111,201112,201201,201203,201205,201207,201208,201209,201210,201211,201301,201302,201303,201304,201305,201306,201307,201308,201310,201401,201402,201404,201405,201406,201407,201408,201409,201410,201411,201412,201501,201502,201503,201504,201506,201507,201510,201511,201601,201605,201607,201608,201609,201610,201611,201612,201705,201707,201709,201710,201801,201802,201803,201806,201807,201808,201809,201810,201811,201901],"Y_PREVALENCE_1000PP":[0.00533,0.00215,0.00193,0.00192,0.00211,0.00158,0.00204,0.00229,0.00203,0.00278,0.00193,0.0019,0.00163,0.00138,0.00138,0.00138,0.0018,0.00156,0.0013,0.00128,0.00149,0.00127,0.00145,0.00249,0.00164,0.00122,0.00121,0.00181,0.00157,0.00195,0.00194,0.00136,0.00115,0.00249,0.0021,0.00114,0.00133,0.00208,0.00132,0.00151,0.00246,0.00263,0.00169,0.00132,0.00113,0.00189,0.00209,0.00133,0.00114,0.00134,0.00191,0.00114,0.0019,0.00113,0.0015,0.0015,0.00205,0.00148,0.00185,0.00184,0.00166,0.00165,0.00201,0.00127,0.00164,0.00237,0.00109,0.00127,0.00145,0.00127,0.002,0.00291,0.00145,0.00182,0.00128,0.00128,0.00129,0.00185,0.00204,0.00186,0.00111,0.00185,0.0026,0.00206,0.00286,0.00114,0.00172,0.0023,0.00252,0.00274,0.00158,0.00159,0.00142,0.00143,0.00166,0.00166,0.00209,0.00302,0.0013,0.00135,0.00247,0.00209,0.00142,0.00148,0.00177,0.00158,0.00214,0.00161,0.00163,0.00246,0.00192,0.002,0.00263,0.00177,0.00178,0.00247,0.00185,0.00185,0.00186,0.00221,0.00255,0.00479,0.00195,0.00197,0.00197]},"CONDITIONS_BY_TYPE":{"CONCEPT_NAME":"Observation recorded from EHR","COUNT_VALUE":1590},"AGE_AT_FIRST_DIAGNOSIS":{"CATEGORY":["MALE","FEMALE"],"MIN_VALUE":[0,0],"P10_VALUE":[0,0],"P25_VALUE":[0,0],"MEDIAN_VALUE":[0,0],"P75_VALUE":[0,0],"P90_VALUE":[1,1],"MAX_VALUE":[93,88]}}
