{"PREVALENCE_BY_GENDER_AGE_YEAR":{"TRELLIS_NAME":["40-49","40-49","70-79","60-69","60-69","80-89","50-59","80-89","50-59","70-79","40-49","70-79","50-59","80-89","60-69","50-59","40-49","30-39","70-79","20-29","90-99","80-89","30-39","20-29","60-69","70-79","70-79","50-59","60-69","70-79","60-69"],"SERIES_NAME":["MALE","FEMALE","MALE","MALE","FEMALE","FEMALE","MALE","MALE","FEMALE","FEMALE","FEMALE","FEMALE","FEMALE","MALE","FEMALE","MALE","MALE","FEMALE","MALE","FEMALE","FEMALE","FEMALE","MALE","MALE","MALE","MALE","FEMALE","FEMALE","FEMALE","FEMALE","MALE"],"X_CALENDAR_YEAR":[1996,1996,1996,1996,1996,1996,1996,1996,1996,1996,1997,1997,1997,1997,1997,1997,1997,1997,1997,1997,1997,1997,1997,1997,1997,2011,2011,2011,2011,2012,2012],"Y_PREVALENCE_1000PP":[0.15143,0.13462,0.43267,0.37922,0.52143,0.66788,0.26433,0.72029,0.45846,0.58309,0.35253,1.34316,0.50236,1.27671,0.98685,0.60322,0.25134,0.17672,1.32482,0.15495,1.78699,1.52149,0.07656,0.13668,0.90023,0.03583,0.03576,0.01896,0.02129,0.03567,0.01882]},"PREVALENCE_BY_MONTH":{"X_CALENDAR_MONTH":[199610,199611,199612,199701,199702,199703,199704,199705,199706,199707,201105,201106,201108,201109,201110,201111,201201,201202,201203,201204,201205],"Y_PREVALENCE_1000PP":[0.05237,0.08641,0.08307,0.09419,0.07713,0.09736,0.1137,0.10438,0.0863,0.10877,0.00184,0.00129,0.00183,0.00109,0.00218,0.00182,0.00327,0.00127,0.00164,0.00145,0.00218]},"CONDITIONS_BY_TYPE":{"CONCEPT_NAME":"Observation recorded from EHR","COUNT_VALUE":901},"AGE_AT_FIRST_DIAGNOSIS":{"CATEGORY":["MALE","FEMALE"],"MIN_VALUE":[13,10],"P10_VALUE":[37,37],"P25_VALUE":[51,51],"MEDIAN_VALUE":[62,67],"P75_VALUE":[73,77],"P90_VALUE":[79,84],"MAX_VALUE":[89,97]}}
