{"PREVALENCE_BY_GENDER_AGE_YEAR":{"TRELLIS_NAME":["60-69","60-69","60-69","70-79","50-59","60-69","60-69","60-69","70-79","70-79","60-69","70-79","70-79","80-89","50-59","60-69","80-89","50-59","60-69","60-69","70-79","70-79","50-59","80-89","70-79","60-69","50-59","70-79","70-79","60-69","50-59","60-69","50-59","60-69","50-59","40-49","60-69","70-79","80-89","50-59","50-59","80-89","60-69","70-79","60-69","70-79","70-79","70-79","50-59","50-59","60-69","50-59","80-89","70-79","80-89","70-79","60-69","50-59","60-69","50-59","70-79"],"SERIES_NAME":["MALE","FEMALE","MALE","MALE","FEMALE","MALE","FEMALE","MALE","FEMALE","MALE","FEMALE","MALE","FEMALE","FEMALE","MALE","MALE","FEMALE","MALE","MALE","FEMALE","MALE","FEMALE","FEMALE","FEMALE","FEMALE","MALE","FEMALE","FEMALE","MALE","FEMALE","MALE","MALE","FEMALE","FEMALE","MALE","FEMALE","MALE","MALE","FEMALE","MALE","FEMALE","FEMALE","FEMALE","FEMALE","MALE","MALE","MALE","FEMALE","MALE","FEMALE","MALE","FEMALE","FEMALE","FEMALE","MALE","MALE","FEMALE","FEMALE","MALE","MALE","FEMALE"],"X_CALENDAR_YEAR":[2005,2006,2007,2007,2008,2008,2008,2009,2009,2009,2009,2010,2010,2010,2010,2010,2011,2011,2011,2011,2011,2011,2012,2012,2012,2012,2013,2013,2013,2013,2013,2013,2014,2014,2014,2014,2014,2014,2014,2015,2015,2015,2015,2015,2015,2015,2016,2016,2016,2016,2017,2017,2017,2017,2017,2018,2018,2018,2018,2018,2018],"Y_PREVALENCE_1000PP":[0.02959,0.02321,0.03507,0.03886,0.02023,0.02007,0.01982,0.02623,0.03192,0.04214,0.0226,0.047,0.02722,0.04163,0.02457,0.01924,0.0687,0.02119,0.03119,0.02129,0.05119,0.07599,0.01879,0.04137,0.03567,0.02823,0.0158,0.07868,0.02976,0.01822,0.02068,0.04065,0.01631,0.04498,0.01873,0.01768,0.03976,0.05077,0.05854,0.02878,0.02338,0.06398,0.03493,0.02929,0.03968,0.03294,0.03808,0.05094,0.02697,0.02054,0.05402,0.03399,0.06484,0.06144,0.10579,0.09112,0.04878,0.02547,0.0497,0.02916,0.09551]},"PREVALENCE_BY_MONTH":{"X_CALENDAR_MONTH":[200602,200710,200711,200804,200806,200807,200901,200903,200905,200907,200912,201001,201006,201009,201012,201102,201103,201104,201106,201108,201109,201110,201111,201112,201202,201205,201206,201207,201209,201212,201301,201302,201303,201304,201305,201306,201307,201308,201310,201311,201312,201401,201403,201404,201405,201407,201409,201410,201411,201412,201502,201503,201504,201505,201510,201511,201601,201604,201605,201606,201607,201608,201610,201611,201701,201703,201704,201705,201707,201708,201710,201711,201801,201802,201803,201805,201806,201807,201808,201809,201810,201811,201901,201902],"Y_PREVALENCE_1000PP":[0.0013,0.00157,0.00117,0.00213,0.00134,0.00115,0.00113,0.00207,0.00132,0.00113,0.00114,0.00132,0.00115,0.00152,0.00113,0.00112,0.00223,0.00111,0.0011,0.0011,0.00164,0.00109,0.00109,0.00128,0.00109,0.00109,0.00109,0.00109,0.00109,0.0011,0.00202,0.00129,0.00148,0.00185,0.00111,0.0013,0.00167,0.00111,0.00131,0.00245,0.00115,0.00248,0.00211,0.00287,0.00134,0.00176,0.00159,0.00121,0.00143,0.00124,0.00209,0.00151,0.00173,0.00173,0.00209,0.00237,0.00148,0.002,0.00202,0.00154,0.00315,0.0016,0.0019,0.00164,0.00192,0.0017,0.002,0.00171,0.00292,0.00294,0.00237,0.00241,0.00216,0.00216,0.00278,0.00216,0.00372,0.00284,0.00223,0.00256,0.00228,0.00197,0.00262,0.0033]},"CONDITIONS_BY_TYPE":{"CONCEPT_NAME":"Observation recorded from EHR","COUNT_VALUE":1015},"AGE_AT_FIRST_DIAGNOSIS":{"CATEGORY":["MALE","FEMALE"],"MIN_VALUE":[0,2],"P10_VALUE":[25,32],"P25_VALUE":[51,50],"MEDIAN_VALUE":[63,65],"P75_VALUE":[72,76],"P90_VALUE":[80,83],"MAX_VALUE":[93,95]}}
