{"PREVALENCE_BY_GENDER_AGE_YEAR":{"TRELLIS_NAME":["40-49","70-79","60-69","20-29","50-59","60-69","10-19","80-89","30-39","70-79","40-49","70-79","60-69","80-89","80-89","60-69","70-79"],"SERIES_NAME":["FEMALE","MALE","FEMALE","MALE","FEMALE","MALE","FEMALE","FEMALE","FEMALE","MALE","FEMALE","FEMALE","FEMALE","MALE","FEMALE","FEMALE","FEMALE"],"X_CALENDAR_YEAR":[2011,2012,2012,2013,2013,2013,2013,2013,2013,2013,2013,2013,2013,2014,2014,2014,2014],"Y_PREVALENCE_1000PP":[0.01364,0.0305,0.0183,0.01547,0.02106,0.03127,0.01946,0.12531,0.01983,0.09423,0.01636,0.08305,0.05465,0.11631,0.04391,0.01928,0.0359]},"PREVALENCE_BY_MONTH":{"X_CALENDAR_MONTH":[201201,201212,201301,201302,201303,201304,201305,201306,201307,201308,201309,201310,201312,201401,201402,201403,201405,201406,201408,201409],"Y_PREVALENCE_1000PP":[0.00146,0.00202,0.00422,0.00368,0.00611,0.00444,0.00167,0.00241,0.00167,0.00167,0.00148,0.00112,0.00115,0.0021,0.00114,0.00172,0.00134,0.00174,0.00178,0.00159]},"CONDITIONS_BY_TYPE":{"CONCEPT_NAME":"Observation recorded from EHR","COUNT_VALUE":440},"AGE_AT_FIRST_DIAGNOSIS":{"CATEGORY":["FEMALE","MALE"],"MIN_VALUE":[7,5],"P10_VALUE":[21,32],"P25_VALUE":[41,49],"MEDIAN_VALUE":[61,66],"P75_VALUE":[76,77],"P90_VALUE":[83,83],"MAX_VALUE":[98,93]}}
