{"PREVALENCE_BY_GENDER_AGE_YEAR":{"TRELLIS_NAME":["70-79","40-49","50-59","60-69","60-69"],"SERIES_NAME":["FEMALE","FEMALE","MALE","FEMALE","MALE"],"X_CALENDAR_YEAR":[2001,2001,2001,2001,2003],"Y_PREVALENCE_1000PP":[0.04165,0.02488,0.03447,0.03637,0.03485]},"PREVALENCE_BY_MONTH":{"X_CALENDAR_MONTH":[200102,200108,200109,200110,200304,200401],"Y_PREVALENCE_1000PP":[0.00253,0.00259,0.00222,0.00217,0.00157,0.00148]},"CONDITIONS_BY_TYPE":{"CONCEPT_NAME":"Observation recorded from EHR","COUNT_VALUE":220},"AGE_AT_FIRST_DIAGNOSIS":{"CATEGORY":["FEMALE","MALE"],"MIN_VALUE":[3,2],"P10_VALUE":[32,28],"P25_VALUE":[46,40],"MEDIAN_VALUE":[59,53],"P75_VALUE":[68,64],"P90_VALUE":[77,69],"MAX_VALUE":[95,85]}}
