{"PREVALENCE_BY_GENDER_AGE_YEAR":{"TRELLIS_NAME":["70-79","50-59","60-69","60-69","40-49","50-59","50-59","60-69","50-59","70-79","40-49","60-69","70-79","50-59","60-69","50-59","50-59","60-69","50-59","60-69","40-49","60-69","60-69","50-59","60-69","70-79","50-59","40-49","50-59","60-69","50-59","40-49","40-49","60-69","50-59","60-69","40-49","60-69","50-59","40-49"],"SERIES_NAME":["MALE","MALE","FEMALE","MALE","MALE","FEMALE","MALE","MALE","FEMALE","FEMALE","MALE","FEMALE","MALE","FEMALE","MALE","MALE","MALE","MALE","MALE","MALE","MALE","FEMALE","MALE","FEMALE","FEMALE","FEMALE","MALE","MALE","FEMALE","MALE","MALE","FEMALE","MALE","MALE","MALE","MALE","MALE","FEMALE","MALE","FEMALE"],"X_CALENDAR_YEAR":[2002,2002,2002,2002,2002,2002,2003,2003,2003,2003,2003,2004,2004,2004,2004,2004,2005,2005,2006,2006,2006,2007,2007,2008,2008,2008,2008,2009,2009,2009,2009,2010,2010,2010,2010,2011,2011,2013,2014,2014],"Y_PREVALENCE_1000PP":[0.0457,0.04158,0.04771,0.03236,0.03427,0.0428,0.02848,0.07468,0.0293,0.04759,0.02854,0.03066,0.09849,0.02366,0.03114,0.04923,0.03454,0.03382,0.02129,0.03536,0.0201,0.02418,0.02104,0.026,0.02642,0.03681,0.03096,0.01789,0.0258,0.01967,0.01671,0.01623,0.01332,0.02565,0.02457,0.02496,0.02405,0.02429,0.01873,0.01516]},"PREVALENCE_BY_MONTH":{"X_CALENDAR_MONTH":[200204,200207,200208,200210,200212,200302,200303,200306,200309,200311,200312,200401,200402,200406,200407,200411,200412,200504,200505,200508,200704,200706,200711,200805,200807,200808,200809,200901,200906,200907,201008,201009,201011,201101,201105,201108,201403],"Y_PREVALENCE_1000PP":[0.00307,0.00274,0.00219,0.00323,0.00161,0.00158,0.00263,0.00312,0.00204,0.00177,0.00151,0.00371,0.00222,0.00188,0.0014,0.00138,0.00138,0.00135,0.00158,0.00155,0.00124,0.00142,0.00176,0.00116,0.00134,0.00115,0.00114,0.00113,0.00113,0.00132,0.00134,0.00114,0.00112,0.00131,0.00129,0.0011,0.00211]},"CONDITIONS_BY_TYPE":{"CONCEPT_NAME":"Observation recorded from EHR","COUNT_VALUE":825},"AGE_AT_FIRST_DIAGNOSIS":{"CATEGORY":["FEMALE","MALE"],"MIN_VALUE":[19,4],"P10_VALUE":[42,39],"P25_VALUE":[50,47],"MEDIAN_VALUE":[60,56],"P75_VALUE":[70,66],"P90_VALUE":[79,74],"MAX_VALUE":[96,89]}}
