{"PREVALENCE_BY_GENDER_AGE_YEAR":{"TRELLIS_NAME":["70-79","70-79","70-79","70-79","80-89","80-89","80-89","80-89","80-89","80-89","80-89"],"SERIES_NAME":["MALE","FEMALE","MALE","FEMALE","FEMALE","FEMALE","FEMALE","FEMALE","FEMALE","FEMALE","FEMALE"],"X_CALENDAR_YEAR":[2003,2004,2004,2005,2005,2006,2008,2010,2011,2013,2014],"Y_PREVALENCE_1000PP":[0.04317,0.03296,0.04596,0.0372,0.04857,0.08538,0.06252,0.04857,0.04122,0.04177,0.04391]},"PREVALENCE_BY_MONTH":{"X_CALENDAR_MONTH":[200409,200601,201110],"Y_PREVALENCE_1000PP":[0.00162,0.0013,0.00109]},"CONDITIONS_BY_TYPE":{"CONCEPT_NAME":"Observation recorded from EHR","COUNT_VALUE":474},"AGE_AT_FIRST_DIAGNOSIS":{"CATEGORY":["FEMALE","MALE"],"MIN_VALUE":[12,0],"P10_VALUE":[53,46],"P25_VALUE":[67,62],"MEDIAN_VALUE":[78,73],"P75_VALUE":[85,81],"P90_VALUE":[90,87],"MAX_VALUE":[99,97]}}
