{"PREVALENCE_BY_GENDER_AGE_YEAR":{"TRELLIS_NAME":["70-79","70-79","70-79","60-69","70-79","50-59","50-59","60-69","80-89","70-79","70-79","60-69","60-69","0-9","50-59","70-79","70-79","70-79","80-89","50-59","60-69","70-79","80-89","70-79","80-89","60-69","70-79","60-69","50-59","50-59","70-79","60-69","80-89","70-79","60-69","70-79","50-59","80-89","80-89","70-79","80-89","60-69","60-69","0-9","80-89","60-69","60-69","70-79","70-79","60-69","60-69","70-79","70-79","70-79","80-89","60-69","70-79","80-89","70-79","70-79","70-79","80-89","80-89","70-79","60-69","0-9"],"SERIES_NAME":["FEMALE","FEMALE","MALE","MALE","FEMALE","FEMALE","MALE","FEMALE","FEMALE","FEMALE","MALE","FEMALE","MALE","MALE","FEMALE","FEMALE","MALE","FEMALE","FEMALE","FEMALE","FEMALE","MALE","MALE","MALE","FEMALE","MALE","FEMALE","FEMALE","FEMALE","MALE","FEMALE","MALE","FEMALE","MALE","MALE","FEMALE","FEMALE","FEMALE","MALE","FEMALE","FEMALE","FEMALE","MALE","FEMALE","FEMALE","MALE","FEMALE","MALE","FEMALE","MALE","FEMALE","FEMALE","FEMALE","MALE","FEMALE","FEMALE","MALE","FEMALE","FEMALE","MALE","FEMALE","FEMALE","MALE","FEMALE","FEMALE","FEMALE"],"X_CALENDAR_YEAR":[1999,2000,2000,2001,2001,2001,2001,2001,2002,2002,2002,2003,2003,2003,2003,2003,2003,2004,2004,2004,2004,2004,2005,2005,2005,2005,2005,2005,2006,2006,2006,2006,2006,2007,2007,2007,2007,2007,2007,2008,2008,2008,2008,2008,2009,2009,2009,2009,2009,2010,2010,2010,2011,2011,2011,2011,2012,2012,2012,2013,2013,2013,2014,2014,2014,2016],"Y_PREVALENCE_1000PP":[0.07572,0.08664,0.0881,0.04343,0.05553,0.02659,0.03447,0.04244,0.07716,0.08686,0.08379,0.02941,0.02987,0.02896,0.02564,0.08328,0.08633,0.08239,0.08436,0.04056,0.05695,0.05253,0.09657,0.05698,0.04857,0.02537,0.07972,0.02501,0.01879,0.01825,0.05618,0.03143,0.07762,0.03331,0.03156,0.04263,0.01775,0.08661,0.0715,0.05982,0.06252,0.01982,0.03011,0.02593,0.10334,0.01967,0.03874,0.04214,0.04105,0.03848,0.04086,0.05898,0.04023,0.03072,0.04122,0.01825,0.0305,0.04137,0.05796,0.06447,0.05245,0.04873,0.08459,0.02692,0.01928,0.02846]},"PREVALENCE_BY_MONTH":{"X_CALENDAR_MONTH":[199903,200002,200003,200005,200007,200008,200009,200010,200108,200109,200110,200201,200203,200205,200208,200209,200210,200211,200212,200301,200302,200303,200304,200305,200306,200307,200310,200311,200312,200401,200402,200403,200404,200405,200406,200408,200409,200411,200501,200502,200504,200506,200507,200508,200509,200510,200511,200603,200604,200607,200608,200609,200610,200701,200704,200706,200707,200710,200712,200802,200803,200804,200806,200807,200809,200810,200901,200903,200904,200905,200907,200908,200909,200911,201001,201002,201003,201006,201007,201008,201009,201011,201012,201102,201103,201104,201202,201205,201207,201210,201302,201303,201305,201307,201310,201401,201404,201407,201509,201610],"Y_PREVALENCE_1000PP":[0.00465,0.00314,0.00308,0.00387,0.00416,0.00288,0.00242,0.0028,0.00259,0.00317,0.00373,0.00235,0.00258,0.00166,0.00191,0.00163,0.00188,0.00188,0.00161,0.00212,0.00264,0.00184,0.0021,0.00183,0.00208,0.00232,0.00229,0.00279,0.00151,0.00173,0.00345,0.0029,0.00238,0.00142,0.00258,0.00186,0.00162,0.00161,0.00204,0.00158,0.0018,0.00246,0.00222,0.0031,0.00198,0.00154,0.00153,0.00195,0.00215,0.00214,0.00149,0.00149,0.00253,0.00166,0.00186,0.00162,0.00181,0.00177,0.00176,0.00116,0.00136,0.00174,0.0023,0.00134,0.00133,0.0019,0.00132,0.00207,0.00113,0.00207,0.00113,0.00188,0.00225,0.00151,0.00132,0.00209,0.00171,0.00115,0.00115,0.00134,0.00114,0.0015,0.0015,0.00112,0.0013,0.0013,0.00127,0.002,0.00109,0.00109,0.00184,0.00148,0.0013,0.00148,0.00131,0.00172,0.00153,0.00176,0.00135,0.00163]},"CONDITIONS_BY_TYPE":{"CONCEPT_NAME":"Observation recorded from EHR","COUNT_VALUE":1437},"AGE_AT_FIRST_DIAGNOSIS":{"CATEGORY":["MALE","FEMALE"],"MIN_VALUE":[0,0],"P10_VALUE":[9,12],"P25_VALUE":[42,47],"MEDIAN_VALUE":[64,67],"P75_VALUE":[76,77],"P90_VALUE":[83,84],"MAX_VALUE":[96,98]}}
