{"PREVALENCE_BY_GENDER_AGE_YEAR":{"TRELLIS_NAME":["50-59","30-39","30-39","30-39","50-59","40-49","60-69","70-79","30-39","30-39","60-69","50-59","70-79","60-69","50-59","30-39","30-39","70-79","50-59","30-39","50-59","60-69","30-39","50-59","50-59","40-49","70-79","60-69","60-69","60-69","40-49","40-49","60-69","20-29","20-29","30-39","50-59","40-49","70-79","40-49","60-69","80-89","30-39","40-49","40-49"],"SERIES_NAME":["FEMALE","FEMALE","MALE","FEMALE","FEMALE","FEMALE","FEMALE","MALE","FEMALE","MALE","FEMALE","MALE","FEMALE","FEMALE","FEMALE","FEMALE","FEMALE","MALE","MALE","MALE","FEMALE","MALE","FEMALE","FEMALE","MALE","MALE","FEMALE","FEMALE","MALE","FEMALE","FEMALE","MALE","MALE","FEMALE","MALE","FEMALE","MALE","FEMALE","MALE","FEMALE","MALE","FEMALE","FEMALE","FEMALE","FEMALE"],"X_CALENDAR_YEAR":[1998,1999,2000,2000,2000,2001,2001,2001,2001,2002,2002,2002,2002,2003,2003,2003,2004,2004,2004,2004,2004,2004,2005,2005,2005,2005,2005,2005,2005,2006,2006,2007,2007,2007,2007,2009,2009,2009,2009,2010,2010,2011,2011,2012,2013],"Y_PREVALENCE_1000PP":[0.06582,0.03929,0.02581,0.03081,0.03446,0.04146,0.03637,0.0608,0.02424,0.02404,0.03711,0.02268,0.03723,0.02941,0.03662,0.02059,0.022,0.0394,0.01969,0.01605,0.03042,0.03114,0.02165,0.03556,0.02198,0.01597,0.04252,0.02918,0.02959,0.02321,0.02385,0.01393,0.02104,0.01885,0.01676,0.01514,0.01671,0.02106,0.03161,0.01391,0.03207,0.04122,0.01735,0.01613,0.01402]},"PREVALENCE_BY_MONTH":{"X_CALENDAR_MONTH":[199709,199711,199712,199909,200004,200005,200008,200011,200103,200108,200109,200110,200207,200212,200306,200307,200309,200401,200402,200403,200406,200408,200409,200410,200411,200504,200505,200506,200510,200511,200601,200603,200607,200611,200705,200710,200711,200712,200805,200809,200810,200902,200908,200912,201006,201104,201106,201107,201111,201203,201204,201209,201212,201401,201408,201502],"Y_PREVALENCE_1000PP":[0.00612,0.00589,0.00774,0.00408,0.00261,0.00387,0.00329,0.00238,0.00211,0.00194,0.00285,0.00248,0.00165,0.00215,0.0026,0.0018,0.00153,0.00222,0.00197,0.00145,0.00211,0.00139,0.00139,0.00138,0.00161,0.0018,0.00135,0.00224,0.00307,0.00153,0.00173,0.00173,0.0015,0.00126,0.00246,0.00157,0.00117,0.00117,0.00116,0.00133,0.00114,0.00113,0.0017,0.00133,0.00134,0.00111,0.0011,0.00128,0.00109,0.00109,0.00109,0.00163,0.0011,0.00115,0.00138,0.00125]},"CONDITIONS_BY_TYPE":{"CONCEPT_NAME":"Observation recorded from EHR","COUNT_VALUE":1047},"AGE_AT_FIRST_DIAGNOSIS":{"CATEGORY":["FEMALE","MALE"],"MIN_VALUE":[9,0],"P10_VALUE":[26,22],"P25_VALUE":[35,36],"MEDIAN_VALUE":[49,53],"P75_VALUE":[63,67],"P90_VALUE":[74,76],"MAX_VALUE":[97,96]}}
