{"PREVALENCE_BY_GENDER_AGE_YEAR":{"TRELLIS_NAME":["70-79","80-89","60-69","40-49","40-49","30-39","50-59","60-69","50-59","70-79","60-69","80-89","50-59","80-89","70-79","60-69","60-69","70-79","50-59","70-79","80-89","60-69","30-39","60-69","50-59","80-89","20-29","40-49","70-79","50-59","60-69"],"SERIES_NAME":["MALE","MALE","FEMALE","FEMALE","MALE","FEMALE","MALE","MALE","FEMALE","MALE","FEMALE","FEMALE","FEMALE","MALE","FEMALE","MALE","MALE","FEMALE","MALE","MALE","FEMALE","FEMALE","FEMALE","MALE","FEMALE","MALE","FEMALE","FEMALE","MALE","MALE","FEMALE"],"X_CALENDAR_YEAR":[2008,2008,2010,2010,2010,2010,2010,2010,2010,2010,2011,2011,2011,2011,2011,2011,2012,2012,2012,2012,2012,2012,2012,2013,2013,2013,2013,2013,2013,2014,2014],"Y_PREVALENCE_1000PP":[0.05347,0.09027,0.02514,0.01623,0.01332,0.02009,0.01638,0.02245,0.02245,0.05222,0.02738,0.0687,0.01896,0.0631,0.0447,0.02807,0.01882,0.05796,0.01577,0.03559,0.04137,0.03049,0.01742,0.02501,0.0158,0.08187,0.0148,0.01402,0.02976,0.01606,0.02249]},"PREVALENCE_BY_MONTH":{"X_CALENDAR_MONTH":[200411,200808,200809,200811,201003,201004,201007,201008,201009,201010,201011,201101,201104,201105,201106,201107,201109,201111,201112,201201,201202,201204,201206,201207,201208,201209,201210,201211,201212,201301,201303,201304,201305,201306,201308,201311,201403,201404,201405,201508,201608],"Y_PREVALENCE_1000PP":[0.00206,0.00172,0.00209,0.00114,0.00152,0.0019,0.00153,0.00172,0.0019,0.00151,0.00112,0.00131,0.00111,0.00221,0.00129,0.00184,0.00146,0.00201,0.00164,0.00146,0.00146,0.00127,0.00164,0.00109,0.00109,0.00199,0.00163,0.00146,0.00184,0.00275,0.00148,0.00148,0.00167,0.0013,0.0013,0.00151,0.00211,0.00134,0.00172,0.00157,0.00187]},"CONDITIONS_BY_TYPE":{"CONCEPT_NAME":"Observation recorded from EHR","COUNT_VALUE":778},"AGE_AT_FIRST_DIAGNOSIS":{"CATEGORY":["MALE","FEMALE"],"MIN_VALUE":[0,0],"P10_VALUE":[17,17],"P25_VALUE":[44,35],"MEDIAN_VALUE":[63,57],"P75_VALUE":[76,73],"P90_VALUE":[83,83],"MAX_VALUE":[96,94]}}
