{"PREVALENCE_BY_GENDER_AGE_YEAR":{"TRELLIS_NAME":["20-29","30-39","20-29","20-29","30-39","0-9","20-29","30-39","20-29","30-39","0-9","0-9","0-9","0-9","30-39","20-29","10-19","20-29","0-9","30-39","0-9","0-9","30-39","20-29","20-29","0-9","30-39","0-9","30-39","0-9","0-9","20-29","0-9","20-29","0-9","30-39","0-9","30-39","0-9","20-29","0-9","30-39","0-9","0-9","30-39","0-9","0-9","0-9","30-39","30-39","0-9"],"SERIES_NAME":["FEMALE","FEMALE","FEMALE","FEMALE","FEMALE","MALE","FEMALE","FEMALE","FEMALE","FEMALE","MALE","FEMALE","FEMALE","MALE","FEMALE","FEMALE","FEMALE","FEMALE","MALE","FEMALE","FEMALE","MALE","FEMALE","FEMALE","FEMALE","FEMALE","FEMALE","MALE","FEMALE","FEMALE","MALE","FEMALE","FEMALE","FEMALE","MALE","FEMALE","MALE","FEMALE","FEMALE","FEMALE","MALE","FEMALE","FEMALE","FEMALE","FEMALE","MALE","FEMALE","MALE","FEMALE","FEMALE","FEMALE"],"X_CALENDAR_YEAR":[1997,1998,1998,1999,1999,2000,2000,2000,2001,2001,2001,2001,2002,2002,2002,2002,2002,2003,2003,2003,2004,2004,2004,2004,2005,2005,2005,2005,2006,2006,2006,2006,2007,2007,2007,2007,2008,2008,2008,2008,2009,2009,2009,2010,2010,2010,2011,2012,2012,2013,2016],"Y_PREVALENCE_1000PP":[0.07748,0.14103,0.14669,0.19095,0.08419,0.08176,0.15118,0.18485,0.09497,0.09697,0.11376,0.10804,0.05246,0.05276,0.15383,0.08806,0.03104,0.05441,0.03309,0.06765,0.05628,0.03384,0.06599,0.05942,0.06569,0.04212,0.05953,0.03604,0.07665,0.05067,0.06171,0.03797,0.06716,0.03232,0.03196,0.03798,0.03703,0.04027,0.04214,0.0232,0.03946,0.03028,0.05726,0.04978,0.01757,0.03565,0.02098,0.02829,0.01742,0.01983,0.02439]},"PREVALENCE_BY_MONTH":{"X_CALENDAR_MONTH":[199709,199801,199807,199810,199812,199904,199905,199912,200001,200002,200003,200004,200005,200006,200008,200010,200011,200101,200102,200103,200104,200105,200106,200107,200108,200111,200112,200201,200203,200204,200205,200206,200207,200208,200209,200210,200212,200305,200309,200311,200404,200406,200407,200408,200409,200410,200411,200503,200504,200506,200507,200508,200509,200510,200601,200606,200607,200609,200610,200612,200704,200708,200710,200711,200801,200805,200806,200808,200902,200904,200906,201002,201007,201010,201605],"Y_PREVALENCE_1000PP":[0.00612,0.00505,0.00477,0.00521,0.00438,0.00389,0.00574,0.00346,0.0036,0.00269,0.00264,0.00304,0.0043,0.00549,0.00453,0.0044,0.00277,0.00331,0.0029,0.00211,0.00348,0.00274,0.00302,0.00463,0.00226,0.00338,0.00365,0.00352,0.00316,0.00391,0.00166,0.00221,0.00356,0.00191,0.00353,0.00215,0.00161,0.00157,0.0023,0.00228,0.00167,0.00164,0.00187,0.00209,0.00254,0.00138,0.00161,0.00249,0.00135,0.00134,0.00156,0.00155,0.00176,0.00154,0.0013,0.00171,0.00214,0.0017,0.0019,0.0021,0.00124,0.00141,0.00138,0.00156,0.00116,0.00116,0.00115,0.00115,0.00113,0.00113,0.00132,0.00133,0.00115,0.00113,0.00152]},"CONDITIONS_BY_TYPE":{"CONCEPT_NAME":"Observation recorded from EHR","COUNT_VALUE":1018},"AGE_AT_FIRST_DIAGNOSIS":{"CATEGORY":["FEMALE","MALE"],"MIN_VALUE":[0,0],"P10_VALUE":[0,0],"P25_VALUE":[18,0],"MEDIAN_VALUE":[28,0],"P75_VALUE":[33,0],"P90_VALUE":[37,1],"MAX_VALUE":[64,61]}}
