{"PREVALENCE_BY_GENDER_AGE_YEAR":{"TRELLIS_NAME":["50-59","30-39","20-29","40-49","60-69","60-69","70-79","40-49"],"SERIES_NAME":["FEMALE","FEMALE","FEMALE","FEMALE","FEMALE","FEMALE","FEMALE","FEMALE"],"X_CALENDAR_YEAR":[2016,2017,2017,2017,2017,2018,2018,2018],"Y_PREVALENCE_1000PP":[0.02054,0.03673,0.02335,0.03529,0.0383,0.04878,0.05458,0.04927]},"PREVALENCE_BY_MONTH":{"X_CALENDAR_MONTH":[201608,201707,201807,201808,201901,201902,201903],"Y_PREVALENCE_1000PP":[0.0016,0.00175,0.00252,0.00255,0.00197,0.00198,0.00264]},"CONDITIONS_BY_TYPE":{"CONCEPT_NAME":"Observation recorded from EHR","COUNT_VALUE":147},"AGE_AT_FIRST_DIAGNOSIS":{"CATEGORY":"FEMALE","MIN_VALUE":21,"P10_VALUE":28,"P25_VALUE":38,"MEDIAN_VALUE":49,"P75_VALUE":66,"P90_VALUE":72,"MAX_VALUE":89}}
