{"PREVALENCE_BY_GENDER_AGE_YEAR":{"TRELLIS_NAME":["30-39","40-49","30-39","40-49","30-39","30-39","40-49","50-59","40-49","30-39","50-59","40-49","30-39","50-59","20-29","30-39","50-59","40-49","20-29","30-39","50-59","40-49","20-29","40-49","50-59","30-39","50-59","20-29","30-39","40-49","20-29","30-39","50-59","40-49","50-59","30-39","20-29","40-49","20-29","50-59","40-49","30-39","30-39","50-59","40-49","20-29","30-39","50-59","40-49","20-29","50-59","30-39","40-49","20-29","30-39","50-59","40-49","20-29","30-39","40-49","50-59","20-29","20-29","30-39","50-59","40-49","40-49","30-39","40-49"],"SERIES_NAME":["FEMALE","FEMALE","FEMALE","FEMALE","FEMALE","FEMALE","FEMALE","FEMALE","FEMALE","FEMALE","FEMALE","FEMALE","FEMALE","FEMALE","FEMALE","FEMALE","FEMALE","FEMALE","FEMALE","FEMALE","FEMALE","FEMALE","FEMALE","FEMALE","FEMALE","FEMALE","FEMALE","FEMALE","FEMALE","FEMALE","FEMALE","FEMALE","FEMALE","FEMALE","FEMALE","FEMALE","FEMALE","FEMALE","FEMALE","FEMALE","FEMALE","FEMALE","FEMALE","FEMALE","FEMALE","FEMALE","FEMALE","FEMALE","FEMALE","FEMALE","FEMALE","FEMALE","FEMALE","FEMALE","FEMALE","FEMALE","FEMALE","FEMALE","FEMALE","FEMALE","FEMALE","FEMALE","FEMALE","FEMALE","FEMALE","FEMALE","FEMALE","FEMALE","FEMALE"],"X_CALENDAR_YEAR":[1997,1998,1998,1999,1999,2000,2000,2000,2001,2001,2001,2002,2002,2002,2002,2003,2003,2003,2004,2004,2004,2004,2005,2005,2005,2005,2006,2006,2006,2006,2007,2007,2007,2007,2008,2008,2008,2008,2009,2009,2009,2009,2010,2010,2010,2010,2011,2011,2011,2011,2012,2012,2012,2012,2013,2013,2013,2013,2014,2014,2014,2014,2015,2015,2015,2015,2016,2016,2017],"Y_PREVALENCE_1000PP":[0.08836,0.10011,0.10785,0.08916,0.05612,0.07482,0.09128,0.1206,0.13268,0.09351,0.07089,0.1548,0.08922,0.10506,0.06509,0.09118,0.09888,0.14662,0.03631,0.07149,0.04056,0.13402,0.04067,0.143,0.05819,0.08929,0.0501,0.02921,0.08458,0.11394,0.05386,0.0709,0.03551,0.12954,0.04045,0.10319,0.03351,0.13012,0.04573,0.03439,0.10298,0.07066,0.08536,0.0421,0.09738,0.04563,0.10164,0.05959,0.13642,0.04201,0.05637,0.10449,0.08758,0.04433,0.08178,0.03686,0.05608,0.03206,0.0473,0.05558,0.01902,0.02622,0.02031,0.03453,0.03214,0.05383,0.05515,0.03037,0.02745]},"PREVALENCE_BY_MONTH":{"X_CALENDAR_MONTH":[199907,200002,200006,200009,200101,200102,200103,200105,200107,200108,200109,200110,200111,200112,200201,200202,200203,200204,200205,200206,200207,200208,200209,200210,200211,200301,200302,200303,200304,200305,200306,200307,200308,200310,200311,200312,200402,200403,200404,200405,200406,200407,200408,200409,200410,200411,200412,200502,200503,200504,200505,200506,200507,200508,200509,200510,200511,200512,200601,200602,200603,200605,200607,200608,200609,200610,200612,200701,200702,200703,200704,200705,200706,200707,200708,200709,200710,200711,200712,200801,200802,200803,200804,200805,200806,200807,200809,200810,200811,200812,200903,200904,200905,200906,200907,200908,200909,200910,200911,200912,201002,201003,201004,201005,201006,201007,201008,201009,201010,201011,201012,201101,201102,201103,201104,201105,201106,201107,201108,201109,201110,201111,201112,201201,201202,201203,201204,201205,201206,201207,201208,201209,201211,201212,201301,201302,201303,201305,201306,201307,201308,201309,201310,201311,201402,201404,201405,201406,201407,201409,201501,201503,201507],"Y_PREVALENCE_1000PP":[0.00435,0.00314,0.00338,0.00282,0.00258,0.00217,0.00211,0.00342,0.00265,0.00226,0.0019,0.00341,0.00246,0.00182,0.00293,0.00291,0.0046,0.00251,0.00333,0.00193,0.00274,0.00355,0.00326,0.0035,0.00214,0.00186,0.0037,0.00158,0.0021,0.00287,0.00156,0.00283,0.00359,0.00178,0.00253,0.00379,0.00148,0.00145,0.00262,0.00142,0.00235,0.0021,0.00279,0.00254,0.00138,0.00206,0.00183,0.00136,0.00203,0.00316,0.0018,0.00358,0.00245,0.002,0.00307,0.00132,0.00263,0.00241,0.00195,0.0026,0.0026,0.00236,0.00256,0.00149,0.0017,0.00232,0.00189,0.00208,0.00166,0.00207,0.00186,0.00184,0.00243,0.00181,0.00221,0.00239,0.00295,0.00176,0.00117,0.00213,0.00214,0.00272,0.00329,0.00194,0.00346,0.0021,0.00133,0.00228,0.00265,0.00114,0.00245,0.00208,0.00189,0.00226,0.00188,0.0017,0.00169,0.00151,0.00132,0.00152,0.00133,0.00171,0.0019,0.00172,0.00306,0.00229,0.00267,0.00114,0.0017,0.00225,0.00169,0.00168,0.00168,0.00315,0.00204,0.00203,0.00184,0.00294,0.00256,0.00182,0.00327,0.00274,0.00164,0.00273,0.00309,0.00218,0.00182,0.00109,0.00145,0.002,0.00236,0.00163,0.00146,0.00166,0.0011,0.00166,0.00148,0.00167,0.00111,0.00204,0.0013,0.00222,0.00187,0.00113,0.00114,0.00115,0.00115,0.00136,0.00157,0.00119,0.00166,0.00129,0.0018]},"CONDITIONS_BY_TYPE":{"CONCEPT_NAME":"Observation recorded from EHR","COUNT_VALUE":1857},"AGE_AT_FIRST_DIAGNOSIS":{"CATEGORY":"FEMALE","MIN_VALUE":0,"P10_VALUE":28,"P25_VALUE":34,"MEDIAN_VALUE":41,"P75_VALUE":47,"P90_VALUE":52,"MAX_VALUE":87}}
