{"PREVALENCE_BY_GENDER_AGE_YEAR":{"TRELLIS_NAME":["20-29","10-19","0-9","30-39","0-9","0-9","0-9","0-9","30-39","0-9","10-19","0-9","0-9","0-9","50-59","20-29","10-19","40-49","20-29","70-79","10-19","30-39","30-39","0-9","0-9","20-29","80-89","50-59","20-29","30-39","30-39","0-9","0-9","10-19","40-49","40-49","10-19","70-79","20-29","30-39","0-9","0-9","20-29","10-19","30-39","40-49","10-19","0-9","50-59","20-29","30-39","20-29","0-9","40-49","10-19","60-69","10-19","0-9","10-19","0-9","70-79","10-19","20-29","10-19","80-89","20-29","40-49","0-9","30-39","0-9","0-9","20-29","0-9","10-19","0-9"],"SERIES_NAME":["MALE","FEMALE","FEMALE","FEMALE","MALE","FEMALE","MALE","MALE","MALE","MALE","MALE","FEMALE","MALE","FEMALE","FEMALE","MALE","MALE","FEMALE","FEMALE","FEMALE","FEMALE","MALE","FEMALE","MALE","FEMALE","FEMALE","FEMALE","FEMALE","FEMALE","FEMALE","MALE","MALE","FEMALE","MALE","FEMALE","MALE","FEMALE","FEMALE","MALE","FEMALE","MALE","FEMALE","FEMALE","MALE","MALE","MALE","FEMALE","MALE","MALE","FEMALE","FEMALE","MALE","FEMALE","FEMALE","MALE","FEMALE","FEMALE","MALE","MALE","FEMALE","FEMALE","FEMALE","MALE","MALE","FEMALE","FEMALE","FEMALE","MALE","FEMALE","FEMALE","MALE","FEMALE","FEMALE","MALE","FEMALE"],"X_CALENDAR_YEAR":[2002,2002,2002,2002,2002,2003,2003,2004,2005,2005,2005,2005,2006,2006,2006,2006,2006,2006,2006,2006,2006,2006,2006,2007,2007,2007,2007,2008,2008,2008,2008,2008,2008,2008,2008,2008,2008,2008,2008,2009,2009,2009,2009,2009,2009,2009,2009,2010,2010,2010,2010,2010,2010,2010,2010,2010,2010,2011,2011,2011,2012,2012,2012,2012,2012,2012,2012,2012,2012,2012,2013,2013,2013,2014,2014],"Y_PREVALENCE_1000PP":[0.02393,0.03621,0.06677,0.02154,0.04836,0.04895,0.04136,0.0376,0.01576,0.05046,0.02164,0.0536,0.13371,0.10495,0.03444,0.01821,0.06182,0.0159,0.01753,0.03064,0.03863,0.03074,0.01586,0.08629,0.0638,0.0377,0.04331,0.02311,0.04639,0.0302,0.02687,0.08332,0.08427,0.02479,0.01893,0.01351,0.04471,0.03221,0.0187,0.02524,0.085,0.06999,0.03811,0.01844,0.01475,0.01565,0.04058,0.07725,0.01911,0.04816,0.01757,0.02366,0.084,0.01855,0.02759,0.01886,0.02349,0.05164,0.01816,0.05993,0.02675,0.03271,0.01798,0.02141,0.05516,0.03202,0.01613,0.06506,0.01742,0.04143,0.0309,0.01727,0.04715,0.01943,0.03428]},"PREVALENCE_BY_MONTH":{"X_CALENDAR_MONTH":[200201,200202,200211,200212,200301,200302,200411,200412,200501,200502,200503,200504,200512,200601,200602,200603,200604,200611,200612,200701,200702,200703,200711,200712,200801,200802,200803,200810,200811,200812,200901,200902,200903,200904,200910,200911,200912,201001,201002,201003,201004,201011,201012,201101,201102,201103,201111,201112,201201,201202,201203,201204,201205,201211,201212,201301,201302,201303,201311,201312,201401,201403,201410,201411,201412,201503,201512,201612,201712],"Y_PREVALENCE_1000PP":[0.00235,0.00174,0.00429,0.00725,0.00557,0.00264,0.00161,0.00321,0.00385,0.0043,0.00226,0.00135,0.00175,0.00281,0.00911,0.0117,0.00409,0.00231,0.00462,0.0027,0.00352,0.00538,0.00215,0.00449,0.01394,0.00388,0.00156,0.00114,0.00208,0.00852,0.00566,0.00377,0.00188,0.00208,0.00169,0.00302,0.00628,0.00795,0.00551,0.00571,0.00114,0.00187,0.00506,0.00318,0.00168,0.00111,0.00219,0.00346,0.00255,0.00327,0.00127,0.00254,0.00218,0.00457,0.0057,0.00385,0.00147,0.0013,0.00113,0.00173,0.00115,0.00134,0.00142,0.00163,0.00187,0.00129,0.00148,0.00274,0.00183]},"CONDITIONS_BY_TYPE":{"CONCEPT_NAME":"Observation recorded from EHR","COUNT_VALUE":1344},"AGE_AT_FIRST_DIAGNOSIS":{"CATEGORY":["FEMALE","MALE"],"MIN_VALUE":[0,0],"P10_VALUE":[2,1],"P25_VALUE":[6,3],"MEDIAN_VALUE":[23,12],"P75_VALUE":[45,35],"P90_VALUE":[70,57],"MAX_VALUE":[98,102]}}
