{"PREVALENCE_BY_GENDER_AGE_YEAR":{"TRELLIS_NAME":["0-9","0-9","0-9","0-9","0-9","0-9","80-89","0-9","70-79","60-69","0-9","0-9","80-89","0-9","60-69","0-9","0-9","70-79","0-9","0-9","70-79","10-19","0-9","10-19","0-9","0-9","0-9","0-9","0-9","0-9","0-9"],"SERIES_NAME":["FEMALE","FEMALE","FEMALE","MALE","FEMALE","FEMALE","FEMALE","FEMALE","FEMALE","FEMALE","MALE","FEMALE","FEMALE","MALE","FEMALE","MALE","FEMALE","FEMALE","MALE","FEMALE","FEMALE","MALE","MALE","MALE","FEMALE","MALE","FEMALE","FEMALE","MALE","FEMALE","MALE"],"X_CALENDAR_YEAR":[2000,2005,2007,2008,2009,2010,2011,2011,2011,2011,2011,2012,2012,2012,2012,2013,2013,2013,2014,2014,2014,2014,2015,2015,2015,2016,2016,2017,2017,2018,2018],"Y_PREVALENCE_1000PP":[0.0419,0.0268,0.02686,0.02469,0.01909,0.02178,0.04809,0.02697,0.02682,0.01825,0.02008,0.02367,0.04137,0.02263,0.03964,0.0309,0.02652,0.03497,0.05652,0.06544,0.02692,0.02267,0.04235,0.02119,0.03419,0.05424,0.04879,0.08156,0.06486,0.05203,0.03478]},"PREVALENCE_BY_MONTH":{"X_CALENDAR_MONTH":[200703,201002,201007,201103,201104,201105,201109,201110,201112,201203,201205,201207,201210,201211,201212,201301,201304,201305,201311,201401,201403,201404,201405,201407,201409,201410,201412,201506,201507,201508,201510,201606,201608,201609,201703,201705,201706,201712,201803,201804,201805],"Y_PREVALENCE_1000PP":[0.00145,0.00114,0.00153,0.00111,0.0013,0.00111,0.00109,0.00145,0.00146,0.00109,0.00127,0.00109,0.00109,0.0011,0.00147,0.00184,0.00111,0.0013,0.00132,0.00172,0.00134,0.00287,0.00172,0.00196,0.00139,0.00121,0.00145,0.00158,0.00135,0.0018,0.00163,0.00206,0.00214,0.00161,0.0017,0.00228,0.00262,0.00274,0.00185,0.00185,0.00432]},"CONDITIONS_BY_TYPE":{"CONCEPT_NAME":"Observation recorded from EHR","COUNT_VALUE":828},"AGE_AT_FIRST_DIAGNOSIS":{"CATEGORY":["MALE","FEMALE"],"MIN_VALUE":[1,0],"P10_VALUE":[3,4],"P25_VALUE":[6,7],"MEDIAN_VALUE":[12,47],"P75_VALUE":[37,73],"P90_VALUE":[65,85],"MAX_VALUE":[102,97]}}
