{"PREVALENCE_BY_GENDER_AGE_YEAR":{"TRELLIS_NAME":["50-59","30-39","40-49","10-19","50-59","10-19","10-19","20-29","10-19","10-19","10-19"],"SERIES_NAME":["FEMALE","FEMALE","FEMALE","MALE","FEMALE","FEMALE","FEMALE","FEMALE","FEMALE","FEMALE","FEMALE"],"X_CALENDAR_YEAR":[2006,2007,2007,2007,2008,2008,2011,2011,2012,2013,2015],"Y_PREVALENCE_1000PP":[0.01879,0.01519,0.01466,0.0192,0.01734,0.02063,0.02619,0.01483,0.03598,0.02271,0.026]},"PREVALENCE_BY_MONTH":{"X_CALENDAR_MONTH":[200605,200609,200611,200804,200805,200809,201004,201206,201210,201211,201301,201303],"Y_PREVALENCE_1000PP":[0.00129,0.00127,0.00168,0.00116,0.00136,0.00114,0.00114,0.00109,0.00109,0.00128,0.0011,0.00111]},"CONDITIONS_BY_TYPE":{"CONCEPT_NAME":"Observation recorded from EHR","COUNT_VALUE":423},"AGE_AT_FIRST_DIAGNOSIS":{"CATEGORY":["MALE","FEMALE"],"MIN_VALUE":[7,6],"P10_VALUE":[13,14],"P25_VALUE":[16,18],"MEDIAN_VALUE":[50,35],"P75_VALUE":[64,50],"P90_VALUE":[72,61],"MAX_VALUE":[87,84]}}
