{"PREVALENCE_BY_GENDER_AGE_YEAR":{"TRELLIS_NAME":["30-39","30-39","20-29","20-29","30-39","30-39","40-49","30-39","30-39","40-49","30-39","20-29","40-49","40-49","30-39","20-29","40-49","30-39","20-29","30-39","20-29","30-39","50-59","40-49","40-49","50-59","40-49","30-39","30-39","40-49","20-29","20-29","30-39","20-29","30-39","40-49","20-29","50-59","40-49","40-49","20-29","30-39","50-59","30-39","40-49","20-29","50-59","40-49","20-29","20-29","30-39","30-39","50-59","50-59","40-49","20-29","40-49","40-49","50-59","30-39","50-59","20-29","30-39","30-39","50-59","30-39","40-49","40-49","20-29","50-59","50-59","30-39","40-49","30-39","50-59","40-49","40-49","30-39","40-49"],"SERIES_NAME":["MALE","FEMALE","MALE","FEMALE","MALE","MALE","FEMALE","MALE","MALE","MALE","FEMALE","MALE","FEMALE","MALE","MALE","MALE","FEMALE","FEMALE","FEMALE","MALE","MALE","FEMALE","MALE","MALE","FEMALE","MALE","FEMALE","MALE","FEMALE","MALE","FEMALE","MALE","FEMALE","FEMALE","MALE","MALE","MALE","MALE","FEMALE","MALE","FEMALE","FEMALE","FEMALE","MALE","FEMALE","MALE","MALE","FEMALE","MALE","FEMALE","FEMALE","MALE","MALE","FEMALE","MALE","FEMALE","FEMALE","MALE","FEMALE","FEMALE","MALE","MALE","MALE","FEMALE","FEMALE","MALE","MALE","FEMALE","FEMALE","MALE","MALE","MALE","MALE","FEMALE","FEMALE","FEMALE","FEMALE","MALE","MALE"],"X_CALENDAR_YEAR":[2003,2005,2005,2005,2005,2006,2007,2007,2009,2009,2009,2009,2009,2010,2010,2010,2010,2010,2011,2011,2011,2011,2011,2011,2011,2012,2012,2012,2012,2012,2012,2012,2013,2013,2013,2013,2013,2013,2013,2014,2014,2014,2014,2014,2014,2014,2014,2015,2015,2015,2015,2015,2015,2015,2015,2016,2016,2016,2016,2016,2016,2016,2016,2017,2017,2017,2017,2017,2017,2017,2018,2018,2018,2018,2018,2018,2019,2019,2019],"Y_PREVALENCE_1000PP":[0.02008,0.01894,0.03237,0.02502,0.02364,0.03074,0.01466,0.01965,0.0295,0.02459,0.02019,0.01843,0.01404,0.03774,0.05655,0.03155,0.01623,0.03264,0.03954,0.16075,0.04369,0.10908,0.03178,0.10275,0.04775,0.0552,0.08758,0.19938,0.11693,0.16708,0.03941,0.05395,0.09913,0.03453,0.16047,0.16489,0.049,0.03878,0.08411,0.21782,0.02622,0.12087,0.01631,0.14725,0.09095,0.02482,0.04014,0.0935,0.03344,0.03773,0.12086,0.13538,0.05469,0.0263,0.24491,0.04174,0.13099,0.23028,0.03081,0.14846,0.06742,0.03638,0.09817,0.10653,0.04155,0.07385,0.24188,0.15684,0.02725,0.09305,0.08747,0.10261,0.27076,0.11069,0.05942,0.13887,0.04996,0.0328,0.05299]},"PREVALENCE_BY_MONTH":{"X_CALENDAR_MONTH":[200312,200502,200503,200511,200902,200907,200910,200912,201001,201003,201004,201005,201006,201008,201009,201010,201012,201101,201102,201103,201104,201105,201106,201107,201108,201109,201110,201111,201112,201201,201202,201203,201204,201205,201206,201207,201208,201209,201210,201211,201212,201301,201302,201303,201304,201305,201306,201307,201308,201309,201310,201311,201312,201401,201402,201403,201404,201405,201406,201407,201408,201409,201410,201411,201412,201501,201502,201503,201504,201505,201506,201507,201508,201509,201510,201511,201512,201601,201602,201603,201604,201605,201606,201607,201608,201609,201610,201611,201612,201701,201702,201703,201704,201705,201706,201707,201708,201709,201710,201711,201712,201801,201802,201803,201804,201805,201806,201807,201808,201809,201810,201811,201812,201901,201902,201903],"Y_PREVALENCE_1000PP":[0.00379,0.00136,0.00136,0.00131,0.00113,0.00113,0.00132,0.00152,0.0017,0.00209,0.0019,0.00172,0.00153,0.00114,0.00152,0.00188,0.00263,0.00224,0.00336,0.00278,0.00222,0.00203,0.00276,0.00239,0.0044,0.00674,0.00509,0.00839,0.00492,0.0071,0.00691,0.00545,0.008,0.00746,0.00327,0.00328,0.00508,0.00471,0.00599,0.00512,0.00534,0.00477,0.00534,0.00574,0.00407,0.00557,0.00427,0.00445,0.00483,0.00667,0.00561,0.00527,0.00384,0.00573,0.00553,0.00402,0.00498,0.00421,0.00446,0.00607,0.00493,0.00456,0.00586,0.00552,0.00332,0.00685,0.0046,0.00496,0.00584,0.00627,0.00653,0.00585,0.00562,0.00562,0.00372,0.00781,0.00664,0.00792,0.00498,0.00822,0.0065,0.00708,0.00617,0.00525,0.00534,0.00483,0.00434,0.00575,0.00657,0.00411,0.00728,0.00567,0.00627,0.00799,0.00583,0.00702,0.00765,0.00413,0.00711,0.00543,0.00365,0.00617,0.00587,0.00834,0.0071,0.00895,0.00558,0.00694,0.00573,0.00479,0.00521,0.00328,0.00592,0.00591,0.00297,0.00528]},"CONDITIONS_BY_TYPE":{"CONCEPT_NAME":"Observation recorded from EHR","COUNT_VALUE":2717},"AGE_AT_FIRST_DIAGNOSIS":{"CATEGORY":["MALE","FEMALE"],"MIN_VALUE":[16,18],"P10_VALUE":[26,26],"P25_VALUE":[31,30],"MEDIAN_VALUE":[38,35],"P75_VALUE":[44,41],"P90_VALUE":[50,48],"MAX_VALUE":[77,67]}}
