{"PREVALENCE_BY_GENDER_AGE_YEAR":{"TRELLIS_NAME":["70-79","50-59","60-69","50-59","60-69","30-39","40-49","70-79","20-29","30-39","90-99","20-29","60-69","50-59","80-89","60-69","40-49","70-79","80-89","50-59","80-89","70-79","40-49","30-39","50-59","60-69","20-29","60-69","40-49","50-59","30-39","80-89","70-79","40-49","20-29","30-39","70-79","80-89","50-59","60-69","70-79","60-69","90-99","40-49","50-59","80-89","20-29","30-39","30-39","50-59","30-39","40-49","50-59","20-29","80-89","60-69","80-89","60-69","20-29","70-79","70-79","40-49","20-29","60-69","40-49","50-59","70-79","40-49","50-59","80-89","30-39","60-69","70-79","50-59","30-39","60-69","60-69","40-49","70-79","50-59","20-29","80-89","70-79","40-49","40-49","40-49","60-69","70-79","80-89","60-69","50-59","70-79","70-79","60-69","50-59","50-59","60-69","60-69"],"SERIES_NAME":["FEMALE","FEMALE","MALE","MALE","MALE","MALE","MALE","MALE","MALE","FEMALE","FEMALE","FEMALE","FEMALE","MALE","MALE","MALE","FEMALE","FEMALE","FEMALE","FEMALE","FEMALE","FEMALE","FEMALE","FEMALE","FEMALE","MALE","FEMALE","FEMALE","MALE","MALE","MALE","MALE","MALE","MALE","MALE","FEMALE","MALE","FEMALE","MALE","FEMALE","FEMALE","MALE","FEMALE","FEMALE","FEMALE","MALE","FEMALE","MALE","FEMALE","MALE","MALE","FEMALE","FEMALE","FEMALE","MALE","MALE","FEMALE","FEMALE","MALE","FEMALE","MALE","MALE","FEMALE","FEMALE","MALE","FEMALE","FEMALE","FEMALE","MALE","FEMALE","FEMALE","MALE","MALE","FEMALE","FEMALE","MALE","FEMALE","MALE","MALE","MALE","MALE","FEMALE","FEMALE","FEMALE","FEMALE","MALE","MALE","MALE","FEMALE","FEMALE","FEMALE","FEMALE","FEMALE","FEMALE","MALE","MALE","MALE","MALE"],"X_CALENDAR_YEAR":[2000,2000,2000,2001,2001,2002,2002,2002,2002,2002,2002,2002,2002,2002,2002,2002,2002,2002,2002,2002,2003,2003,2003,2003,2003,2003,2003,2003,2003,2003,2003,2003,2003,2004,2004,2004,2004,2004,2004,2004,2004,2004,2004,2004,2004,2004,2004,2004,2005,2005,2005,2005,2005,2005,2005,2005,2005,2005,2005,2005,2005,2005,2006,2006,2006,2006,2006,2006,2006,2006,2006,2006,2006,2007,2007,2007,2007,2007,2007,2007,2007,2007,2007,2007,2008,2008,2008,2008,2008,2008,2008,2008,2009,2009,2009,2010,2011,2012],"Y_PREVALENCE_1000PP":[0.05199,0.03446,0.06341,0.03016,0.05583,0.13521,0.18508,0.53322,0.07178,0.14152,0.22981,0.11103,0.53538,0.24572,0.55104,0.42609,0.19439,0.52736,0.42441,0.29962,0.25403,0.16657,0.11996,0.05882,0.10255,0.32362,0.04353,0.27941,0.10464,0.12814,0.03155,0.25598,0.28777,0.20393,0.02397,0.08249,0.51214,0.39648,0.31181,0.38549,0.52182,0.53819,0.22662,0.12807,0.21296,0.35083,0.05942,0.08827,0.046,0.18525,0.04465,0.05608,0.1778,0.02815,0.24833,0.33399,0.27523,0.18756,0.02266,0.34015,0.34821,0.10648,0.02337,0.07738,0.05778,0.05323,0.0715,0.02915,0.07909,0.10091,0.02379,0.11,0.13287,0.07101,0.02026,0.07715,0.03799,0.03946,0.06661,0.06046,0.01676,0.04331,0.07105,0.022,0.01893,0.01351,0.05018,0.04813,0.04168,0.01982,0.02023,0.03221,0.03192,0.0226,0.02229,0.02184,0.01872,0.02195]},"PREVALENCE_BY_MONTH":{"X_CALENDAR_MONTH":[200006,200007,200106,200108,200109,200111,200201,200202,200203,200204,200205,200206,200207,200208,200209,200210,200211,200212,200301,200302,200303,200304,200305,200306,200307,200308,200309,200310,200311,200312,200401,200402,200403,200404,200405,200406,200407,200408,200409,200410,200411,200412,200501,200502,200503,200504,200505,200506,200507,200508,200509,200510,200511,200512,200601,200602,200603,200604,200605,200606,200607,200608,200609,200610,200611,200612,200701,200702,200703,200704,200705,200706,200707,200708,200709,200710,200711,200801,200802,200805,200806,200807,200808,200810,200812,200902,200903,200912,201002,201003,201202,201203],"Y_PREVALENCE_1000PP":[0.00549,0.0025,0.00235,0.00194,0.00254,0.00184,0.00616,0.02093,0.02326,0.02791,0.01802,0.01655,0.04004,0.0153,0.02795,0.03093,0.01689,0.01905,0.01593,0.00792,0.01315,0.01546,0.00679,0.00805,0.00927,0.00795,0.0069,0.00968,0.0109,0.00833,0.01507,0.01849,0.0215,0.02046,0.02412,0.02653,0.02426,0.01348,0.01503,0.01589,0.02133,0.01742,0.02106,0.01899,0.02622,0.01354,0.01216,0.01456,0.01111,0.00976,0.00659,0.0079,0.00853,0.00635,0.00995,0.00564,0.00477,0.00194,0.00236,0.00192,0.00278,0.00511,0.00276,0.00211,0.00462,0.00441,0.00436,0.00705,0.00559,0.00289,0.00307,0.00243,0.00201,0.00141,0.00259,0.00157,0.00351,0.00271,0.00175,0.00252,0.00115,0.0023,0.00115,0.00114,0.00151,0.00189,0.00113,0.00114,0.00152,0.00228,0.00109,0.00127]},"CONDITIONS_BY_TYPE":{"CONCEPT_NAME":"Observation recorded from EHR","COUNT_VALUE":3988},"AGE_AT_FIRST_DIAGNOSIS":{"CATEGORY":["FEMALE","MALE"],"MIN_VALUE":[0,1],"P10_VALUE":[33,36],"P25_VALUE":[47,48],"MEDIAN_VALUE":[61,60],"P75_VALUE":[74,70],"P90_VALUE":[81,77],"MAX_VALUE":[97,96]}}
