{"PREVALENCE_BY_GENDER_AGE_YEAR":{"TRELLIS_NAME":["20-29","30-39","20-29","20-29","30-39","20-29","30-39","20-29","20-29","20-29","20-29","30-39"],"SERIES_NAME":["FEMALE","MALE","FEMALE","MALE","MALE","MALE","MALE","FEMALE","MALE","FEMALE","MALE","MALE"],"X_CALENDAR_YEAR":[2014,2014,2015,2015,2016,2016,2017,2017,2017,2018,2018,2018],"Y_PREVALENCE_1000PP":[0.03147,0.02104,0.02612,0.01824,0.02031,0.02183,0.02585,0.02725,0.02432,0.05279,0.03232,0.02463]},"PREVALENCE_BY_MONTH":{"X_CALENDAR_MONTH":[201401,201405,201406,201410,201412,201501,201504,201505,201507,201508,201601,201603,201609,201610,201701,201702,201708,201804,201805,201809,201810,201811,201812,201902],"Y_PREVALENCE_1000PP":[0.00134,0.00172,0.00116,0.00121,0.00166,0.00145,0.00151,0.0013,0.00135,0.00157,0.00148,0.00174,0.00161,0.00217,0.00164,0.00196,0.00324,0.00216,0.00308,0.00224,0.0026,0.00263,0.00329,0.00198]},"CONDITIONS_BY_TYPE":{"CONCEPT_NAME":"Observation recorded from EHR","COUNT_VALUE":359},"AGE_AT_FIRST_DIAGNOSIS":{"CATEGORY":["FEMALE","MALE"],"MIN_VALUE":[2,1],"P10_VALUE":[11,18],"P25_VALUE":[19,23],"MEDIAN_VALUE":[25,29],"P75_VALUE":[36,38],"P90_VALUE":[53,46],"MAX_VALUE":[75,86]}}
