{"PREVALENCE_BY_GENDER_AGE_YEAR":{"TRELLIS_NAME":["0-9","50-59","60-69","70-79","70-79","80-89","50-59","70-79","80-89","20-29","60-69","30-39","70-79","60-69","60-69","50-59","20-29","80-89","70-79","40-49","80-89","60-69","70-79","70-79","60-69","20-29","80-89","60-69","80-89","50-59","0-9","70-79","70-79","50-59","40-49","60-69","80-89","60-69","70-79","80-89","80-89","70-79","50-59","60-69","80-89","50-59","60-69","40-49","70-79","40-49","70-79","60-69","30-39","20-29","80-89","80-89","50-59","20-29","60-69","70-79","40-49","60-69","70-79","50-59","80-89","70-79","80-89","60-69","70-79","60-69","50-59","80-89","70-79","80-89","50-59"],"SERIES_NAME":["MALE","MALE","MALE","MALE","MALE","MALE","MALE","MALE","MALE","MALE","MALE","MALE","MALE","MALE","MALE","MALE","MALE","MALE","MALE","MALE","MALE","MALE","MALE","MALE","MALE","MALE","MALE","MALE","MALE","MALE","MALE","MALE","MALE","MALE","MALE","MALE","MALE","MALE","MALE","MALE","MALE","MALE","MALE","MALE","MALE","MALE","MALE","MALE","MALE","MALE","MALE","MALE","MALE","MALE","MALE","MALE","MALE","MALE","MALE","MALE","MALE","MALE","MALE","MALE","MALE","MALE","MALE","MALE","MALE","MALE","MALE","MALE","MALE","MALE","MALE"],"X_CALENDAR_YEAR":[2001,2001,2001,2001,2002,2002,2003,2003,2003,2003,2003,2003,2004,2004,2005,2005,2005,2005,2005,2006,2006,2006,2006,2007,2007,2007,2007,2008,2008,2008,2008,2008,2009,2009,2009,2009,2009,2010,2010,2010,2011,2011,2011,2011,2012,2012,2012,2012,2012,2013,2013,2013,2013,2013,2013,2014,2014,2014,2014,2014,2014,2015,2015,2015,2015,2016,2016,2016,2017,2017,2017,2017,2018,2018,2018],"Y_PREVALENCE_1000PP":[0.02968,0.03016,0.04963,0.08685,0.06094,0.15498,0.03559,0.10072,0.15999,0.02268,0.03983,0.01721,0.11819,0.04893,0.04228,0.01884,0.02913,0.22074,0.10763,0.01758,0.11671,0.03929,0.07851,0.08882,0.04559,0.01955,0.143,0.02007,0.21439,0.01689,0.01852,0.09091,0.05268,0.02786,0.01789,0.03606,0.16525,0.0481,0.07833,0.14088,0.15776,0.09215,0.02383,0.04991,0.16554,0.01577,0.04391,0.01782,0.05592,0.02033,0.06447,0.02189,0.02222,0.01805,0.12281,0.20089,0.01606,0.01655,0.04971,0.09647,0.01958,0.07215,0.08785,0.0259,0.12559,0.06981,0.16333,0.06065,0.06878,0.04911,0.02233,0.10579,0.06834,0.21851,0.04165]},"PREVALENCE_BY_MONTH":{"X_CALENDAR_MONTH":[200107,200109,200212,200305,200306,200308,200309,200310,200409,200410,200411,200412,200503,200506,200507,200509,200510,200511,200512,200602,200605,200606,200608,200702,200703,200705,200706,200707,200708,200801,200802,200803,200806,200809,200811,200901,200903,200904,200906,200908,200909,201003,201004,201006,201007,201009,201010,201101,201104,201105,201106,201108,201110,201111,201112,201203,201207,201208,201210,201211,201303,201305,201306,201308,201309,201310,201311,201401,201402,201403,201404,201406,201407,201408,201409,201410,201501,201502,201504,201505,201506,201507,201508,201509,201602,201603,201604,201606,201611,201701,201706,201710,201712,201803,201805,201808,201810],"Y_PREVALENCE_1000PP":[0.00298,0.0019,0.00188,0.00209,0.00208,0.00257,0.0023,0.00204,0.00185,0.00138,0.00138,0.00229,0.00158,0.00269,0.00178,0.00176,0.00176,0.00131,0.00131,0.0013,0.00172,0.00171,0.00192,0.00187,0.00186,0.00143,0.00142,0.00161,0.00141,0.00136,0.00155,0.00117,0.00192,0.00152,0.00152,0.00132,0.00132,0.00113,0.00132,0.00113,0.00169,0.00114,0.00114,0.00115,0.00115,0.00247,0.0017,0.00112,0.00148,0.00277,0.0011,0.0011,0.00164,0.00146,0.00128,0.00145,0.002,0.00109,0.00109,0.00183,0.00148,0.00186,0.00149,0.00111,0.00148,0.00112,0.00169,0.00191,0.00229,0.00191,0.00172,0.00213,0.00118,0.00118,0.00139,0.00162,0.00208,0.00125,0.0013,0.00173,0.00158,0.00202,0.00157,0.00135,0.00149,0.00199,0.00175,0.00232,0.00164,0.00164,0.00204,0.00178,0.00183,0.00247,0.00216,0.00191,0.00228]},"CONDITIONS_BY_TYPE":{"CONCEPT_NAME":"Observation recorded from EHR","COUNT_VALUE":1305},"AGE_AT_FIRST_DIAGNOSIS":{"CATEGORY":"MALE","MIN_VALUE":0,"P10_VALUE":22,"P25_VALUE":46,"MEDIAN_VALUE":67,"P75_VALUE":78,"P90_VALUE":85,"MAX_VALUE":97}}
