{"PREVALENCE_BY_GENDER_AGE_YEAR":{"TRELLIS_NAME":["60-69","50-59","60-69","40-49","70-79","70-79","50-59","60-69","70-79","60-69","40-49","50-59","60-69","50-59","60-69","40-49","70-79","50-59","60-69","70-79","70-79","50-59","60-69","50-59","60-69","60-69","70-79","50-59","70-79","60-69","50-59","60-69","70-79","60-69","70-79","60-69","50-59","50-59","40-49","60-69","50-59","70-79","50-59","60-69","70-79","60-69","70-79","50-59","70-79","70-79","60-69","50-59","60-69","50-59","60-69","70-79","70-79","60-69","70-79","40-49","70-79","50-59"],"SERIES_NAME":["MALE","FEMALE","FEMALE","FEMALE","FEMALE","FEMALE","FEMALE","FEMALE","FEMALE","MALE","FEMALE","FEMALE","FEMALE","FEMALE","FEMALE","FEMALE","FEMALE","FEMALE","FEMALE","FEMALE","FEMALE","FEMALE","FEMALE","FEMALE","MALE","FEMALE","FEMALE","MALE","FEMALE","FEMALE","FEMALE","MALE","FEMALE","FEMALE","FEMALE","FEMALE","MALE","FEMALE","FEMALE","MALE","MALE","FEMALE","FEMALE","FEMALE","MALE","FEMALE","MALE","MALE","FEMALE","FEMALE","MALE","FEMALE","FEMALE","MALE","FEMALE","MALE","FEMALE","FEMALE","FEMALE","FEMALE","FEMALE","FEMALE"],"X_CALENDAR_YEAR":[2000,2001,2001,2001,2001,2002,2002,2003,2003,2003,2003,2004,2004,2005,2005,2005,2005,2006,2006,2006,2007,2007,2007,2008,2008,2008,2008,2009,2009,2009,2010,2010,2010,2010,2011,2011,2011,2011,2011,2012,2012,2012,2012,2012,2012,2013,2013,2013,2013,2014,2014,2014,2014,2015,2015,2016,2016,2017,2017,2017,2018,2018],"Y_PREVALENCE_1000PP":[0.05548,0.02659,0.04244,0.02902,0.04165,0.03723,0.03113,0.07353,0.04164,0.03983,0.02666,0.0338,0.03943,0.02263,0.04168,0.02804,0.04252,0.01879,0.03869,0.03575,0.02842,0.02367,0.0449,0.03178,0.03011,0.02973,0.02761,0.01671,0.02736,0.04519,0.02526,0.01924,0.06805,0.05343,0.03129,0.04259,0.01589,0.03792,0.01592,0.02509,0.01577,0.02675,0.01879,0.03354,0.04067,0.03036,0.02976,0.0181,0.0306,0.02692,0.01988,0.01902,0.0257,0.01727,0.02795,0.04443,0.03962,0.03351,0.04301,0.02745,0.06822,0.04244]},"PREVALENCE_BY_MONTH":{"X_CALENDAR_MONTH":[200006,200105,200106,200107,200108,200111,200112,200206,200209,200302,200304,200309,200310,200311,200312,200406,200411,200504,200506,200510,200511,200603,200604,200607,200608,200701,200705,200707,200711,200801,200802,200806,200807,200811,200812,200901,200902,200903,200906,200910,200912,201001,201002,201003,201004,201007,201011,201012,201103,201105,201106,201110,201111,201202,201204,201206,201207,201211,201212,201305,201306,201308,201311,201401,201403,201407,201409,201410,201501,201506,201512,201608,201706,201709,201710,201802,201805,201806,201809,201902],"Y_PREVALENCE_1000PP":[0.00295,0.0024,0.00201,0.00231,0.00226,0.00246,0.00182,0.00221,0.00163,0.00158,0.00236,0.0023,0.00178,0.00152,0.00151,0.00141,0.00183,0.00203,0.00134,0.00219,0.00153,0.00152,0.00129,0.00128,0.00149,0.00125,0.00164,0.00121,0.00137,0.00155,0.00136,0.00173,0.00115,0.00152,0.00132,0.0017,0.00132,0.00113,0.00132,0.00151,0.00133,0.00114,0.00114,0.0019,0.00114,0.00172,0.00112,0.00113,0.0013,0.0024,0.00221,0.00145,0.00201,0.00127,0.00109,0.00109,0.00109,0.00146,0.0011,0.00167,0.00111,0.00111,0.00132,0.00134,0.00153,0.00157,0.00159,0.00202,0.00145,0.00158,0.00197,0.00214,0.00175,0.00236,0.00178,0.00216,0.00216,0.00186,0.00224,0.00231]},"LENGTH_OF_ERA":{"CATEGORY":"Length of era","MIN_VALUE":1,"P10_VALUE":1,"P25_VALUE":1,"MEDIAN_VALUE":1,"P75_VALUE":1,"P90_VALUE":1,"MAX_VALUE":53},"AGE_AT_FIRST_DIAGNOSIS":{"CATEGORY":["MALE","FEMALE"],"MIN_VALUE":[1,0],"P10_VALUE":[39,40],"P25_VALUE":[49,50],"MEDIAN_VALUE":[60,60],"P75_VALUE":[69,70],"P90_VALUE":[76,78],"MAX_VALUE":[95,98]}}
