{"PREVALENCE_BY_GENDER_AGE_YEAR":{"TRELLIS_NAME":["90-99","80-89","70-79","60-69","70-79","80-89","90-99","60-69","90-99","70-79","90-99","60-69","70-79","60-69","80-89","80-89","70-79","90-99","80-89","70-79","80-89"],"SERIES_NAME":["FEMALE","MALE","FEMALE","MALE","MALE","FEMALE","MALE","FEMALE","MALE","FEMALE","FEMALE","MALE","MALE","FEMALE","FEMALE","MALE","FEMALE","FEMALE","MALE","MALE","FEMALE"],"X_CALENDAR_YEAR":[2015,2015,2015,2015,2015,2015,2015,2015,2016,2016,2016,2016,2016,2016,2016,2016,2017,2017,2017,2017,2017],"Y_PREVALENCE_1000PP":[1.9959,1.10743,0.44907,0.14429,0.41727,1.0636,1.88088,0.1048,0.75019,0.14149,0.75935,0.03033,0.12693,0.04612,0.33663,0.3947,0.08602,0.26419,0.2267,0.07566,0.24856]},"PREVALENCE_BY_MONTH":{"X_CALENDAR_MONTH":[201501,201502,201503,201504,201505,201506,201507,201508,201510,201512,201601,201602,201603,201605,201606,201611,201701,201702,201703,201705,201706,201708,201710,201711],"Y_PREVALENCE_1000PP":[0.05562,0.00313,0.01122,0.01837,0.00562,0.00158,0.00225,0.00157,0.00512,0.02828,0.01682,0.00149,0.00548,0.00455,0.00309,0.00438,0.00274,0.00252,0.00312,0.00228,0.0035,0.00353,0.00178,0.00241]},"LENGTH_OF_ERA":{"CATEGORY":"Length of era","MIN_VALUE":1,"P10_VALUE":1,"P25_VALUE":1,"MEDIAN_VALUE":1,"P75_VALUE":1,"P90_VALUE":1,"MAX_VALUE":15},"AGE_AT_FIRST_DIAGNOSIS":{"CATEGORY":["MALE","FEMALE"],"MIN_VALUE":[5,50],"P10_VALUE":[67,68],"P25_VALUE":[72,76],"MEDIAN_VALUE":[80,83],"P75_VALUE":[86,89],"P90_VALUE":[91,93],"MAX_VALUE":[99,101]}}
