{"PREVALENCE_BY_GENDER_AGE_YEAR":{"TRELLIS_NAME":["10-19","0-9","10-19","0-9","30-39","10-19","0-9","30-39","10-19","0-9","20-29","10-19","0-9","20-29","0-9","0-9","20-29","0-9","0-9","10-19","30-39","0-9","0-9","10-19","40-49","0-9","10-19","80-89","0-9","10-19","20-29","0-9","0-9","20-29","10-19","0-9","30-39","20-29","0-9"],"SERIES_NAME":["MALE","MALE","MALE","MALE","MALE","MALE","MALE","MALE","MALE","MALE","MALE","MALE","MALE","MALE","MALE","FEMALE","MALE","MALE","MALE","MALE","MALE","MALE","FEMALE","MALE","FEMALE","MALE","MALE","FEMALE","MALE","MALE","MALE","FEMALE","MALE","MALE","MALE","MALE","MALE","MALE","MALE"],"X_CALENDAR_YEAR":[2002,2002,2003,2003,2004,2004,2004,2005,2005,2005,2005,2006,2006,2006,2007,2007,2007,2008,2009,2009,2010,2010,2010,2010,2010,2011,2011,2011,2012,2013,2013,2013,2013,2014,2014,2014,2015,2016,2018],"Y_PREVALENCE_1000PP":[0.03167,0.02638,0.04623,0.03309,0.02407,0.02642,0.02256,0.01576,0.03246,0.02883,0.0259,0.02404,0.02057,0.01821,0.01917,0.03358,0.01676,0.03086,0.02125,0.01844,0.02213,0.02971,0.03733,0.03065,0.01391,0.01721,0.01816,0.04809,0.02546,0.03058,0.01547,0.03241,0.01685,0.01655,0.03562,0.04165,0.02016,0.02183,0.05962]},"PREVALENCE_BY_MONTH":{"X_CALENDAR_MONTH":[200107,200207,200208,200301,200306,200407,200409,200411,200503,200504,200505,200508,200510,200605,200606,200612,200706,200707,200708,200709,200801,200807,200903,200909,201002,201003,201005,201006,201007,201009,201011,201103,201105,201106,201109,201204,201207,201212,201303,201304,201307,201308,201309,201310,201403,201405,201406,201407,201409,201410,201411,201501,201505,201508,201602,201701,201710,201805,201810],"Y_PREVALENCE_1000PP":[0.00231,0.00165,0.00164,0.00159,0.00182,0.00163,0.00139,0.00138,0.00203,0.00135,0.00135,0.00133,0.00132,0.00172,0.0015,0.00168,0.00122,0.00141,0.00121,0.00139,0.00155,0.00134,0.00132,0.0015,0.00133,0.00114,0.00229,0.00115,0.00191,0.00152,0.00112,0.00111,0.00129,0.0011,0.00146,0.00109,0.00146,0.0011,0.00222,0.0013,0.0013,0.0013,0.00148,0.00206,0.00211,0.00115,0.00174,0.00235,0.00119,0.00142,0.00123,0.00125,0.0013,0.00157,0.00199,0.00192,0.00237,0.00185,0.00195]},"LENGTH_OF_ERA":{"CATEGORY":"Length of era","MIN_VALUE":1,"P10_VALUE":1,"P25_VALUE":1,"MEDIAN_VALUE":1,"P75_VALUE":1,"P90_VALUE":1,"MAX_VALUE":82},"AGE_AT_FIRST_DIAGNOSIS":{"CATEGORY":["MALE","FEMALE"],"MIN_VALUE":[0,1],"P10_VALUE":[5,5],"P25_VALUE":[11,11],"MEDIAN_VALUE":[23,43],"P75_VALUE":[43,71],"P90_VALUE":[62,84],"MAX_VALUE":[95,97]}}
