{"PREVALENCE_BY_GENDER_AGE_YEAR":{"TRELLIS_NAME":["60-69","60-69","70-79","90-99","30-39","50-59","30-39","90-99","40-49","50-59","80-89","80-89","60-69","70-79","40-49","50-59","30-39","80-89","40-49","80-89","50-59","90-99","60-69","90-99","40-49","30-39","70-79","70-79","60-69","80-89","30-39","60-69","50-59","80-89","70-79","90-99","40-49","30-39","50-59","60-69","70-79","40-49","90-99","50-59","80-89","60-69","30-39","50-59","30-39","90-99","40-49","70-79","60-69","80-89","20-29","40-49","90-99","70-79","40-49","80-89","30-39","40-49","50-59","70-79","90-99","80-89","30-39","60-69","70-79","60-69","50-59","90-99","40-49","70-79","30-39","40-49","50-59","90-99","60-69","90-99","70-79","80-89","60-69","80-89","50-59","40-49","50-59","70-79","70-79","90-99","50-59","80-89","90-99","60-69","80-89","60-69"],"SERIES_NAME":["FEMALE","MALE","FEMALE","FEMALE","MALE","MALE","FEMALE","MALE","FEMALE","FEMALE","FEMALE","MALE","FEMALE","MALE","MALE","FEMALE","FEMALE","FEMALE","MALE","MALE","MALE","FEMALE","MALE","MALE","FEMALE","MALE","MALE","FEMALE","FEMALE","FEMALE","MALE","FEMALE","MALE","MALE","MALE","FEMALE","MALE","FEMALE","FEMALE","MALE","FEMALE","FEMALE","MALE","MALE","FEMALE","FEMALE","FEMALE","FEMALE","MALE","MALE","MALE","MALE","MALE","MALE","MALE","FEMALE","FEMALE","FEMALE","FEMALE","FEMALE","MALE","MALE","MALE","MALE","MALE","MALE","FEMALE","FEMALE","FEMALE","MALE","FEMALE","FEMALE","MALE","MALE","FEMALE","FEMALE","FEMALE","FEMALE","FEMALE","MALE","FEMALE","FEMALE","MALE","MALE","MALE","MALE","FEMALE","FEMALE","MALE","MALE","MALE","FEMALE","FEMALE","MALE","MALE","FEMALE"],"X_CALENDAR_YEAR":[2012,2013,2013,2013,2013,2013,2013,2013,2013,2013,2013,2013,2013,2013,2013,2014,2014,2014,2014,2014,2014,2014,2014,2014,2014,2014,2014,2014,2014,2015,2015,2015,2015,2015,2015,2015,2015,2015,2015,2015,2015,2015,2015,2016,2016,2016,2016,2016,2016,2016,2016,2016,2016,2016,2016,2016,2016,2016,2017,2017,2017,2017,2017,2017,2017,2017,2017,2017,2017,2017,2017,2017,2018,2018,2018,2018,2018,2018,2018,2018,2018,2018,2018,2018,2018,2019,2019,2019,2019,2019,2019,2019,2019,2019,2019,2019],"Y_PREVALENCE_1000PP":[0.02135,0.71288,1.07089,0.8986,0.01728,0.35681,0.02726,1.40663,0.0771,0.17642,1.23917,1.78069,0.44021,1.48289,0.10391,0.32339,0.02628,2.01966,0.12482,3.08743,0.46827,1.07285,1.10347,2.55344,0.10611,0.03155,2.15282,1.50322,0.57193,2.27115,0.03745,0.73358,0.54686,3.58488,2.70129,1.64527,0.15685,0.04029,0.32435,1.32389,1.64495,0.1105,1.5047,0.57642,2.37564,0.88885,0.06411,0.36626,0.05755,2.4006,0.15685,2.75444,1.32132,4.19202,0.02183,0.12065,1.58473,1.7318,0.0941,2.47479,0.048,0.17763,0.47268,2.41416,2.71762,3.95968,0.02204,0.75157,1.51768,1.43399,0.33239,1.47192,0.10744,2.08811,0.0246,0.10751,0.25466,1.9239,0.60163,2.83179,1.153,1.79026,1.07678,3.36174,0.45818,0.03854,0.05965,0.25997,0.47212,1.0337,0.08178,0.38563,0.529,0.29702,0.79676,0.14563]},"PREVALENCE_BY_MONTH":{"X_CALENDAR_MONTH":[201212,201301,201302,201303,201304,201305,201306,201307,201308,201309,201310,201311,201312,201401,201402,201403,201404,201405,201406,201407,201408,201409,201410,201411,201412,201501,201502,201503,201504,201505,201506,201507,201508,201509,201510,201511,201512,201601,201602,201603,201604,201605,201606,201607,201608,201609,201610,201611,201612,201701,201702,201703,201704,201705,201706,201707,201708,201709,201710,201711,201712,201801,201802,201803,201804,201805,201806,201807,201808,201809,201810,201811,201812,201901,201902,201903],"Y_PREVALENCE_1000PP":[0.00129,0.0033,0.00755,0.02666,0.01517,0.02451,0.03009,0.0391,0.02636,0.03427,0.03591,0.04011,0.02746,0.03896,0.03873,0.04077,0.03544,0.03487,0.03623,0.04172,0.03434,0.04223,0.04327,0.04801,0.04749,0.05147,0.04847,0.04812,0.03847,0.03869,0.04908,0.04722,0.05079,0.05465,0.04934,0.06293,0.04575,0.05293,0.06941,0.08298,0.04049,0.05109,0.05505,0.0441,0.04248,0.05362,0.0429,0.06625,0.03806,0.05039,0.05349,0.07683,0.03935,0.04849,0.05101,0.05089,0.04915,0.04783,0.04322,0.05216,0.03228,0.0432,0.04852,0.04232,0.03241,0.03918,0.03533,0.05171,0.03818,0.03258,0.04005,0.03547,0.02993,0.02854,0.0403,0.03501]},"LENGTH_OF_ERA":{"CATEGORY":"Length of era","MIN_VALUE":1,"P10_VALUE":1,"P25_VALUE":1,"MEDIAN_VALUE":1,"P75_VALUE":1,"P90_VALUE":1,"MAX_VALUE":34},"AGE_AT_FIRST_DIAGNOSIS":{"CATEGORY":["FEMALE","MALE"],"MIN_VALUE":[22,16],"P10_VALUE":[53,53],"P25_VALUE":[64,62],"MEDIAN_VALUE":[74,71],"P75_VALUE":[81,79],"P90_VALUE":[87,85],"MAX_VALUE":[105,100]}}
