{"PREVALENCE_BY_GENDER_AGE_YEAR":{"TRELLIS_NAME":["40-49","30-39","40-49","20-29","20-29","40-49","20-29","60-69","50-59","30-39"],"SERIES_NAME":["MALE","MALE","MALE","MALE","MALE","MALE","MALE","MALE","MALE","MALE"],"X_CALENDAR_YEAR":[2003,2004,2004,2004,2005,2006,2007,2009,2009,2011],"Y_PREVALENCE_1000PP":[0.01902,0.01605,0.01699,0.02397,0.02266,0.01507,0.01676,0.02295,0.01671,0.01461]},"PREVALENCE_BY_MONTH":{"X_CALENDAR_MONTH":[200312,200411,200503,200508,200605,200707,200710,200904,201002,201011,201105,201107,201404,201410,201506],"Y_PREVALENCE_1000PP":[0.00177,0.00138,0.00136,0.00222,0.00129,0.00121,0.00118,0.00113,0.00114,0.00112,0.00129,0.00128,0.00115,0.00121,0.00135]},"LENGTH_OF_ERA":{"CATEGORY":"Length of era","MIN_VALUE":1,"P10_VALUE":1,"P25_VALUE":1,"MEDIAN_VALUE":1,"P75_VALUE":1,"P90_VALUE":1,"MAX_VALUE":36},"AGE_AT_FIRST_DIAGNOSIS":{"CATEGORY":["MALE","FEMALE"],"MIN_VALUE":[1,0],"P10_VALUE":[16,7],"P25_VALUE":[28,25],"MEDIAN_VALUE":[42,43],"P75_VALUE":[57,62],"P90_VALUE":[69,74],"MAX_VALUE":[96,104]}}
