{"PREVALENCE_BY_GENDER_AGE_YEAR":{"TRELLIS_NAME":["80-89","60-69","70-79","80-89","70-79","50-59","90-99","90-99","60-69","80-89","60-69","70-79","60-69","80-89","70-79","90-99","50-59","40-49","80-89","80-89","90-99","50-59","60-69","70-79","60-69","90-99","70-79","80-89","50-59","70-79","90-99","70-79","80-89","60-69","90-99","60-69","80-89","60-69","80-89","70-79","60-69","90-99","70-79","80-89","50-59","60-69","70-79","90-99","80-89","70-79","60-69","70-79","60-69","80-89","70-79","80-89","50-59","70-79","80-89","60-69","80-89","70-79"],"SERIES_NAME":["MALE","MALE","MALE","FEMALE","FEMALE","FEMALE","FEMALE","MALE","FEMALE","MALE","MALE","MALE","FEMALE","FEMALE","FEMALE","FEMALE","MALE","FEMALE","FEMALE","MALE","FEMALE","MALE","MALE","FEMALE","FEMALE","MALE","MALE","FEMALE","MALE","MALE","FEMALE","FEMALE","MALE","MALE","MALE","FEMALE","FEMALE","FEMALE","MALE","MALE","MALE","FEMALE","FEMALE","MALE","FEMALE","FEMALE","FEMALE","FEMALE","FEMALE","MALE","MALE","FEMALE","MALE","FEMALE","MALE","MALE","FEMALE","FEMALE","FEMALE","MALE","MALE","MALE"],"X_CALENDAR_YEAR":[2011,2011,2011,2011,2011,2011,2011,2011,2011,2012,2012,2012,2012,2012,2012,2012,2012,2013,2013,2013,2013,2013,2013,2013,2013,2013,2013,2014,2014,2014,2014,2014,2014,2014,2014,2014,2015,2015,2015,2015,2015,2015,2015,2016,2016,2016,2016,2016,2016,2016,2016,2017,2017,2017,2017,2017,2017,2018,2018,2018,2018,2018],"Y_PREVALENCE_1000PP":[0.19983,0.03431,0.09215,0.09618,0.08046,0.01625,0.17259,0.50842,0.01825,0.27935,0.05018,0.17284,0.04574,0.19997,0.08471,0.33642,0.02629,0.01402,0.21581,0.22514,0.28377,0.01551,0.06253,0.08305,0.05161,0.41027,0.13887,0.20489,0.02141,0.10155,0.2495,0.08077,0.34892,0.06959,0.77197,0.0257,0.17593,0.03843,0.2055,0.12628,0.06132,0.32366,0.06834,0.20416,0.02396,0.03354,0.09621,0.26412,0.16351,0.0952,0.04765,0.09217,0.05402,0.1621,0.11693,0.21159,0.02644,0.08869,0.10961,0.0497,0.23532,0.15186]},"PREVALENCE_BY_MONTH":{"X_CALENDAR_MONTH":[201105,201106,201107,201108,201109,201110,201111,201112,201201,201202,201203,201204,201205,201206,201207,201208,201209,201210,201211,201212,201301,201302,201303,201304,201305,201306,201307,201308,201309,201310,201311,201312,201401,201402,201403,201404,201405,201406,201407,201408,201409,201410,201411,201412,201501,201502,201503,201504,201505,201506,201507,201509,201510,201511,201512,201601,201602,201603,201604,201605,201607,201608,201609,201610,201611,201612,201701,201702,201703,201704,201705,201707,201708,201710,201711,201712,201801,201802,201804,201805,201806,201810,201811,201901,201902,201903],"Y_PREVALENCE_1000PP":[0.00295,0.00203,0.00312,0.00348,0.00273,0.002,0.0042,0.00274,0.00437,0.00673,0.00345,0.00327,0.00273,0.002,0.00128,0.00381,0.00218,0.00145,0.00384,0.00258,0.00202,0.00442,0.00574,0.00296,0.00316,0.00223,0.00315,0.00167,0.00222,0.00206,0.00377,0.00173,0.00306,0.00401,0.00612,0.00383,0.00172,0.00174,0.00313,0.00138,0.00119,0.00263,0.00347,0.00394,0.0027,0.00188,0.00475,0.00389,0.00281,0.0018,0.00315,0.00315,0.00256,0.00331,0.00197,0.00371,0.00348,0.00449,0.0025,0.00329,0.00158,0.0016,0.00214,0.00272,0.00356,0.00164,0.00246,0.00224,0.0034,0.00371,0.00228,0.00175,0.00353,0.00207,0.00482,0.00244,0.00401,0.00371,0.00185,0.00308,0.0031,0.00358,0.00263,0.00361,0.00264,0.00264]},"LENGTH_OF_ERA":{"CATEGORY":"Length of era","MIN_VALUE":1,"P10_VALUE":1,"P25_VALUE":1,"MEDIAN_VALUE":1,"P75_VALUE":1,"P90_VALUE":1,"MAX_VALUE":53},"AGE_AT_FIRST_DIAGNOSIS":{"CATEGORY":["FEMALE","MALE"],"MIN_VALUE":[1,0],"P10_VALUE":[50,53],"P25_VALUE":[66,65],"MEDIAN_VALUE":[78,75],"P75_VALUE":[85,83],"P90_VALUE":[91,88],"MAX_VALUE":[103,99]}}
