{"PREVALENCE_BY_GENDER_AGE_YEAR":{"TRELLIS_NAME":["70-79","0-9","0-9","50-59","60-69","70-79","50-59","0-9","60-69","0-9","40-49","70-79","40-49","60-69","40-49","50-59","50-59","0-9","70-79","0-9","70-79","0-9","0-9","50-59","60-69","0-9","0-9","60-69","0-9","0-9","0-9","0-9"],"SERIES_NAME":["MALE","MALE","FEMALE","MALE","FEMALE","FEMALE","MALE","FEMALE","FEMALE","MALE","FEMALE","FEMALE","MALE","FEMALE","FEMALE","FEMALE","MALE","FEMALE","MALE","MALE","FEMALE","MALE","FEMALE","FEMALE","FEMALE","FEMALE","MALE","FEMALE","MALE","FEMALE","MALE","MALE"],"X_CALENDAR_YEAR":[2011,2011,2011,2011,2011,2011,2012,2012,2012,2012,2012,2012,2013,2013,2013,2013,2013,2013,2013,2013,2013,2014,2014,2014,2014,2015,2015,2016,2016,2017,2017,2018],"Y_PREVALENCE_1000PP":[0.04095,0.03729,0.03895,0.02119,0.02738,0.02682,0.01577,0.03847,0.03049,0.06223,0.01613,0.03121,0.01355,0.02732,0.01636,0.01843,0.0181,0.02357,0.03472,0.06461,0.03934,0.0476,0.03116,0.02446,0.02249,0.02393,0.05864,0.02935,0.05424,0.03625,0.04324,0.04968]},"PREVALENCE_BY_MONTH":{"X_CALENDAR_MONTH":[201010,201011,201012,201102,201103,201104,201105,201108,201109,201110,201111,201112,201201,201203,201204,201207,201208,201209,201210,201211,201301,201302,201303,201304,201305,201306,201309,201310,201311,201312,201401,201402,201403,201404,201405,201409,201410,201411,201412,201503,201506,201509,201511,201604,201605,201610,201611,201612,201710,201802],"Y_PREVALENCE_1000PP":[0.0017,0.00112,0.00188,0.00112,0.00111,0.00148,0.00184,0.00165,0.00127,0.00127,0.00128,0.00237,0.00146,0.00164,0.002,0.00255,0.00127,0.00272,0.00109,0.0011,0.00239,0.00111,0.00241,0.00167,0.00241,0.00204,0.00148,0.0015,0.00151,0.00192,0.00172,0.00114,0.00134,0.00115,0.00134,0.00139,0.00162,0.00163,0.00166,0.00129,0.00135,0.0018,0.00213,0.002,0.00152,0.00163,0.00192,0.00164,0.00178,0.00247]},"LENGTH_OF_ERA":{"CATEGORY":"Length of era","MIN_VALUE":1,"P10_VALUE":1,"P25_VALUE":1,"MEDIAN_VALUE":1,"P75_VALUE":1,"P90_VALUE":1,"MAX_VALUE":27},"AGE_AT_FIRST_DIAGNOSIS":{"CATEGORY":["FEMALE","MALE"],"MIN_VALUE":[0,0],"P10_VALUE":[3,1],"P25_VALUE":[12,3],"MEDIAN_VALUE":[49,17],"P75_VALUE":[66,59],"P90_VALUE":[78,73],"MAX_VALUE":[97,96]}}
