{"PREVALENCE_BY_GENDER_AGE_YEAR":{"TRELLIS_NAME":["20-29","30-39","20-29","30-39","20-29","10-19","30-39","20-29","20-29","10-19","30-39","20-29","30-39","20-29","30-39","20-29","30-39","30-39","20-29","20-29","30-39","30-39","20-29","40-49","30-39","20-29","30-39","20-29","40-49","10-19","20-29","30-39","30-39","10-19","20-29","20-29","30-39","10-19","20-29","30-39","20-29","30-39","10-19","20-29","30-39","20-29","30-39","30-39","20-29","30-39","20-29","20-29","30-39","20-29"],"SERIES_NAME":["FEMALE","FEMALE","FEMALE","FEMALE","FEMALE","FEMALE","FEMALE","FEMALE","FEMALE","FEMALE","FEMALE","FEMALE","FEMALE","FEMALE","FEMALE","FEMALE","FEMALE","FEMALE","FEMALE","FEMALE","FEMALE","FEMALE","FEMALE","FEMALE","FEMALE","FEMALE","FEMALE","FEMALE","FEMALE","FEMALE","FEMALE","FEMALE","FEMALE","FEMALE","FEMALE","FEMALE","FEMALE","FEMALE","FEMALE","FEMALE","FEMALE","FEMALE","FEMALE","FEMALE","FEMALE","FEMALE","FEMALE","FEMALE","FEMALE","FEMALE","FEMALE","FEMALE","FEMALE","FEMALE"],"X_CALENDAR_YEAR":[1996,1997,1997,1998,1998,1998,1999,1999,2000,2000,2000,2001,2001,2002,2002,2003,2003,2004,2004,2005,2005,2006,2006,2006,2007,2007,2008,2008,2008,2008,2009,2009,2010,2010,2010,2011,2011,2011,2012,2012,2013,2013,2013,2014,2014,2015,2015,2016,2016,2017,2017,2018,2018,2019],"Y_PREVALENCE_1000PP":[0.1426,0.0994,0.15495,0.08296,0.15647,0.12064,0.06174,0.09548,0.13499,0.07108,0.09682,0.09497,0.09697,0.12635,0.05846,0.07255,0.1,0.08523,0.10563,0.10635,0.08659,0.08987,0.09639,0.0159,0.08356,0.14004,0.06796,0.09794,0.0142,0.02407,0.11178,0.07571,0.08787,0.02013,0.11407,0.15322,0.12147,0.02292,0.09359,0.08708,0.13072,0.11896,0.01946,0.09178,0.12613,0.07835,0.06906,0.11135,0.09391,0.10653,0.09341,0.10998,0.08199,0.0315]},"PREVALENCE_BY_MONTH":{"X_CALENDAR_MONTH":[199710,200001,200002,200008,200010,200011,200101,200103,200105,200204,200208,200209,200211,200306,200309,200310,200311,200402,200403,200405,200407,200409,200410,200501,200502,200503,200504,200506,200507,200508,200601,200602,200604,200607,200608,200609,200610,200612,200701,200703,200705,200706,200709,200710,200712,200805,200806,200807,200809,200810,200812,200901,200903,200906,200907,200909,200910,200911,200912,201002,201003,201004,201005,201007,201008,201009,201010,201012,201101,201102,201103,201104,201105,201106,201107,201108,201109,201110,201111,201112,201201,201202,201204,201205,201206,201208,201209,201210,201212,201301,201302,201303,201304,201305,201306,201307,201308,201309,201310,201311,201312,201401,201402,201403,201404,201406,201407,201409,201410,201412,201501,201502,201509,201511,201602,201603,201607,201609,201610,201611,201704,201707,201708,201710,201801],"Y_PREVALENCE_1000PP":[0.00608,0.0036,0.00314,0.00288,0.0024,0.00317,0.00295,0.00282,0.00205,0.00251,0.00273,0.00217,0.00188,0.00208,0.00179,0.00204,0.00152,0.00148,0.00193,0.00284,0.00163,0.00139,0.00138,0.00159,0.00203,0.00158,0.00158,0.00314,0.00133,0.00155,0.00195,0.00152,0.00172,0.00171,0.00149,0.00149,0.0019,0.00189,0.00208,0.00186,0.00143,0.00203,0.00239,0.00276,0.00137,0.00155,0.00211,0.00191,0.0019,0.00209,0.00151,0.00151,0.00245,0.00132,0.00188,0.00113,0.00113,0.00132,0.00171,0.00171,0.00209,0.00209,0.00172,0.00191,0.00134,0.00114,0.00188,0.0015,0.00112,0.0028,0.00223,0.00167,0.00129,0.00166,0.00202,0.00256,0.00164,0.00164,0.00182,0.00182,0.00164,0.00127,0.00182,0.00146,0.00127,0.00182,0.00145,0.00109,0.0011,0.00128,0.00166,0.00204,0.00185,0.00186,0.0013,0.00111,0.0013,0.00167,0.00262,0.00207,0.00192,0.00191,0.00153,0.00153,0.00115,0.00136,0.00176,0.00218,0.00202,0.00249,0.00145,0.00167,0.00157,0.00142,0.00149,0.0015,0.0021,0.00188,0.00163,0.00192,0.00285,0.00234,0.00235,0.00237,0.00185]},"LENGTH_OF_ERA":{"CATEGORY":"Length of era","MIN_VALUE":1,"P10_VALUE":1,"P25_VALUE":1,"MEDIAN_VALUE":1,"P75_VALUE":1,"P90_VALUE":1,"MAX_VALUE":32},"AGE_AT_FIRST_DIAGNOSIS":{"CATEGORY":"FEMALE","MIN_VALUE":14,"P10_VALUE":21,"P25_VALUE":24,"MEDIAN_VALUE":29,"P75_VALUE":33,"P90_VALUE":37,"MAX_VALUE":44}}
