{"PREVALENCE_BY_GENDER_AGE_YEAR":{"TRELLIS_NAME":["40-49","40-49","30-39","40-49","50-59","60-69","70-79","30-39","50-59","60-69","70-79","40-49","50-59","60-69","50-59","30-39","40-49","30-39","60-69","70-79","40-49","50-59","50-59","70-79","40-49","30-39","60-69","40-49","30-39","50-59","60-69","70-79","30-39","60-69","40-49","50-59","20-29","70-79","60-69","40-49","50-59","30-39","70-79","50-59","60-69","70-79","40-49","30-39","60-69","30-39","50-59","40-49","60-69","50-59","30-39","70-79","40-49","40-49","30-39","60-69","70-79","50-59","40-49","50-59","60-69","70-79","30-39","70-79","30-39","40-49","60-69","50-59","40-49","70-79","60-69","30-39","50-59","70-79","20-29","40-49","60-69","50-59","30-39","30-39","40-49","50-59","60-69","50-59","40-49","60-69","50-59","30-39","70-79","60-69","40-49","50-59","30-39","40-49","60-69","70-79"],"SERIES_NAME":["MALE","MALE","MALE","MALE","MALE","MALE","MALE","MALE","MALE","MALE","MALE","MALE","MALE","MALE","MALE","MALE","MALE","MALE","MALE","MALE","MALE","MALE","MALE","MALE","MALE","MALE","MALE","MALE","MALE","MALE","MALE","MALE","MALE","MALE","MALE","MALE","MALE","MALE","MALE","MALE","MALE","MALE","MALE","MALE","MALE","MALE","MALE","MALE","MALE","MALE","MALE","MALE","MALE","MALE","MALE","MALE","MALE","MALE","MALE","MALE","MALE","MALE","MALE","MALE","MALE","MALE","MALE","MALE","MALE","MALE","MALE","MALE","MALE","MALE","MALE","MALE","MALE","MALE","MALE","MALE","MALE","MALE","MALE","MALE","MALE","MALE","MALE","MALE","MALE","MALE","MALE","MALE","MALE","MALE","MALE","MALE","MALE","MALE","MALE","MALE"],"X_CALENDAR_YEAR":[1996,1997,1998,1998,1998,1999,1999,1999,1999,2000,2000,2000,2000,2001,2001,2001,2001,2002,2002,2002,2002,2002,2003,2003,2003,2003,2003,2004,2004,2004,2004,2004,2005,2005,2005,2005,2005,2005,2006,2006,2006,2006,2006,2007,2007,2007,2007,2007,2008,2008,2008,2008,2009,2009,2009,2009,2009,2010,2010,2010,2010,2010,2011,2011,2011,2011,2011,2012,2012,2012,2012,2012,2013,2013,2013,2013,2013,2014,2014,2014,2014,2014,2014,2015,2015,2015,2015,2016,2016,2016,2017,2017,2017,2017,2017,2018,2018,2018,2018,2018],"Y_PREVALENCE_1000PP":[0.15143,0.0754,0.05751,0.05776,0.07489,0.07107,0.11112,0.0331,0.0722,0.04756,0.07709,0.05624,0.06702,0.06204,0.04309,0.02367,0.05532,0.02404,0.09708,0.08379,0.08568,0.04158,0.06407,0.08633,0.07293,0.04016,0.08962,0.05098,0.02407,0.06236,0.07561,0.07222,0.04728,0.0761,0.06122,0.09105,0.01942,0.05698,0.07071,0.03266,0.06388,0.01793,0.03624,0.06046,0.0526,0.06661,0.05802,0.02702,0.04349,0.03175,0.04785,0.04953,0.05245,0.039,0.04916,0.05268,0.02907,0.05993,0.0418,0.06734,0.05222,0.0628,0.0481,0.05561,0.07799,0.04095,0.03653,0.05592,0.03446,0.05124,0.05645,0.06309,0.04744,0.05951,0.07191,0.02222,0.05688,0.03046,0.0193,0.0465,0.0729,0.05084,0.02367,0.02304,0.03852,0.05756,0.06132,0.0573,0.04339,0.04765,0.04838,0.02954,0.04815,0.09822,0.05291,0.09997,0.02463,0.06447,0.06626,0.05315]},"PREVALENCE_BY_MONTH":{"X_CALENDAR_MONTH":[200007,200012,200103,200107,200109,200110,200112,200202,200203,200205,200206,200207,200209,200210,200211,200212,200301,200302,200304,200305,200306,200307,200309,200310,200312,200401,200402,200404,200405,200406,200407,200409,200410,200411,200412,200501,200503,200504,200505,200506,200507,200508,200509,200510,200511,200512,200602,200605,200606,200607,200608,200609,200611,200612,200701,200702,200703,200705,200707,200708,200709,200710,200711,200712,200802,200804,200805,200807,200808,200810,200811,200812,200903,200904,200905,200906,200907,200908,200909,200912,201001,201002,201003,201004,201005,201006,201007,201008,201009,201010,201011,201012,201101,201102,201103,201104,201105,201106,201107,201109,201110,201111,201112,201201,201202,201203,201205,201206,201208,201209,201210,201211,201212,201301,201302,201303,201304,201306,201307,201309,201311,201312,201401,201402,201403,201404,201405,201406,201407,201409,201410,201412,201501,201502,201503,201504,201509,201510,201511,201606,201611,201702,201703,201705,201708,201709,201711,201801,201802,201803,201804,201805,201806,201810,201811,201901,201903],"Y_PREVALENCE_1000PP":[0.00375,0.00234,0.00282,0.00231,0.0019,0.00217,0.00182,0.00174,0.00201,0.00305,0.00165,0.00384,0.0019,0.00161,0.00161,0.00161,0.00265,0.00238,0.00157,0.00183,0.00364,0.00154,0.0023,0.00178,0.00252,0.00222,0.00197,0.00238,0.00166,0.00141,0.00187,0.00231,0.00161,0.00138,0.00138,0.00136,0.00452,0.00226,0.00248,0.00202,0.00156,0.00244,0.00176,0.00197,0.00153,0.00241,0.00174,0.00172,0.00128,0.00192,0.0017,0.00149,0.00147,0.00126,0.00145,0.00166,0.00145,0.00225,0.00181,0.00161,0.00179,0.00276,0.00293,0.00117,0.00194,0.00155,0.00116,0.00153,0.00172,0.00209,0.00227,0.00189,0.00169,0.00113,0.00132,0.0017,0.00113,0.0017,0.00188,0.00228,0.00208,0.00171,0.00152,0.0019,0.00248,0.00172,0.00134,0.00324,0.00152,0.00132,0.00131,0.00225,0.00131,0.00149,0.00148,0.00148,0.00258,0.0011,0.00147,0.00255,0.00164,0.00201,0.00128,0.00164,0.00255,0.00182,0.00164,0.00127,0.00218,0.00109,0.00182,0.00165,0.00166,0.00239,0.00203,0.0013,0.00185,0.0013,0.00278,0.00204,0.00151,0.00115,0.00172,0.00172,0.00115,0.00172,0.00153,0.00194,0.00137,0.00119,0.00162,0.00124,0.00187,0.0023,0.00173,0.0013,0.00157,0.0014,0.00166,0.00154,0.00219,0.00224,0.0017,0.00171,0.00235,0.00177,0.00241,0.00216,0.00185,0.00278,0.00247,0.00185,0.00372,0.00195,0.00197,0.00295,0.00198]},"LENGTH_OF_ERA":{"CATEGORY":"Length of era","MIN_VALUE":1,"P10_VALUE":1,"P25_VALUE":1,"MEDIAN_VALUE":1,"P75_VALUE":1,"P90_VALUE":4,"MAX_VALUE":121},"AGE_AT_FIRST_DIAGNOSIS":{"CATEGORY":"MALE","MIN_VALUE":1,"P10_VALUE":34,"P25_VALUE":42,"MEDIAN_VALUE":53,"P75_VALUE":64,"P90_VALUE":72,"MAX_VALUE":99}}
