{"PREVALENCE_BY_GENDER_AGE_YEAR":{"TRELLIS_NAME":["70-79","90-99","80-89","80-89","80-89","70-79","70-79"],"SERIES_NAME":["MALE","FEMALE","FEMALE","FEMALE","MALE","MALE","MALE"],"X_CALENDAR_YEAR":[2010,2012,2013,2014,2014,2016,2018],"Y_PREVALENCE_1000PP":[0.03133,0.14418,0.07658,0.06586,0.06344,0.05712,0.04556]},"PREVALENCE_BY_MONTH":{"X_CALENDAR_MONTH":[201106,201304,201408,201412,201601,201602,201606,201802],"Y_PREVALENCE_1000PP":[0.0011,0.00111,0.00118,0.00145,0.00148,0.00149,0.00154,0.00185]},"LENGTH_OF_ERA":{"CATEGORY":"Length of era","MIN_VALUE":1,"P10_VALUE":1,"P25_VALUE":1,"MEDIAN_VALUE":1,"P75_VALUE":1,"P90_VALUE":1,"MAX_VALUE":23},"AGE_AT_FIRST_DIAGNOSIS":{"CATEGORY":["MALE","FEMALE"],"MIN_VALUE":[1,0],"P10_VALUE":[51,52],"P25_VALUE":[62,65],"MEDIAN_VALUE":[72,79],"P75_VALUE":[80,86],"P90_VALUE":[86,89],"MAX_VALUE":[98,97]}}
