{"PREVALENCE_BY_GENDER_AGE_YEAR":{"TRELLIS_NAME":["0-9","0-9","0-9","0-9","0-9","0-9","0-9","0-9","0-9","0-9","0-9","0-9","0-9","0-9","0-9","0-9","0-9","0-9","0-9","0-9","0-9","0-9","0-9","0-9","0-9","0-9","0-9","0-9","0-9","0-9","0-9","0-9","0-9","0-9","0-9","0-9","0-9","0-9","0-9","0-9","0-9","0-9","0-9","0-9"],"SERIES_NAME":["MALE","FEMALE","MALE","FEMALE","FEMALE","MALE","MALE","FEMALE","MALE","FEMALE","MALE","FEMALE","MALE","MALE","FEMALE","MALE","FEMALE","FEMALE","MALE","MALE","FEMALE","MALE","FEMALE","FEMALE","MALE","FEMALE","MALE","MALE","FEMALE","MALE","FEMALE","MALE","FEMALE","MALE","FEMALE","MALE","FEMALE","MALE","FEMALE","FEMALE","MALE","FEMALE","MALE","FEMALE"],"X_CALENDAR_YEAR":[1997,1997,1998,1998,1999,1999,2000,2001,2001,2002,2002,2003,2003,2004,2004,2005,2005,2006,2006,2007,2007,2008,2008,2009,2009,2010,2010,2011,2011,2012,2012,2013,2013,2014,2014,2015,2015,2016,2016,2017,2017,2018,2018,2019],"Y_PREVALENCE_1000PP":[0.23122,0.12245,0.15239,0.09222,0.07142,0.07976,0.10692,0.03782,0.10882,0.05723,0.08353,0.07566,0.15718,0.12407,0.06834,0.0901,0.05743,0.0579,0.096,0.12144,0.08395,0.12035,0.11669,0.06999,0.14268,0.07777,0.16044,0.15777,0.09289,0.1188,0.08582,0.1545,0.09429,0.16957,0.09348,0.15962,0.07179,0.13947,0.08537,0.08609,0.1427,0.07804,0.25337,0.04447]},"PREVALENCE_BY_MONTH":{"X_CALENDAR_MONTH":[200111,200302,200309,200310,200311,200312,200403,200404,200407,200602,200608,200703,200705,200708,200710,200711,200801,200804,200806,200807,200808,200810,200812,200902,200904,200907,200909,200911,201001,201002,201003,201006,201007,201009,201010,201011,201012,201102,201103,201104,201105,201106,201108,201109,201110,201111,201201,201203,201205,201207,201208,201210,201211,201301,201302,201303,201304,201305,201306,201307,201308,201310,201401,201404,201405,201406,201407,201408,201409,201411,201412,201501,201502,201503,201507,201510,201608,201610,201611,201705,201707,201801,201802,201803,201807,201808,201809,201811,201901],"Y_PREVALENCE_1000PP":[0.00215,0.00185,0.00204,0.00178,0.00177,0.00227,0.00193,0.00167,0.00163,0.0013,0.00128,0.00207,0.00123,0.00141,0.00157,0.00117,0.00155,0.00136,0.00115,0.0023,0.0021,0.00114,0.00189,0.00151,0.00246,0.00207,0.00169,0.00113,0.00151,0.0019,0.00133,0.00134,0.00153,0.00171,0.00113,0.0015,0.00131,0.00187,0.00148,0.00185,0.00129,0.00166,0.00165,0.00109,0.00109,0.00164,0.00127,0.00127,0.00109,0.00146,0.00272,0.00109,0.0011,0.00128,0.00129,0.00167,0.00167,0.00167,0.00111,0.00167,0.00223,0.00206,0.00248,0.00134,0.00192,0.00194,0.00235,0.00118,0.00119,0.00123,0.00166,0.00145,0.00188,0.00237,0.00202,0.00209,0.00187,0.00163,0.00219,0.002,0.00234,0.00247,0.00185,0.00185,0.00189,0.00255,0.00351,0.00197,0.00197]},"LENGTH_OF_ERA":{"CATEGORY":"Length of era","MIN_VALUE":1,"P10_VALUE":1,"P25_VALUE":1,"MEDIAN_VALUE":1,"P75_VALUE":1,"P90_VALUE":1,"MAX_VALUE":54},"AGE_AT_FIRST_DIAGNOSIS":{"CATEGORY":["FEMALE","MALE"],"MIN_VALUE":[0,0],"P10_VALUE":[0,0],"P25_VALUE":[0,0],"MEDIAN_VALUE":[0,0],"P75_VALUE":[0,0],"P90_VALUE":[1,1],"MAX_VALUE":[88,93]}}
