{"PREVALENCE_BY_GENDER_AGE_YEAR":{"TRELLIS_NAME":["0-9","0-9","0-9","0-9","0-9","0-9","0-9","0-9","0-9","0-9","0-9","0-9","0-9","0-9","0-9","0-9","0-9","0-9","0-9","10-19","10-19","0-9","0-9","0-9","0-9","0-9","10-19","10-19","0-9","0-9","0-9","0-9","0-9","0-9"],"SERIES_NAME":["FEMALE","MALE","MALE","MALE","FEMALE","MALE","FEMALE","MALE","FEMALE","MALE","FEMALE","MALE","FEMALE","MALE","FEMALE","FEMALE","MALE","FEMALE","MALE","MALE","MALE","MALE","FEMALE","MALE","FEMALE","FEMALE","FEMALE","MALE","MALE","MALE","FEMALE","MALE","FEMALE","MALE"],"X_CALENDAR_YEAR":[2001,2002,2003,2004,2005,2005,2006,2006,2007,2008,2008,2009,2009,2010,2010,2011,2011,2012,2012,2012,2013,2013,2013,2014,2014,2015,2015,2015,2015,2016,2016,2017,2017,2018],"Y_PREVALENCE_1000PP":[0.03241,0.05276,0.02482,0.02256,0.03063,0.02523,0.02533,0.03429,0.0235,0.0432,0.02593,0.02125,0.03818,0.02377,0.03422,0.02697,0.03155,0.02367,0.05091,0.01835,0.02446,0.04494,0.05304,0.0595,0.03739,0.0547,0.026,0.03532,0.05212,0.05424,0.03659,0.06486,0.06343,0.08942]},"PREVALENCE_BY_MONTH":{"X_CALENDAR_MONTH":[200609,200805,200809,200810,200909,200910,201007,201010,201205,201210,201306,201307,201312,201402,201501,201502,201506,201508,201509,201603,201606,201608,201705],"Y_PREVALENCE_1000PP":[0.0017,0.00174,0.00114,0.00114,0.00131,0.00113,0.00115,0.00132,0.00109,0.00127,0.00111,0.00167,0.00192,0.00114,0.00125,0.00125,0.0018,0.00135,0.00157,0.0015,0.0018,0.0016,0.002]},"LENGTH_OF_ERA":{"CATEGORY":"Length of era","MIN_VALUE":1,"P10_VALUE":1,"P25_VALUE":1,"MEDIAN_VALUE":1,"P75_VALUE":1,"P90_VALUE":1,"MAX_VALUE":35},"AGE_AT_FIRST_DIAGNOSIS":{"CATEGORY":["FEMALE","MALE"],"MIN_VALUE":[0,0],"P10_VALUE":[1,1],"P25_VALUE":[3,3],"MEDIAN_VALUE":[8,6],"P75_VALUE":[26,15],"P90_VALUE":[37,33],"MAX_VALUE":[75,74]}}
