{"PREVALENCE_BY_GENDER_AGE_YEAR":{"TRELLIS_NAME":["0-9","0-9","0-9","0-9","0-9","0-9","80-89","10-19","0-9","10-19","0-9","0-9","80-89","30-39","80-89","0-9","10-19","70-79","0-9","0-9","90-99","0-9","10-19","80-89","70-79","10-19","0-9","0-9","0-9","90-99","70-79","10-19","0-9","80-89","70-79","10-19","0-9","0-9","70-79","80-89","10-19","0-9","0-9","60-69","0-9","70-79","0-9","90-99","80-89","0-9","60-69","70-79","80-89","0-9","10-19","10-19","70-79","0-9","0-9","90-99","80-89","0-9","0-9","0-9","70-79","80-89","0-9","0-9","0-9","0-9","0-9","0-9","0-9","0-9","0-9","0-9","0-9"],"SERIES_NAME":["MALE","MALE","MALE","FEMALE","MALE","FEMALE","FEMALE","MALE","MALE","MALE","MALE","FEMALE","FEMALE","FEMALE","FEMALE","FEMALE","MALE","FEMALE","MALE","MALE","FEMALE","FEMALE","MALE","FEMALE","FEMALE","FEMALE","FEMALE","MALE","MALE","FEMALE","FEMALE","MALE","FEMALE","FEMALE","FEMALE","MALE","FEMALE","MALE","FEMALE","FEMALE","MALE","FEMALE","MALE","FEMALE","FEMALE","FEMALE","MALE","FEMALE","FEMALE","MALE","FEMALE","FEMALE","FEMALE","FEMALE","MALE","FEMALE","FEMALE","FEMALE","MALE","FEMALE","FEMALE","MALE","FEMALE","MALE","FEMALE","FEMALE","FEMALE","FEMALE","MALE","FEMALE","MALE","MALE","FEMALE","MALE","FEMALE","MALE","FEMALE"],"X_CALENDAR_YEAR":[1997,1998,1999,2000,2000,2001,2001,2001,2001,2002,2002,2002,2002,2002,2003,2003,2003,2003,2003,2004,2004,2004,2004,2004,2004,2005,2005,2005,2006,2006,2006,2006,2006,2007,2007,2007,2007,2007,2008,2008,2008,2008,2008,2008,2009,2009,2009,2009,2009,2010,2010,2010,2010,2010,2011,2011,2011,2011,2011,2011,2012,2012,2012,2013,2013,2013,2013,2014,2014,2015,2015,2016,2016,2017,2017,2018,2018],"Y_PREVALENCE_1000PP":[0.13873,0.09378,0.07178,0.15363,0.15094,0.05402,0.0661,0.04169,0.07914,0.03167,0.11431,0.03816,0.05787,0.01846,0.05443,0.09346,0.03362,0.03569,0.09927,0.11279,0.22662,0.08844,0.02642,0.05905,0.03296,0.02447,0.08806,0.10452,0.11314,0.21193,0.03064,0.02404,0.07962,0.07218,0.03316,0.0224,0.0638,0.05433,0.02761,0.05558,0.02169,0.08103,0.09875,0.01982,0.06681,0.02736,0.07893,0.17015,0.04823,0.07131,0.02514,0.02722,0.06939,0.06222,0.02422,0.02292,0.03576,0.04495,0.08893,0.14794,0.05516,0.06506,0.0799,0.08989,0.04808,0.04177,0.0442,0.02804,0.06545,0.06837,0.06515,0.03099,0.02439,0.05622,0.06343,0.04471,0.04162]},"PREVALENCE_BY_MONTH":{"X_CALENDAR_MONTH":[199912,200001,200007,200008,200009,200010,200011,200012,200101,200103,200106,200108,200111,200201,200204,200205,200206,200207,200208,200209,200210,200212,200301,200303,200304,200306,200307,200309,200310,200311,200312,200401,200402,200403,200404,200405,200406,200407,200408,200410,200411,200412,200501,200502,200503,200504,200505,200506,200507,200508,200511,200601,200602,200603,200604,200605,200606,200607,200608,200610,200612,200701,200703,200705,200706,200707,200708,200709,200710,200711,200801,200802,200803,200804,200805,200806,200807,200808,200809,200810,200811,200812,200901,200902,200903,200904,200905,200906,200909,200910,200911,200912,201001,201002,201003,201004,201005,201006,201007,201009,201010,201011,201101,201102,201103,201104,201105,201108,201109,201110,201111,201112,201203,201205,201207,201208,201212,201302,201303,201304,201306,201307,201308,201309,201310,201311,201312,201401,201403,201404,201407,201409,201411,201412,201501,201502,201503,201504,201505,201507,201509,201605,201606,201703,201706,201708],"Y_PREVALENCE_1000PP":[0.00297,0.0027,0.00291,0.00412,0.00242,0.004,0.00317,0.00391,0.00258,0.00247,0.00302,0.00226,0.00215,0.00176,0.00307,0.00249,0.00221,0.00247,0.00246,0.00217,0.00188,0.00188,0.00239,0.0021,0.0021,0.00182,0.00206,0.00281,0.00306,0.00203,0.00202,0.00148,0.00197,0.00242,0.00238,0.00189,0.00141,0.0028,0.00302,0.00322,0.00252,0.00252,0.00204,0.00203,0.00362,0.0018,0.00203,0.00134,0.00133,0.00133,0.00241,0.00151,0.0013,0.00347,0.00237,0.00236,0.00256,0.00171,0.00192,0.00148,0.00147,0.00208,0.00166,0.00225,0.00223,0.00161,0.00281,0.00139,0.00118,0.00117,0.00213,0.00194,0.00195,0.00213,0.00136,0.00173,0.00134,0.00134,0.00209,0.00114,0.00227,0.00189,0.00132,0.00113,0.00226,0.0017,0.00151,0.00264,0.00244,0.00113,0.00132,0.00152,0.0017,0.00133,0.00209,0.00133,0.00114,0.00191,0.00172,0.00228,0.00188,0.00169,0.0015,0.00131,0.00167,0.00167,0.00184,0.0011,0.00237,0.00145,0.00219,0.00128,0.00109,0.00218,0.00164,0.00236,0.00147,0.00129,0.00185,0.00111,0.0013,0.00111,0.0013,0.00241,0.00187,0.00169,0.00115,0.00115,0.00115,0.00153,0.00157,0.00119,0.00143,0.00166,0.00125,0.00188,0.00194,0.00151,0.0013,0.0018,0.00225,0.00152,0.00154,0.0017,0.00175,0.00177]},"LENGTH_OF_ERA":{"CATEGORY":"Length of era","MIN_VALUE":1,"P10_VALUE":1,"P25_VALUE":1,"MEDIAN_VALUE":1,"P75_VALUE":1,"P90_VALUE":1,"MAX_VALUE":32},"AGE_AT_FIRST_DIAGNOSIS":{"CATEGORY":["MALE","FEMALE"],"MIN_VALUE":[0,0],"P10_VALUE":[1,1],"P25_VALUE":[2,3],"MEDIAN_VALUE":[6,30],"P75_VALUE":[23,74],"P90_VALUE":[65,86],"MAX_VALUE":[95,103]}}
