{"PREVALENCE_BY_GENDER_AGE_YEAR":{"TRELLIS_NAME":["30-39","40-49","20-29","30-39","20-29","0-9","20-29","50-59","80-89","50-59","30-39","40-49","50-59","60-69","70-79","0-9","20-29","50-59","30-39","40-49","60-69","40-49","20-29","50-59","10-19","0-9","0-9","30-39","40-49","50-59","50-59","0-9","80-89","50-59","50-59","10-19","30-39","30-39","30-39"],"SERIES_NAME":["FEMALE","FEMALE","FEMALE","FEMALE","FEMALE","MALE","FEMALE","MALE","FEMALE","MALE","MALE","FEMALE","FEMALE","FEMALE","FEMALE","FEMALE","FEMALE","FEMALE","MALE","FEMALE","MALE","MALE","MALE","FEMALE","MALE","FEMALE","MALE","MALE","FEMALE","FEMALE","MALE","MALE","FEMALE","MALE","FEMALE","FEMALE","FEMALE","MALE","MALE"],"X_CALENDAR_YEAR":[2003,2004,2004,2004,2006,2006,2007,2008,2008,2009,2010,2010,2011,2011,2011,2011,2011,2012,2012,2012,2012,2013,2013,2013,2013,2013,2013,2014,2014,2014,2014,2014,2014,2015,2015,2015,2017,2017,2018],"Y_PREVALENCE_1000PP":[0.02059,0.01787,0.02311,0.0165,0.01753,0.02057,0.01616,0.01689,0.04168,0.02229,0.01475,0.01855,0.01625,0.01825,0.04917,0.01798,0.0173,0.01611,0.02215,0.01844,0.02195,0.01581,0.02063,0.01843,0.02141,0.02063,0.02528,0.01841,0.01516,0.01631,0.01606,0.02082,0.05122,0.02015,0.01753,0.026,0.02204,0.02585,0.02873]},"PREVALENCE_BY_MONTH":{"X_CALENDAR_MONTH":[200101,200107,200306,200307,200402,200405,200406,200408,200505,200507,200511,200602,200608,200609,200612,200704,200709,200801,200805,200807,200808,200812,200903,200907,200908,200912,201004,201005,201006,201008,201101,201102,201104,201107,201108,201110,201111,201112,201201,201202,201203,201204,201207,201208,201209,201210,201301,201302,201304,201305,201306,201307,201308,201309,201310,201311,201401,201403,201406,201407,201409,201410,201411,201412,201504,201506,201508,201509,201604,201606,201701,201702,201704,201706,201707,201805,201806],"Y_PREVALENCE_1000PP":[0.00221,0.00231,0.00156,0.00154,0.00197,0.00142,0.00141,0.00139,0.0018,0.00178,0.00131,0.00152,0.00128,0.00127,0.00126,0.00124,0.00159,0.00136,0.00116,0.00153,0.00115,0.00132,0.00113,0.00132,0.00132,0.00114,0.00133,0.00152,0.0021,0.00267,0.00112,0.00149,0.00148,0.0022,0.00165,0.00164,0.00146,0.00109,0.00109,0.00127,0.00109,0.00127,0.00109,0.00127,0.00163,0.00163,0.00147,0.00129,0.0013,0.00111,0.0013,0.00148,0.00167,0.00111,0.00168,0.00151,0.00153,0.00115,0.00116,0.00137,0.00119,0.00142,0.00143,0.00145,0.00195,0.00225,0.00157,0.00135,0.002,0.00206,0.00192,0.00168,0.002,0.00204,0.00263,0.00278,0.00217]},"LENGTH_OF_ERA":{"CATEGORY":"Length of era","MIN_VALUE":1,"P10_VALUE":1,"P25_VALUE":1,"MEDIAN_VALUE":1,"P75_VALUE":1,"P90_VALUE":1,"MAX_VALUE":61},"AGE_AT_FIRST_DIAGNOSIS":{"CATEGORY":["FEMALE","MALE"],"MIN_VALUE":[0,0],"P10_VALUE":[8,4],"P25_VALUE":[23,19],"MEDIAN_VALUE":[43,38],"P75_VALUE":[66,62],"P90_VALUE":[84,76],"MAX_VALUE":[100,102]}}
