{"PREVALENCE_BY_GENDER_AGE_YEAR":{"TRELLIS_NAME":["70-79","70-79","80-89","90-99","80-89","80-89","70-79","70-79","60-69","80-89","90-99","90-99","90-99","90-99","70-79","80-89","70-79","80-89","50-59","80-89","80-89","70-79","70-79","80-89","70-79","80-89","70-79","90-99","90-99","80-89","70-79","80-89","90-99","60-69","60-69","70-79","90-99","80-89","60-69","90-99","70-79","70-79","80-89","80-89","90-99","30-39","40-49","80-89","60-69","90-99","60-69","70-79","20-29","20-29","70-79","70-79","70-79","80-89","80-89"],"SERIES_NAME":["MALE","FEMALE","MALE","FEMALE","FEMALE","MALE","MALE","FEMALE","FEMALE","FEMALE","FEMALE","MALE","FEMALE","MALE","FEMALE","MALE","MALE","FEMALE","MALE","FEMALE","MALE","FEMALE","MALE","FEMALE","FEMALE","MALE","MALE","FEMALE","MALE","MALE","MALE","FEMALE","FEMALE","MALE","FEMALE","FEMALE","MALE","MALE","MALE","FEMALE","FEMALE","MALE","FEMALE","FEMALE","FEMALE","MALE","FEMALE","MALE","FEMALE","MALE","MALE","MALE","MALE","FEMALE","FEMALE","MALE","FEMALE","FEMALE","MALE"],"X_CALENDAR_YEAR":[2011,2011,2011,2011,2011,2012,2012,2012,2012,2012,2012,2012,2013,2013,2013,2013,2013,2013,2014,2014,2014,2014,2014,2015,2015,2015,2015,2015,2016,2016,2016,2016,2016,2016,2016,2016,2017,2017,2017,2017,2017,2017,2017,2018,2018,2018,2018,2018,2018,2018,2018,2018,2018,2018,2018,2019,2019,2019,2019],"Y_PREVALENCE_1000PP":[0.04607,0.05811,0.15776,0.29587,0.10992,0.92082,0.33552,0.39233,0.02135,1.12396,1.32164,1.03218,0.40201,0.52749,0.05682,0.30702,0.07439,0.27846,0.02141,0.09513,0.13745,0.04936,0.06093,0.07997,0.07322,0.2055,0.10432,0.29669,1.2003,2.31378,0.78064,1.62544,1.35363,0.04765,0.04612,0.79233,0.50955,1.72291,0.02947,0.86806,0.4977,0.58463,1.03747,0.35318,0.51304,0.02873,0.03136,0.5883,0.05962,0.56636,0.06074,0.18983,0.05078,0.05719,0.16374,0.10403,0.08666,0.21276,0.16297]},"PREVALENCE_BY_MONTH":{"X_CALENDAR_MONTH":[201110,201111,201112,201201,201202,201203,201204,201205,201206,201207,201208,201209,201210,201211,201212,201301,201302,201303,201304,201306,201311,201401,201403,201408,201409,201410,201412,201501,201502,201503,201507,201509,201510,201511,201512,201601,201602,201603,201604,201605,201606,201607,201608,201609,201610,201611,201612,201701,201702,201703,201704,201705,201706,201707,201708,201709,201710,201711,201712,201801,201802,201803,201805,201806,201807,201808,201809,201810,201811,201812,201901,201902,201903],"Y_PREVALENCE_1000PP":[0.00418,0.00383,0.00401,0.00582,0.00964,0.01327,0.00945,0.01274,0.00455,0.00656,0.00781,0.00635,0.00563,0.01024,0.0046,0.00624,0.00424,0.00667,0.00204,0.00111,0.00169,0.00115,0.00191,0.00197,0.00575,0.00263,0.00124,0.00145,0.00251,0.00151,0.00135,0.00225,0.00233,0.00189,0.00246,0.00767,0.01343,0.00748,0.00275,0.00632,0.00437,0.00551,0.00828,0.00938,0.03448,0.072,0.01807,0.02136,0.0252,0.00794,0.00314,0.00571,0.00321,0.01755,0.00795,0.0062,0.01332,0.00784,0.00731,0.00957,0.00773,0.00927,0.00648,0.00496,0.00631,0.00541,0.00192,0.00391,0.0046,0.00395,0.00328,0.00925,0.00859]},"LENGTH_OF_ERA":{"CATEGORY":"Length of era","MIN_VALUE":1,"P10_VALUE":1,"P25_VALUE":1,"MEDIAN_VALUE":1,"P75_VALUE":1,"P90_VALUE":1,"MAX_VALUE":29},"AGE_AT_FIRST_DIAGNOSIS":{"CATEGORY":["FEMALE","MALE"],"MIN_VALUE":[18,21],"P10_VALUE":[72,66],"P25_VALUE":[77,76],"MEDIAN_VALUE":[81,80],"P75_VALUE":[87,84],"P90_VALUE":[91,87],"MAX_VALUE":[103,98]}}
