{"PREVALENCE_BY_GENDER_AGE_YEAR":{"TRELLIS_NAME":["30-39","10-19","10-19","0-9","20-29","30-39","30-39","10-19","20-29","30-39","40-49","10-19","40-49","0-9","10-19","20-29","30-39","20-29","30-39","50-59","40-49","10-19","0-9","40-49","10-19","50-59","20-29","10-19","30-39","0-9","30-39","10-19","20-29","50-59","0-9","40-49","10-19","20-29","40-49","50-59","0-9","30-39","60-69","0-9","40-49","0-9","10-19","20-29","0-9","50-59","30-39","0-9","10-19","40-49","30-39","20-29","10-19","20-29","20-29","10-19","10-19","0-9","30-39","0-9","40-49","40-49","10-19","50-59","0-9","0-9","20-29","30-39","0-9","10-19","40-49","0-9","30-39","20-29","0-9","10-19","10-19","0-9","30-39","60-69","20-29","0-9","0-9","30-39","10-19"],"SERIES_NAME":["FEMALE","FEMALE","FEMALE","FEMALE","FEMALE","FEMALE","FEMALE","FEMALE","FEMALE","FEMALE","FEMALE","FEMALE","FEMALE","MALE","FEMALE","FEMALE","FEMALE","FEMALE","FEMALE","FEMALE","FEMALE","FEMALE","FEMALE","FEMALE","MALE","FEMALE","FEMALE","FEMALE","FEMALE","MALE","FEMALE","MALE","FEMALE","MALE","FEMALE","FEMALE","FEMALE","FEMALE","FEMALE","FEMALE","MALE","FEMALE","FEMALE","FEMALE","FEMALE","MALE","FEMALE","FEMALE","FEMALE","FEMALE","FEMALE","FEMALE","MALE","FEMALE","FEMALE","MALE","FEMALE","FEMALE","FEMALE","MALE","FEMALE","FEMALE","FEMALE","MALE","FEMALE","FEMALE","FEMALE","FEMALE","FEMALE","MALE","FEMALE","FEMALE","MALE","FEMALE","FEMALE","FEMALE","FEMALE","FEMALE","MALE","MALE","FEMALE","MALE","FEMALE","FEMALE","FEMALE","MALE","MALE","FEMALE","FEMALE"],"X_CALENDAR_YEAR":[1999,2000,2001,2001,2001,2001,2002,2002,2003,2003,2003,2003,2004,2004,2004,2004,2004,2005,2005,2005,2005,2005,2006,2006,2006,2006,2006,2006,2006,2007,2007,2007,2007,2007,2007,2007,2008,2008,2008,2008,2008,2008,2008,2008,2009,2009,2009,2009,2009,2009,2009,2010,2010,2010,2010,2010,2010,2010,2011,2011,2011,2011,2011,2011,2011,2012,2012,2012,2012,2012,2013,2013,2013,2013,2013,2013,2014,2014,2014,2014,2014,2015,2015,2015,2016,2016,2017,2018,2018],"Y_PREVALENCE_1000PP":[0.03929,0.04739,0.05387,0.04322,0.03022,0.03117,0.01846,0.04138,0.03265,0.02059,0.02333,0.0432,0.02085,0.03008,0.02573,0.04621,0.03849,0.0219,0.02706,0.02586,0.03365,0.02447,0.03257,0.0212,0.02404,0.01879,0.0555,0.0309,0.0185,0.02876,0.03039,0.0192,0.01616,0.02591,0.03358,0.01955,0.02063,0.04639,0.02839,0.02023,0.04012,0.03272,0.01982,0.02593,0.02575,0.02429,0.03382,0.03049,0.01909,0.0258,0.02524,0.02489,0.02146,0.02319,0.03013,0.01578,0.04362,0.02788,0.0173,0.01816,0.03274,0.02098,0.01487,0.04303,0.01364,0.01613,0.03925,0.02147,0.03255,0.0198,0.01973,0.0223,0.01966,0.02919,0.01869,0.01768,0.01577,0.01836,0.01785,0.0259,0.03765,0.02606,0.01727,0.02795,0.02783,0.02712,0.03892,0.0328,0.03207]},"PREVALENCE_BY_MONTH":{"X_CALENDAR_MONTH":[200007,200011,200103,200105,200110,200111,200112,200204,200210,200301,200302,200306,200307,200310,200311,200401,200402,200403,200406,200407,200408,200409,200410,200411,200412,200501,200502,200503,200506,200507,200509,200510,200511,200601,200602,200603,200605,200606,200607,200609,200610,200612,200701,200702,200704,200705,200706,200707,200710,200711,200801,200802,200803,200804,200806,200807,200808,200809,200810,200811,200812,200901,200902,200903,200904,200905,200906,200910,200911,200912,201001,201003,201005,201006,201007,201009,201010,201011,201012,201101,201102,201107,201108,201109,201110,201111,201201,201202,201203,201205,201209,201210,201211,201212,201303,201305,201307,201310,201311,201312,201401,201403,201404,201405,201410,201501,201507,201508,201510,201511,201512,201601,201605,201805,201901],"Y_PREVALENCE_1000PP":[0.00375,0.00277,0.00211,0.00205,0.00217,0.00215,0.00213,0.00195,0.00215,0.00186,0.00211,0.00156,0.00154,0.00229,0.00177,0.00222,0.00197,0.00217,0.00141,0.0014,0.00209,0.00208,0.00184,0.00138,0.0016,0.00136,0.00158,0.00181,0.00157,0.002,0.00198,0.00197,0.00175,0.00173,0.0026,0.0013,0.00215,0.00192,0.00171,0.0017,0.00169,0.00231,0.00208,0.00145,0.00124,0.00246,0.00162,0.00221,0.00177,0.00176,0.00232,0.00136,0.00214,0.00233,0.00192,0.00191,0.00191,0.00152,0.00171,0.00208,0.00114,0.00113,0.00189,0.00132,0.00227,0.0017,0.00151,0.00264,0.00227,0.00133,0.00151,0.00114,0.00152,0.00134,0.00153,0.00247,0.0017,0.00169,0.0015,0.00112,0.00131,0.00202,0.00128,0.00127,0.00236,0.00146,0.00127,0.002,0.00145,0.00127,0.00145,0.002,0.00146,0.0011,0.00167,0.00204,0.00167,0.00187,0.00132,0.00115,0.00115,0.00172,0.00134,0.00172,0.00121,0.00145,0.00135,0.00135,0.0014,0.00166,0.00148,0.00173,0.00177,0.00185,0.00197]},"LENGTH_OF_ERA":{"CATEGORY":"Length of era","MIN_VALUE":1,"P10_VALUE":1,"P25_VALUE":1,"MEDIAN_VALUE":1,"P75_VALUE":1,"P90_VALUE":1,"MAX_VALUE":46},"AGE_AT_FIRST_DIAGNOSIS":{"CATEGORY":["MALE","FEMALE"],"MIN_VALUE":[0,0],"P10_VALUE":[2,6],"P25_VALUE":[7,17],"MEDIAN_VALUE":[22,30],"P75_VALUE":[44,43],"P90_VALUE":[60,58],"MAX_VALUE":[102,87]}}
