{"PREVALENCE_BY_GENDER_AGE_YEAR":{"TRELLIS_NAME":["70-79","80-89","70-79","70-79","80-89","60-69","70-79","80-89","50-59","70-79","60-69","80-89","70-79","70-79","80-89","80-89","70-79","70-79","60-69","80-89","70-79"],"SERIES_NAME":["MALE","MALE","MALE","MALE","MALE","MALE","MALE","MALE","MALE","MALE","MALE","MALE","MALE","MALE","MALE","MALE","MALE","MALE","MALE","MALE","MALE"],"X_CALENDAR_YEAR":[2002,2003,2003,2004,2004,2004,2005,2006,2006,2007,2007,2008,2008,2009,2009,2010,2010,2012,2013,2013,2013],"Y_PREVALENCE_1000PP":[0.06856,0.09599,0.05755,0.04596,0.13156,0.02669,0.05698,0.09078,0.01825,0.04441,0.02805,0.0677,0.03743,0.05268,0.11017,0.08669,0.06266,0.04575,0.02501,0.0921,0.02976]},"PREVALENCE_BY_MONTH":{"X_CALENDAR_MONTH":[200212,200306,200501,200507,200907,201005,201107,201308],"Y_PREVALENCE_1000PP":[0.00188,0.00156,0.00136,0.00133,0.0015,0.00133,0.0011,0.00148]},"LENGTH_OF_ERA":{"CATEGORY":"Length of era","MIN_VALUE":1,"P10_VALUE":1,"P25_VALUE":1,"MEDIAN_VALUE":1,"P75_VALUE":1,"P90_VALUE":1,"MAX_VALUE":30},"AGE_AT_FIRST_DIAGNOSIS":{"CATEGORY":["FEMALE","MALE"],"MIN_VALUE":[3,3],"P10_VALUE":[28,53],"P25_VALUE":[44,66],"MEDIAN_VALUE":[66,74],"P75_VALUE":[80,82],"P90_VALUE":[90,88],"MAX_VALUE":[97,98]}}
