{"PREVALENCE_BY_GENDER_AGE_YEAR":{"TRELLIS_NAME":["60-69","70-79","40-49","40-49","60-69","70-79","70-79","60-69","50-59","50-59","80-89","40-49","50-59","60-69","60-69","30-39","20-29","60-69","70-79","10-19","50-59","50-59","60-69","40-49","70-79","60-69","30-39","60-69","40-49","50-59","70-79","60-69","50-59","40-49","70-79","30-39","80-89","50-59","60-69","30-39","70-79","40-49","50-59","30-39","70-79","20-29","40-49","50-59","60-69","60-69","80-89","30-39","70-79","60-69","70-79","60-69","70-79","40-49","60-69","50-59","60-69","80-89","70-79","70-79","30-39","70-79","50-59","70-79","60-69","80-89","70-79","60-69","50-59","70-79","60-69","20-29","80-89","70-79","60-69","50-59","40-49","60-69","70-79","70-79"],"SERIES_NAME":["MALE","FEMALE","FEMALE","MALE","MALE","FEMALE","MALE","FEMALE","FEMALE","MALE","FEMALE","FEMALE","FEMALE","FEMALE","MALE","FEMALE","MALE","MALE","FEMALE","FEMALE","MALE","FEMALE","MALE","FEMALE","FEMALE","FEMALE","FEMALE","FEMALE","FEMALE","MALE","FEMALE","MALE","FEMALE","FEMALE","FEMALE","FEMALE","FEMALE","MALE","MALE","FEMALE","FEMALE","MALE","FEMALE","MALE","MALE","MALE","MALE","FEMALE","FEMALE","MALE","FEMALE","FEMALE","FEMALE","MALE","MALE","FEMALE","FEMALE","FEMALE","MALE","FEMALE","FEMALE","FEMALE","FEMALE","MALE","FEMALE","FEMALE","FEMALE","MALE","FEMALE","FEMALE","MALE","MALE","FEMALE","FEMALE","MALE","MALE","MALE","MALE","FEMALE","MALE","FEMALE","MALE","FEMALE","MALE"],"X_CALENDAR_YEAR":[2000,2000,2002,2002,2002,2003,2003,2003,2003,2003,2003,2004,2004,2004,2004,2004,2004,2005,2005,2005,2006,2006,2006,2006,2006,2006,2006,2007,2007,2007,2007,2007,2008,2008,2008,2008,2008,2008,2008,2009,2009,2009,2009,2009,2010,2010,2010,2010,2010,2010,2010,2010,2010,2011,2011,2011,2011,2012,2012,2012,2012,2012,2012,2012,2012,2013,2013,2013,2013,2013,2014,2014,2014,2014,2015,2015,2015,2015,2015,2015,2015,2016,2017,2018],"Y_PREVALENCE_1000PP":[0.05548,0.09531,0.0216,0.02056,0.04854,0.06544,0.04317,0.02941,0.02564,0.02492,0.05443,0.03872,0.02028,0.02628,0.04448,0.022,0.02397,0.03382,0.05315,0.02447,0.03042,0.02505,0.05893,0.01855,0.04086,0.04256,0.01586,0.03108,0.02689,0.01727,0.03789,0.02104,0.01734,0.01893,0.04141,0.02265,0.04168,0.02252,0.02676,0.02019,0.03192,0.01565,0.02293,0.01721,0.03133,0.01578,0.01332,0.01684,0.01886,0.02886,0.04163,0.01506,0.0499,0.03431,0.03583,0.03955,0.02682,0.02305,0.02195,0.02416,0.0183,0.04137,0.02675,0.0305,0.02239,0.03497,0.01843,0.02976,0.01822,0.04177,0.03554,0.02651,0.01631,0.04039,0.02525,0.01824,0.0685,0.03294,0.02795,0.02015,0.017,0.03033,0.03687,0.04556]},"PREVALENCE_BY_MONTH":{"X_CALENDAR_MONTH":[200002,200003,200007,200101,200105,200110,200202,200204,200211,200301,200302,200304,200307,200308,200309,200310,200311,200401,200402,200403,200405,200406,200407,200409,200410,200411,200501,200504,200507,200508,200510,200603,200605,200606,200608,200609,200610,200612,200702,200703,200704,200705,200706,200707,200709,200711,200801,200802,200804,200806,200807,200809,200902,200904,200906,200907,200909,200911,200912,201001,201002,201003,201004,201005,201006,201007,201009,201010,201101,201102,201103,201104,201105,201107,201109,201110,201112,201202,201203,201204,201205,201206,201207,201208,201209,201210,201302,201303,201304,201305,201307,201308,201312,201401,201402,201403,201404,201405,201408,201409,201410,201506,201507,201509,201511,201512,201601,201603,201605,201705,201706,201711,201802,201804],"Y_PREVALENCE_1000PP":[0.00359,0.00352,0.00291,0.00221,0.0024,0.00186,0.00203,0.00251,0.00268,0.00159,0.00158,0.00157,0.00206,0.0018,0.00179,0.00229,0.00177,0.00148,0.00197,0.00193,0.00142,0.00235,0.00257,0.00185,0.00253,0.00161,0.00204,0.00316,0.00133,0.00133,0.00154,0.00152,0.00193,0.00235,0.00213,0.00191,0.00169,0.00315,0.00145,0.00124,0.00144,0.00205,0.00183,0.00201,0.0012,0.00117,0.00136,0.00155,0.00136,0.00173,0.0023,0.00247,0.00113,0.00113,0.00188,0.0015,0.00131,0.0017,0.00114,0.00189,0.00171,0.00133,0.0019,0.00114,0.00115,0.00153,0.00152,0.00151,0.00187,0.00149,0.00204,0.0013,0.00184,0.00128,0.00164,0.00109,0.00109,0.00164,0.00145,0.00164,0.002,0.00127,0.00128,0.00109,0.00109,0.00182,0.00111,0.0013,0.00111,0.00149,0.00111,0.00111,0.00154,0.00191,0.00114,0.00172,0.00153,0.00134,0.00138,0.00198,0.00121,0.00135,0.0018,0.00202,0.00213,0.00172,0.00223,0.00174,0.00152,0.00171,0.00233,0.00181,0.00185,0.00216]},"LENGTH_OF_ERA":{"CATEGORY":"Length of era","MIN_VALUE":1,"P10_VALUE":1,"P25_VALUE":1,"MEDIAN_VALUE":1,"P75_VALUE":1,"P90_VALUE":1,"MAX_VALUE":31},"AGE_AT_FIRST_DIAGNOSIS":{"CATEGORY":["MALE","FEMALE"],"MIN_VALUE":[1,10],"P10_VALUE":[19,25],"P25_VALUE":[33,39],"MEDIAN_VALUE":[55,57],"P75_VALUE":[68,73],"P90_VALUE":[78,81],"MAX_VALUE":[93,100]}}
