{"PREVALENCE_BY_GENDER_AGE_YEAR":{"TRELLIS_NAME":["10-19","10-19","10-19","10-19","10-19","10-19","10-19","10-19","10-19","20-29","10-19","10-19"],"SERIES_NAME":["FEMALE","FEMALE","FEMALE","FEMALE","FEMALE","FEMALE","FEMALE","FEMALE","FEMALE","FEMALE","FEMALE","FEMALE"],"X_CALENDAR_YEAR":[2003,2004,2008,2009,2010,2012,2013,2014,2015,2016,2017,2018],"Y_PREVALENCE_1000PP":[0.0336,0.03431,0.03095,0.04058,0.02685,0.02944,0.03244,0.02396,0.03343,0.02435,0.02882,0.03207]},"PREVALENCE_BY_MONTH":{"X_CALENDAR_MONTH":[],"Y_PREVALENCE_1000PP":[]},"LENGTH_OF_ERA":{"CATEGORY":"Length of era","MIN_VALUE":1,"P10_VALUE":1,"P25_VALUE":1,"MEDIAN_VALUE":1,"P75_VALUE":1,"P90_VALUE":1,"MAX_VALUE":32},"AGE_AT_FIRST_DIAGNOSIS":{"CATEGORY":["MALE","FEMALE"],"MIN_VALUE":[0,1],"P10_VALUE":[3,13],"P25_VALUE":[15,14],"MEDIAN_VALUE":[24,18],"P75_VALUE":[38,26],"P90_VALUE":[51,46],"MAX_VALUE":[75,91]}}
