{"PREVALENCE_BY_GENDER_AGE_YEAR":{"TRELLIS_NAME":["70-79","20-29","70-79","40-49","10-19","50-59","40-49","0-9","60-69","0-9","30-39","30-39","70-79","20-29","10-19","50-59","60-69","80-89","60-69","80-89","40-49","0-9","10-19","20-29","40-49","30-39","10-19","70-79","90-99","50-59","60-69","50-59","70-79","30-39","0-9","20-29","80-89","70-79","20-29","50-59","80-89","60-69","40-49","40-49","50-59","80-89","0-9","10-19","90-99","10-19","30-39","60-69","70-79","0-9","20-29","30-39","0-9","80-89","10-19","0-9","90-99","40-49","30-39","60-69","20-29","70-79","80-89","40-49","60-69","70-79","50-59","50-59","30-39","10-19","50-59","40-49","90-99","0-9","80-89","60-69","20-29","0-9","70-79","50-59","80-89","40-49","60-69","70-79","30-39","90-99","50-59","30-39","80-89","20-29","80-89","40-49","60-69","10-19","0-9","30-39","70-79","50-59","70-79","90-99","60-69","40-49","20-29","30-39"],"SERIES_NAME":["FEMALE","FEMALE","FEMALE","FEMALE","FEMALE","FEMALE","MALE","MALE","FEMALE","FEMALE","FEMALE","MALE","MALE","MALE","MALE","MALE","MALE","FEMALE","FEMALE","MALE","MALE","FEMALE","MALE","MALE","FEMALE","FEMALE","FEMALE","FEMALE","FEMALE","FEMALE","MALE","MALE","MALE","MALE","MALE","FEMALE","FEMALE","MALE","MALE","FEMALE","MALE","MALE","FEMALE","MALE","MALE","FEMALE","FEMALE","MALE","FEMALE","FEMALE","FEMALE","FEMALE","FEMALE","MALE","FEMALE","MALE","MALE","FEMALE","FEMALE","FEMALE","FEMALE","MALE","FEMALE","FEMALE","FEMALE","FEMALE","MALE","FEMALE","MALE","MALE","FEMALE","MALE","MALE","FEMALE","MALE","MALE","MALE","FEMALE","MALE","FEMALE","FEMALE","MALE","FEMALE","FEMALE","FEMALE","FEMALE","MALE","MALE","FEMALE","FEMALE","FEMALE","FEMALE","MALE","FEMALE","FEMALE","FEMALE","FEMALE","FEMALE","FEMALE","MALE","MALE","MALE","FEMALE","FEMALE","MALE","FEMALE","FEMALE","FEMALE"],"X_CALENDAR_YEAR":[1998,2003,2003,2003,2003,2003,2003,2003,2003,2003,2003,2003,2003,2003,2003,2003,2003,2003,2004,2004,2004,2004,2004,2004,2004,2004,2004,2004,2004,2004,2004,2004,2004,2004,2004,2004,2004,2005,2005,2005,2005,2005,2005,2005,2005,2005,2005,2005,2005,2005,2005,2005,2005,2005,2005,2005,2006,2006,2006,2006,2006,2006,2006,2006,2006,2006,2006,2006,2006,2006,2006,2006,2006,2007,2007,2007,2007,2007,2007,2007,2007,2007,2007,2007,2007,2007,2007,2007,2007,2007,2008,2008,2008,2008,2008,2008,2008,2008,2008,2008,2008,2008,2008,2008,2008,2014,2014,2014],"Y_PREVALENCE_1000PP":[0.0923,0.1306,0.10708,0.08664,0.12001,0.07691,0.03488,0.091,0.09314,0.08456,0.09706,0.0459,0.13669,0.04536,0.02942,0.09255,0.04481,0.11794,0.21903,0.29236,0.09064,0.14471,0.07172,0.07191,0.21741,0.15397,0.16298,0.24718,0.55036,0.19944,0.17791,0.12472,0.30203,0.08559,0.08271,0.27727,0.26995,0.25325,0.06474,0.15517,0.44148,0.14797,0.143,0.07187,0.12873,0.43713,0.08423,0.02525,0.7479,0.0775,0.13259,0.15838,0.287,0.05406,0.13138,0.04203,0.02057,0.43467,0.06181,0.02895,0.78719,0.03768,0.05815,0.10447,0.05842,0.27578,0.3631,0.08744,0.10607,0.15702,0.13464,0.07604,0.02306,0.03937,0.05182,0.02089,0.50117,0.05373,0.30982,0.13814,0.06194,0.03835,0.19894,0.09764,0.33923,0.06355,0.1052,0.14988,0.07597,0.46785,0.04045,0.05537,0.18054,0.03608,0.21536,0.04022,0.1123,0.02063,0.03565,0.01954,0.1016,0.02815,0.14265,0.17282,0.06356,0.03032,0.01836,0.03941]},"PREVALENCE_BY_MONTH":{"X_CALENDAR_MONTH":[199712,199807,200303,200304,200305,200306,200307,200308,200309,200310,200311,200312,200401,200402,200403,200404,200405,200406,200407,200408,200409,200410,200411,200412,200501,200502,200503,200504,200505,200506,200507,200508,200509,200510,200511,200512,200601,200602,200603,200604,200605,200606,200607,200608,200609,200610,200611,200612,200701,200702,200703,200704,200705,200706,200707,200708,200709,200710,200711,200712,200801,200802,200803,200804,200805,200806,200807,200808,201402,201403,201406],"Y_PREVALENCE_1000PP":[0.02128,0.01588,0.00947,0.00577,0.00496,0.0052,0.00772,0.01103,0.01175,0.01451,0.01445,0.00934,0.01458,0.01035,0.0145,0.01071,0.0123,0.02277,0.01936,0.01813,0.02267,0.02464,0.02018,0.01628,0.0197,0.01741,0.01899,0.01444,0.01869,0.01949,0.01245,0.00843,0.0112,0.01163,0.00985,0.00854,0.01168,0.00911,0.00996,0.0112,0.01246,0.01089,0.01111,0.00874,0.00743,0.01034,0.01071,0.00797,0.01268,0.00995,0.00953,0.00928,0.01024,0.00893,0.00965,0.00944,0.00658,0.00689,0.00937,0.00546,0.01007,0.0099,0.00681,0.00814,0.00755,0.00653,0.00823,0.0021,0.00172,0.00134,0.00116]},"LENGTH_OF_ERA":{"CATEGORY":"Length of era","MIN_VALUE":1,"P10_VALUE":1,"P25_VALUE":1,"MEDIAN_VALUE":1,"P75_VALUE":1,"P90_VALUE":13,"MAX_VALUE":82},"AGE_AT_FIRST_DIAGNOSIS":{"CATEGORY":["MALE","FEMALE"],"MIN_VALUE":[0,0],"P10_VALUE":[12,17],"P25_VALUE":[36,29],"MEDIAN_VALUE":[55,47],"P75_VALUE":[71,70],"P90_VALUE":[80,83],"MAX_VALUE":[98,102]}}
