{"PREVALENCE_BY_GENDER_AGE_YEAR":{"TRELLIS_NAME":["10-19","80-89","30-39","20-29","10-19","40-49","80-89","20-29","40-49","50-59","90-99","30-39","70-79","60-69","50-59","70-79","60-69","70-79","40-49","60-69","20-29","70-79","90-99","50-59","50-59","30-39","90-99","40-49","60-69","80-89","20-29","30-39","80-89","70-79","70-79","90-99","60-69","60-69","80-89"],"SERIES_NAME":["MALE","MALE","MALE","MALE","FEMALE","MALE","FEMALE","FEMALE","FEMALE","FEMALE","FEMALE","FEMALE","FEMALE","FEMALE","MALE","MALE","MALE","MALE","MALE","MALE","FEMALE","FEMALE","MALE","MALE","FEMALE","MALE","FEMALE","FEMALE","FEMALE","FEMALE","MALE","FEMALE","MALE","MALE","FEMALE","FEMALE","FEMALE","MALE","MALE"],"X_CALENDAR_YEAR":[2015,2015,2015,2015,2015,2015,2015,2015,2015,2015,2015,2015,2015,2015,2015,2015,2015,2016,2016,2016,2016,2016,2016,2016,2016,2016,2016,2016,2016,2016,2016,2016,2016,2017,2017,2017,2017,2017,2017],"Y_PREVALENCE_1000PP":[0.02473,0.21692,0.03457,0.04256,0.03343,0.03577,0.18393,0.05804,0.051,0.06429,0.21577,0.03453,0.12203,0.08384,0.05181,0.15373,0.12265,0.08251,0.0267,0.04765,0.03478,0.08489,0.45011,0.02697,0.03081,0.02031,0.39618,0.03102,0.06289,0.17312,0.03275,0.02362,0.2586,0.07566,0.04301,0.26419,0.03351,0.02947,0.13602]},"PREVALENCE_BY_MONTH":{"X_CALENDAR_MONTH":[201203,201505,201506,201507,201508,201509,201510,201511,201512,201601,201602,201603,201604,201605,201606,201607,201608,201609,201610,201611,201612,201701,201702,201703,201704,201705,201706,201707,201709],"Y_PREVALENCE_1000PP":[0.00127,0.01211,0.01418,0.01327,0.00854,0.01169,0.00652,0.00591,0.00615,0.00668,0.00647,0.00523,0.005,0.00759,0.00566,0.00263,0.00508,0.00375,0.00407,0.00493,0.00438,0.00383,0.00224,0.00198,0.00342,0.00228,0.00408,0.00205,0.00354]},"LENGTH_OF_ERA":{"CATEGORY":"Length of era","MIN_VALUE":1,"P10_VALUE":1,"P25_VALUE":1,"MEDIAN_VALUE":1,"P75_VALUE":1,"P90_VALUE":1,"MAX_VALUE":582},"AGE_AT_FIRST_DIAGNOSIS":{"CATEGORY":["FEMALE","MALE"],"MIN_VALUE":[1,5],"P10_VALUE":[25,28],"P25_VALUE":[42,46],"MEDIAN_VALUE":[65,66],"P75_VALUE":[78,76],"P90_VALUE":[88,84],"MAX_VALUE":[100,96]}}
