{"PREVALENCE_BY_GENDER_AGE_YEAR":{"TRELLIS_NAME":["0-9","0-9","0-9","0-9","0-9","0-9","0-9","0-9","0-9","0-9","0-9","0-9","0-9","0-9","0-9","0-9","0-9","0-9","0-9","0-9","0-9","0-9","0-9","0-9"],"SERIES_NAME":["MALE","MALE","FEMALE","MALE","FEMALE","MALE","MALE","FEMALE","FEMALE","MALE","MALE","FEMALE","MALE","FEMALE","FEMALE","MALE","MALE","FEMALE","FEMALE","MALE","MALE","FEMALE","MALE","FEMALE"],"X_CALENDAR_YEAR":[1999,2000,2002,2002,2003,2003,2004,2004,2005,2005,2006,2006,2007,2007,2008,2008,2009,2009,2010,2010,2011,2011,2012,2012],"Y_PREVALENCE_1000PP":[0.11964,0.03774,0.03339,0.05276,0.0267,0.0455,0.05263,0.02814,0.0536,0.05766,0.048,0.03619,0.01917,0.0235,0.03241,0.02777,0.02125,0.01909,0.03733,0.02377,0.0459,0.01798,0.02829,0.03255]},"PREVALENCE_BY_MONTH":{"X_CALENDAR_MONTH":[200211,200302,200303,200401,200405,200501,200502,200503,200508,200509,200510,200511,200603,200606,200612,201004,201005,201112,201202],"Y_PREVALENCE_1000PP":[0.00161,0.00158,0.00184,0.00173,0.00142,0.00181,0.00136,0.00158,0.00155,0.00176,0.00154,0.00175,0.00173,0.00171,0.00126,0.00114,0.00114,0.00146,0.00127]},"LENGTH_OF_ERA":{"CATEGORY":"Length of era","MIN_VALUE":1,"P10_VALUE":1,"P25_VALUE":1,"MEDIAN_VALUE":1,"P75_VALUE":1,"P90_VALUE":1,"MAX_VALUE":36},"AGE_AT_FIRST_DIAGNOSIS":{"CATEGORY":["FEMALE","MALE"],"MIN_VALUE":[0,0],"P10_VALUE":[1,1],"P25_VALUE":[2,2],"MEDIAN_VALUE":[20,5],"P75_VALUE":[54,40],"P90_VALUE":[73,70],"MAX_VALUE":[90,90]}}
