{"PREVALENCE_BY_GENDER_AGE_YEAR":{"TRELLIS_NAME":["20-29","10-19","0-9","30-39","0-9","0-9","0-9","20-29","0-9","0-9","20-29","30-39","0-9","10-19","40-49","20-29","30-39","0-9","0-9","20-29","0-9","30-39","0-9","0-9","20-29","30-39","10-19","10-19","0-9","30-39","20-29","0-9","10-19","20-29","0-9","0-9","30-39","20-29","30-39","0-9","0-9","40-49","10-19","20-29","0-9","0-9","40-49","10-19","30-39","10-19","10-19","30-39","0-9","20-29","0-9","0-9","20-29","0-9","10-19","30-39","20-29","0-9","30-39","0-9","0-9","0-9","30-39","20-29","0-9","20-29","30-39","0-9","0-9","20-29","30-39","0-9","20-29","0-9","0-9","30-39","20-29","0-9","0-9","30-39","0-9","20-29","30-39","30-39","20-29","0-9","30-39","20-29","30-39"],"SERIES_NAME":["MALE","MALE","FEMALE","MALE","MALE","MALE","FEMALE","FEMALE","MALE","FEMALE","FEMALE","FEMALE","FEMALE","FEMALE","FEMALE","FEMALE","FEMALE","MALE","MALE","FEMALE","FEMALE","FEMALE","FEMALE","MALE","FEMALE","FEMALE","FEMALE","FEMALE","MALE","FEMALE","FEMALE","FEMALE","FEMALE","FEMALE","FEMALE","MALE","FEMALE","FEMALE","FEMALE","FEMALE","MALE","FEMALE","FEMALE","FEMALE","FEMALE","MALE","FEMALE","FEMALE","FEMALE","FEMALE","MALE","FEMALE","FEMALE","FEMALE","MALE","MALE","FEMALE","FEMALE","FEMALE","FEMALE","FEMALE","FEMALE","FEMALE","MALE","FEMALE","MALE","FEMALE","FEMALE","FEMALE","FEMALE","FEMALE","MALE","MALE","FEMALE","FEMALE","FEMALE","FEMALE","MALE","FEMALE","FEMALE","FEMALE","MALE","FEMALE","FEMALE","MALE","FEMALE","FEMALE","FEMALE","FEMALE","MALE","FEMALE","FEMALE","FEMALE"],"X_CALENDAR_YEAR":[1996,1996,1996,1996,1996,1997,1997,1997,1998,1998,1998,1998,1999,1999,1999,1999,1999,1999,2000,2000,2000,2000,2001,2001,2001,2001,2001,2002,2002,2002,2002,2002,2003,2003,2003,2003,2003,2004,2004,2004,2004,2004,2004,2005,2005,2005,2005,2005,2005,2006,2006,2006,2006,2006,2006,2007,2007,2007,2007,2007,2008,2008,2008,2008,2009,2009,2009,2009,2010,2010,2010,2010,2011,2011,2011,2011,2012,2012,2012,2012,2013,2013,2013,2013,2014,2014,2014,2015,2015,2016,2016,2018,2018],"Y_PREVALENCE_1000PP":[0.27006,0.28753,0.42495,0.13569,0.39664,0.66284,0.41983,0.11621,0.51579,0.52699,0.14669,0.13273,0.27676,0.08169,0.06858,0.19095,0.31991,0.32702,0.30817,0.10799,0.31425,0.07042,0.15126,0.19785,0.11655,0.07273,0.06584,0.03104,0.15387,0.07076,0.09572,0.19078,0.0528,0.13785,0.16466,0.21509,0.13235,0.17165,0.12648,0.23717,0.17294,0.01787,0.05147,0.18768,0.11869,0.14056,0.02243,0.03671,0.16235,0.03863,0.02404,0.20352,0.11219,0.15189,0.15086,0.08309,0.09695,0.10409,0.03221,0.09623,0.04897,0.094,0.05789,0.09566,0.06363,0.06679,0.06561,0.04827,0.03733,0.04309,0.04268,0.04457,0.03442,0.08155,0.03966,0.04195,0.03941,0.04526,0.05031,0.02985,0.0444,0.02247,0.02357,0.01487,0.0238,0.05507,0.03153,0.0518,0.07255,0.02712,0.03374,0.0264,0.0246]},"PREVALENCE_BY_MONTH":{"X_CALENDAR_MONTH":[199602,199603,199604,199606,199608,199609,199611,199701,199703,199704,199706,199707,199708,199709,199711,199712,199801,199802,199803,199804,199805,199806,199807,199808,199810,199812,199901,199902,199903,199904,199906,199907,199908,199909,199910,199911,199912,200001,200002,200003,200004,200005,200006,200007,200008,200009,200010,200011,200012,200101,200102,200103,200104,200105,200106,200107,200108,200109,200110,200111,200201,200202,200203,200204,200205,200206,200207,200208,200209,200210,200211,200212,200301,200302,200303,200304,200305,200306,200307,200308,200309,200310,200311,200312,200401,200402,200403,200404,200405,200406,200407,200408,200409,200410,200411,200412,200501,200502,200503,200504,200505,200506,200507,200508,200509,200510,200511,200512,200601,200602,200603,200604,200605,200606,200607,200608,200609,200610,200611,200612,200701,200702,200703,200704,200705,200706,200707,200708,200710,200711,200802,200803,200804,200805,200806,200807,200808,200809,200810,200812,200901,200902,200903,200904,200906,200908,200909,200910,201001,201002,201003,201004,201006,201007,201008,201010,201102,201103,201106,201107,201108,201109,201110,201111,201201,201202,201203,201205,201206,201207,201304,201306,201412,201501,201503,201511],"Y_PREVALENCE_1000PP":[0.02494,0.02825,0.02883,0.01393,0.01324,0.01292,0.01186,0.00807,0.00999,0.00958,0.00765,0.01373,0.00833,0.00714,0.00687,0.00967,0.01264,0.01002,0.01158,0.01136,0.01217,0.00971,0.00874,0.00467,0.01043,0.00803,0.00758,0.00403,0.00531,0.00972,0.00763,0.0398,0.00919,0.00525,0.00901,0.00427,0.00594,0.00675,0.00718,0.00661,0.00609,0.00817,0.00422,0.00583,0.00412,0.00483,0.0056,0.00238,0.00234,0.00515,0.00507,0.00387,0.00383,0.00411,0.00671,0.00496,0.00517,0.00317,0.00186,0.00246,0.00323,0.00349,0.00258,0.00307,0.00693,0.00331,0.00411,0.00328,0.0019,0.00242,0.00322,0.00161,0.00292,0.00528,0.00342,0.00524,0.00496,0.00675,0.0036,0.00334,0.00153,0.0028,0.00507,0.00581,0.00395,0.00592,0.00628,0.00428,0.00497,0.00399,0.0049,0.00511,0.0037,0.00368,0.00298,0.00481,0.00317,0.0052,0.00452,0.00519,0.0045,0.00358,0.00445,0.00399,0.00307,0.00373,0.00438,0.00306,0.00368,0.00542,0.00498,0.00345,0.00709,0.00534,0.00449,0.00277,0.00191,0.00296,0.0042,0.00294,0.00499,0.00415,0.00331,0.00392,0.00266,0.00203,0.00261,0.00161,0.00157,0.00137,0.00272,0.00292,0.00233,0.00271,0.00269,0.00115,0.00134,0.00209,0.0019,0.00114,0.00207,0.0017,0.00301,0.00151,0.00264,0.00207,0.00169,0.00151,0.00114,0.00133,0.00209,0.00171,0.00115,0.00134,0.00114,0.00226,0.00149,0.00185,0.00129,0.00184,0.0011,0.00273,0.00145,0.00128,0.00109,0.00146,0.00127,0.00237,0.00182,0.00164,0.00111,0.00111,0.00187,0.00145,0.00237,0.00237]},"LENGTH_OF_ERA":{"CATEGORY":"Length of era","MIN_VALUE":1,"P10_VALUE":1,"P25_VALUE":1,"MEDIAN_VALUE":1,"P75_VALUE":1,"P90_VALUE":1,"MAX_VALUE":29},"AGE_AT_FIRST_DIAGNOSIS":{"CATEGORY":["MALE","FEMALE"],"MIN_VALUE":[0,0],"P10_VALUE":[1,1],"P25_VALUE":[1,5],"MEDIAN_VALUE":[2,25],"P75_VALUE":[7,32],"P90_VALUE":[26,36],"MAX_VALUE":[73,62]}}
