{"PREVALENCE_BY_GENDER_AGE_YEAR":{"TRELLIS_NAME":["40-49","70-79","50-59","70-79","70-79","40-49","60-69","70-79","30-39","60-69","70-79","50-59","40-49","30-39","60-69","70-79","60-69","50-59","70-79","50-59","40-49","70-79","70-79","60-69","60-69","70-79","80-89","50-59","60-69","60-69","70-79","70-79","40-49","50-59","60-69","50-59","50-59","60-69","60-69","50-59"],"SERIES_NAME":["MALE","MALE","MALE","FEMALE","FEMALE","MALE","MALE","MALE","FEMALE","MALE","FEMALE","MALE","MALE","FEMALE","MALE","MALE","MALE","FEMALE","FEMALE","MALE","MALE","FEMALE","MALE","FEMALE","MALE","MALE","MALE","MALE","MALE","FEMALE","FEMALE","MALE","MALE","FEMALE","MALE","MALE","FEMALE","FEMALE","MALE","MALE"],"X_CALENDAR_YEAR":[2008,2008,2008,2009,2010,2010,2011,2012,2012,2012,2012,2013,2013,2013,2013,2014,2014,2014,2014,2014,2015,2015,2015,2015,2015,2016,2016,2016,2016,2016,2017,2017,2017,2017,2017,2017,2018,2018,2018,2018],"Y_PREVALENCE_1000PP":[0.01576,0.03743,0.02533,0.03192,0.03176,0.01332,0.04055,0.0305,0.01493,0.03136,0.03121,0.02327,0.01581,0.01487,0.02814,0.03554,0.03314,0.01631,0.0359,0.01873,0.02752,0.02929,0.04392,0.02096,0.03607,0.04443,0.08166,0.03034,0.03466,0.02516,0.03687,0.04127,0.03023,0.02644,0.03438,0.02977,0.03395,0.03794,0.03865,0.04165]},"PREVALENCE_BY_MONTH":{"X_CALENDAR_MONTH":[200607,200710,200801,200803,200806,200807,200808,201003,201007,201011,201103,201111,201112,201203,201207,201208,201211,201301,201302,201304,201305,201308,201312,201402,201404,201409,201410,201411,201501,201502,201503,201506,201507,201602,201603,201605,201609,201610,201701,201705,201708,201710,201712,201801,201806,201807,201808,201809,201810],"Y_PREVALENCE_1000PP":[0.0015,0.00157,0.00116,0.00117,0.00134,0.00115,0.00134,0.00114,0.00115,0.00131,0.00148,0.00146,0.00109,0.00164,0.00109,0.00145,0.00128,0.00184,0.00129,0.00111,0.00111,0.0013,0.00154,0.00114,0.00134,0.00139,0.00142,0.00143,0.00145,0.00125,0.00151,0.00203,0.00157,0.00199,0.00174,0.00152,0.00188,0.00217,0.00219,0.002,0.00265,0.00237,0.00183,0.00247,0.00186,0.00189,0.00191,0.00256,0.00195]},"LENGTH_OF_ERA":{"CATEGORY":"Length of era","MIN_VALUE":1,"P10_VALUE":1,"P25_VALUE":1,"MEDIAN_VALUE":1,"P75_VALUE":1,"P90_VALUE":1,"MAX_VALUE":69},"AGE_AT_FIRST_DIAGNOSIS":{"CATEGORY":["FEMALE","MALE"],"MIN_VALUE":[6,0],"P10_VALUE":[33,37],"P25_VALUE":[46,47],"MEDIAN_VALUE":[61,59],"P75_VALUE":[73,69],"P90_VALUE":[79,77],"MAX_VALUE":[93,90]}}
