{"PREVALENCE_BY_GENDER_AGE_YEAR":{"TRELLIS_NAME":["60-69","30-39","60-69","70-79","60-69","30-39","50-59","70-79","60-69","40-49","60-69","70-79","60-69","50-59","70-79","70-79","60-69","50-59","70-79","60-69","60-69","70-79","60-69","50-59","60-69","70-79","40-49","60-69","50-59","40-49","60-69","60-69","50-59","60-69","50-59","80-89","40-49","40-49","30-39","70-79","60-69","40-49","30-39","40-49","50-59","60-69","40-49","60-69","50-59","50-59","30-39","40-49","50-59","20-29","70-79","40-49","60-69","40-49","50-59","70-79","60-69","60-69","30-39","50-59"],"SERIES_NAME":["MALE","MALE","MALE","MALE","FEMALE","MALE","MALE","MALE","MALE","FEMALE","MALE","MALE","FEMALE","MALE","FEMALE","MALE","MALE","MALE","MALE","MALE","FEMALE","MALE","MALE","MALE","FEMALE","MALE","FEMALE","MALE","MALE","FEMALE","FEMALE","MALE","MALE","MALE","MALE","MALE","FEMALE","MALE","MALE","FEMALE","MALE","MALE","FEMALE","FEMALE","MALE","MALE","FEMALE","FEMALE","FEMALE","MALE","MALE","MALE","MALE","FEMALE","MALE","MALE","MALE","MALE","MALE","MALE","MALE","FEMALE","MALE","MALE"],"X_CALENDAR_YEAR":[1999,2001,2002,2002,2003,2003,2003,2003,2003,2003,2004,2004,2004,2005,2005,2005,2005,2006,2006,2006,2007,2007,2007,2008,2008,2008,2008,2009,2009,2009,2010,2010,2010,2011,2011,2011,2011,2011,2012,2012,2012,2012,2012,2013,2013,2013,2014,2014,2014,2014,2014,2014,2015,2015,2015,2015,2016,2016,2016,2017,2017,2018,2018,2018],"Y_PREVALENCE_1000PP":[0.08122,0.02367,0.03236,0.05332,0.02941,0.02868,0.02136,0.04317,0.04481,0.02333,0.04003,0.05253,0.02628,0.0314,0.03189,0.06964,0.05073,0.02433,0.03624,0.04321,0.03454,0.04441,0.02805,0.01689,0.02312,0.04278,0.0142,0.03278,0.02507,0.02106,0.02514,0.03207,0.01911,0.02184,0.03178,0.0631,0.01364,0.01312,0.01477,0.02675,0.0345,0.01782,0.01742,0.01402,0.0181,0.03439,0.01768,0.0257,0.01902,0.02943,0.01578,0.02692,0.01727,0.02031,0.03294,0.02201,0.03033,0.02002,0.02023,0.04815,0.03438,0.03252,0.02463,0.03332]},"PREVALENCE_BY_MONTH":{"X_CALENDAR_MONTH":[199907,200005,200101,200103,200104,200106,200202,200210,200301,200302,200305,200306,200308,200310,200311,200312,200401,200403,200405,200407,200408,200411,200501,200503,200504,200505,200506,200508,200509,200510,200511,200602,200605,200608,200610,200612,200702,200707,200709,200710,200712,200801,200804,200805,200807,200808,200810,200811,200812,200901,200905,200906,200907,200909,200910,201001,201003,201004,201006,201007,201008,201011,201103,201105,201107,201108,201111,201112,201201,201202,201205,201210,201211,201305,201306,201307,201308,201310,201311,201312,201401,201402,201403,201405,201406,201407,201408,201409,201410,201412,201501,201502,201505,201506,201510,201511,201604,201606,201609,201612,201703,201707,201709,201710,201801,201802,201808,201810,201901],"Y_PREVALENCE_1000PP":[0.00497,0.00301,0.00258,0.00282,0.00209,0.00268,0.00291,0.00161,0.00212,0.00211,0.00183,0.00286,0.00231,0.00178,0.00152,0.00151,0.00198,0.00193,0.00166,0.00163,0.00163,0.00138,0.00159,0.00181,0.00203,0.0018,0.00179,0.00133,0.00132,0.00197,0.00131,0.0013,0.00193,0.00149,0.00127,0.00126,0.00145,0.00181,0.00199,0.00157,0.00117,0.00116,0.00136,0.00116,0.00134,0.00115,0.00133,0.00152,0.00132,0.00245,0.00132,0.0017,0.00169,0.0015,0.00113,0.00189,0.00228,0.00114,0.00172,0.00191,0.00134,0.0015,0.00111,0.00129,0.00239,0.00201,0.00146,0.00146,0.00164,0.00146,0.002,0.00127,0.00219,0.00186,0.00111,0.00148,0.00148,0.00112,0.00132,0.00115,0.00229,0.00172,0.00115,0.00172,0.00233,0.00137,0.00138,0.00119,0.00121,0.00145,0.00125,0.00209,0.00151,0.00203,0.00163,0.00166,0.002,0.00232,0.00241,0.00246,0.0017,0.00205,0.00236,0.00296,0.00185,0.00185,0.00255,0.00195,0.0023]},"LENGTH_OF_ERA":{"CATEGORY":"Length of era","MIN_VALUE":1,"P10_VALUE":1,"P25_VALUE":1,"MEDIAN_VALUE":1,"P75_VALUE":1,"P90_VALUE":1,"MAX_VALUE":64},"AGE_AT_FIRST_DIAGNOSIS":{"CATEGORY":["FEMALE","MALE"],"MIN_VALUE":[1,0],"P10_VALUE":[18,18],"P25_VALUE":[31,35],"MEDIAN_VALUE":[50,55],"P75_VALUE":[69,67],"P90_VALUE":[80,76],"MAX_VALUE":[96,94]}}
