{"PREVALENCE_BY_GENDER_AGE_YEAR":{"TRELLIS_NAME":["20-29","30-39","30-39","10-19","20-29","40-49","10-19","20-29","40-49","30-39","10-19","20-29","30-39","40-49","40-49","30-39","10-19","20-29","30-39","20-29","40-49","10-19","10-19","30-39","40-49","20-29","20-29","30-39","40-49","10-19","40-49","30-39","20-29","10-19","10-19","20-29","30-39","40-49","10-19","40-49","30-39","20-29","30-39","40-49","10-19","20-29","30-39","20-29","10-19","40-49","40-49","10-19","20-29","30-39","30-39","20-29","40-49","10-19","10-19","30-39","40-49","20-29","10-19","40-49","20-29","30-39","10-19","20-29","40-49","30-39","10-19","40-49","20-29","30-39","40-49","30-39","10-19","20-29","20-29","10-19","30-39","40-49","20-29","40-49","30-39","10-19","40-49","30-39","20-29","10-19","30-39","10-19","40-49","20-29","20-29","30-39","40-49"],"SERIES_NAME":["FEMALE","FEMALE","FEMALE","FEMALE","FEMALE","FEMALE","FEMALE","FEMALE","FEMALE","FEMALE","FEMALE","FEMALE","FEMALE","FEMALE","FEMALE","FEMALE","FEMALE","FEMALE","FEMALE","FEMALE","FEMALE","FEMALE","FEMALE","FEMALE","FEMALE","FEMALE","FEMALE","FEMALE","FEMALE","FEMALE","FEMALE","FEMALE","FEMALE","FEMALE","FEMALE","FEMALE","FEMALE","FEMALE","FEMALE","FEMALE","FEMALE","FEMALE","FEMALE","FEMALE","FEMALE","FEMALE","FEMALE","FEMALE","FEMALE","FEMALE","FEMALE","FEMALE","FEMALE","FEMALE","FEMALE","FEMALE","FEMALE","FEMALE","FEMALE","FEMALE","FEMALE","FEMALE","FEMALE","FEMALE","FEMALE","FEMALE","FEMALE","FEMALE","FEMALE","FEMALE","FEMALE","FEMALE","FEMALE","FEMALE","FEMALE","FEMALE","FEMALE","FEMALE","FEMALE","FEMALE","FEMALE","FEMALE","FEMALE","FEMALE","FEMALE","FEMALE","FEMALE","FEMALE","FEMALE","FEMALE","FEMALE","FEMALE","FEMALE","FEMALE","FEMALE","FEMALE","FEMALE"],"X_CALENDAR_YEAR":[1995,1995,1996,1996,1996,1996,1997,1997,1997,1997,1998,1998,1998,1998,1999,1999,1999,1999,2000,2000,2000,2000,2001,2001,2001,2001,2002,2002,2002,2002,2003,2003,2003,2003,2004,2004,2004,2004,2005,2005,2005,2005,2006,2006,2006,2006,2007,2007,2007,2007,2008,2008,2008,2008,2009,2009,2009,2009,2010,2010,2010,2010,2011,2011,2011,2011,2012,2012,2012,2012,2013,2013,2013,2013,2014,2014,2014,2014,2015,2015,2015,2015,2016,2016,2016,2016,2017,2017,2017,2017,2018,2018,2018,2018,2019,2019,2019],"Y_PREVALENCE_1000PP":[4.75105,2.00787,3.83818,0.90239,5.03862,0.13462,0.66329,4.01586,0.22196,3.53431,0.79924,4.44962,4.206,0.25027,0.21261,3.13733,0.55141,3.38262,4.21623,4.12518,0.30605,0.67131,0.64642,4.53689,0.35243,4.25207,4.80887,5.30717,0.50039,0.79148,0.49651,5.77066,5.08598,0.83044,0.80634,4.78957,5.29829,0.5212,0.70569,0.5019,5.51186,5.28958,5.62205,0.47695,0.78806,5.29845,5.93307,5.24886,0.73371,0.4986,0.51104,0.66029,5.14955,5.72852,6.11453,5.37834,0.51258,0.7914,0.62417,6.28159,0.53328,5.28257,0.50744,0.51158,4.8634,5.78849,0.48081,4.18219,0.55776,5.87641,0.34059,0.43692,3.80572,5.20931,0.44211,5.00568,0.31831,3.51377,3.27053,0.26001,4.6043,0.39948,2.96692,0.37572,4.32566,0.21908,0.33328,3.20679,2.09787,0.13449,3.12399,0.13895,0.33149,1.9797,0.53545,0.66113,0.07994]},"PREVALENCE_BY_MONTH":{"X_CALENDAR_MONTH":[199508,199509,199510,199511,199512,199601,199602,199603,199604,199605,199606,199607,199608,199609,199610,199611,199612,199701,199702,199703,199704,199705,199706,199707,199708,199709,199710,199711,199712,199801,199802,199803,199804,199805,199806,199807,199808,199809,199810,199811,199812,199901,199902,199903,199904,199905,199906,199907,199908,199909,199910,199911,199912,200001,200002,200003,200004,200005,200006,200007,200008,200009,200010,200011,200012,200101,200102,200103,200104,200105,200106,200107,200108,200109,200110,200111,200112,200201,200202,200203,200204,200205,200206,200207,200208,200209,200210,200211,200212,200301,200302,200303,200304,200305,200306,200307,200308,200309,200310,200311,200312,200401,200402,200403,200404,200405,200406,200407,200408,200409,200410,200411,200412,200501,200502,200503,200504,200505,200506,200507,200508,200509,200510,200511,200512,200601,200602,200603,200604,200605,200606,200607,200608,200609,200610,200611,200612,200701,200702,200703,200704,200705,200706,200707,200708,200709,200710,200711,200712,200801,200802,200803,200804,200805,200806,200807,200808,200809,200810,200811,200812,200901,200902,200903,200904,200905,200906,200907,200908,200909,200910,200911,200912,201001,201002,201003,201004,201005,201006,201007,201008,201009,201010,201011,201012,201101,201102,201103,201104,201105,201106,201107,201108,201109,201110,201111,201112,201201,201202,201203,201204,201205,201206,201207,201208,201209,201210,201211,201212,201301,201302,201303,201304,201305,201306,201307,201308,201309,201310,201311,201312,201401,201402,201403,201404,201405,201406,201407,201408,201409,201410,201411,201412,201501,201502,201503,201504,201505,201506,201507,201508,201509,201510,201511,201512,201601,201602,201603,201604,201605,201606,201607,201608,201609,201610,201611,201612,201701,201702,201703,201704,201705,201706,201707,201708,201709,201710,201711,201712,201801,201802,201803,201804,201805,201806,201807,201808,201809,201810,201811,201812,201901,201902,201903],"Y_PREVALENCE_1000PP":[0.15924,0.09631,0.13531,0.15113,0.12759,0.1032,0.09146,0.12007,0.08968,0.08905,0.07893,0.08763,0.06242,0.0997,0.09029,0.0915,0.05934,0.08881,0.04046,0.04494,0.06463,0.06568,0.06118,0.06864,0.06665,0.07246,0.06283,0.05203,0.0648,0.06318,0.05931,0.08186,0.05924,0.05678,0.06558,0.08339,0.07543,0.07387,0.06704,0.06693,0.06641,0.0655,0.05111,0.05908,0.06481,0.06315,0.06737,0.05907,0.05086,0.04898,0.05799,0.05171,0.05591,0.06525,0.05521,0.05948,0.05957,0.07054,0.06669,0.06621,0.07821,0.06728,0.0736,0.06534,0.0543,0.06553,0.05142,0.06834,0.06714,0.08729,0.06544,0.07869,0.07303,0.06434,0.0655,0.07091,0.06838,0.07597,0.06656,0.06979,0.07872,0.07706,0.07089,0.07925,0.08086,0.08385,0.08578,0.07237,0.06816,0.09105,0.06628,0.08755,0.07496,0.07389,0.07481,0.09035,0.07416,0.08278,0.08759,0.07096,0.08305,0.07733,0.07617,0.07779,0.06638,0.07592,0.07817,0.0737,0.06975,0.07309,0.07253,0.07385,0.07153,0.07722,0.07053,0.07618,0.07942,0.0743,0.07909,0.08025,0.08094,0.07796,0.07241,0.07572,0.06872,0.07485,0.07376,0.07321,0.07926,0.08075,0.08415,0.08314,0.07564,0.07855,0.07261,0.07347,0.07765,0.08415,0.07483,0.0845,0.07918,0.09089,0.07728,0.07399,0.07574,0.08288,0.0803,0.07533,0.07456,0.08152,0.07667,0.07647,0.08257,0.0753,0.07375,0.06428,0.07136,0.08424,0.07151,0.07314,0.07021,0.07298,0.06939,0.08375,0.0741,0.07882,0.07986,0.08141,0.07366,0.07737,0.08456,0.08005,0.08673,0.08043,0.06703,0.07782,0.07779,0.07186,0.08385,0.08537,0.07478,0.07917,0.08802,0.07927,0.08441,0.07009,0.07021,0.0727,0.07514,0.07874,0.07898,0.07689,0.06922,0.06684,0.06998,0.07023,0.06382,0.0735,0.07075,0.06597,0.06762,0.06955,0.06546,0.06888,0.06519,0.0698,0.06501,0.06511,0.06367,0.06644,0.0536,0.05703,0.06051,0.06665,0.05925,0.06227,0.06515,0.06261,0.0651,0.05931,0.0553,0.05883,0.05095,0.05551,0.05727,0.05594,0.05542,0.06248,0.06197,0.05967,0.0643,0.05291,0.05454,0.05396,0.05286,0.05179,0.05339,0.05512,0.05403,0.05104,0.05596,0.06432,0.06097,0.04684,0.0546,0.0559,0.04852,0.0471,0.05073,0.05311,0.04888,0.04909,0.04969,0.06006,0.04778,0.049,0.03615,0.03588,0.03276,0.03969,0.03307,0.04222,0.03935,0.03451,0.03532,0.0375,0.03849,0.0407,0.0341,0.03209,0.03152,0.03521,0.03272,0.03825,0.02944,0.03784,0.03977,0.02843,0.03972,0.03449,0.03486,0.03314,0.03402,0.01916]},"LENGTH_OF_ERA":{"CATEGORY":"Length of era","MIN_VALUE":1,"P10_VALUE":1,"P25_VALUE":1,"MEDIAN_VALUE":1,"P75_VALUE":1,"P90_VALUE":1,"MAX_VALUE":64},"AGE_AT_FIRST_DIAGNOSIS":{"CATEGORY":"FEMALE","MIN_VALUE":0,"P10_VALUE":22,"P25_VALUE":26,"MEDIAN_VALUE":30,"P75_VALUE":34,"P90_VALUE":37,"MAX_VALUE":66}}
