{"PREVALENCE_BY_GENDER_AGE_YEAR":{"TRELLIS_NAME":["30-39","0-9","0-9","40-49","30-39","0-9"],"SERIES_NAME":["FEMALE","FEMALE","FEMALE","FEMALE","FEMALE","FEMALE"],"X_CALENDAR_YEAR":[2009,2010,2011,2012,2013,2016],"Y_PREVALENCE_1000PP":[0.01514,0.02489,0.01798,0.01383,0.01983,0.02439]},"PREVALENCE_BY_MONTH":{"X_CALENDAR_MONTH":[200603,200809,200905,201003,201204,201502],"Y_PREVALENCE_1000PP":[0.0013,0.00171,0.00113,0.00133,0.00127,0.00125]},"LENGTH_OF_ERA":{"CATEGORY":"Length of era","MIN_VALUE":1,"P10_VALUE":1,"P25_VALUE":1,"MEDIAN_VALUE":1,"P75_VALUE":1,"P90_VALUE":1,"MAX_VALUE":31},"AGE_AT_FIRST_DIAGNOSIS":{"CATEGORY":["MALE","FEMALE"],"MIN_VALUE":[1,1],"P10_VALUE":[4,4],"P25_VALUE":[7,7],"MEDIAN_VALUE":[27,28],"P75_VALUE":[50,40],"P90_VALUE":[66,63],"MAX_VALUE":[87,89]}}
