{"PREVALENCE_BY_GENDER_AGE_YEAR":{"TRELLIS_NAME":["30-39","30-39","40-49","20-29","30-39","40-49","30-39","20-29","20-29","30-39","40-49","20-29","40-49","30-39","20-29","40-49","30-39","50-59","50-59","30-39","20-29","40-49","50-59","30-39","20-29","40-49","30-39","20-29","40-49","40-49","30-39","20-29","20-29","40-49","30-39","50-59","20-29","50-59","40-49","30-39","20-29","30-39","40-49","20-29","50-59","30-39","40-49","40-49","30-39","20-29","50-59","30-39","40-49","20-29","40-49","30-39","20-29","40-49","50-59","20-29","30-39","30-39","20-29","40-49","30-39","40-49","20-29","30-39","40-49","30-39","20-29","40-49","30-39"],"SERIES_NAME":["MALE","MALE","MALE","MALE","MALE","MALE","MALE","MALE","MALE","MALE","MALE","MALE","MALE","MALE","MALE","MALE","MALE","MALE","MALE","MALE","MALE","MALE","MALE","MALE","MALE","MALE","MALE","MALE","MALE","MALE","MALE","MALE","MALE","MALE","MALE","MALE","MALE","MALE","MALE","MALE","MALE","MALE","MALE","MALE","MALE","MALE","MALE","MALE","MALE","MALE","MALE","MALE","MALE","MALE","MALE","MALE","MALE","MALE","MALE","MALE","MALE","MALE","MALE","MALE","MALE","MALE","MALE","MALE","MALE","MALE","MALE","MALE","MALE"],"X_CALENDAR_YEAR":[1996,1997,1998,1998,1998,1999,1999,1999,2000,2000,2000,2001,2001,2001,2002,2002,2002,2002,2003,2003,2003,2003,2004,2004,2004,2004,2005,2005,2005,2006,2006,2006,2007,2007,2007,2007,2008,2008,2008,2008,2009,2009,2009,2010,2010,2010,2010,2011,2011,2011,2012,2012,2012,2012,2013,2013,2013,2014,2014,2014,2014,2015,2015,2015,2016,2016,2017,2017,2017,2018,2018,2018,2019],"Y_PREVALENCE_1000PP":[0.21322,0.17499,0.13476,0.07293,0.16431,0.09858,0.24271,0.05796,0.04567,0.1807,0.10226,0.07674,0.05927,0.18596,0.04786,0.08911,0.16525,0.02646,0.02136,0.18645,0.04914,0.07293,0.02626,0.16316,0.07191,0.0963,0.17073,0.05503,0.10648,0.05778,0.20751,0.07282,0.05027,0.07659,0.15722,0.02303,0.06143,0.02252,0.05853,0.15388,0.05793,0.17699,0.07602,0.05785,0.02184,0.1549,0.09767,0.0787,0.15588,0.05654,0.01577,0.15754,0.07797,0.04882,0.06551,0.11603,0.05416,0.06363,0.02141,0.05791,0.09466,0.14114,0.0456,0.08255,0.12526,0.0801,0.04053,0.12924,0.05669,0.10672,0.03693,0.03868,0.02811]},"PREVALENCE_BY_MONTH":{"X_CALENDAR_MONTH":[199701,199807,199810,199902,199905,199907,199909,199910,199911,200002,200003,200007,200008,200010,200011,200101,200102,200103,200104,200106,200107,200108,200109,200110,200112,200201,200202,200203,200204,200205,200206,200207,200208,200209,200210,200211,200212,200301,200302,200303,200304,200305,200306,200307,200309,200310,200311,200312,200401,200402,200403,200404,200405,200406,200407,200408,200409,200410,200411,200412,200501,200502,200503,200504,200505,200506,200507,200508,200509,200510,200511,200512,200601,200602,200603,200604,200605,200606,200607,200608,200609,200610,200611,200612,200701,200702,200703,200704,200705,200706,200707,200708,200709,200710,200711,200712,200801,200802,200803,200804,200805,200806,200807,200808,200809,200810,200811,200812,200901,200902,200903,200904,200905,200906,200907,200908,200909,200910,200911,200912,201001,201002,201003,201004,201005,201006,201007,201008,201009,201010,201011,201012,201101,201102,201103,201104,201105,201106,201107,201108,201109,201110,201111,201201,201202,201203,201204,201205,201206,201207,201208,201209,201210,201211,201212,201301,201302,201303,201304,201305,201306,201307,201308,201309,201310,201311,201312,201402,201403,201404,201405,201406,201407,201408,201409,201410,201411,201412,201501,201503,201504,201505,201506,201507,201508,201509,201510,201511,201512,201603,201604,201605,201606,201607,201609,201611,201701,201703,201707,201708,201709,201805,201812],"Y_PREVALENCE_1000PP":[0.00807,0.00477,0.00447,0.00538,0.00383,0.00808,0.00466,0.00338,0.00586,0.00404,0.00485,0.00333,0.00329,0.0028,0.00356,0.00331,0.00253,0.00282,0.00313,0.00302,0.0043,0.00291,0.0019,0.00279,0.00182,0.00235,0.0032,0.0023,0.00167,0.00305,0.00165,0.00192,0.00191,0.00434,0.00215,0.00241,0.00188,0.00265,0.00238,0.00342,0.00288,0.00287,0.00338,0.00309,0.00204,0.00178,0.00228,0.00202,0.00198,0.00148,0.00314,0.00214,0.00307,0.00211,0.0035,0.00325,0.00278,0.0023,0.00229,0.00275,0.00159,0.00249,0.00271,0.00271,0.00158,0.00336,0.00267,0.00266,0.00307,0.00219,0.00372,0.00263,0.00281,0.00347,0.00282,0.00172,0.00408,0.00171,0.00278,0.00362,0.00234,0.0019,0.00231,0.0021,0.00187,0.00311,0.00228,0.00309,0.00184,0.00243,0.00201,0.00201,0.00159,0.00177,0.00195,0.00195,0.00116,0.00252,0.00136,0.00252,0.00136,0.0023,0.00344,0.00134,0.00171,0.00285,0.00189,0.00151,0.00207,0.00302,0.00301,0.0034,0.00207,0.00188,0.00244,0.00151,0.00188,0.00245,0.00189,0.0019,0.00322,0.00209,0.00323,0.00114,0.00248,0.00172,0.00286,0.00191,0.00323,0.00226,0.00281,0.00131,0.00206,0.00299,0.00278,0.00333,0.00203,0.00295,0.00165,0.00256,0.00127,0.00182,0.00182,0.00346,0.00218,0.00182,0.00127,0.00182,0.00182,0.00109,0.00236,0.00145,0.00327,0.00311,0.00147,0.00239,0.00239,0.00185,0.00167,0.0013,0.00204,0.00148,0.00204,0.00148,0.00131,0.00151,0.00173,0.00248,0.00115,0.00192,0.00115,0.00116,0.00196,0.00197,0.00139,0.00142,0.00286,0.00166,0.00187,0.00216,0.00281,0.00195,0.0027,0.00225,0.00135,0.00225,0.00186,0.00166,0.00172,0.0015,0.002,0.00152,0.00334,0.0021,0.00268,0.00192,0.00192,0.00198,0.00175,0.00294,0.00236,0.00247,0.00197]},"LENGTH_OF_ERA":{"CATEGORY":"Length of era","MIN_VALUE":1,"P10_VALUE":1,"P25_VALUE":1,"MEDIAN_VALUE":1,"P75_VALUE":1,"P90_VALUE":1,"MAX_VALUE":75},"AGE_AT_FIRST_DIAGNOSIS":{"CATEGORY":["FEMALE","MALE"],"MIN_VALUE":[22,16],"P10_VALUE":[24,28],"P25_VALUE":[28,32],"MEDIAN_VALUE":[30,36],"P75_VALUE":[34,41],"P90_VALUE":[40,46],"MAX_VALUE":[45,79]}}
