{"PREVALENCE_BY_GENDER_AGE_YEAR":{"TRELLIS_NAME":["0-9","0-9","0-9","0-9","0-9","0-9","30-39","0-9","20-29","30-39","0-9","30-39","0-9","0-9","50-59","40-49","20-29","60-69","0-9","0-9","20-29","0-9","40-49","60-69","0-9","30-39","0-9","40-49","10-19","0-9","60-69","20-29","0-9","40-49","0-9","0-9","40-49","0-9","0-9","50-59","50-59","20-29","0-9","10-19","0-9","0-9","20-29","0-9","0-9","50-59","80-89","0-9","0-9","60-69"],"SERIES_NAME":["FEMALE","FEMALE","MALE","MALE","MALE","FEMALE","MALE","FEMALE","FEMALE","FEMALE","MALE","FEMALE","FEMALE","MALE","FEMALE","FEMALE","FEMALE","MALE","MALE","FEMALE","FEMALE","MALE","FEMALE","FEMALE","FEMALE","FEMALE","FEMALE","FEMALE","FEMALE","MALE","FEMALE","MALE","MALE","FEMALE","FEMALE","FEMALE","FEMALE","MALE","FEMALE","MALE","FEMALE","FEMALE","MALE","FEMALE","FEMALE","MALE","FEMALE","MALE","FEMALE","FEMALE","FEMALE","FEMALE","MALE","FEMALE"],"X_CALENDAR_YEAR":[1998,2000,2000,2001,2002,2002,2003,2003,2003,2003,2003,2004,2004,2004,2004,2004,2004,2005,2005,2005,2005,2006,2006,2006,2006,2006,2007,2007,2007,2007,2007,2007,2008,2008,2008,2009,2009,2010,2010,2011,2011,2011,2011,2012,2012,2012,2013,2013,2014,2014,2014,2015,2015,2015],"Y_PREVALENCE_1000PP":[0.09222,0.0419,0.03774,0.03957,0.04836,0.05246,0.01721,0.0356,0.02902,0.01765,0.04964,0.01925,0.02412,0.03008,0.02028,0.01787,0.01981,0.02537,0.03604,0.04212,0.01877,0.03429,0.0159,0.02321,0.02533,0.01586,0.02686,0.01955,0.02505,0.01917,0.02072,0.02234,0.02469,0.0142,0.01945,0.01909,0.01638,0.03862,0.02489,0.01589,0.01625,0.01483,0.02869,0.0229,0.03255,0.02546,0.0148,0.03371,0.02493,0.01631,0.05122,0.02051,0.0228,0.02795]},"PREVALENCE_BY_MONTH":{"X_CALENDAR_MONTH":[200008,200011,200101,200103,200203,200205,200206,200209,200211,200212,200302,200304,200306,200308,200311,200403,200404,200405,200406,200408,200409,200412,200501,200502,200503,200508,200509,200510,200512,200601,200604,200606,200607,200608,200610,200701,200707,200708,200709,200710,200711,200712,200801,200803,200806,200808,200809,200811,200902,200904,200906,200907,201001,201003,201009,201010,201101,201107,201109,201110,201203,201205,201206,201208,201212,201312,201401,201404,201407,201502],"Y_PREVALENCE_1000PP":[0.00247,0.00317,0.00295,0.00211,0.00201,0.00222,0.00165,0.00163,0.00161,0.00295,0.00158,0.00288,0.00234,0.00257,0.00203,0.00145,0.0019,0.00142,0.00164,0.00163,0.00208,0.00183,0.00136,0.00181,0.00181,0.00155,0.00154,0.00132,0.00219,0.0013,0.00129,0.00192,0.00128,0.00149,0.00274,0.00145,0.00121,0.00201,0.00159,0.00157,0.00137,0.00117,0.00116,0.00136,0.00154,0.00115,0.00114,0.00133,0.00113,0.00113,0.0017,0.00113,0.00114,0.00133,0.00266,0.00132,0.00131,0.00165,0.00127,0.00164,0.00109,0.00127,0.00109,0.00109,0.0011,0.00115,0.00115,0.00115,0.00137,0.00125]},"LENGTH_OF_ERA":{"CATEGORY":"Length of era","MIN_VALUE":1,"P10_VALUE":1,"P25_VALUE":1,"MEDIAN_VALUE":1,"P75_VALUE":1,"P90_VALUE":1,"MAX_VALUE":19},"AGE_AT_FIRST_DIAGNOSIS":{"CATEGORY":["MALE","FEMALE"],"MIN_VALUE":[0,0],"P10_VALUE":[1,2],"P25_VALUE":[3,14],"MEDIAN_VALUE":[25,37],"P75_VALUE":[52,60],"P90_VALUE":[71,78],"MAX_VALUE":[95,102]}}
