{"PREVALENCE_BY_GENDER_AGE_YEAR":{"TRELLIS_NAME":["30-39","20-29","30-39","40-49","70-79","60-69","50-59","50-59","20-29","50-59","20-29","70-79","30-39","40-49","30-39","20-29","30-39","20-29","40-49","40-49","50-59","50-59","50-59","20-29","30-39","20-29","50-59","40-49"],"SERIES_NAME":["FEMALE","FEMALE","MALE","FEMALE","MALE","MALE","MALE","FEMALE","MALE","FEMALE","FEMALE","MALE","MALE","FEMALE","MALE","FEMALE","MALE","MALE","MALE","MALE","MALE","FEMALE","MALE","FEMALE","MALE","FEMALE","MALE","MALE"],"X_CALENDAR_YEAR":[2003,2004,2004,2004,2004,2004,2004,2004,2005,2005,2005,2005,2005,2006,2006,2007,2007,2007,2007,2008,2008,2009,2009,2009,2009,2010,2010,2011],"Y_PREVALENCE_1000PP":[0.01765,0.02641,0.0214,0.03276,0.05909,0.03558,0.02954,0.04056,0.0259,0.02263,0.01877,0.03799,0.02627,0.02385,0.01537,0.01616,0.01474,0.01955,0.01625,0.01351,0.01689,0.02293,0.0195,0.01778,0.01721,0.01521,0.01911,0.0153]},"PREVALENCE_BY_MONTH":{"X_CALENDAR_MONTH":[200203,200301,200304,200308,200309,200401,200402,200403,200404,200405,200406,200407,200409,200410,200412,200501,200502,200503,200504,200505,200510,200511,200601,200602,200603,200701,200703,200704,200705,200801,200811,200812,200902,200906,200908,200909,200911,201002,201101,201203],"Y_PREVALENCE_1000PP":[0.00172,0.00159,0.00183,0.00154,0.00179,0.00148,0.00173,0.00193,0.0019,0.00166,0.00141,0.00257,0.00208,0.00322,0.00206,0.00136,0.00158,0.00136,0.00203,0.00203,0.00197,0.00131,0.00151,0.00217,0.0013,0.00208,0.00207,0.00165,0.00184,0.00155,0.00114,0.00114,0.0017,0.00113,0.00113,0.00131,0.00113,0.00114,0.00112,0.00109]},"LENGTH_OF_ERA":{"CATEGORY":"Length of era","MIN_VALUE":1,"P10_VALUE":1,"P25_VALUE":1,"MEDIAN_VALUE":1,"P75_VALUE":1,"P90_VALUE":1,"MAX_VALUE":31},"AGE_AT_FIRST_DIAGNOSIS":{"CATEGORY":["MALE","FEMALE"],"MIN_VALUE":[0,0],"P10_VALUE":[17,18],"P25_VALUE":[28,26],"MEDIAN_VALUE":[43,42],"P75_VALUE":[60,58],"P90_VALUE":[72,72],"MAX_VALUE":[87,93]}}
