{"PREVALENCE_BY_GENDER_AGE_YEAR":{"TRELLIS_NAME":["30-39","40-49","20-29","50-59","30-39","20-29","40-49","50-59","40-49","30-39","60-69","20-29","50-59","20-29","30-39","40-49","60-69","30-39","50-59","20-29","40-49","20-29","30-39","40-49","60-69","50-59","50-59","60-69","40-49","30-39","20-29","50-59","60-69","40-49","30-39","20-29","50-59","40-49","20-29","30-39","60-69","60-69","50-59","20-29","40-49","30-39","20-29","40-49","30-39","50-59","60-69","40-49","30-39","60-69","50-59","20-29","40-49","30-39","50-59","20-29","40-49","30-39","20-29","50-59","60-69","50-59","30-39","20-29","40-49","50-59","20-29","40-49","30-39","50-59","20-29","40-49","30-39","30-39","50-59","20-29","40-49","50-59","20-29","40-49","30-39","20-29","30-39","40-49","30-39","40-49","50-59","20-29","40-49","50-59","30-39","20-29","20-29","30-39","50-59","40-49","30-39"],"SERIES_NAME":["FEMALE","FEMALE","FEMALE","FEMALE","FEMALE","FEMALE","FEMALE","FEMALE","FEMALE","FEMALE","FEMALE","FEMALE","FEMALE","FEMALE","FEMALE","FEMALE","FEMALE","FEMALE","FEMALE","FEMALE","FEMALE","FEMALE","FEMALE","FEMALE","FEMALE","FEMALE","FEMALE","FEMALE","FEMALE","FEMALE","FEMALE","FEMALE","FEMALE","FEMALE","FEMALE","FEMALE","FEMALE","FEMALE","FEMALE","FEMALE","FEMALE","FEMALE","FEMALE","FEMALE","FEMALE","FEMALE","FEMALE","FEMALE","FEMALE","FEMALE","FEMALE","FEMALE","FEMALE","FEMALE","FEMALE","FEMALE","FEMALE","FEMALE","FEMALE","FEMALE","FEMALE","FEMALE","FEMALE","FEMALE","FEMALE","FEMALE","FEMALE","FEMALE","FEMALE","FEMALE","FEMALE","FEMALE","FEMALE","FEMALE","FEMALE","FEMALE","FEMALE","FEMALE","FEMALE","FEMALE","FEMALE","FEMALE","FEMALE","FEMALE","FEMALE","FEMALE","FEMALE","FEMALE","FEMALE","FEMALE","FEMALE","FEMALE","FEMALE","FEMALE","FEMALE","FEMALE","FEMALE","FEMALE","FEMALE","FEMALE","FEMALE"],"X_CALENDAR_YEAR":[1996,1996,1996,1997,1997,1997,1997,1998,1998,1998,1998,1998,1999,1999,1999,1999,2000,2000,2000,2000,2000,2001,2001,2001,2001,2001,2002,2002,2002,2002,2002,2003,2003,2003,2003,2003,2004,2004,2004,2004,2004,2005,2005,2005,2005,2005,2006,2006,2006,2006,2006,2007,2007,2007,2007,2007,2008,2008,2008,2008,2009,2009,2009,2009,2009,2010,2010,2010,2010,2011,2011,2011,2011,2012,2012,2012,2012,2013,2013,2013,2013,2014,2014,2014,2014,2015,2015,2015,2016,2016,2016,2016,2017,2017,2017,2017,2018,2018,2018,2018,2019],"Y_PREVALENCE_1000PP":[0.29077,0.17949,0.45157,0.13298,0.24298,0.30991,0.18279,0.07679,0.24026,0.37331,0.09868,0.3325,0.18597,0.47057,0.41532,0.19203,0.08495,0.37409,0.22397,0.51295,0.27383,0.436,0.32555,0.16585,0.0485,0.14622,0.1323,0.07421,0.19439,0.29228,0.4135,0.14283,0.05392,0.16662,0.29412,0.42806,0.08789,0.2472,0.40931,0.29145,0.03943,0.05418,0.13578,0.30342,0.2159,0.25435,0.22491,0.12984,0.18767,0.06575,0.03482,0.1051,0.17219,0.02763,0.0503,0.20198,0.097,0.15102,0.04912,0.16495,0.07724,0.15898,0.16005,0.05732,0.0226,0.02806,0.08536,0.11153,0.04637,0.05959,0.12603,0.06594,0.12643,0.051,0.1133,0.05532,0.09454,0.09665,0.02633,0.13319,0.07243,0.01902,0.06818,0.04042,0.06832,0.06094,0.06906,0.01983,0.05399,0.03792,0.02396,0.06609,0.0745,0.03777,0.08081,0.05449,0.10558,0.0697,0.0382,0.04927,0.0422]},"PREVALENCE_BY_MONTH":{"X_CALENDAR_MONTH":[199608,199609,199701,199703,199707,199709,199710,199711,199801,199802,199804,199805,199806,199807,199808,199809,199810,199811,199812,199901,199902,199903,199904,199905,199906,199907,199908,199909,199910,199911,199912,200001,200002,200003,200004,200005,200006,200007,200008,200009,200010,200011,200012,200101,200102,200103,200104,200105,200106,200107,200108,200109,200110,200111,200112,200201,200202,200203,200204,200205,200206,200207,200208,200209,200210,200211,200212,200301,200302,200303,200304,200305,200306,200307,200308,200309,200310,200311,200312,200401,200402,200403,200404,200405,200406,200407,200408,200409,200410,200411,200412,200501,200502,200503,200504,200505,200506,200507,200508,200509,200510,200511,200512,200601,200602,200603,200604,200605,200606,200607,200608,200609,200610,200611,200612,200701,200702,200703,200704,200705,200706,200707,200708,200709,200710,200711,200712,200801,200802,200803,200804,200805,200806,200807,200808,200809,200810,200811,200812,200901,200902,200903,200904,200905,200906,200907,200908,200909,200910,200911,200912,201002,201003,201004,201005,201006,201007,201008,201009,201010,201011,201101,201102,201103,201105,201106,201107,201108,201109,201110,201111,201112,201201,201202,201204,201205,201206,201208,201209,201210,201211,201212,201301,201303,201304,201305,201306,201307,201308,201309,201310,201311,201312,201402,201403,201405,201406,201407,201408,201409,201410,201412,201503,201504,201505,201506,201511,201601,201606,201608,201610,201701,201703,201704,201706,201707,201709,201712,201803,201804,201806,201807,201810,201812,201902,201903],"Y_PREVALENCE_1000PP":[0.02837,0.01108,0.00942,0.00874,0.01795,0.00816,0.00608,0.00982,0.01011,0.00752,0.00568,0.00487,0.00486,0.01509,0.00933,0.0099,0.00968,0.00515,0.00876,0.00758,0.00538,0.00863,0.00648,0.0134,0.01589,0.01555,0.0098,0.01049,0.00676,0.0128,0.01286,0.01215,0.01257,0.01101,0.00739,0.00989,0.01351,0.01457,0.00741,0.00927,0.008,0.00792,0.00703,0.00552,0.00326,0.00845,0.00765,0.00787,0.01107,0.01058,0.00679,0.00666,0.00776,0.00921,0.00881,0.01144,0.01163,0.00689,0.00726,0.0061,0.00441,0.00795,0.00765,0.00706,0.00565,0.00509,0.00537,0.00557,0.00845,0.00868,0.00786,0.00496,0.00805,0.00875,0.0059,0.00715,0.00662,0.00634,0.00707,0.00445,0.0032,0.00652,0.0069,0.00686,0.00493,0.0098,0.00907,0.00648,0.00921,0.0094,0.00711,0.00543,0.00859,0.00769,0.00654,0.0072,0.00784,0.00756,0.00599,0.00615,0.00351,0.00438,0.00481,0.00649,0.00542,0.00433,0.00409,0.00236,0.00449,0.00363,0.00277,0.00361,0.00464,0.00399,0.00357,0.00499,0.0029,0.0029,0.00392,0.00471,0.00446,0.00382,0.00362,0.00279,0.00335,0.00332,0.00293,0.00368,0.00175,0.00156,0.00329,0.00407,0.00384,0.0021,0.00364,0.00228,0.00398,0.00322,0.00303,0.00302,0.00339,0.00433,0.00265,0.00226,0.00377,0.00395,0.00264,0.00376,0.00151,0.00283,0.0019,0.00209,0.00266,0.00304,0.0021,0.00172,0.00153,0.00191,0.00209,0.0017,0.00112,0.00262,0.00112,0.0026,0.00332,0.0035,0.00202,0.00348,0.00182,0.00364,0.00274,0.00164,0.00309,0.00236,0.00218,0.00127,0.002,0.00272,0.00326,0.00218,0.00165,0.00202,0.00257,0.00222,0.00167,0.00316,0.00186,0.00371,0.00278,0.00148,0.00168,0.00226,0.00173,0.00172,0.0023,0.00134,0.00155,0.00118,0.00158,0.00139,0.00121,0.00145,0.00173,0.00238,0.0013,0.00135,0.00166,0.00173,0.00154,0.00267,0.0019,0.00192,0.00198,0.00228,0.00204,0.00205,0.00236,0.00213,0.00278,0.00247,0.00217,0.00189,0.00195,0.00263,0.00198,0.00198]},"LENGTH_OF_ERA":{"CATEGORY":"Length of era","MIN_VALUE":1,"P10_VALUE":1,"P25_VALUE":1,"MEDIAN_VALUE":1,"P75_VALUE":1,"P90_VALUE":1,"MAX_VALUE":32},"AGE_AT_FIRST_DIAGNOSIS":{"CATEGORY":"FEMALE","MIN_VALUE":14,"P10_VALUE":23,"P25_VALUE":27,"MEDIAN_VALUE":34,"P75_VALUE":43,"P90_VALUE":53,"MAX_VALUE":80}}
