{"PREVALENCE_BY_GENDER_AGE_YEAR":{"TRELLIS_NAME":["20-29","30-39","30-39","20-29","20-29","30-39","40-49","30-39","20-29","20-29","30-39","30-39","20-29","30-39","20-29","20-29","30-39","40-49","40-49","20-29","30-39","20-29","30-39","20-29","30-39","20-29","30-39","30-39","20-29","30-39"],"SERIES_NAME":["FEMALE","FEMALE","FEMALE","FEMALE","FEMALE","FEMALE","FEMALE","FEMALE","FEMALE","FEMALE","FEMALE","FEMALE","FEMALE","FEMALE","FEMALE","FEMALE","FEMALE","FEMALE","FEMALE","FEMALE","FEMALE","FEMALE","FEMALE","FEMALE","FEMALE","FEMALE","FEMALE","FEMALE","FEMALE","FEMALE"],"X_CALENDAR_YEAR":[2006,2006,2007,2007,2008,2008,2009,2009,2009,2010,2010,2011,2011,2012,2012,2013,2013,2013,2014,2014,2014,2015,2015,2016,2016,2017,2017,2018,2018,2019],"Y_PREVALENCE_1000PP":[0.04381,0.06872,0.11902,0.0781,0.06443,0.08809,0.01404,0.11356,0.094,0.09125,0.11298,0.11156,0.11615,0.1443,0.10837,0.10606,0.13878,0.02103,0.01768,0.0944,0.12875,0.10447,0.14101,0.10087,0.13497,0.09341,0.1102,0.12299,0.08359,0.02813]},"PREVALENCE_BY_MONTH":{"X_CALENDAR_MONTH":[200605,200610,200612,200701,200703,200704,200705,200706,200708,200709,200711,200801,200802,200804,200807,200808,200809,200812,200901,200902,200903,200904,200905,200906,200907,200909,200910,200911,200912,201001,201002,201003,201004,201005,201006,201007,201009,201010,201011,201101,201102,201103,201104,201105,201106,201107,201108,201109,201110,201111,201112,201201,201202,201203,201204,201206,201207,201208,201209,201210,201211,201301,201302,201303,201304,201305,201306,201307,201308,201309,201310,201312,201401,201403,201404,201406,201407,201408,201409,201410,201412,201501,201502,201503,201505,201506,201507,201508,201509,201510,201511,201512,201603,201604,201605,201606,201607,201608,201702,201703,201705,201706,201709,201710,201804,201807,201809],"Y_PREVALENCE_1000PP":[0.00129,0.0019,0.00126,0.00249,0.00228,0.00165,0.00164,0.00162,0.00141,0.0012,0.00137,0.00136,0.00116,0.00116,0.00172,0.00134,0.00133,0.00114,0.00151,0.0017,0.00169,0.00113,0.00132,0.00151,0.0015,0.00131,0.00151,0.00151,0.0019,0.00151,0.00152,0.00171,0.00133,0.00152,0.00115,0.00153,0.00152,0.0017,0.0015,0.00187,0.00149,0.00111,0.00204,0.00129,0.00221,0.00147,0.00147,0.00146,0.00145,0.00109,0.00128,0.00164,0.00164,0.00145,0.00145,0.002,0.00273,0.002,0.00109,0.00163,0.00274,0.0011,0.00239,0.00204,0.00111,0.00204,0.00223,0.00185,0.00167,0.00259,0.00281,0.00154,0.00134,0.00134,0.0023,0.00155,0.00255,0.00158,0.00139,0.00142,0.0027,0.00187,0.00146,0.00129,0.00151,0.00158,0.00225,0.00157,0.0018,0.0014,0.00213,0.00197,0.00274,0.00225,0.00177,0.0036,0.0021,0.00214,0.00168,0.00312,0.00171,0.00204,0.00177,0.00178,0.00185,0.00221,0.00192]},"LENGTH_OF_ERA":{"CATEGORY":"Length of era","MIN_VALUE":1,"P10_VALUE":1,"P25_VALUE":1,"MEDIAN_VALUE":1,"P75_VALUE":1,"P90_VALUE":1,"MAX_VALUE":46},"AGE_AT_FIRST_DIAGNOSIS":{"CATEGORY":"FEMALE","MIN_VALUE":0,"P10_VALUE":24,"P25_VALUE":27,"MEDIAN_VALUE":31,"P75_VALUE":35,"P90_VALUE":38,"MAX_VALUE":82}}
