{"PREVALENCE_BY_GENDER_AGE_YEAR":{"TRELLIS_NAME":["30-39","50-59","60-69","20-29","40-49","70-79","50-59","40-49","20-29","10-19","70-79","60-69","30-39","60-69","30-39","40-49","20-29","50-59","70-79","50-59","60-69","30-39","70-79","20-29","40-49","70-79","40-49","50-59","30-39","20-29","60-69","40-49","70-79","60-69","20-29","50-59","30-39","60-69","50-59","70-79","30-39","40-49","20-29","60-69","20-29","50-59","40-49","30-39","70-79","50-59","20-29","70-79","60-69","40-49","70-79","40-49","50-59","30-39","20-29","60-69","40-49","70-79","50-59","60-69","50-59"],"SERIES_NAME":["MALE","MALE","MALE","MALE","MALE","MALE","MALE","MALE","MALE","MALE","MALE","MALE","MALE","MALE","MALE","MALE","MALE","MALE","MALE","MALE","MALE","MALE","MALE","MALE","MALE","MALE","MALE","MALE","MALE","MALE","MALE","MALE","MALE","MALE","MALE","MALE","MALE","MALE","MALE","MALE","MALE","MALE","MALE","MALE","MALE","MALE","MALE","MALE","MALE","MALE","MALE","MALE","MALE","MALE","MALE","MALE","MALE","MALE","MALE","MALE","MALE","MALE","MALE","MALE","MALE"],"X_CALENDAR_YEAR":[2008,2008,2008,2008,2008,2008,2009,2009,2009,2009,2009,2009,2009,2010,2010,2010,2010,2010,2010,2011,2011,2011,2011,2011,2011,2012,2012,2012,2012,2012,2012,2013,2013,2013,2013,2013,2013,2014,2014,2014,2014,2014,2014,2015,2015,2015,2015,2015,2015,2016,2016,2016,2016,2016,2017,2017,2017,2017,2017,2017,2018,2018,2018,2018,2019],"Y_PREVALENCE_1000PP":[0.02687,0.05911,0.05353,0.01603,0.02927,0.03743,0.07243,0.06708,0.0237,0.02151,0.04214,0.05573,0.04671,0.12185,0.04672,0.05771,0.02892,0.08464,0.04177,0.10593,0.08734,0.02679,0.05119,0.0257,0.0634,0.05084,0.05792,0.12354,0.02954,0.03854,0.08154,0.08358,0.08431,0.20949,0.03353,0.12411,0.03209,0.21871,0.09901,0.08124,0.02367,0.07342,0.03585,0.0974,0.0304,0.11513,0.05779,0.02016,0.06589,0.11461,0.02911,0.0952,0.18195,0.07676,0.08254,0.07559,0.14887,0.02954,0.03242,0.16697,0.09885,0.18224,0.0958,0.20983,0.02726]},"PREVALENCE_BY_MONTH":{"X_CALENDAR_MONTH":[200805,200806,200807,200808,200809,200810,200812,200902,200903,200904,200905,200906,200907,200908,200909,200910,200911,200912,201001,201002,201003,201004,201006,201007,201008,201009,201010,201011,201012,201101,201102,201103,201104,201105,201106,201107,201108,201109,201110,201111,201112,201201,201202,201203,201204,201205,201206,201207,201208,201209,201210,201211,201212,201301,201302,201303,201304,201305,201306,201307,201308,201309,201310,201311,201312,201401,201402,201403,201404,201405,201406,201407,201408,201409,201410,201411,201412,201501,201502,201503,201504,201505,201506,201507,201508,201509,201510,201512,201601,201603,201604,201605,201606,201607,201608,201609,201610,201611,201612,201701,201702,201703,201704,201705,201706,201707,201708,201709,201710,201711,201712,201801,201802,201803,201804,201805,201806,201807,201808,201809,201810,201903],"Y_PREVALENCE_1000PP":[0.00213,0.00307,0.00115,0.00172,0.00152,0.00228,0.00151,0.00151,0.00151,0.00227,0.0017,0.00113,0.00169,0.00301,0.00207,0.00169,0.00321,0.0019,0.0017,0.00304,0.00266,0.00114,0.00191,0.00363,0.00191,0.00304,0.00132,0.00281,0.00206,0.0028,0.00243,0.00241,0.00185,0.00111,0.00276,0.00202,0.00201,0.002,0.00182,0.00219,0.00146,0.00237,0.00218,0.00164,0.00164,0.00273,0.00109,0.00255,0.00254,0.00181,0.00345,0.00201,0.00166,0.0022,0.00424,0.00241,0.00389,0.0026,0.00409,0.00352,0.00371,0.00333,0.00243,0.00207,0.0025,0.00267,0.00343,0.00383,0.0023,0.00326,0.00291,0.00313,0.00257,0.00198,0.00344,0.00245,0.00332,0.00249,0.00167,0.00237,0.00151,0.00238,0.0018,0.00337,0.00337,0.0018,0.00326,0.00246,0.00223,0.00199,0.00325,0.00278,0.0036,0.00289,0.00454,0.00268,0.00244,0.00329,0.00246,0.00192,0.00224,0.00312,0.00171,0.00456,0.00437,0.00263,0.00265,0.00266,0.00414,0.00422,0.00183,0.00339,0.00278,0.00309,0.00247,0.00247,0.00403,0.00504,0.00255,0.00479,0.00358,0.00297]},"LENGTH_OF_ERA":{"CATEGORY":"Length of era","MIN_VALUE":1,"P10_VALUE":1,"P25_VALUE":1,"MEDIAN_VALUE":1,"P75_VALUE":1,"P90_VALUE":1,"MAX_VALUE":30},"AGE_AT_FIRST_DIAGNOSIS":{"CATEGORY":"MALE","MIN_VALUE":16,"P10_VALUE":30,"P25_VALUE":44,"MEDIAN_VALUE":54,"P75_VALUE":63,"P90_VALUE":69,"MAX_VALUE":83}}
