{"PREVALENCE_BY_GENDER_AGE_YEAR":{"TRELLIS_NAME":["30-39","50-59","0-9","30-39","40-49","70-79","40-49","50-59"],"SERIES_NAME":["MALE","MALE","MALE","FEMALE","MALE","MALE","MALE","MALE"],"X_CALENDAR_YEAR":[2001,2003,2004,2004,2005,2007,2009,2014],"Y_PREVALENCE_1000PP":[0.02029,0.02492,0.03008,0.0165,0.01863,0.03331,0.01789,0.01606]},"PREVALENCE_BY_MONTH":{"X_CALENDAR_MONTH":[200010,200107,200109,200408,200411,200512,200602,200605,200608,200701,201101,201407],"Y_PREVALENCE_1000PP":[0.0024,0.00231,0.0019,0.00163,0.00138,0.00175,0.0013,0.0015,0.00128,0.00187,0.00112,0.00137]},"LENGTH_OF_ERA":{"CATEGORY":"Length of era","MIN_VALUE":1,"P10_VALUE":1,"P25_VALUE":1,"MEDIAN_VALUE":1,"P75_VALUE":1,"P90_VALUE":1,"MAX_VALUE":31},"AGE_AT_FIRST_DIAGNOSIS":{"CATEGORY":["MALE","FEMALE"],"MIN_VALUE":[0,0],"P10_VALUE":[11,12],"P25_VALUE":[31,30],"MEDIAN_VALUE":[46,45],"P75_VALUE":[58,60],"P90_VALUE":[70,70],"MAX_VALUE":[84,89]}}
