{"PREVALENCE_BY_GENDER_AGE_YEAR":{"TRELLIS_NAME":["70-79","80-89","60-69","70-79","70-79","70-79","60-69","80-89","70-79","60-69","80-89","70-79","80-89","70-79","60-69","80-89","70-79","80-89","70-79","60-69","80-89","80-89","70-79","80-89","70-79","80-89","60-69","80-89","80-89","70-79","70-79"],"SERIES_NAME":["MALE","MALE","MALE","MALE","FEMALE","MALE","MALE","MALE","FEMALE","MALE","MALE","MALE","MALE","MALE","MALE","FEMALE","MALE","FEMALE","MALE","MALE","FEMALE","MALE","MALE","MALE","MALE","MALE","MALE","MALE","FEMALE","MALE","MALE"],"X_CALENDAR_YEAR":[1999,1999,2000,2000,2000,2001,2001,2001,2001,2002,2002,2002,2003,2003,2003,2003,2004,2004,2005,2005,2005,2005,2007,2007,2008,2008,2009,2009,2009,2009,2012],"Y_PREVALENCE_1000PP":[0.15278,0.21661,0.05548,0.0881,0.06065,0.10422,0.04963,0.28029,0.04165,0.03775,0.13776,0.09141,0.09599,0.11511,0.05975,0.07258,0.09192,0.05061,0.07597,0.02537,0.04857,0.13796,0.03886,0.0715,0.03208,0.0677,0.01967,0.09915,0.04134,0.03687,0.0305]},"PREVALENCE_BY_MONTH":{"X_CALENDAR_MONTH":[200001,200006,200008,200102,200104,200106,200109,200110,200112,200201,200202,200204,200207,200301,200302,200304,200307,200311,200312,200406,200408,200411,200505,200506],"Y_PREVALENCE_1000PP":[0.00315,0.00253,0.00329,0.00217,0.00209,0.00201,0.0019,0.00186,0.00182,0.00235,0.00174,0.00223,0.00165,0.00212,0.00185,0.00157,0.00154,0.00152,0.00177,0.00141,0.00163,0.00138,0.00158,0.00157]},"LENGTH_OF_ERA":{"CATEGORY":"Length of era","MIN_VALUE":1,"P10_VALUE":1,"P25_VALUE":1,"MEDIAN_VALUE":1,"P75_VALUE":1,"P90_VALUE":1,"MAX_VALUE":56},"AGE_AT_FIRST_DIAGNOSIS":{"CATEGORY":["MALE","FEMALE"],"MIN_VALUE":[36,30],"P10_VALUE":[60,61],"P25_VALUE":[68,69],"MEDIAN_VALUE":[76,77],"P75_VALUE":[81,84],"P90_VALUE":[85,88],"MAX_VALUE":[97,94]}}
