{"PREVALENCE_BY_GENDER_AGE_YEAR":{"TRELLIS_NAME":["50-59","40-49","30-39","60-69","40-49","20-29","50-59","20-29","60-69","40-49","30-39","50-59","40-49","60-69","50-59","30-39","50-59","30-39","40-49","20-29","60-69","20-29","50-59","30-39","70-79","60-69","40-49","40-49","30-39","50-59","60-69","20-29","40-49","50-59","60-69","20-29","30-39","60-69","30-39","50-59","20-29","40-49","50-59","40-49","20-29","60-69","50-59","30-39","40-49","60-69","50-59","30-39","40-49","40-49","60-69","30-39","50-59","60-69","50-59","20-29","40-49","30-39","40-49","60-69","50-59","60-69","50-59","30-39","30-39","40-49","50-59","50-59","30-39","40-49","60-69","50-59","50-59","30-39","40-49","30-39","40-49","30-39","30-39","60-69"],"SERIES_NAME":["FEMALE","FEMALE","FEMALE","FEMALE","FEMALE","FEMALE","FEMALE","FEMALE","FEMALE","FEMALE","FEMALE","FEMALE","FEMALE","FEMALE","FEMALE","FEMALE","FEMALE","FEMALE","FEMALE","FEMALE","FEMALE","FEMALE","FEMALE","FEMALE","FEMALE","FEMALE","FEMALE","FEMALE","FEMALE","FEMALE","FEMALE","FEMALE","FEMALE","FEMALE","FEMALE","FEMALE","FEMALE","FEMALE","FEMALE","FEMALE","FEMALE","FEMALE","FEMALE","FEMALE","FEMALE","FEMALE","FEMALE","FEMALE","FEMALE","FEMALE","FEMALE","FEMALE","FEMALE","FEMALE","FEMALE","FEMALE","FEMALE","FEMALE","FEMALE","FEMALE","FEMALE","FEMALE","FEMALE","FEMALE","FEMALE","FEMALE","FEMALE","FEMALE","FEMALE","FEMALE","FEMALE","FEMALE","FEMALE","FEMALE","FEMALE","FEMALE","FEMALE","FEMALE","FEMALE","FEMALE","FEMALE","FEMALE","FEMALE","FEMALE"],"X_CALENDAR_YEAR":[1996,1996,1997,1997,1997,1997,1997,1998,1998,1998,1998,1998,1999,1999,1999,1999,2000,2000,2000,2000,2000,2001,2001,2001,2001,2001,2001,2002,2002,2002,2002,2002,2003,2003,2003,2003,2003,2004,2004,2004,2004,2004,2005,2005,2005,2005,2006,2006,2006,2007,2007,2007,2007,2008,2008,2008,2008,2009,2009,2009,2009,2009,2010,2010,2010,2011,2011,2011,2012,2012,2012,2013,2013,2013,2014,2014,2015,2015,2015,2016,2016,2017,2018,2018],"Y_PREVALENCE_1000PP":[0.16181,0.13462,0.20985,0.11172,0.16974,0.14204,0.16253,0.20537,0.15507,0.27029,0.1908,0.09873,0.11659,0.05905,0.08926,0.09541,0.06317,0.06602,0.11812,0.0432,0.09267,0.05612,0.12407,0.09005,0.04165,0.04244,0.09536,0.1008,0.06769,0.16732,0.07951,0.06509,0.06998,0.10621,0.10784,0.03628,0.05882,0.05695,0.07149,0.10141,0.07592,0.0685,0.07112,0.05327,0.02815,0.06669,0.06262,0.03172,0.0265,0.02072,0.04734,0.01519,0.022,0.03785,0.02973,0.02265,0.06357,0.02582,0.03726,0.01778,0.02575,0.01766,0.01623,0.01886,0.01964,0.02129,0.01625,0.01487,0.01742,0.01613,0.02416,0.02106,0.01983,0.02103,0.01928,0.02718,0.02338,0.03741,0.01983,0.04049,0.03447,0.02939,0.0246,0.03794]},"PREVALENCE_BY_MONTH":{"X_CALENDAR_MONTH":[199606,199704,199705,199706,199707,199708,199710,199802,199803,199804,199805,199806,199807,199809,199811,199901,199906,199908,199910,199911,200002,200003,200005,200006,200008,200010,200012,200101,200102,200103,200104,200105,200106,200107,200108,200109,200110,200111,200112,200201,200202,200203,200204,200205,200206,200207,200208,200209,200210,200211,200212,200301,200302,200303,200304,200305,200306,200307,200308,200309,200310,200311,200402,200403,200404,200405,200406,200407,200408,200409,200410,200411,200501,200502,200503,200504,200505,200506,200507,200602,200603,200606,200609,200701,200704,200802,200803,200808,200809,200902,200904,200907,200908,201304,201310,201503,201703,201801],"Y_PREVALENCE_1000PP":[0.01393,0.00718,0.00821,0.00765,0.01162,0.00625,0.00912,0.01002,0.00744,0.00893,0.00649,0.00971,0.00874,0.00609,0.00736,0.00414,0.00445,0.00368,0.00394,0.00373,0.00404,0.00397,0.00344,0.00295,0.00329,0.0028,0.00234,0.00258,0.00253,0.00211,0.00278,0.00342,0.00336,0.00231,0.00388,0.00222,0.0031,0.00307,0.00304,0.00352,0.00262,0.00345,0.00391,0.00333,0.00331,0.00247,0.00273,0.0038,0.00484,0.00214,0.00188,0.00319,0.0037,0.00184,0.00262,0.00157,0.00234,0.00283,0.00205,0.0023,0.00306,0.00203,0.00246,0.00266,0.00143,0.00284,0.00211,0.00396,0.00186,0.00208,0.0046,0.00161,0.00226,0.00203,0.00136,0.00135,0.00158,0.00202,0.002,0.0013,0.00195,0.0015,0.00127,0.00187,0.00144,0.00116,0.00175,0.00134,0.0019,0.00113,0.00132,0.00169,0.00113,0.00148,0.00112,0.00151,0.0017,0.00185]},"LENGTH_OF_ERA":{"CATEGORY":"Length of era","MIN_VALUE":1,"P10_VALUE":1,"P25_VALUE":1,"MEDIAN_VALUE":1,"P75_VALUE":1,"P90_VALUE":1,"MAX_VALUE":31},"AGE_AT_FIRST_DIAGNOSIS":{"CATEGORY":"FEMALE","MIN_VALUE":16,"P10_VALUE":28,"P25_VALUE":36,"MEDIAN_VALUE":46,"P75_VALUE":56,"P90_VALUE":63,"MAX_VALUE":87}}
