{"PREVALENCE_BY_GENDER_AGE_YEAR":{"TRELLIS_NAME":["0-9","0-9","40-49","20-29","0-9","40-49","20-29","30-39","20-29","0-9","30-39","40-49","0-9","40-49","0-9","40-49","40-49","0-9","0-9","30-39","50-59","20-29","30-39","40-49","80-89","70-79","40-49","80-89","0-9","0-9","90-99","30-39","20-29","10-19","50-59","30-39","30-39","50-59","0-9","20-29","0-9","20-29","40-49","50-59","40-49","30-39","0-9","0-9","0-9","0-9","30-39","20-29","40-49"],"SERIES_NAME":["MALE","FEMALE","MALE","MALE","MALE","FEMALE","MALE","MALE","FEMALE","FEMALE","FEMALE","MALE","MALE","FEMALE","FEMALE","MALE","MALE","FEMALE","MALE","FEMALE","FEMALE","FEMALE","MALE","FEMALE","FEMALE","FEMALE","FEMALE","MALE","MALE","FEMALE","FEMALE","MALE","MALE","FEMALE","FEMALE","FEMALE","MALE","FEMALE","MALE","MALE","FEMALE","FEMALE","MALE","FEMALE","FEMALE","FEMALE","FEMALE","MALE","FEMALE","MALE","FEMALE","FEMALE","FEMALE"],"X_CALENDAR_YEAR":[2010,2011,2011,2011,2012,2012,2012,2012,2012,2012,2012,2012,2013,2013,2013,2013,2014,2014,2014,2014,2014,2014,2014,2014,2015,2015,2015,2015,2015,2015,2015,2015,2015,2015,2015,2015,2016,2016,2016,2016,2016,2016,2016,2017,2017,2017,2017,2017,2018,2018,2018,2018,2018],"Y_PREVALENCE_1000PP":[0.01783,0.03596,0.0153,0.01542,0.04243,0.02074,0.02569,0.01969,0.01478,0.05918,0.01742,0.02005,0.08989,0.01402,0.07072,0.01355,0.02447,0.1153,0.0833,0.05255,0.02446,0.0236,0.03155,0.03537,0.10396,0.06834,0.03683,0.11417,0.09447,0.13332,0.1888,0.02592,0.02128,0.02229,0.01753,0.02878,0.02031,0.02396,0.18595,0.02911,0.15449,0.02435,0.02336,0.03022,0.02745,0.02571,0.17218,0.19027,0.15608,0.17885,0.0328,0.0308,0.03136]},"PREVALENCE_BY_MONTH":{"X_CALENDAR_MONTH":[201009,201010,201103,201108,201203,201207,201208,201209,201210,201211,201212,201301,201302,201303,201305,201306,201308,201309,201310,201311,201312,201401,201402,201403,201404,201405,201406,201407,201408,201409,201410,201411,201412,201501,201502,201503,201504,201505,201506,201507,201508,201509,201510,201511,201512,201601,201602,201603,201604,201605,201606,201607,201608,201609,201610,201611,201612,201701,201702,201703,201705,201706,201707,201708,201709,201710,201711,201712,201801,201802,201803,201804,201805,201806,201807,201810,201811],"Y_PREVALENCE_1000PP":[0.00133,0.00207,0.00148,0.0022,0.00236,0.002,0.00182,0.00127,0.00145,0.00238,0.00276,0.00128,0.00111,0.00148,0.00186,0.00149,0.0013,0.00204,0.00131,0.00245,0.00173,0.00191,0.00229,0.00134,0.00287,0.00172,0.00504,0.00392,0.00138,0.00317,0.00243,0.00266,0.00332,0.00228,0.00272,0.0041,0.00195,0.00151,0.0045,0.00585,0.00539,0.00315,0.00512,0.00402,0.00271,0.00148,0.00299,0.00473,0.002,0.00228,0.0036,0.00236,0.00374,0.00322,0.00299,0.00356,0.00219,0.00301,0.00196,0.0034,0.00257,0.00321,0.00234,0.00441,0.00531,0.00326,0.00271,0.00457,0.00525,0.00618,0.00278,0.00309,0.00555,0.00372,0.00378,0.00228,0.0023]},"LENGTH_OF_ERA":{"CATEGORY":"Length of era","MIN_VALUE":1,"P10_VALUE":1,"P25_VALUE":1,"MEDIAN_VALUE":1,"P75_VALUE":1,"P90_VALUE":1,"MAX_VALUE":43},"AGE_AT_FIRST_DIAGNOSIS":{"CATEGORY":["MALE","FEMALE"],"MIN_VALUE":[0,0],"P10_VALUE":[0,0],"P25_VALUE":[0,0],"MEDIAN_VALUE":[1,20],"P75_VALUE":[38,44],"P90_VALUE":[53,61],"MAX_VALUE":[94,94]}}
