{"PREVALENCE_BY_GENDER_AGE_YEAR":{"TRELLIS_NAME":["30-39","20-29","20-29","40-49","30-39","10-19","20-29","30-39","10-19","40-49","20-29","10-19","30-39","40-49","40-49","20-29","10-19","30-39","10-19","20-29","30-39","40-49","20-29","30-39","40-49","10-19","30-39","20-29","10-19","40-49","10-19","40-49","30-39","20-29","20-29","40-49","30-39","10-19","40-49","30-39","10-19","20-29","30-39","40-49","20-29","10-19","40-49","30-39","20-29","10-19","20-29","30-39","40-49","10-19","10-19","30-39","40-49","20-29","20-29","40-49","30-39","10-19","20-29","30-39","40-49","10-19","40-49","10-19","30-39","20-29","10-19","20-29","40-49","30-39","40-49","20-29","30-39","10-19","30-39","20-29","40-49","10-19","20-29","10-19","30-39","40-49","40-49","30-39","20-29","10-19","20-29","10-19","30-39","40-49","20-29","40-49","30-39"],"SERIES_NAME":["FEMALE","FEMALE","FEMALE","FEMALE","FEMALE","FEMALE","FEMALE","FEMALE","FEMALE","FEMALE","FEMALE","FEMALE","FEMALE","FEMALE","FEMALE","FEMALE","FEMALE","FEMALE","FEMALE","FEMALE","FEMALE","FEMALE","FEMALE","FEMALE","FEMALE","FEMALE","FEMALE","FEMALE","FEMALE","FEMALE","FEMALE","FEMALE","FEMALE","FEMALE","FEMALE","FEMALE","FEMALE","FEMALE","FEMALE","FEMALE","FEMALE","FEMALE","FEMALE","FEMALE","FEMALE","FEMALE","FEMALE","FEMALE","FEMALE","FEMALE","FEMALE","FEMALE","FEMALE","FEMALE","FEMALE","FEMALE","FEMALE","FEMALE","FEMALE","FEMALE","FEMALE","FEMALE","FEMALE","FEMALE","FEMALE","FEMALE","FEMALE","FEMALE","FEMALE","FEMALE","FEMALE","FEMALE","FEMALE","FEMALE","FEMALE","FEMALE","FEMALE","FEMALE","FEMALE","FEMALE","FEMALE","FEMALE","FEMALE","FEMALE","FEMALE","FEMALE","FEMALE","FEMALE","FEMALE","FEMALE","FEMALE","FEMALE","FEMALE","FEMALE","FEMALE","FEMALE","FEMALE"],"X_CALENDAR_YEAR":[1995,1995,1996,1996,1996,1996,1997,1997,1997,1997,1998,1998,1998,1998,1999,1999,1999,1999,2000,2000,2000,2000,2001,2001,2001,2001,2002,2002,2002,2002,2003,2003,2003,2003,2004,2004,2004,2004,2005,2005,2005,2005,2006,2006,2006,2006,2007,2007,2007,2007,2008,2008,2008,2008,2009,2009,2009,2009,2010,2010,2010,2010,2011,2011,2011,2011,2012,2012,2012,2012,2013,2013,2013,2013,2014,2014,2014,2014,2015,2015,2015,2015,2016,2016,2016,2016,2017,2017,2017,2017,2018,2018,2018,2018,2019,2019,2019],"Y_PREVALENCE_1000PP":[0.64252,1.42531,4.27807,0.13462,1.8997,0.86479,3.42187,2.17581,0.93276,0.13057,2.59153,0.99528,1.50985,0.21023,0.19203,2.38011,0.76585,1.50973,0.90035,2.36496,1.70322,0.24699,2.79298,1.93943,0.22804,1.01751,1.79982,2.77582,0.84321,0.18,0.69603,0.25659,1.74708,2.61191,2.21819,0.22337,1.69919,0.5876,0.15702,1.63435,0.567,2.01448,1.5119,0.18548,2.05337,0.64899,0.18331,1.42566,2.05214,0.66929,1.90724,1.50512,0.16088,0.5468,0.54451,1.43337,0.1732,1.99687,1.71607,0.19245,1.26033,0.39933,1.52723,1.1453,0.11823,0.41905,0.10372,0.25839,1.00013,1.26353,0.2076,1.16909,0.09346,0.82278,0.08337,0.9912,0.741,0.17456,0.67626,0.84448,0.07083,0.13743,0.7026,0.15335,0.51287,0.08618,0.0745,0.63915,0.6928,0.1489,0.56312,0.10154,0.50837,0.07167,0.13649,0.02998,0.13129]},"PREVALENCE_BY_MONTH":{"X_CALENDAR_MONTH":[199512,199601,199602,199603,199604,199605,199606,199607,199608,199609,199610,199611,199612,199701,199702,199703,199704,199705,199706,199707,199708,199709,199710,199711,199712,199801,199802,199803,199804,199805,199806,199807,199808,199809,199810,199811,199812,199901,199902,199903,199904,199905,199906,199907,199908,199909,199910,199911,199912,200001,200002,200003,200004,200005,200006,200007,200008,200009,200010,200011,200012,200101,200102,200103,200104,200105,200106,200107,200108,200109,200110,200111,200112,200201,200202,200203,200204,200205,200206,200207,200208,200209,200210,200211,200212,200301,200302,200303,200304,200305,200306,200307,200308,200309,200310,200311,200312,200401,200402,200403,200404,200405,200406,200407,200408,200409,200410,200411,200412,200501,200502,200503,200504,200505,200506,200507,200508,200509,200510,200511,200512,200601,200602,200603,200604,200605,200606,200607,200608,200609,200610,200611,200612,200701,200702,200703,200704,200705,200706,200707,200708,200709,200710,200711,200712,200801,200802,200803,200804,200805,200806,200807,200808,200809,200810,200811,200812,200901,200902,200903,200904,200905,200906,200907,200908,200909,200910,200911,200912,201001,201002,201003,201004,201005,201006,201007,201008,201009,201010,201011,201012,201101,201102,201103,201104,201105,201106,201107,201108,201109,201110,201111,201112,201201,201202,201203,201204,201205,201206,201207,201208,201209,201210,201211,201212,201301,201302,201303,201304,201305,201306,201307,201308,201309,201310,201311,201312,201401,201402,201403,201404,201405,201406,201407,201408,201409,201410,201411,201412,201501,201502,201503,201504,201505,201506,201507,201508,201509,201510,201511,201512,201601,201602,201603,201604,201605,201606,201607,201608,201609,201610,201611,201612,201701,201702,201703,201704,201705,201706,201707,201708,201709,201710,201711,201712,201801,201802,201803,201804,201805,201806,201807,201808,201809,201810,201811,201812,201901,201902,201903],"Y_PREVALENCE_1000PP":[0.06044,0.09382,0.04157,0.0565,0.05765,0.04453,0.04875,0.06885,0.07188,0.04062,0.07043,0.07117,0.05934,0.07132,0.04046,0.04494,0.06703,0.04222,0.04916,0.03802,0.05311,0.04593,0.05371,0.04516,0.03192,0.04633,0.03592,0.03555,0.02921,0.03812,0.04372,0.03495,0.03577,0.03732,0.03278,0.03604,0.03211,0.04895,0.03295,0.04713,0.04342,0.03189,0.04131,0.03296,0.03125,0.03673,0.03772,0.03892,0.03216,0.04815,0.03501,0.03304,0.02478,0.04,0.04136,0.03081,0.02635,0.03344,0.0376,0.03841,0.02617,0.05044,0.03694,0.03804,0.04279,0.03834,0.03322,0.04001,0.04557,0.03993,0.04253,0.04482,0.03039,0.05368,0.03284,0.03418,0.03657,0.0352,0.02979,0.03565,0.03579,0.03772,0.03657,0.03485,0.02549,0.04353,0.03512,0.03208,0.03145,0.02898,0.03117,0.03835,0.03644,0.03475,0.03514,0.02737,0.02878,0.03064,0.02736,0.02923,0.03141,0.02791,0.03122,0.02589,0.02953,0.02799,0.03154,0.0344,0.02889,0.02763,0.02238,0.0278,0.02865,0.02589,0.02532,0.02645,0.0275,0.0314,0.02567,0.02954,0.0267,0.03245,0.02148,0.02729,0.02692,0.02813,0.03033,0.03014,0.02706,0.0276,0.02111,0.03023,0.02476,0.03553,0.02322,0.02837,0.02557,0.03091,0.02901,0.02835,0.02732,0.02311,0.02145,0.02693,0.02557,0.02866,0.02465,0.02296,0.02578,0.0211,0.02554,0.02621,0.02946,0.02719,0.02238,0.02691,0.02271,0.02829,0.02244,0.02729,0.02401,0.02527,0.02411,0.02726,0.02091,0.02742,0.02392,0.02757,0.02568,0.02328,0.02468,0.02131,0.02263,0.01887,0.02387,0.02273,0.02041,0.02563,0.01941,0.0253,0.01763,0.02561,0.01606,0.02374,0.01703,0.02028,0.01565,0.01945,0.01868,0.02076,0.018,0.02098,0.01787,0.01965,0.01691,0.01981,0.01709,0.01602,0.01382,0.01403,0.01852,0.01378,0.01344,0.01591,0.01141,0.02276,0.01326,0.01352,0.01369,0.01411,0.01282,0.01427,0.01522,0.01408,0.01347,0.01149,0.01171,0.0128,0.01107,0.01225,0.01188,0.01169,0.01104,0.01528,0.01283,0.01467,0.01153,0.01185,0.00995,0.01391,0.00982,0.01165,0.01383,0.0093,0.01013,0.00989,0.00854,0.00967,0.01396,0.01183,0.00861,0.01113,0.0102,0.00748,0.00975,0.00759,0.01055,0.00814,0.00801,0.00643,0.00977,0.00958,0.00931,0.00931,0.0112,0.00907,0.01055,0.0117,0.00962,0.00614,0.01118,0.00856,0.00977,0.00814,0.01157,0.01111,0.00649,0.00772,0.00988,0.01018,0.00775,0.00757,0.00604,0.00415,0.00684,0.0069,0.00724,0.00919,0.00628,0.00561]},"LENGTH_OF_ERA":{"CATEGORY":"Length of era","MIN_VALUE":1,"P10_VALUE":1,"P25_VALUE":1,"MEDIAN_VALUE":1,"P75_VALUE":1,"P90_VALUE":1,"MAX_VALUE":37},"AGE_AT_FIRST_DIAGNOSIS":{"CATEGORY":["FEMALE","MALE"],"MIN_VALUE":[2,0],"P10_VALUE":[19,10],"P25_VALUE":[23,26],"MEDIAN_VALUE":[28,38],"P75_VALUE":[33,57],"P90_VALUE":[37,72],"MAX_VALUE":[78,84]}}
