{"PREVALENCE_BY_GENDER_AGE_YEAR":{"TRELLIS_NAME":["70-79","80-89","60-69","60-69","80-89","80-89","80-89","70-79","70-79","70-79","60-69"],"SERIES_NAME":["FEMALE","FEMALE","FEMALE","MALE","FEMALE","FEMALE","FEMALE","FEMALE","FEMALE","MALE","FEMALE"],"X_CALENDAR_YEAR":[2002,2003,2004,2004,2004,2005,2007,2007,2008,2013,2015],"Y_PREVALENCE_1000PP":[0.03723,0.05443,0.03504,0.02669,0.10123,0.04857,0.05052,0.03316,0.03681,0.03472,0.02096]},"PREVALENCE_BY_MONTH":{"X_CALENDAR_MONTH":[200409,200508,200705,200708,200809],"Y_PREVALENCE_1000PP":[0.00162,0.00133,0.00143,0.00141,0.00114]},"LENGTH_OF_ERA":{"CATEGORY":"Length of era","MIN_VALUE":1,"P10_VALUE":1,"P25_VALUE":1,"MEDIAN_VALUE":1,"P75_VALUE":1,"P90_VALUE":1,"MAX_VALUE":30},"AGE_AT_FIRST_DIAGNOSIS":{"CATEGORY":["MALE","FEMALE"],"MIN_VALUE":[25,17],"P10_VALUE":[45,46],"P25_VALUE":[55,58],"MEDIAN_VALUE":[66,70],"P75_VALUE":[74,81],"P90_VALUE":[81,86],"MAX_VALUE":[93,95]}}
