{"PREVALENCE_BY_GENDER_AGE_YEAR":{"TRELLIS_NAME":["50-59","60-69","40-49","50-59","60-69","60-69","60-69","50-59","40-49","30-39","60-69","70-79","60-69","60-69","40-49","50-59","50-59","60-69","70-79","70-79","60-69","50-59","50-59","60-69","60-69","50-59","60-69","60-69","60-69"],"SERIES_NAME":["FEMALE","MALE","FEMALE","MALE","MALE","FEMALE","FEMALE","MALE","MALE","FEMALE","MALE","MALE","MALE","FEMALE","MALE","FEMALE","FEMALE","MALE","MALE","FEMALE","MALE","FEMALE","MALE","FEMALE","MALE","FEMALE","FEMALE","FEMALE","MALE"],"X_CALENDAR_YEAR":[1997,1997,1999,1999,1999,2000,2001,2001,2002,2004,2004,2006,2006,2006,2006,2006,2007,2007,2007,2008,2008,2008,2008,2009,2009,2010,2011,2012,2012],"Y_PREVALENCE_1000PP":[0.1182,0.11742,0.04115,0.05054,0.07107,0.04633,0.03637,0.02585,0.02399,0.01925,0.02669,0.04228,0.0275,0.02321,0.02261,0.01879,0.02071,0.04208,0.03331,0.02761,0.02342,0.01734,0.03378,0.01937,0.03606,0.02245,0.01825,0.0183,0.01882]},"PREVALENCE_BY_MONTH":{"X_CALENDAR_MONTH":[199702,199707,200003,200108,200109,200401,200601,200609,200610,200612,200702,200806,200807,200810,200902,200907,200908,201005,201006,201204],"Y_PREVALENCE_1000PP":[0.01012,0.01056,0.00308,0.00194,0.00285,0.00272,0.00151,0.0017,0.00169,0.00126,0.00187,0.00134,0.00172,0.00171,0.00113,0.00113,0.00132,0.00133,0.00115,0.00109]},"LENGTH_OF_ERA":{"CATEGORY":"Length of era","MIN_VALUE":1,"P10_VALUE":1,"P25_VALUE":1,"MEDIAN_VALUE":1,"P75_VALUE":1,"P90_VALUE":1,"MAX_VALUE":14},"AGE_AT_FIRST_DIAGNOSIS":{"CATEGORY":["MALE","FEMALE"],"MIN_VALUE":[4,0],"P10_VALUE":[30,29],"P25_VALUE":[41,40],"MEDIAN_VALUE":[53,55],"P75_VALUE":[65,64],"P90_VALUE":[70,70],"MAX_VALUE":[90,84]}}
