{"PREVALENCE_BY_GENDER_AGE_YEAR":{"TRELLIS_NAME":["40-49","70-79","80-89","70-79","60-69","70-79","60-69"],"SERIES_NAME":["MALE","FEMALE","MALE","MALE","MALE","MALE","MALE"],"X_CALENDAR_YEAR":[2003,2005,2006,2008,2009,2009,2010],"Y_PREVALENCE_1000PP":[0.01902,0.03189,0.07781,0.03743,0.01967,0.03161,0.01924]},"PREVALENCE_BY_MONTH":{"X_CALENDAR_MONTH":[200503,200611,200812],"Y_PREVALENCE_1000PP":[0.00158,0.00147,0.00151]},"LENGTH_OF_ERA":{"CATEGORY":"Length of era","MIN_VALUE":1,"P10_VALUE":1,"P25_VALUE":1,"MEDIAN_VALUE":1,"P75_VALUE":1,"P90_VALUE":1,"MAX_VALUE":722},"AGE_AT_FIRST_DIAGNOSIS":{"CATEGORY":["FEMALE","MALE"],"MIN_VALUE":[1,5],"P10_VALUE":[29,34],"P25_VALUE":[47,46],"MEDIAN_VALUE":[65,60],"P75_VALUE":[78,72],"P90_VALUE":[86,82],"MAX_VALUE":[102,96]}}
