{"PREVALENCE_BY_GENDER_AGE_YEAR":{"TRELLIS_NAME":["20-29","50-59","20-29","60-69","20-29","40-49","10-19","10-19","50-59","40-49","30-39","60-69","70-79","30-39","50-59","60-69","20-29","60-69","30-39","50-59","30-39","10-19","40-49","20-29","10-19","40-49","20-29","30-39","30-39","70-79","50-59","60-69","10-19","10-19","40-49","60-69","50-59","20-29","40-49","50-59","40-49","60-69","20-29","30-39","40-49","50-59","30-39","60-69","10-19","20-29","70-79","10-19","50-59","40-49","40-49","20-29","70-79","30-39","70-79","50-59","10-19","60-69","60-69","20-29","30-39","50-59","40-49","40-49","10-19","10-19","60-69","30-39","20-29","60-69","50-59","30-39","70-79","70-79","20-29","80-89","80-89","0-9","50-59","80-89","0-9","10-19","70-79","70-79","40-49","10-19","30-39","80-89","60-69","40-49","60-69","30-39","50-59","20-29","20-29","20-29","30-39","60-69","30-39","60-69","40-49","10-19","50-59","70-79","50-59","70-79","20-29","40-49"],"SERIES_NAME":["MALE","MALE","MALE","FEMALE","FEMALE","FEMALE","FEMALE","MALE","FEMALE","MALE","FEMALE","MALE","MALE","MALE","MALE","FEMALE","MALE","MALE","MALE","FEMALE","FEMALE","MALE","FEMALE","FEMALE","FEMALE","MALE","FEMALE","MALE","FEMALE","MALE","MALE","MALE","FEMALE","MALE","MALE","FEMALE","FEMALE","MALE","FEMALE","FEMALE","FEMALE","FEMALE","FEMALE","FEMALE","MALE","MALE","MALE","MALE","FEMALE","MALE","FEMALE","MALE","FEMALE","FEMALE","MALE","MALE","MALE","MALE","FEMALE","MALE","FEMALE","FEMALE","MALE","FEMALE","FEMALE","MALE","FEMALE","MALE","FEMALE","MALE","MALE","MALE","FEMALE","FEMALE","FEMALE","FEMALE","MALE","FEMALE","MALE","MALE","FEMALE","MALE","MALE","FEMALE","MALE","FEMALE","FEMALE","MALE","FEMALE","MALE","FEMALE","MALE","MALE","MALE","FEMALE","MALE","FEMALE","FEMALE","MALE","MALE","MALE","MALE","FEMALE","FEMALE","FEMALE","FEMALE","MALE","FEMALE","FEMALE","MALE","FEMALE","MALE"],"X_CALENDAR_YEAR":[2009,2012,2012,2012,2012,2012,2012,2012,2012,2012,2012,2012,2012,2012,2013,2013,2013,2013,2013,2013,2013,2013,2013,2013,2013,2013,2014,2014,2014,2014,2014,2014,2014,2014,2014,2014,2014,2014,2014,2015,2015,2015,2015,2015,2015,2015,2015,2015,2015,2015,2015,2016,2016,2016,2016,2016,2016,2016,2016,2016,2016,2016,2016,2016,2016,2017,2017,2017,2017,2017,2017,2017,2017,2017,2017,2017,2017,2017,2017,2017,2017,2017,2018,2018,2018,2018,2018,2018,2018,2018,2018,2018,2018,2018,2018,2018,2018,2018,2018,2019,2019,2019,2019,2019,2019,2019,2019,2019,2019,2019,2019,2019],"Y_PREVALENCE_1000PP":[0.0158,0.03417,0.07708,0.0244,0.13054,0.03227,0.03925,0.02446,0.04026,0.06015,0.10449,0.04077,0.03559,0.09108,0.0543,0.0334,0.18826,0.02189,0.18269,0.07373,0.21313,0.04281,0.07243,0.38723,0.1038,0.09035,0.44578,0.19195,0.22598,0.03046,0.0669,0.03645,0.06503,0.03562,0.0979,0.03856,0.06522,0.25371,0.07832,0.04091,0.06233,0.02096,0.24377,0.16978,0.05504,0.04605,0.15843,0.03247,0.03343,0.15808,0.02929,0.02516,0.05819,0.1103,0.12014,0.22194,0.08885,0.28098,0.03962,0.08764,0.07887,0.05031,0.05199,0.32695,0.29355,0.17493,0.27447,0.257,0.09126,0.07866,0.15715,0.53171,0.6967,0.16276,0.20397,0.4812,0.13068,0.17205,0.55527,0.10579,0.08646,0.02595,0.27491,0.24357,0.03974,0.16033,0.24561,0.18224,0.46139,0.14985,0.97163,0.25213,0.29266,0.51573,0.27642,1.04255,0.28013,1.24501,0.9926,0.25595,0.31394,0.10099,0.27195,0.03495,0.10492,0.07092,0.09995,0.05777,0.07801,0.08802,0.42521,0.13971]},"PREVALENCE_BY_MONTH":{"X_CALENDAR_MONTH":[200803,201008,201202,201205,201206,201207,201208,201209,201210,201211,201212,201301,201302,201303,201304,201305,201306,201307,201308,201309,201310,201311,201312,201401,201402,201403,201404,201405,201406,201407,201408,201409,201410,201411,201412,201501,201502,201503,201504,201505,201506,201507,201508,201509,201510,201511,201512,201601,201602,201603,201604,201605,201606,201607,201608,201609,201610,201611,201612,201701,201702,201703,201704,201705,201706,201707,201708,201709,201710,201711,201712,201801,201802,201803,201804,201805,201806,201807,201808,201809,201810,201811,201812,201901,201902,201903],"Y_PREVALENCE_1000PP":[0.00117,0.00267,0.00164,0.0031,0.00764,0.00583,0.00672,0.0078,0.0049,0.00823,0.00681,0.00624,0.00903,0.00685,0.00592,0.00928,0.00762,0.00908,0.01021,0.01241,0.01515,0.00979,0.00787,0.01261,0.0082,0.01397,0.01149,0.01034,0.01143,0.00548,0.00809,0.01249,0.00829,0.01062,0.0056,0.00706,0.00564,0.00885,0.00778,0.00605,0.01036,0.00922,0.00652,0.00607,0.00372,0.00473,0.00541,0.00965,0.00448,0.00523,0.00725,0.00607,0.01183,0.01208,0.0187,0.01448,0.01385,0.01615,0.01588,0.02109,0.01736,0.02438,0.0154,0.01769,0.04139,0.0313,0.02472,0.03189,0.02043,0.01749,0.03045,0.05801,0.03647,0.0244,0.03303,0.02221,0.05981,0.04603,0.04708,0.05686,0.0547,0.03252,0.04144,0.05118,0.04459,0.04029]},"LENGTH_OF_ERA":{"CATEGORY":"Length of era","MIN_VALUE":1,"P10_VALUE":1,"P25_VALUE":1,"MEDIAN_VALUE":1,"P75_VALUE":1,"P90_VALUE":1,"MAX_VALUE":3},"AGE_AT_FIRST_DIAGNOSIS":{"CATEGORY":["FEMALE","MALE"],"MIN_VALUE":[0,0],"P10_VALUE":[21,22],"P25_VALUE":[25,27],"MEDIAN_VALUE":[31,34],"P75_VALUE":[43,46],"P90_VALUE":[60,61],"MAX_VALUE":[97,98]}}
