{"PREVALENCE_BY_GENDER_AGE_YEAR":{"TRELLIS_NAME":["30-39","30-39","40-49","20-29","30-39","30-39","30-39","20-29","30-39","30-39","30-39","20-29","20-29","30-39","40-49","30-39","30-39","30-39","40-49"],"SERIES_NAME":["MALE","MALE","MALE","MALE","MALE","MALE","MALE","MALE","MALE","MALE","MALE","MALE","MALE","MALE","MALE","MALE","MALE","MALE","MALE"],"X_CALENDAR_YEAR":[2002,2003,2003,2004,2004,2005,2007,2008,2008,2009,2010,2010,2011,2011,2012,2012,2013,2014,2015],"Y_PREVALENCE_1000PP":[0.04206,0.07458,0.03805,0.02055,0.04815,0.02627,0.02702,0.01603,0.0342,0.03196,0.02459,0.02104,0.0257,0.03897,0.02228,0.03692,0.04444,0.02104,0.01651]},"PREVALENCE_BY_MONTH":{"X_CALENDAR_MONTH":[200208,200212,200305,200307,200308,200310,200806,201011,201208,201307],"Y_PREVALENCE_1000PP":[0.00164,0.00161,0.00157,0.00257,0.00154,0.00204,0.00115,0.00112,0.00127,0.00111]},"LENGTH_OF_ERA":{"CATEGORY":"Length of era","MIN_VALUE":1,"P10_VALUE":1,"P25_VALUE":1,"MEDIAN_VALUE":1,"P75_VALUE":1,"P90_VALUE":1,"MAX_VALUE":32},"AGE_AT_FIRST_DIAGNOSIS":{"CATEGORY":"MALE","MIN_VALUE":19,"P10_VALUE":27,"P25_VALUE":31,"MEDIAN_VALUE":35,"P75_VALUE":40,"P90_VALUE":43,"MAX_VALUE":55}}
