{"PREVALENCE_BY_GENDER_AGE_YEAR":{"TRELLIS_NAME":["40-49","50-59","40-49","50-59","40-49","50-59","40-49","30-39","40-49","60-69","50-59","50-59","30-39","40-49","40-49","40-49","50-59","60-69","30-39","40-49","50-59","50-59","30-39","40-49","60-69","30-39","50-59","40-49","50-59","40-49","50-59","60-69","40-49","50-59","30-39","50-59","60-69","60-69","40-49","30-39","50-59","50-59","40-49","30-39","30-39","50-59","60-69","40-49","50-59","30-39","40-49","60-69","40-49","30-39","50-59","40-49","50-59","50-59","50-59","60-69","30-39","40-49","60-69","40-49","60-69","50-59","50-59","40-49","40-49","30-39","30-39","30-39","60-69","40-49","50-59","40-49","50-59","40-49","50-59","50-59","40-49","60-69","40-49","60-69","50-59","50-59","40-49","50-59","60-69","30-39","50-59","40-49","30-39","50-59","30-39","60-69","50-59","40-49","30-39","40-49","50-59","60-69","50-59"],"SERIES_NAME":["MALE","MALE","FEMALE","MALE","MALE","MALE","FEMALE","MALE","MALE","MALE","MALE","FEMALE","MALE","FEMALE","MALE","MALE","MALE","MALE","MALE","FEMALE","FEMALE","FEMALE","FEMALE","MALE","MALE","MALE","MALE","MALE","FEMALE","FEMALE","MALE","MALE","MALE","MALE","MALE","FEMALE","MALE","MALE","FEMALE","FEMALE","FEMALE","MALE","MALE","MALE","MALE","FEMALE","MALE","FEMALE","MALE","FEMALE","MALE","MALE","MALE","MALE","FEMALE","FEMALE","MALE","MALE","FEMALE","MALE","MALE","MALE","FEMALE","FEMALE","MALE","FEMALE","MALE","FEMALE","MALE","MALE","FEMALE","MALE","MALE","MALE","FEMALE","FEMALE","MALE","FEMALE","MALE","FEMALE","MALE","MALE","MALE","MALE","FEMALE","MALE","MALE","FEMALE","MALE","MALE","MALE","MALE","FEMALE","MALE","MALE","MALE","FEMALE","FEMALE","MALE","MALE","FEMALE","MALE","MALE"],"X_CALENDAR_YEAR":[2000,2000,2001,2001,2001,2002,2002,2002,2002,2003,2003,2003,2003,2003,2003,2004,2004,2004,2004,2004,2004,2005,2005,2005,2005,2005,2005,2006,2006,2006,2006,2006,2007,2007,2007,2007,2007,2008,2008,2008,2008,2008,2008,2008,2009,2009,2009,2009,2009,2009,2009,2010,2010,2010,2010,2010,2010,2011,2011,2011,2011,2011,2011,2011,2012,2012,2012,2012,2012,2012,2013,2013,2013,2013,2013,2013,2013,2014,2014,2014,2014,2014,2015,2015,2015,2015,2016,2016,2016,2016,2016,2017,2017,2017,2017,2017,2017,2017,2018,2018,2018,2018,2018],"Y_PREVALENCE_1000PP":[0.07158,0.0391,0.02902,0.0474,0.05927,0.07182,0.036,0.02103,0.04113,0.02987,0.07475,0.04029,0.03442,0.02999,0.0539,0.04249,0.06564,0.02669,0.01872,0.02978,0.02366,0.02263,0.01894,0.04259,0.05073,0.02101,0.04396,0.04773,0.02818,0.0212,0.06083,0.0275,0.03713,0.06909,0.01965,0.01775,0.02455,0.04684,0.02366,0.02265,0.04334,0.04504,0.04502,0.01954,0.02458,0.02293,0.02295,0.03043,0.05293,0.01766,0.03577,0.02565,0.03552,0.03442,0.02245,0.02782,0.04641,0.06885,0.02438,0.04367,0.02679,0.02405,0.01825,0.02046,0.01882,0.03489,0.03154,0.02074,0.04455,0.01723,0.01487,0.02222,0.04377,0.02711,0.02106,0.02336,0.03878,0.04042,0.04281,0.01631,0.01468,0.03314,0.05504,0.02525,0.02045,0.02878,0.02336,0.0445,0.03033,0.02031,0.02697,0.03401,0.02204,0.03722,0.02585,0.03929,0.03777,0.02745,0.02873,0.03438,0.04244,0.03865,0.03332]},"PREVALENCE_BY_MONTH":{"X_CALENDAR_MONTH":[200005,200104,200201,200205,200206,200207,200209,200210,200211,200301,200302,200305,200306,200307,200308,200309,200310,200401,200402,200403,200404,200406,200407,200408,200409,200411,200503,200504,200507,200508,200509,200510,200511,200512,200601,200603,200604,200605,200606,200607,200608,200609,200701,200706,200707,200708,200709,200710,200711,200712,200801,200803,200804,200805,200806,200807,200808,200809,200810,200812,200901,200902,200903,200904,200906,200907,200908,200909,200910,201001,201003,201004,201005,201006,201007,201008,201009,201010,201011,201012,201101,201103,201105,201106,201108,201109,201110,201111,201112,201201,201203,201205,201207,201208,201209,201211,201303,201305,201306,201307,201308,201310,201311,201402,201405,201406,201409,201410,201411,201501,201502,201504,201506,201507,201511,201512,201603,201607,201612,201701,201702,201703,201706,201710,201711,201803,201804,201807,201810,201902],"Y_PREVALENCE_1000PP":[0.00258,0.00313,0.00264,0.00166,0.00165,0.00329,0.00163,0.00188,0.00161,0.00239,0.00185,0.00183,0.0026,0.00206,0.00334,0.0023,0.00204,0.00173,0.00197,0.00169,0.00238,0.00211,0.0021,0.00139,0.00139,0.00252,0.00181,0.0018,0.00133,0.00222,0.0022,0.00176,0.00153,0.00175,0.00173,0.0013,0.00151,0.0015,0.00192,0.00192,0.00192,0.00234,0.00166,0.00162,0.00161,0.00141,0.00159,0.00118,0.00156,0.00195,0.00136,0.00136,0.00174,0.00252,0.00134,0.00153,0.00191,0.00247,0.00209,0.0017,0.00132,0.00189,0.00169,0.00151,0.00151,0.00169,0.00226,0.0015,0.00169,0.00189,0.00114,0.00133,0.00172,0.00153,0.00115,0.00114,0.0019,0.00226,0.00169,0.00131,0.00168,0.0013,0.00129,0.00239,0.00147,0.00146,0.00236,0.00109,0.00237,0.00127,0.00127,0.00127,0.00164,0.00163,0.00145,0.00146,0.00185,0.00167,0.00241,0.0013,0.00111,0.00187,0.00132,0.00134,0.00153,0.00194,0.00159,0.00121,0.00163,0.00166,0.00125,0.00151,0.00135,0.0018,0.00166,0.00148,0.00174,0.00315,0.00164,0.00192,0.00168,0.00255,0.00233,0.00178,0.00181,0.00247,0.00247,0.00221,0.00228,0.00198]},"LENGTH_OF_ERA":{"CATEGORY":"Length of era","MIN_VALUE":1,"P10_VALUE":1,"P25_VALUE":1,"MEDIAN_VALUE":1,"P75_VALUE":1,"P90_VALUE":1,"MAX_VALUE":82},"AGE_AT_FIRST_DIAGNOSIS":{"CATEGORY":["FEMALE","MALE"],"MIN_VALUE":[17,20],"P10_VALUE":[34,36],"P25_VALUE":[41,42],"MEDIAN_VALUE":[49,50],"P75_VALUE":[56,57],"P90_VALUE":[64,65],"MAX_VALUE":[85,91]}}
