{"PREVALENCE_BY_GENDER_AGE_YEAR":{"TRELLIS_NAME":["70-79","70-79","70-79","70-79","70-79","80-89","70-79","70-79","70-79","70-79","80-89","70-79","70-79","80-89","80-89","80-89"],"SERIES_NAME":["MALE","MALE","MALE","FEMALE","MALE","MALE","FEMALE","MALE","FEMALE","MALE","MALE","MALE","MALE","MALE","FEMALE","MALE"],"X_CALENDAR_YEAR":[1998,2000,2001,2001,2002,2002,2003,2004,2006,2006,2007,2008,2009,2009,2009,2011],"Y_PREVALENCE_1000PP":[0.11967,0.06607,0.08685,0.05553,0.06094,0.12054,0.05354,0.0394,0.03064,0.04832,0.0715,0.03208,0.06848,0.0661,0.04823,0.0631]},"PREVALENCE_BY_MONTH":{"X_CALENDAR_MONTH":[200110,200610,200907,200909,200910],"Y_PREVALENCE_1000PP":[0.00217,0.00148,0.00113,0.00113,0.00113]},"LENGTH_OF_ERA":{"CATEGORY":"Length of era","MIN_VALUE":1,"P10_VALUE":1,"P25_VALUE":1,"MEDIAN_VALUE":1,"P75_VALUE":1,"P90_VALUE":1,"MAX_VALUE":71},"AGE_AT_FIRST_DIAGNOSIS":{"CATEGORY":["FEMALE","MALE"],"MIN_VALUE":[34,39],"P10_VALUE":[70,63],"P25_VALUE":[75,70],"MEDIAN_VALUE":[79,76],"P75_VALUE":[83,81],"P90_VALUE":[87,84],"MAX_VALUE":[100,93]}}
