{"PREVALENCE_BY_GENDER_AGE_YEAR":{"TRELLIS_NAME":["70-79","80-89","70-79","60-69","50-59","70-79","60-69","70-79","80-89","70-79","50-59","70-79","50-59","80-89","60-69","70-79","80-89","50-59","90-99","70-79","70-79","80-89","60-69","70-79","60-69","80-89","70-79","50-59","80-89","90-99","70-79","70-79","90-99","50-59","80-89","50-59","60-69","80-89","90-99","70-79","60-69","80-89","80-89","90-99","70-79","60-69","50-59","70-79","80-89","50-59","70-79","70-79","90-99","80-89","90-99","60-69","50-59","70-79","70-79","80-89","80-89","60-69","50-59","90-99","60-69","70-79","70-79","80-89","80-89","70-79"],"SERIES_NAME":["FEMALE","FEMALE","FEMALE","FEMALE","MALE","FEMALE","FEMALE","FEMALE","FEMALE","MALE","MALE","FEMALE","FEMALE","MALE","FEMALE","MALE","FEMALE","MALE","FEMALE","FEMALE","FEMALE","MALE","MALE","MALE","FEMALE","FEMALE","FEMALE","FEMALE","FEMALE","FEMALE","FEMALE","FEMALE","MALE","MALE","FEMALE","FEMALE","MALE","MALE","FEMALE","MALE","FEMALE","MALE","FEMALE","FEMALE","MALE","FEMALE","FEMALE","FEMALE","FEMALE","MALE","FEMALE","MALE","MALE","MALE","FEMALE","MALE","MALE","FEMALE","MALE","FEMALE","MALE","MALE","FEMALE","FEMALE","MALE","MALE","FEMALE","FEMALE","MALE","FEMALE"],"X_CALENDAR_YEAR":[1997,1997,1998,1999,2000,2000,2000,2001,2001,2001,2002,2002,2002,2003,2003,2003,2003,2003,2003,2003,2004,2004,2004,2004,2004,2004,2005,2005,2013,2013,2013,2014,2014,2014,2014,2014,2014,2014,2014,2014,2014,2015,2015,2015,2015,2015,2015,2015,2016,2016,2016,2016,2016,2016,2016,2016,2017,2017,2017,2017,2017,2017,2017,2017,2018,2018,2018,2018,2018,2019],"Y_PREVALENCE_1000PP":[0.12211,0.20748,0.0923,0.05905,0.03351,0.06932,0.05406,0.04859,0.08814,0.06948,0.02268,0.04963,0.02335,0.63996,0.02941,0.14389,0.73486,0.02136,0.39099,0.11898,0.07141,0.19003,0.02669,0.06566,0.02628,0.31213,0.05315,0.0194,0.08354,0.14188,0.0306,0.52949,0.41568,0.01873,0.76103,0.01631,0.02982,0.91989,0.2495,0.40619,0.02892,0.63934,0.62377,0.45852,0.36786,0.02795,0.01753,0.39537,0.33663,0.0236,0.12451,0.12693,0.67517,0.47637,0.26412,0.07365,0.02233,0.07988,0.11005,0.17291,0.2267,0.07858,0.02266,0.22645,0.05522,0.06075,0.08187,0.15832,0.23532,0.06499]},"PREVALENCE_BY_MONTH":{"X_CALENDAR_MONTH":[199810,199901,199906,200005,200008,200101,200105,200108,200111,200207,200208,200211,200301,200302,200303,200304,200305,200306,200307,200308,200309,200310,200311,200312,200401,200402,200403,200404,200405,200407,200411,200501,200502,200503,200504,200505,201103,201308,201311,201401,201402,201403,201404,201405,201406,201407,201408,201409,201410,201411,201412,201501,201502,201503,201504,201505,201506,201507,201508,201509,201510,201511,201512,201601,201602,201603,201606,201609,201701,201702,201703,201706,201707,201709,201710,201711,201712,201801,201802,201804,201805,201806,201901,201902],"Y_PREVALENCE_1000PP":[0.00447,0.00621,0.00445,0.00258,0.00288,0.00221,0.00274,0.00226,0.00215,0.00192,0.00164,0.00188,0.00239,0.00687,0.00789,0.00262,0.00261,0.00338,0.00257,0.00334,0.00383,0.00433,0.00786,0.00505,0.0042,0.00419,0.00314,0.00333,0.00189,0.00233,0.00252,0.00159,0.00136,0.00203,0.00158,0.0027,0.0013,0.00148,0.00113,0.00267,0.00401,0.00115,0.01322,0.01015,0.00891,0.01058,0.00711,0.0111,0.0089,0.00552,0.00643,0.01204,0.00898,0.00561,0.00476,0.0067,0.0018,0.00292,0.00607,0.00652,0.00605,0.00733,0.00541,0.00668,0.01567,0.00897,0.0018,0.00322,0.00466,0.00336,0.0017,0.00291,0.00175,0.00266,0.00178,0.00784,0.00365,0.0037,0.00494,0.00432,0.00432,0.00186,0.00525,0.00297]},"LENGTH_OF_ERA":{"CATEGORY":"Length of era","MIN_VALUE":1,"P10_VALUE":1,"P25_VALUE":1,"MEDIAN_VALUE":1,"P75_VALUE":1,"P90_VALUE":1,"MAX_VALUE":28},"AGE_AT_FIRST_DIAGNOSIS":{"CATEGORY":["FEMALE","MALE"],"MIN_VALUE":[11,17],"P10_VALUE":[59,57],"P25_VALUE":[75,70],"MEDIAN_VALUE":[79,78],"P75_VALUE":[84,83],"P90_VALUE":[88,87],"MAX_VALUE":[101,102]}}
