{"PREVALENCE_BY_GENDER_AGE_YEAR":{"TRELLIS_NAME":["10-19","20-29","10-19","20-29","20-29","20-29","10-19","20-29","20-29","10-19","20-29","20-29","20-29","10-19","20-29","20-29","20-29","20-29"],"SERIES_NAME":["MALE","FEMALE","FEMALE","MALE","FEMALE","MALE","FEMALE","FEMALE","MALE","FEMALE","FEMALE","MALE","MALE","FEMALE","FEMALE","FEMALE","MALE","FEMALE"],"X_CALENDAR_YEAR":[2005,2005,2005,2005,2006,2006,2006,2008,2008,2008,2009,2009,2010,2010,2010,2011,2012,2013],"Y_PREVALENCE_1000PP":[0.02164,0.0219,0.05303,0.03237,0.05842,0.04248,0.05795,0.04381,0.02671,0.02063,0.02541,0.02633,0.02104,0.02013,0.01521,0.01483,0.02312,0.0222]},"PREVALENCE_BY_MONTH":{"X_CALENDAR_MONTH":[200507,200512,200601,200603,200604,200605,200607,200804,200810,201001,201209],"Y_PREVALENCE_1000PP":[0.00133,0.00153,0.00195,0.0013,0.00129,0.00172,0.00128,0.00116,0.00114,0.00132,0.00109]},"LENGTH_OF_ERA":{"CATEGORY":"Length of era","MIN_VALUE":1,"P10_VALUE":1,"P25_VALUE":1,"MEDIAN_VALUE":1,"P75_VALUE":1,"P90_VALUE":1,"MAX_VALUE":18},"AGE_AT_FIRST_DIAGNOSIS":{"CATEGORY":["MALE","FEMALE"],"MIN_VALUE":[14,16],"P10_VALUE":[18,17],"P25_VALUE":[20,19],"MEDIAN_VALUE":[24,21],"P75_VALUE":[28,24],"P90_VALUE":[39,28],"MAX_VALUE":[64,45]}}
