{"PREVALENCE_BY_GENDER_AGE_YEAR":{"TRELLIS_NAME":["60-69","60-69","60-69","70-79","50-59","60-69","70-79","60-69","70-79","60-69","60-69","70-79","60-69","80-89","90-99","70-79","80-89","50-59","50-59","70-79","60-69","60-69","90-99","80-89","80-89","70-79","50-59","70-79","60-69","60-69","70-79","60-69","70-79","50-59","80-89","50-59","80-89","60-69","70-79","60-69","70-79","80-89","80-89","70-79","70-79","80-89","60-69","60-69","70-79","80-89","70-79","80-89","60-69","70-79","80-89","70-79","80-89","60-69","60-69","70-79","50-59","80-89","80-89","70-79","80-89","80-89","70-79","60-69","70-79","80-89","80-89","70-79","60-69","70-79"],"SERIES_NAME":["MALE","FEMALE","MALE","MALE","MALE","FEMALE","FEMALE","FEMALE","MALE","MALE","MALE","FEMALE","FEMALE","MALE","FEMALE","FEMALE","FEMALE","MALE","FEMALE","MALE","MALE","MALE","FEMALE","FEMALE","MALE","FEMALE","MALE","MALE","FEMALE","FEMALE","MALE","MALE","FEMALE","MALE","FEMALE","MALE","FEMALE","MALE","FEMALE","FEMALE","MALE","MALE","FEMALE","MALE","FEMALE","MALE","MALE","FEMALE","MALE","MALE","FEMALE","FEMALE","MALE","FEMALE","FEMALE","MALE","MALE","MALE","FEMALE","MALE","FEMALE","MALE","FEMALE","FEMALE","MALE","FEMALE","FEMALE","MALE","MALE","MALE","FEMALE","FEMALE","MALE","MALE"],"X_CALENDAR_YEAR":[1998,1998,1999,1999,1999,1999,2000,2000,2000,2000,2001,2001,2002,2002,2002,2002,2002,2002,2002,2002,2002,2003,2003,2003,2003,2003,2003,2003,2003,2004,2004,2004,2004,2004,2004,2005,2005,2005,2005,2005,2005,2005,2006,2006,2006,2006,2006,2006,2007,2007,2007,2007,2007,2008,2008,2008,2008,2008,2009,2009,2009,2009,2009,2009,2010,2010,2010,2010,2010,2011,2011,2011,2011,2011],"Y_PREVALENCE_1000PP":[0.13228,0.08458,0.14213,0.19445,0.05054,0.05905,0.11264,0.06178,0.16518,0.07134,0.04343,0.09023,0.13782,0.27552,0.34471,0.16131,0.16398,0.07561,0.03113,0.35802,0.24271,0.22903,0.24881,0.17237,0.19199,0.19037,0.07831,0.35971,0.12745,0.04381,0.13788,0.08006,0.06042,0.01969,0.10967,0.02198,0.08904,0.05919,0.06909,0.04168,0.05698,0.12417,0.13972,0.10267,0.08682,0.11671,0.03143,0.02708,0.05551,0.11916,0.08052,0.05774,0.03156,0.02761,0.07642,0.04278,0.0677,0.05018,0.01937,0.03687,0.0172,0.14322,0.06201,0.05473,0.16255,0.11796,0.05444,0.01924,0.06266,0.15776,0.0687,0.04023,0.02184,0.05119]},"PREVALENCE_BY_MONTH":{"X_CALENDAR_MONTH":[199904,199905,199909,199911,200008,200009,200102,200110,200201,200202,200203,200204,200205,200206,200207,200208,200209,200210,200211,200212,200301,200302,200303,200304,200305,200306,200307,200308,200309,200311,200312,200401,200402,200403,200408,200411,200505,200506,200507,200508,200509,200510,200511,200512,200603,200605,200606,200607,200608,200610,200612,200701,200704,200705,200707,200711,200712,200802,200803,200810,200811,200812,200901,200902,200903,200910,200911,200912,201001,201002,201003,201004,201011,201101,201102,201103,201106,201107],"Y_PREVALENCE_1000PP":[0.00713,0.00447,0.00408,0.00373,0.00782,0.00765,0.00362,0.00186,0.00499,0.0032,0.00316,0.00558,0.00527,0.0069,0.00631,0.00382,0.0076,0.00672,0.00402,0.00268,0.00664,0.00687,0.00605,0.00341,0.00731,0.00701,0.00566,0.00539,0.00204,0.00228,0.00505,0.0042,0.00764,0.00145,0.00232,0.00183,0.00158,0.00179,0.00267,0.002,0.00176,0.00241,0.00197,0.00131,0.0026,0.0015,0.00278,0.00128,0.00213,0.00253,0.00189,0.00187,0.00144,0.00123,0.00141,0.00156,0.00117,0.00252,0.00136,0.00114,0.00133,0.00132,0.00132,0.00207,0.00113,0.00151,0.00113,0.0019,0.00132,0.00209,0.00361,0.0019,0.00169,0.00168,0.00149,0.00371,0.00129,0.0011]},"LENGTH_OF_ERA":{"CATEGORY":"Length of era","MIN_VALUE":1,"P10_VALUE":1,"P25_VALUE":1,"MEDIAN_VALUE":1,"P75_VALUE":1,"P90_VALUE":1,"MAX_VALUE":4},"AGE_AT_FIRST_DIAGNOSIS":{"CATEGORY":["FEMALE","MALE"],"MIN_VALUE":[45,37],"P10_VALUE":[59,55],"P25_VALUE":[66,62],"MEDIAN_VALUE":[74,70],"P75_VALUE":[82,77],"P90_VALUE":[89,83],"MAX_VALUE":[101,99]}}
