{"PREVALENCE_BY_GENDER_AGE_YEAR":{"TRELLIS_NAME":["0-9","0-9","0-9","0-9","0-9","0-9","0-9","0-9","0-9","0-9","0-9","0-9","0-9","0-9","0-9","10-19","0-9","0-9","0-9","0-9","0-9","0-9","0-9"],"SERIES_NAME":["MALE","FEMALE","FEMALE","MALE","FEMALE","MALE","FEMALE","MALE","FEMALE","FEMALE","FEMALE","MALE","FEMALE","MALE","FEMALE","FEMALE","FEMALE","FEMALE","FEMALE","MALE","FEMALE","FEMALE","FEMALE"],"X_CALENDAR_YEAR":[2000,2000,2001,2001,2003,2003,2004,2004,2005,2006,2007,2007,2008,2008,2009,2010,2010,2011,2012,2012,2013,2014,2015],"Y_PREVALENCE_1000PP":[0.09434,0.0419,0.04862,0.04946,0.0356,0.02896,0.02412,0.04136,0.0536,0.03257,0.03022,0.03515,0.0389,0.01852,0.03181,0.0302,0.04355,0.03895,0.03551,0.01697,0.03536,0.03116,0.02051]},"PREVALENCE_BY_MONTH":{"X_CALENDAR_MONTH":200101,"Y_PREVALENCE_1000PP":0.00221},"LENGTH_OF_ERA":{"CATEGORY":"Length of era","MIN_VALUE":1,"P10_VALUE":1,"P25_VALUE":1,"MEDIAN_VALUE":1,"P75_VALUE":1,"P90_VALUE":1,"MAX_VALUE":29},"AGE_AT_FIRST_DIAGNOSIS":{"CATEGORY":["FEMALE","MALE"],"MIN_VALUE":[1,0],"P10_VALUE":[2,2],"P25_VALUE":[3,3],"MEDIAN_VALUE":[5,5],"P75_VALUE":[10,9],"P90_VALUE":[16,12],"MAX_VALUE":[50,66]}}
