{"PREVALENCE_BY_GENDER_AGE_YEAR":{"TRELLIS_NAME":["30-39","20-29","20-29","30-39","40-49","50-59","30-39","20-29","40-49","40-49","20-29","30-39","20-29","40-49","30-39","50-59","40-49","30-39","20-29","30-39","10-19","30-39","20-29","20-29","40-49","60-69","30-39","20-29","20-29","40-49","30-39","40-49","40-49","30-39","50-59","40-49","40-49","50-59","30-39","20-29","20-29","30-39","30-39","40-49","40-49","20-29","40-49","20-29","20-29"],"SERIES_NAME":["MALE","MALE","FEMALE","MALE","MALE","MALE","MALE","MALE","FEMALE","MALE","FEMALE","FEMALE","FEMALE","MALE","MALE","MALE","MALE","MALE","MALE","FEMALE","MALE","FEMALE","MALE","FEMALE","MALE","FEMALE","MALE","MALE","FEMALE","MALE","MALE","FEMALE","MALE","FEMALE","MALE","FEMALE","MALE","FEMALE","MALE","MALE","MALE","FEMALE","MALE","FEMALE","MALE","MALE","FEMALE","MALE","MALE"],"X_CALENDAR_YEAR":[1999,1999,1999,2000,2000,2001,2001,2001,2001,2001,2001,2001,2002,2002,2002,2003,2003,2003,2003,2003,2003,2004,2004,2004,2004,2005,2005,2005,2005,2005,2006,2006,2006,2006,2006,2007,2007,2007,2007,2007,2008,2008,2009,2009,2010,2010,2011,2012,2013],"Y_PREVALENCE_1000PP":[0.03861,0.04347,0.04092,0.03012,0.04602,0.02585,0.02367,0.04514,0.03317,0.04346,0.03885,0.02078,0.02297,0.02742,0.03605,0.02492,0.01902,0.03729,0.02268,0.03235,0.04203,0.0165,0.02397,0.01981,0.02266,0.02501,0.01576,0.03885,0.01877,0.01597,0.03587,0.0265,0.01507,0.03172,0.02433,0.01466,0.01393,0.01775,0.0172,0.01955,0.01603,0.0151,0.01475,0.01638,0.01998,0.01578,0.01592,0.02055,0.02063]},"PREVALENCE_BY_MONTH":{"X_CALENDAR_MONTH":[199806,199902,199905,199911,200003,200007,200008,200101,200102,200103,200105,200106,200108,200109,200110,200201,200210,200211,200301,200302,200303,200306,200307,200309,200311,200403,200407,200408,200409,200501,200502,200504,200506,200507,200508,200509,200511,200601,200602,200604,200605,200609,200610,200611,200701,200703,200705,200706,200707,200708,200709,200711,200807,200809,200810,200904,200907,201003,201008,201109,201111,201203,201309,201311,201401,201407,201502],"Y_PREVALENCE_1000PP":[0.00648,0.00403,0.00447,0.0032,0.00264,0.00291,0.00247,0.00405,0.0029,0.00247,0.00205,0.00403,0.00259,0.00254,0.0031,0.00176,0.00161,0.00161,0.00186,0.00211,0.00158,0.00182,0.00283,0.0023,0.00253,0.00145,0.00257,0.00139,0.00254,0.00181,0.00158,0.00135,0.00134,0.00156,0.00155,0.00198,0.00131,0.00173,0.00195,0.00172,0.00193,0.00149,0.0019,0.0021,0.00166,0.00124,0.00184,0.00162,0.00121,0.00141,0.0012,0.00117,0.00172,0.00133,0.00114,0.00132,0.00113,0.00114,0.00114,0.00109,0.00146,0.00109,0.00111,0.00113,0.00134,0.00157,0.00146]},"LENGTH_OF_ERA":{"CATEGORY":"Length of era","MIN_VALUE":1,"P10_VALUE":1,"P25_VALUE":1,"MEDIAN_VALUE":1,"P75_VALUE":1,"P90_VALUE":1,"MAX_VALUE":71},"AGE_AT_FIRST_DIAGNOSIS":{"CATEGORY":["MALE","FEMALE"],"MIN_VALUE":[1,0],"P10_VALUE":[18,17],"P25_VALUE":[25,26],"MEDIAN_VALUE":[38,40],"P75_VALUE":[50,55],"P90_VALUE":[63,72],"MAX_VALUE":[96,91]}}
