{"PREVALENCE_BY_GENDER_AGE_YEAR":{"TRELLIS_NAME":["20-29","80-89","60-69","10-19","20-29","40-49","20-29","30-39","10-19","10-19","40-49","10-19","70-79","10-19","20-29","10-19"],"SERIES_NAME":["MALE","FEMALE","MALE","MALE","MALE","MALE","MALE","MALE","FEMALE","MALE","FEMALE","MALE","FEMALE","MALE","MALE","MALE"],"X_CALENDAR_YEAR":[2002,2003,2004,2004,2004,2005,2005,2005,2007,2007,2007,2008,2008,2009,2012,2014],"Y_PREVALENCE_1000PP":[0.02393,0.06351,0.02669,0.03397,0.02055,0.02396,0.02266,0.02101,0.02147,0.0288,0.01711,0.02479,0.03221,0.01844,0.02055,0.02267]},"PREVALENCE_BY_MONTH":{"X_CALENDAR_MONTH":[200101,200102,200202,200207,200209,200212,200305,200307,200309,200402,200403,200406,200407,200409,200410,200504,200506,200507,200510,200511,200601,200605,200606,200609,200705,200706,200708,200712,200801,200803,200806,200809,200812,201001,201104,201111,201201,201202,201208,201401],"Y_PREVALENCE_1000PP":[0.00258,0.00217,0.00203,0.00192,0.0019,0.00161,0.00209,0.00232,0.00153,0.00222,0.00169,0.00188,0.0021,0.00139,0.00161,0.00135,0.00134,0.00133,0.00132,0.00153,0.0013,0.00172,0.00128,0.00149,0.00225,0.00183,0.00141,0.00137,0.00155,0.00117,0.00115,0.00209,0.00114,0.00114,0.00111,0.00128,0.00109,0.00164,0.00109,0.00115]},"LENGTH_OF_ERA":{"CATEGORY":"Length of era","MIN_VALUE":1,"P10_VALUE":1,"P25_VALUE":1,"MEDIAN_VALUE":1,"P75_VALUE":1,"P90_VALUE":1,"MAX_VALUE":21},"AGE_AT_FIRST_DIAGNOSIS":{"CATEGORY":["MALE","FEMALE"],"MIN_VALUE":[0,1],"P10_VALUE":[12,11],"P25_VALUE":[18,22],"MEDIAN_VALUE":[35,48],"P75_VALUE":[60,73],"P90_VALUE":[79,85],"MAX_VALUE":[98,98]}}
