{"PREVALENCE_BY_GENDER_AGE_YEAR":{"TRELLIS_NAME":["50-59","30-39","40-49","40-49","20-29","40-49","30-39","40-49","20-29","40-49","40-49","20-29"],"SERIES_NAME":["FEMALE","FEMALE","FEMALE","FEMALE","FEMALE","FEMALE","FEMALE","FEMALE","FEMALE","FEMALE","FEMALE","FEMALE"],"X_CALENDAR_YEAR":[2000,2001,2001,2003,2003,2004,2004,2005,2005,2006,2007,2008],"Y_PREVALENCE_1000PP":[0.03446,0.02078,0.02488,0.02333,0.02177,0.02978,0.03024,0.01682,0.02502,0.0265,0.02444,0.01546]},"PREVALENCE_BY_MONTH":{"X_CALENDAR_MONTH":200404,"Y_PREVALENCE_1000PP":0.0019},"LENGTH_OF_ERA":{"CATEGORY":"Length of era","MIN_VALUE":1,"P10_VALUE":1,"P25_VALUE":1,"MEDIAN_VALUE":1,"P75_VALUE":1,"P90_VALUE":1,"MAX_VALUE":19},"AGE_AT_FIRST_DIAGNOSIS":{"CATEGORY":"FEMALE","MIN_VALUE":13,"P10_VALUE":20,"P25_VALUE":27,"MEDIAN_VALUE":39,"P75_VALUE":45,"P90_VALUE":50,"MAX_VALUE":66}}
