{"PREVALENCE_BY_GENDER_AGE_YEAR":{"TRELLIS_NAME":["40-49","50-59","50-59","40-49","50-59","30-39","40-49","40-49","50-59","30-39","40-49","30-39","50-59","40-49","60-69","50-59","60-69","40-49","50-59","50-59","50-59","50-59","40-49","60-69","30-39","40-49","40-49","30-39","60-69","60-69","50-59","50-59","40-49","50-59","30-39","50-59","60-69","40-49","60-69","70-79","60-69","60-69","40-49","40-49","30-39","50-59","50-59","40-49","40-49","60-69","50-59","30-39","30-39","50-59","40-49","50-59","60-69","50-59","40-49","60-69","30-39","30-39","60-69","50-59","50-59","30-39","40-49","40-49","60-69","60-69","60-69","40-49","50-59","30-39","50-59","40-49","60-69","60-69","50-59","40-49","70-79","50-59","30-39","40-49","60-69","30-39","70-79","50-59","50-59","30-39","40-49","40-49","70-79","40-49","70-79","60-69","30-39","50-59","30-39","60-69","50-59","40-49"],"SERIES_NAME":["FEMALE","FEMALE","FEMALE","FEMALE","FEMALE","FEMALE","FEMALE","FEMALE","FEMALE","FEMALE","FEMALE","FEMALE","FEMALE","FEMALE","FEMALE","FEMALE","FEMALE","FEMALE","MALE","FEMALE","FEMALE","MALE","FEMALE","FEMALE","FEMALE","MALE","FEMALE","FEMALE","FEMALE","MALE","MALE","FEMALE","MALE","FEMALE","FEMALE","MALE","FEMALE","FEMALE","MALE","FEMALE","MALE","FEMALE","FEMALE","MALE","FEMALE","FEMALE","MALE","FEMALE","MALE","MALE","FEMALE","FEMALE","MALE","MALE","FEMALE","FEMALE","FEMALE","MALE","MALE","MALE","MALE","FEMALE","MALE","MALE","FEMALE","MALE","MALE","FEMALE","FEMALE","FEMALE","MALE","MALE","FEMALE","MALE","MALE","FEMALE","MALE","FEMALE","FEMALE","MALE","FEMALE","MALE","FEMALE","FEMALE","MALE","FEMALE","FEMALE","FEMALE","MALE","MALE","FEMALE","MALE","FEMALE","FEMALE","MALE","FEMALE","MALE","FEMALE","FEMALE","MALE","MALE","MALE"],"X_CALENDAR_YEAR":[2001,2001,2002,2002,2003,2003,2003,2004,2004,2004,2005,2005,2005,2006,2006,2006,2007,2007,2007,2007,2008,2008,2008,2008,2008,2008,2009,2009,2009,2009,2009,2009,2010,2010,2010,2010,2010,2010,2010,2011,2011,2011,2011,2011,2011,2011,2011,2012,2012,2012,2012,2012,2012,2012,2013,2013,2013,2013,2013,2013,2013,2013,2014,2014,2014,2014,2014,2014,2014,2015,2015,2015,2015,2015,2015,2015,2016,2016,2016,2016,2016,2016,2016,2016,2017,2017,2017,2017,2017,2017,2017,2017,2018,2018,2018,2018,2018,2018,2018,2018,2018,2018],"Y_PREVALENCE_1000PP":[0.02488,0.02659,0.02335,0.0324,0.03296,0.02353,0.01999,0.04765,0.05408,0.022,0.06449,0.01624,0.05496,0.03445,0.03482,0.03444,0.03454,0.03177,0.02879,0.04142,0.03756,0.03659,0.06388,0.02642,0.01762,0.01801,0.04213,0.01514,0.03874,0.03606,0.02507,0.05159,0.02664,0.08139,0.01757,0.03822,0.02514,0.06724,0.04169,0.02682,0.03119,0.05171,0.0523,0.03279,0.01487,0.05417,0.05296,0.08067,0.03119,0.02823,0.08589,0.03234,0.02215,0.05257,0.06776,0.08426,0.04554,0.04654,0.04292,0.05315,0.02716,0.01983,0.04308,0.04817,0.10055,0.01841,0.02692,0.06316,0.04498,0.04541,0.0505,0.05779,0.06721,0.02592,0.06332,0.09916,0.03899,0.07547,0.08215,0.05006,0.03962,0.05393,0.02699,0.08962,0.02947,0.02939,0.06144,0.10198,0.06699,0.02215,0.0745,0.04157,0.04776,0.0448,0.04556,0.05962,0.02463,0.05518,0.0451,0.07179,0.05415,0.05157]},"PREVALENCE_BY_MONTH":{"X_CALENDAR_MONTH":[200111,200307,200401,200403,200409,200410,200412,200501,200502,200503,200504,200505,200506,200507,200511,200512,200604,200605,200606,200608,200610,200611,200701,200705,200706,200707,200708,200709,200710,200801,200802,200803,200805,200806,200807,200808,200810,200811,200812,200901,200902,200903,200904,200905,200906,200908,200909,200910,200911,201001,201002,201003,201004,201005,201006,201007,201008,201010,201011,201012,201101,201102,201103,201104,201105,201106,201107,201108,201109,201110,201111,201201,201202,201203,201204,201205,201206,201207,201208,201209,201210,201211,201212,201301,201302,201303,201304,201305,201306,201307,201308,201309,201310,201311,201312,201401,201402,201403,201404,201405,201406,201407,201409,201410,201411,201412,201502,201503,201504,201505,201506,201507,201508,201509,201510,201511,201512,201601,201602,201603,201604,201605,201606,201608,201609,201610,201611,201612,201701,201702,201703,201704,201705,201706,201707,201708,201709,201710,201711,201712,201801,201802,201803,201804,201805,201806,201807,201808,201809,201810,201812,201901,201903],"Y_PREVALENCE_1000PP":[0.00246,0.00154,0.00198,0.00217,0.00231,0.00138,0.00229,0.00159,0.00158,0.00181,0.00135,0.00135,0.00134,0.00222,0.00131,0.00131,0.00194,0.00193,0.0015,0.00128,0.00169,0.00147,0.00125,0.00143,0.00142,0.00141,0.00161,0.00219,0.00138,0.00155,0.00194,0.00253,0.00194,0.00154,0.00115,0.00115,0.00133,0.00171,0.00132,0.00132,0.00151,0.00263,0.00189,0.0017,0.00245,0.00151,0.00113,0.00188,0.00208,0.0017,0.00152,0.00266,0.00152,0.00267,0.00267,0.00229,0.0021,0.00339,0.00225,0.00225,0.00187,0.00243,0.00371,0.00241,0.00111,0.00239,0.00294,0.00201,0.002,0.00145,0.00201,0.00327,0.002,0.00218,0.00273,0.002,0.00236,0.00437,0.00272,0.00181,0.00236,0.00183,0.00184,0.00239,0.00129,0.00241,0.00167,0.00186,0.0039,0.00259,0.00167,0.00315,0.00374,0.00377,0.00365,0.00401,0.00134,0.00325,0.00268,0.00268,0.00291,0.00274,0.00159,0.00263,0.00225,0.00207,0.00209,0.00367,0.00389,0.00216,0.00315,0.00315,0.00292,0.00292,0.00279,0.00379,0.00271,0.0047,0.00348,0.00174,0.00275,0.00506,0.00206,0.00374,0.00214,0.00244,0.00329,0.00274,0.00301,0.00224,0.00198,0.00228,0.00342,0.00379,0.00322,0.00177,0.00295,0.00296,0.00392,0.00335,0.0037,0.0034,0.00185,0.00401,0.00247,0.00248,0.00378,0.00255,0.00192,0.00391,0.0023,0.0023,0.00264]},"LENGTH_OF_ERA":{"CATEGORY":"Length of era","MIN_VALUE":1,"P10_VALUE":1,"P25_VALUE":1,"MEDIAN_VALUE":1,"P75_VALUE":1,"P90_VALUE":1,"MAX_VALUE":57},"AGE_AT_FIRST_DIAGNOSIS":{"CATEGORY":["MALE","FEMALE"],"MIN_VALUE":[13,6],"P10_VALUE":[37,38],"P25_VALUE":[45,45],"MEDIAN_VALUE":[53,51],"P75_VALUE":[62,59],"P90_VALUE":[70,69],"MAX_VALUE":[96,100]}}
