{"PREVALENCE_BY_GENDER_AGE_YEAR":{"TRELLIS_NAME":["30-39","10-19","30-39","60-69","50-59","40-49","40-49","20-29","40-49"],"SERIES_NAME":["FEMALE","FEMALE","FEMALE","FEMALE","FEMALE","FEMALE","FEMALE","FEMALE","FEMALE"],"X_CALENDAR_YEAR":[2002,2002,2004,2004,2004,2004,2005,2005,2007],"Y_PREVALENCE_1000PP":[0.02154,0.03104,0.03024,0.02628,0.02028,0.02383,0.02804,0.0219,0.01466]},"PREVALENCE_BY_MONTH":{"X_CALENDAR_MONTH":[200204,200401,200404,200407,200408,200409,200410,200504,200506,200511,200605,200608,200701],"Y_PREVALENCE_1000PP":[0.00167,0.00148,0.00143,0.00187,0.00139,0.00208,0.00276,0.00135,0.00134,0.00131,0.0015,0.00192,0.00145]},"LENGTH_OF_ERA":{"CATEGORY":"Length of era","MIN_VALUE":1,"P10_VALUE":1,"P25_VALUE":1,"MEDIAN_VALUE":1,"P75_VALUE":1,"P90_VALUE":1,"MAX_VALUE":32},"AGE_AT_FIRST_DIAGNOSIS":{"CATEGORY":["FEMALE","MALE"],"MIN_VALUE":[11,1],"P10_VALUE":[20,16],"P25_VALUE":[31,29],"MEDIAN_VALUE":[42,44],"P75_VALUE":[56,55],"P90_VALUE":[68,71],"MAX_VALUE":[89,84]}}
