{"PREVALENCE_BY_GENDER_AGE_YEAR":{"TRELLIS_NAME":["0-9","0-9","0-9","0-9","10-19","0-9","50-59","40-49","0-9","0-9","60-69","40-49","0-9","0-9","0-9","0-9","60-69","0-9","0-9","0-9","60-69","40-49","0-9","0-9","0-9","0-9","0-9","0-9","0-9","0-9"],"SERIES_NAME":["MALE","MALE","MALE","MALE","MALE","MALE","MALE","FEMALE","FEMALE","MALE","MALE","MALE","FEMALE","MALE","FEMALE","MALE","MALE","FEMALE","FEMALE","MALE","MALE","MALE","FEMALE","MALE","FEMALE","FEMALE","MALE","MALE","MALE","FEMALE"],"X_CALENDAR_YEAR":[1997,1999,2001,2002,2002,2003,2003,2003,2003,2004,2004,2004,2004,2005,2005,2006,2006,2006,2007,2007,2008,2008,2008,2008,2009,2010,2010,2011,2012,2014],"Y_PREVALENCE_1000PP":[0.09249,0.05583,0.0643,0.03957,0.04072,0.03309,0.02492,0.02333,0.0356,0.05263,0.02669,0.01699,0.03216,0.03604,0.04594,0.03086,0.02357,0.03257,0.03694,0.05752,0.02007,0.01351,0.02269,0.03086,0.02227,0.03422,0.05942,0.02582,0.0198,0.02181]},"PREVALENCE_BY_MONTH":{"X_CALENDAR_MONTH":[200007,200009,200105,200106,200108,200111,200203,200204,200207,200306,200310,200402,200406,200407,200408,200409,200411,200506,200509,200604,200605,200606,200607,200608,200609,200704,200705,200706,200707,200708,200709,200801,200804,200805,200806,200807,200903,200906,201004,201006,201007,201009,201010,201105,201205,201305,201307,201406],"Y_PREVALENCE_1000PP":[0.0025,0.00322,0.00274,0.00235,0.00194,0.00246,0.00201,0.00279,0.00192,0.00208,0.00153,0.00148,0.00305,0.0028,0.00163,0.00185,0.00138,0.00314,0.00198,0.00151,0.00236,0.0015,0.0015,0.00128,0.00149,0.00206,0.00205,0.00122,0.00121,0.00221,0.0012,0.00116,0.00136,0.00194,0.00154,0.00153,0.00132,0.00113,0.00133,0.00172,0.00229,0.00152,0.00113,0.00166,0.00109,0.0013,0.0013,0.00136]},"LENGTH_OF_ERA":{"CATEGORY":"Length of era","MIN_VALUE":1,"P10_VALUE":1,"P25_VALUE":1,"MEDIAN_VALUE":1,"P75_VALUE":1,"P90_VALUE":1,"MAX_VALUE":24},"AGE_AT_FIRST_DIAGNOSIS":{"CATEGORY":["MALE","FEMALE"],"MIN_VALUE":[1,0],"P10_VALUE":[2,3],"P25_VALUE":[5,6],"MEDIAN_VALUE":[26,27],"P75_VALUE":[54,53],"P90_VALUE":[68,65],"MAX_VALUE":[84,92]}}
