{"PREVALENCE_BY_GENDER_AGE_YEAR":{"TRELLIS_NAME":["40-49","40-49","30-39","30-39","40-49","50-59","40-49","40-49","30-39","50-59","40-49","40-49","30-39","50-59","40-49","30-39","40-49","50-59","40-49","40-49"],"SERIES_NAME":["FEMALE","MALE","MALE","MALE","FEMALE","MALE","MALE","FEMALE","MALE","MALE","MALE","MALE","MALE","MALE","FEMALE","FEMALE","MALE","MALE","FEMALE","MALE"],"X_CALENDAR_YEAR":[2011,2011,2011,2012,2012,2012,2012,2013,2013,2013,2013,2014,2014,2014,2014,2014,2015,2015,2015,2016],"Y_PREVALENCE_1000PP":[0.01364,0.03061,0.01461,0.02215,0.02074,0.0184,0.05569,0.03037,0.01975,0.02068,0.04744,0.05384,0.02104,0.03746,0.03537,0.02365,0.04128,0.02878,0.02267,0.02336]},"PREVALENCE_BY_MONTH":{"X_CALENDAR_MONTH":[201106,201107,201108,201111,201112,201203,201205,201206,201207,201208,201209,201210,201211,201301,201302,201303,201304,201305,201306,201307,201308,201309,201310,201311,201401,201402,201403,201404,201405,201406,201408,201409,201410,201411,201412,201501,201503,201504,201506,201507,201509,201605],"Y_PREVALENCE_1000PP":[0.00166,0.00202,0.00147,0.00164,0.00182,0.00164,0.00146,0.00127,0.00182,0.00254,0.00181,0.00254,0.00183,0.00147,0.00203,0.00167,0.00259,0.00204,0.00111,0.00148,0.00148,0.0013,0.00224,0.00113,0.00477,0.00343,0.00115,0.00153,0.00115,0.00136,0.00178,0.00178,0.00182,0.00163,0.00124,0.00125,0.00216,0.00281,0.00158,0.00382,0.0018,0.00152]},"LENGTH_OF_ERA":{"CATEGORY":"Length of era","MIN_VALUE":1,"P10_VALUE":1,"P25_VALUE":1,"MEDIAN_VALUE":1,"P75_VALUE":1,"P90_VALUE":21,"MAX_VALUE":99},"AGE_AT_FIRST_DIAGNOSIS":{"CATEGORY":["MALE","FEMALE"],"MIN_VALUE":[15,17],"P10_VALUE":[21,25],"P25_VALUE":[29,31],"MEDIAN_VALUE":[41,38],"P75_VALUE":[46,45],"P90_VALUE":[52,51],"MAX_VALUE":[90,81]}}
