{"PREVALENCE_BY_GENDER_AGE_YEAR":{"TRELLIS_NAME":["30-39","50-59","40-49","70-79","60-69","30-39","50-59","40-49","70-79","40-49","30-39","50-59","60-69","50-59","40-49","70-79","50-59","70-79","50-59","40-49","70-79","50-59","40-49","30-39","60-69","80-89","80-89","50-59","70-79","30-39","40-49","70-79","60-69","80-89","70-79","30-39","50-59","40-49","80-89","40-49","50-59","30-39","20-29","40-49","80-89","90-99","70-79","60-69","70-79","50-59","50-59","70-79","70-79","40-49","60-69","80-89","50-59","60-69","70-79","40-49","50-59","60-69","70-79"],"SERIES_NAME":["MALE","MALE","MALE","FEMALE","FEMALE","MALE","MALE","MALE","MALE","MALE","MALE","MALE","MALE","FEMALE","MALE","MALE","MALE","MALE","MALE","MALE","FEMALE","MALE","MALE","MALE","FEMALE","MALE","FEMALE","MALE","MALE","MALE","MALE","FEMALE","MALE","FEMALE","FEMALE","MALE","MALE","MALE","FEMALE","FEMALE","MALE","MALE","MALE","MALE","MALE","FEMALE","FEMALE","MALE","MALE","FEMALE","MALE","FEMALE","MALE","MALE","FEMALE","FEMALE","MALE","FEMALE","FEMALE","MALE","FEMALE","MALE","FEMALE"],"X_CALENDAR_YEAR":[2000,2000,2000,2001,2001,2001,2001,2001,2001,2002,2002,2002,2002,2002,2003,2003,2003,2004,2004,2004,2004,2005,2005,2005,2006,2006,2006,2006,2006,2006,2006,2006,2006,2007,2007,2007,2007,2007,2008,2008,2008,2008,2008,2008,2008,2008,2008,2008,2008,2009,2009,2009,2009,2009,2009,2010,2010,2010,2010,2010,2011,2011,2011],"Y_PREVALENCE_1000PP":[5.26316,1.86966,3.00571,0.7516,1.03866,3.01659,0.99108,1.32979,1.30361,1.43747,1.34862,1.29007,0.55812,0.56791,0.57898,0.38725,0.77549,0.30586,0.69017,0.74313,0.34887,0.36713,0.52037,1.17319,0.09829,0.39463,0.29389,0.12245,0.18817,0.52297,0.3142,0.16265,0.18792,0.25006,0.15027,0.29166,0.18507,0.14764,0.28117,0.07383,0.13873,0.42756,0.29955,0.23487,0.2289,0.78872,0.15434,0.12258,0.13775,0.06078,0.07135,0.20887,0.168,0.11058,0.08851,0.14146,0.0968,0.07249,0.0808,0.12222,0.07877,0.07916,0.08368]},"PREVALENCE_BY_MONTH":{"X_CALENDAR_MONTH":[200111,200509,200712,200903,200502,200703,200808,200309,200707,201204,201006,200201,200304,200007,200904,200602,201102,201005,200910,200003,200110,200307,200507,200711,200907,200303,201007,200806,200803,200412,200204,201104,200202,200607,200704,200809,200702,201112,200105,200604,200108,200911,200901,201201,200408,200801,200608,200310,200406,200203,200409,200610,201408,200004,200508,200106,201101,200606,200001,200210,200804,200811,201409,200802,200208,201504,200705,200612,200308,200812,200611,200603,200010,200906,200908,200112,200305,200805,200710,200609,200410,200706,201009,201311,200909],"Y_PREVALENCE_1000PP":[0.12955,0.02801,0.01076,0.00656,0.03585,0.01055,0.02343,0.0407,0.01133,0.00817,0.01005,0.08766,0.04471,0.30287,0.00657,0.02277,0.00907,0.00781,0.00661,0.48571,0.09785,0.0426,0.04307,0.01328,0.00878,0.06034,0.00783,0.02605,0.0116,0.03685,0.05975,0.01366,0.1168,0.0169,0.00782,0.01108,0.00803,0.00694,0.18324,0.02585,0.13218,0.00662,0.01309,0.00927,0.03342,0.02124,0.01942,0.04653,0.04031,0.07197,0.03296,0.01,0.00881,0.3871,0.02833,0.08697,0.00792,0.00951,1.88715,0.05048,0.01265,0.00876,0.00884,0.00819,0.05314,0.00777,0.00901,0.01516,0.0554,0.01307,0.01261,0.0182,0.14919,0.01206,0.00879,0.10244,0.04411,0.01027,0.00854,0.01021,0.03249,0.01146,0.01235,0.00734,0.00771]},"OBS_FREQUENCY_DISTRIBUTION":{"Y_NUM_PERSONS":[0,0,0],"X_COUNT":[1,2,3]},"OBSERVATIONS_BY_TYPE":{"CONCEPT_NAME":"EHR","COUNT_VALUE":1042},"AGE_AT_FIRST_OCCURRENCE":{"CATEGORY":["FEMALE","MALE"],"MIN_VALUE":[8,2],"P10_VALUE":[38,30],"P25_VALUE":[55,40],"MEDIAN_VALUE":[70,53],"P75_VALUE":[79,69],"P90_VALUE":[86,78],"MAX_VALUE":[100,101]}}
