{"PREVALENCE_BY_GENDER_AGE_YEAR":{"TRELLIS_NAME":[],"SERIES_NAME":[],"X_CALENDAR_YEAR":[],"Y_PREVALENCE_1000PP":[]},"PREVALENCE_BY_MONTH":{"X_CALENDAR_MONTH":[200604,200605,200606,200607,200608,200609,200610,200611,200701,200702,200706,200707,200708,200709,200710,200711,200712,200801,200802,200803,200804,200805,200806,200807,200808,200809,200810,200811,200812,200901,200903,200904,200905,200906,200907,200908,200909,200911,201001,201003,201004,201005,201006,201007,201009,201101,201104,201203,201210,201212],"Y_PREVALENCE_1000PP":[0.02068,0.01154,0.01743,0.01843,0.01345,0.00875,0.01,0.01961,0.01491,0.00803,0.00764,0.00881,0.01493,0.00986,0.00732,0.01569,0.01554,0.01062,0.0117,0.00928,0.0138,0.01483,0.01019,0.01123,0.00669,0.00997,0.01211,0.00657,0.01089,0.00764,0.01093,0.01094,0.01096,0.00658,0.01208,0.0066,0.00771,0.00994,0.00775,0.00778,0.00779,0.00669,0.00894,0.00671,0.00898,0.00792,0.00911,0.00698,0.0071,0.00832]},"CONDITIONS_BY_TYPE":{"CONCEPT_NAME":"EHR","COUNT_VALUE":708},"AGE_AT_FIRST_DIAGNOSIS":{"CATEGORY":[],"MIN_VALUE":[],"P10_VALUE":[],"P25_VALUE":[],"MEDIAN_VALUE":[],"P75_VALUE":[],"P90_VALUE":[],"MAX_VALUE":[]}}
