{"PREVALENCE_BY_GENDER_AGE_YEAR":{"TRELLIS_NAME":[],"SERIES_NAME":[],"X_CALENDAR_YEAR":[],"Y_PREVALENCE_1000PP":[]},"PREVALENCE_BY_MONTH":{"X_CALENDAR_MONTH":[200001,200002,200003,200004,200005,200006,200007,200008,200009,200010,200011,200012,200101,200102,200103,200104,200105,200106,200107,200108,200109,200110,200111,200112,200201,200202,200203,200204,200205,200206,200207,200208,200209,200210,200211,200212,200301,200302,200303,200304,200305,200306,200307,200308,200309,200310,200311,200312,200401,200402,200403,200404,200405,200406,200407,200408,200409,200410,200411,200412,200501,200502,200503,200504,200505,200506,200507,200508,200509,200510,200511,200512,200601,200602,200603,200604,200605,200606,200607,200608,200609,200610,200611,200612,200701,200702,200703,200704,200705,200706,200707,200708,200709,200710,200711,200712,200801,200802,200803,200804,200805,200806,200807,200808,200809,200810,200811,200812,200901,200902,200903,200904,200905,200906,200907,200908,200909,200910,200911,200912,201001,201002,201003,201004,201005,201006,201007,201008,201009,201010,201011,201012,201101,201102,201103,201104,201105,201106,201107,201108,201109,201110,201111,201112,201201,201202,201203,201204,201205,201206,201207,201208,201209,201210,201211,201212,201301,201302,201303,201304,201305,201306,201307,201308,201309,201310,201311,201312,201401,201402,201403,201404,201405,201406,201407,201408,201409,201410,201411,201412,201501,201502,201503,201504,201505,201506,201507,201508,201509,201510,201511,201512,201601,201602,201603,201604,201605,201606,201607,201608,201609,201610,201611,201612,201701,201702,201703,201704,201705,201706,201707,201708,201709,201710,201711,201712,201801,201802,201803,201804,201805,201806,201807,201808,201809,201810,201811,201812],"Y_PREVALENCE_1000PP":[2.45329,0.92966,0.48571,0.4424,0.59037,0.31005,0.33652,0.20901,0.19032,0.19892,0.15981,0.27399,0.27616,0.11078,0.20582,0.19441,0.12216,0.20294,0.15219,0.18506,0.12713,0.11008,0.08244,0.17073,0.16436,0.12742,0.13365,0.15933,0.07721,0.14055,0.10011,0.12399,0.1035,0.09255,0.11491,0.1043,0.06277,0.05386,0.09805,0.06706,0.07351,0.10128,0.0994,0.11081,0.10853,0.05317,0.07832,0.07672,0.08172,0.08635,0.09669,0.09503,0.12857,0.05759,0.06221,0.08913,0.06592,0.07581,0.08008,0.07369,0.04665,0.05122,0.08579,0.10458,0.07372,0.05813,0.07178,0.07556,0.07935,0.06919,0.07748,0.08109,0.0368,0.02277,0.02002,0.03274,0.02802,0.03961,0.0384,0.0239,0.02917,0.02428,0.02661,0.0193,0.02711,0.02542,0.02902,0.01825,0.03219,0.0331,0.03902,0.02863,0.0345,0.02439,0.03018,0.03586,0.03069,0.03744,0.02204,0.0437,0.03992,0.03738,0.04716,0.04685,0.04987,0.04624,0.03612,0.04356,0.02509,0.02511,0.03497,0.03064,0.03506,0.034,0.01867,0.02748,0.03963,0.02756,0.03643,0.03317,0.03766,0.02442,0.04557,0.04454,0.03681,0.02458,0.03468,0.0325,0.02357,0.04386,0.03604,0.03273,0.04184,0.01814,0.03635,0.03073,0.03763,0.03428,0.02977,0.0367,0.02413,0.04145,0.03115,0.03005,0.02317,0.02671,0.0291,0.02801,0.02573,0.03517,0.03408,0.04358,0.02834,0.02367,0.04625,0.02735,0.03814,0.03227,0.04073,0.04685,0.02168,0.02778,0.02906,0.02792,0.04017,0.0354,0.04161,0.03436,0.0357,0.03459,0.02973,0.03232,0.03118,0.03877,0.04642,0.03525,0.03915,0.04181,0.04449,0.04208,0.02816,0.02185,0.03096,0.03497,0.0351,0.03262,0.03799,0.04868,0.02642,0.0252,0.03996,0.03745,0.04031,0.0351,0.03662,0.03136,0.04385,0.03306,0.02492,0.04174,0.03777,0.0408,0.03536,0.04269,0.04439,0.02306,0.03192,0.02778,0.05445,0.04003,0.04187,0.03468,0.035,0.03685,0.0434,0.03758,0.03008,0.02728,0.026,0.04454,0.03185,0.0564,0.06295,0.05612,0.06482,0.07005,0.09261,0.10703]},"CONDITIONS_BY_TYPE":{"CONCEPT_NAME":"EHR","COUNT_VALUE":6030},"AGE_AT_FIRST_DIAGNOSIS":{"CATEGORY":[],"MIN_VALUE":[],"P10_VALUE":[],"P25_VALUE":[],"MEDIAN_VALUE":[],"P75_VALUE":[],"P90_VALUE":[],"MAX_VALUE":[]}}
