{"PREVALENCE_BY_GENDER_AGE_YEAR":{"TRELLIS_NAME":[],"SERIES_NAME":[],"X_CALENDAR_YEAR":[],"Y_PREVALENCE_1000PP":[]},"PREVALENCE_BY_MONTH":{"X_CALENDAR_MONTH":[200108,200110,200205,200212,200401,200403,200404,200405,200407,200408,200409,200410,200411,200412,200501,200502,200503,200504,200505,200506,200507,200508,200509,200510,200511,200512,200601,200602,200603,200604,200605,200606,200607,200608,200609,200610,200611,200612,200701,200702,200703,200704,200705,200706,200707,200708,200709,200710,200711,200712,200801,200802,200803,200804,200805,200806,200807,200808,200809,200810,200811,200812,200901,200902,200903,200904,200905,200906,200907,200908,200909,200910,200911,200912,201001,201002,201003,201004,201005,201006,201007,201008,201009,201010,201011,201012,201101,201102,201103,201104,201105,201106,201107,201108,201109,201110,201111,201112,201201,201202,201203,201204,201205,201206,201207,201208,201209,201210,201211,201212,201301,201302,201303,201304,201305,201306,201307,201308,201309,201310,201311,201312,201401,201402,201403,201404,201405,201406,201407,201408,201409,201410,201411,201412,201501,201502,201503,201504,201505,201506,201507,201508,201509,201510,201511,201512,201601,201602,201603,201604,201605,201606,201607,201608,201609,201610,201611,201612,201701,201702,201703,201704,201705,201706,201707,201708,201709,201710,201711,201712,201801,201802,201803,201804,201805,201806,201807,201808,201809,201810,201811,201812],"Y_PREVALENCE_1000PP":[0.07931,0.07339,0.05791,0.05616,0.05657,0.04835,0.04158,0.0526,0.07352,0.039,0.06592,0.04332,0.05339,0.05264,0.05702,0.06146,0.05551,0.04482,0.05898,0.09204,0.06221,0.0425,0.04201,0.0738,0.03646,0.05406,0.04732,0.03312,0.05461,0.04481,0.03461,0.03961,0.02151,0.02092,0.03355,0.03286,0.02381,0.01792,0.02846,0.01873,0.02243,0.0339,0.01931,0.01018,0.02895,0.02489,0.02711,0.02439,0.0338,0.02869,0.04013,0.0234,0.0348,0.03795,0.06159,0.04304,0.04941,0.0435,0.06427,0.06166,0.07224,0.08603,0.08073,0.08735,0.10491,0.12036,0.11723,0.09432,0.1109,0.15171,0.15301,0.15984,0.17773,0.20785,0.20825,0.19644,0.24896,0.21379,0.23533,0.21225,0.23608,0.2443,0.23574,0.20242,0.23992,0.23362,0.23182,0.23011,0.27713,0.23447,0.203,0.21027,0.1935,0.22136,0.2126,0.20379,0.20187,0.21847,0.23633,0.2276,0.25258,0.20774,0.26432,0.32242,0.26559,0.27323,0.22906,0.2343,0.20874,0.22352,0.22407,0.18408,0.20606,0.1826,0.21559,0.22341,0.21429,0.18209,0.19355,0.2197,0.17866,0.22211,0.20188,0.1964,0.19575,0.2051,0.17334,0.1676,0.207,0.19133,0.17048,0.15202,0.1665,0.18489,0.18943,0.18766,0.1819,0.15671,0.15469,0.1605,0.16115,0.14867,0.17307,0.16447,0.13719,0.16184,0.16661,0.16469,0.23467,0.17452,0.14388,0.13773,0.11904,0.16557,0.1399,0.14772,0.16833,0.17077,0.17901,0.13693,0.18571,0.1418,0.17952,0.17496,0.16896,0.16134,0.14303,0.14126,0.17205,0.18166,0.20895,0.17488,0.15923,0.16002,0.17599,0.1504,0.13815,0.1756,0.16015,0.18255,0.25332,0.40486]},"CONDITIONS_BY_TYPE":{"CONCEPT_NAME":"EHR","COUNT_VALUE":21451},"AGE_AT_FIRST_DIAGNOSIS":{"CATEGORY":[],"MIN_VALUE":[],"P10_VALUE":[],"P25_VALUE":[],"MEDIAN_VALUE":[],"P75_VALUE":[],"P90_VALUE":[],"MAX_VALUE":[]}}
