{"PREVALENCE_BY_GENDER_AGE_YEAR":{"TRELLIS_NAME":["80-89","80-89","80-89","80-89","90-99","80-89","80-89","90-99","80-89"],"SERIES_NAME":["FEMALE","MALE","MALE","FEMALE","FEMALE","MALE","FEMALE","FEMALE","FEMALE"],"X_CALENDAR_YEAR":[2015,2015,2016,2016,2016,2017,2017,2017,2018],"Y_PREVALENCE_1000PP":[0.1636,0.20349,0.17715,0.27338,0.65215,0.22785,0.20221,0.49502,0.20583]},"PREVALENCE_BY_MONTH":{"X_CALENDAR_MONTH":[201511,201605,201609,201610,201705,201709,201801,201802],"Y_PREVALENCE_1000PP":[0.01066,0.00822,0.00979,0.01407,0.0103,0.00913,0.0095,0.00963]},"CONDITIONS_BY_TYPE":{"CONCEPT_NAME":"EHR","COUNT_VALUE":268},"AGE_AT_FIRST_DIAGNOSIS":{"CATEGORY":["FEMALE","MALE"],"MIN_VALUE":[25,55],"P10_VALUE":[69,68],"P25_VALUE":[77,76],"MEDIAN_VALUE":[84,80],"P75_VALUE":[88,84],"P90_VALUE":[93,88],"MAX_VALUE":[99,92]}}
