{"PREVALENCE_BY_GENDER_AGE_YEAR":{"TRELLIS_NAME":[],"SERIES_NAME":[],"X_CALENDAR_YEAR":[],"Y_PREVALENCE_1000PP":[]},"PREVALENCE_BY_MONTH":{"X_CALENDAR_MONTH":[200512,200601,200602,200603,200604,200605,200606,200607,200608,200609,200610,200611,200612,200701,200702,200703,200704,200705,200706,200707,200708,200709,200710,200711,200712,200801,200802,200803,200804,200805,200806,200807,200808,200809,200810,200811,200812,200901,200902,200903,200904,200905,200906,200907,200908,200909,200910,200911,200912,201001,201002,201003,201004,201005,201006,201007,201008,201009,201010,201011,201012,201101,201102,201103,201104,201105,201106,201107,201108,201109,201110,201111,201112,201201,201202,201203,201204,201205,201206,201207,201208,201209,201210,201211,201212,201301,201302,201303,201304,201305,201306,201307,201308,201309,201310,201311,201312,201401,201402,201403,201404,201405,201406,201407,201408,201409,201410,201411,201412,201501,201502,201503,201504,201505,201506,201507,201508,201509,201510,201511,201512,201601,201602,201603,201604,201605,201606,201607,201608,201609,201610,201611,201612,201701,201702,201703,201704,201705,201706,201707,201708,201709,201710,201711,201712,201801,201802,201803,201804,201805,201806,201807,201808,201809,201810,201811,201812],"Y_PREVALENCE_1000PP":[0.02703,3.0414,2.28539,2.33543,1.74065,1.78169,1.76335,1.79108,1.77035,1.56077,1.48136,1.4637,1.29152,1.556,1.32874,1.55403,1.21504,1.36216,1.34564,1.50281,1.62542,1.38997,1.63042,1.65601,1.42127,1.8011,1.54779,1.64709,1.57787,1.5581,1.46565,1.66075,1.49922,1.54253,1.66916,1.63193,1.60075,1.43343,1.60943,1.63924,1.52748,1.4593,1.6758,1.6964,1.63032,1.78989,1.81008,1.87114,1.88062,1.738,1.54928,2.12503,1.71254,1.86705,1.68239,1.90876,1.92977,1.93079,1.80044,1.943,1.87238,1.88851,1.43052,1.73777,1.53544,1.7289,1.80101,1.63046,1.8707,1.72606,1.8007,1.82141,1.65296,1.70646,1.74067,1.82391,1.40163,1.68884,1.60156,1.63822,1.73008,1.64594,1.71467,1.65093,1.63595,1.83192,1.46304,1.63889,1.72153,1.72712,1.7112,1.97582,1.84637,1.92216,1.93821,1.92247,1.90697,1.8489,1.68611,1.90052,1.63086,1.79072,1.73605,1.88554,1.83403,1.821,1.65069,1.56208,1.63982,1.70872,1.40614,1.67319,1.42464,1.48714,1.5619,1.62588,1.58011,1.64483,1.62345,1.55838,1.68657,1.63112,1.47279,1.61689,1.58842,1.54975,1.47646,1.42017,1.59305,1.45214,1.31401,1.54324,1.44583,1.32326,1.46014,1.55681,1.20018,1.23607,1.41602,1.36813,1.44153,1.44399,1.38802,1.52671,1.21992,1.52441,1.29798,1.47211,1.33126,1.43308,1.39628,1.42867,1.54058,1.40321,1.67692,2.16544,3.52275]},"CONDITIONS_BY_TYPE":{"CONCEPT_NAME":"EHR","COUNT_VALUE":205056},"AGE_AT_FIRST_DIAGNOSIS":{"CATEGORY":[],"MIN_VALUE":[],"P10_VALUE":[],"P25_VALUE":[],"MEDIAN_VALUE":[],"P75_VALUE":[],"P90_VALUE":[],"MAX_VALUE":[]}}
