{"PREVALENCE_BY_GENDER_AGE_YEAR":{"TRELLIS_NAME":[],"SERIES_NAME":[],"X_CALENDAR_YEAR":[],"Y_PREVALENCE_1000PP":[]},"PREVALENCE_BY_MONTH":{"X_CALENDAR_MONTH":[201011,201012,201102,201104,201106,201203,201205,201301,201607,201608,201609,201610,201611,201612,201701,201705,201706,201707,201711,201712,201811],"Y_PREVALENCE_1000PP":[0.00788,0.00677,0.0068,0.00683,0.008,0.00698,0.00819,0.00715,0.00969,0.00835,0.01259,0.00985,0.00849,0.00996,0.00859,0.01324,0.0089,0.01047,0.0093,0.0094,0.01634]},"CONDITIONS_BY_TYPE":{"CONCEPT_NAME":"EHR","COUNT_VALUE":738},"AGE_AT_FIRST_DIAGNOSIS":{"CATEGORY":[],"MIN_VALUE":[],"P10_VALUE":[],"P25_VALUE":[],"MEDIAN_VALUE":[],"P75_VALUE":[],"P90_VALUE":[],"MAX_VALUE":[]}}
