{"PREVALENCE_BY_GENDER_AGE_YEAR":{"TRELLIS_NAME":[],"SERIES_NAME":[],"X_CALENDAR_YEAR":[],"Y_PREVALENCE_1000PP":[]},"PREVALENCE_BY_MONTH":{"X_CALENDAR_MONTH":[200001,200002,200003,200004,200005,200007,200010,200011,200012,200101,200102,200103,200104,200105,200106,200107,200108,200109,200110,200111,200112,200202,200203,200204,200205,200206,200207,200208,200209,200211,200301,200302,200303,200306,200307,200308,200309,200310,200311,200312,200401,200402,200403,200405,200406,200407,200408,200409,200410,200411,200412,200501,200502,200503,200504,200505,200506,200507,200508,200509,200510,200511,200512,200601,200602,200603,200604,200605,200606,200607,200608,200609,200610,200611,200701,200702,200703,200704,200705,200706,200707,200708,200709,200710,200711,200712,200801,200802,200803,200804,200805,200806,200807,200808,200809,200810,200811,200812,200901,200902,200903,200904,200905,200906,200907,200908,200909,200910,201001,201002,201003,201004,201005,201006,201007,201008,201009,201010,201011,201012,201101,201103,201104,201105,201106,201107,201109,201110,201111,201112,201201,201202,201203,201204,201205,201207,201208,201209,201210,201211,201212,201303,201304,201305,201307,201308,201309,201310,201311,201312,201401,201402,201403,201404,201405,201406,201407,201408,201409,201410,201411,201412,201502,201504,201505,201506,201507,201508,201509,201510,201512,201601,201602,201603,201605,201606,201612,201703,201705,201708,201709,201801,201802,201804,201806,201808,201810,201812],"Y_PREVALENCE_1000PP":[1.69843,0.72307,0.69387,0.60831,0.86285,0.37017,0.19892,0.20547,0.29507,0.21698,0.18463,0.27443,0.14581,0.18324,0.27542,0.12452,0.09253,0.12713,0.13455,0.07066,0.07967,0.06371,0.12337,0.14937,0.14477,0.13118,0.10011,0.08857,0.11213,0.07387,0.07847,0.07695,0.07542,0.06511,0.071,0.04848,0.05426,0.04653,0.03916,0.05115,0.044,0.04318,0.07252,0.06428,0.05759,0.0509,0.039,0.06592,0.05956,0.03737,0.0579,0.04147,0.04097,0.05551,0.04482,0.06881,0.09204,0.0335,0.0425,0.03734,0.05996,0.02735,0.04055,0.02103,0.01863,0.01456,0.02068,0.01154,0.01109,0.0169,0.02241,0.05689,0.01714,0.01681,0.02033,0.02007,0.01319,0.01304,0.02575,0.01146,0.01133,0.01493,0.01602,0.01098,0.01086,0.01195,0.0177,0.00702,0.01276,0.0115,0.00798,0.00906,0.01011,0.02008,0.0133,0.00771,0.00766,0.01198,0.00873,0.00764,0.01093,0.00875,0.00657,0.00877,0.00878,0.00989,0.00881,0.01213,0.00997,0.01332,0.01223,0.01113,0.00892,0.01229,0.01455,0.00897,0.00786,0.01237,0.00676,0.01241,0.01018,0.00681,0.00683,0.01825,0.01257,0.01145,0.01264,0.00806,0.00807,0.00809,0.00927,0.01161,0.01164,0.00817,0.00819,0.01175,0.00707,0.01181,0.01302,0.01423,0.0107,0.01557,0.00721,0.00964,0.01453,0.01457,0.00974,0.01098,0.00857,0.01227,0.01108,0.01235,0.00867,0.01119,0.01122,0.01376,0.01004,0.00881,0.0101,0.01013,0.01398,0.00893,0.009,0.00907,0.0143,0.00783,0.01048,0.01053,0.01321,0.00796,0.0107,0.01612,0.0081,0.00814,0.00959,0.01102,0.00854,0.01451,0.00883,0.01508,0.00913,0.01425,0.01444,0.01485,0.01025,0.01448,0.02547,0.04188]},"CONDITIONS_BY_TYPE":{"CONCEPT_NAME":"EHR","COUNT_VALUE":2099},"AGE_AT_FIRST_DIAGNOSIS":{"CATEGORY":[],"MIN_VALUE":[],"P10_VALUE":[],"P25_VALUE":[],"MEDIAN_VALUE":[],"P75_VALUE":[],"P90_VALUE":[],"MAX_VALUE":[]}}
