{"PREVALENCE_BY_GENDER_AGE_YEAR":{"TRELLIS_NAME":[],"SERIES_NAME":[],"X_CALENDAR_YEAR":[],"Y_PREVALENCE_1000PP":[]},"PREVALENCE_BY_MONTH":{"X_CALENDAR_MONTH":[200001,200002,200003,200004,200005,200006,200007,200008,200009,200010,200011,200012,200101,200102,200103,200104,200105,200106,200107,200108,200109,200110,200111,200112,200201,200202,200203,200204,200205,200206,200207,200208,200209,200210,200211,200212,200301,200302,200303,200304,200305,200306,200307,200308,200309,200310,200311,200312,200401,200402,200403,200404,200405,200406,200407,200408,200409,200410,200411,200412,200501,200502,200503,200504,200505,200506,200507,200508,200509,200510,200511,200512,200601,200602,200603,200604,200605,200606,200607,200608,200609,200610,200611,200612,200701,200702,200703,200704,200705,200706,200707,200708,200709,200710,200711,200712,200801,200802,200803,200804,200805,200806,200807,200808,200809,200810,200811,200812,200901,200902,200903,200904,200905,200906,200907,200908,200909,200910,200911,200912,201001,201002,201003,201004,201005,201006,201007,201008,201009,201010,201011,201012,201101,201102,201103,201104,201105,201106,201107,201108,201109,201110,201111,201112,201201,201202,201203,201204,201205,201206,201207,201208,201209,201210,201211,201212,201301,201302,201303,201304,201305,201306,201307,201308,201309,201310,201311,201312,201401,201402,201403,201404,201405,201406,201407,201408,201409,201410,201411,201412,201501,201502,201503,201504,201505,201506,201507,201508,201509,201510,201511,201512,201601,201602,201603,201604,201605,201606,201607,201608,201609,201610,201611,201612,201701,201702,201703,201704,201705,201706,201707,201708,201709,201710,201711,201712,201801,201802,201803,201804,201805,201806,201807,201808,201809,201810,201811,201812],"Y_PREVALENCE_1000PP":[81.90225,42.55759,34.69331,22.61793,19.34605,18.71948,16.11926,13.94363,12.64274,11.61172,11.6887,10.68561,8.60045,8.84368,9.9139,7.95464,8.73429,7.69721,7.26362,6.86036,6.72523,7.26552,6.7718,6.61302,6.85937,5.26668,5.5619,5.1782,4.78695,4.23538,3.94066,4.23346,3.89857,3.66834,3.87422,3.78703,4.06466,3.77817,3.47696,1.55732,1.92602,2.48137,2.64118,2.76323,2.59106,2.87129,2.76728,2.9857,2.69662,2.87429,3.11841,2.79751,2.65319,2.5395,2.51681,2.5904,2.40061,2.64244,2.74423,2.58973,2.69029,2.07432,2.73526,2.46002,2.57532,2.46574,2.26822,2.53124,2.17985,2.31555,2.40639,2.30218,1.25652,1.13649,1.13768,0.82552,0.86035,0.89673,0.77419,0.83811,0.81977,0.74996,0.85581,0.8091,0.85526,0.70384,0.88915,0.79786,0.83301,0.7944,0.77406,0.77039,0.69252,0.78777,0.83645,0.82838,0.99969,0.88445,0.93606,0.99364,1.01858,0.91518,1.00947,0.90913,0.97738,1.08672,1.24666,1.41454,1.31016,1.45329,1.46221,1.32396,1.26538,1.29743,1.47022,1.48851,1.47286,1.60835,1.87887,2.00666,2.05702,1.90109,2.20172,2.01986,2.08007,1.86784,1.94456,2.14382,2.07784,1.92865,2.02523,2.12971,2.26735,1.91001,2.0592,1.75511,1.8475,1.77815,1.79649,1.87643,1.81225,1.81682,1.87678,1.92576,1.95438,1.96362,2.00433,1.75058,2.01046,1.81729,1.72049,1.87259,1.59753,1.57622,1.7209,1.67162,1.89747,1.66504,1.71676,1.778,1.87887,1.63875,1.58598,1.62908,1.5947,1.52567,1.51742,1.62596,1.65441,1.66387,1.69982,1.606,1.6311,1.52593,1.46402,1.52437,1.42826,1.39353,1.43117,1.57479,1.7228,1.37658,1.50935,1.37025,1.45984,1.5084,1.28656,1.42749,1.38852,1.54785,1.37324,1.45384,1.58812,1.50384,1.50837,1.51343,1.49768,1.37179,1.34404,1.38574,1.42836,1.3323,1.5008,1.46291,1.40632,1.50338,1.59453,1.37267,1.47446,1.3834,1.42046,1.45058,1.33596,1.42948,1.58406,1.4282,1.60356,1.42473,1.47698,1.35271,1.53029,1.36381,1.35173,1.51524,1.55383,1.78729,2.14637,3.93692]},"CONDITIONS_BY_TYPE":{"CONCEPT_NAME":"EHR","COUNT_VALUE":257593},"AGE_AT_FIRST_DIAGNOSIS":{"CATEGORY":[],"MIN_VALUE":[],"P10_VALUE":[],"P25_VALUE":[],"MEDIAN_VALUE":[],"P75_VALUE":[],"P90_VALUE":[],"MAX_VALUE":[]}}
