{"PREVALENCE_BY_GENDER_AGE_YEAR":{"TRELLIS_NAME":[],"SERIES_NAME":[],"X_CALENDAR_YEAR":[],"Y_PREVALENCE_1000PP":[]},"PREVALENCE_BY_MONTH":{"X_CALENDAR_MONTH":[200001,200002,200003,200004,200005,200006,200007,200008,200009,200010,200011,200012,200101,200102,200103,200104,200105,200106,200107,200108,200109,200110,200111,200112,200201,200202,200203,200204,200205,200206,200207,200208,200209,200210,200211,200212,200301,200302,200303,200304,200305,200306,200307,200308,200309,200310,200311,200312,200401,200402,200403,200404,200405,200406,200407,200408,200409,200410,200411,200412,200501,200502,200503,200504,200505,200506,200507,200508,200509,200510,200511,200512,200601,200602,200603,200604,200605,200606,200607,200608,200609,200610,200611,200612,200701,200702,200703,200704,200705,200706,200707,200708,200709,200710,200711,200712,200801,200802,200803,200804,200805,200806,200807,200808,200809,200810,200811,200812,200901,200902,200903,200904,200905,200906,200907,200908,200909,200910,200911,200912,201001,201002,201003,201004,201005,201006,201007,201008,201009,201010,201011,201012,201101,201102,201103,201104,201105,201106,201107,201108,201109,201110,201111,201112,201201,201202,201203,201204,201205,201206,201207,201208,201209,201210,201211,201212,201301,201302,201303,201304,201305,201306,201307,201308,201309,201310,201311,201312,201401,201402,201403,201404,201405,201406,201407,201408,201409,201410,201411,201412,201501,201502,201503,201504,201505,201506,201507,201508,201509,201510,201511,201512,201601,201602,201603,201604,201605,201606,201607,201608,201609,201610,201611,201612,201701,201702,201703,201704,201705,201706,201707,201708,201709,201710,201711,201712,201801,201802,201803,201804,201805,201806,201807,201808,201809,201810,201811,201812],"Y_PREVALENCE_1000PP":[6.4163,3.92521,4.02442,1.99082,2.4069,1.89908,2.01911,2.14977,1.52257,1.5416,1.25562,0.99058,0.92711,0.96006,1.11488,0.81004,0.94672,0.89873,0.84396,1.01782,0.83906,0.79505,0.94216,0.56911,0.44926,0.26546,0.40095,0.40828,0.3957,0.36544,0.40044,0.4694,0.36226,0.33654,0.27908,0.28884,0.31387,0.31549,0.25644,0.17138,0.14702,0.18086,0.2343,0.26317,0.29166,0.21933,0.30675,0.27491,0.16343,0.25289,0.29008,0.23164,0.23376,0.25337,0.28844,0.28411,0.17579,0.20576,0.22424,0.18949,0.23845,0.18438,0.2271,0.21911,0.21133,0.24706,0.22012,0.28335,0.26606,0.26292,0.25067,0.18471,0.11303,0.11593,0.0983,0.08445,0.10713,0.08714,0.07527,0.0732,0.07731,0.08571,0.06863,0.07857,0.07184,0.06021,0.06728,0.06388,0.06309,0.05602,0.06923,0.07094,0.08133,0.09268,0.09294,0.09921,0.08616,0.07136,0.07424,0.092,0.09239,0.07022,0.09432,0.09035,0.08533,0.09909,0.10726,0.1187,0.10036,0.11465,0.14644,0.11161,0.09312,0.10419,0.14274,0.12532,0.1453,0.15213,0.15234,0.16252,0.18942,0.13984,0.16449,0.16034,0.17399,0.1631,0.19804,0.18715,0.174,0.16194,0.15995,0.16139,0.18772,0.15189,0.16355,0.13545,0.16992,0.15199,0.17175,0.1514,0.16548,0.14507,0.15457,0.12715,0.15871,0.14167,0.16295,0.14705,0.15789,0.14773,0.13985,0.15075,0.14287,0.15147,0.1269,0.12127,0.15852,0.11475,0.12459,0.14056,0.12526,0.13284,0.13196,0.1311,0.13269,0.13182,0.12482,0.15953,0.1194,0.13464,0.15239,0.14171,0.11348,0.13633,0.13298,0.14979,0.12376,0.14062,0.1182,0.13771,0.13567,0.11568,0.14965,0.14117,0.14689,0.14353,0.1297,0.12893,0.11098,0.12202,0.13719,0.14044,0.14108,0.11205,0.12886,0.11317,0.13977,0.15013,0.12734,0.12939,0.12731,0.12943,0.12731,0.10531,0.11886,0.12108,0.14654,0.11695,0.12802,0.13048,0.12111,0.11611,0.15825,0.12283,0.13795,0.12528,0.12031,0.12515,0.12024,0.10888,0.15588,0.13843,0.12241,0.17017,0.13346,0.16132,0.22335,0.34436]},"CONDITIONS_BY_TYPE":{"CONCEPT_NAME":"EHR","COUNT_VALUE":22016},"AGE_AT_FIRST_DIAGNOSIS":{"CATEGORY":[],"MIN_VALUE":[],"P10_VALUE":[],"P25_VALUE":[],"MEDIAN_VALUE":[],"P75_VALUE":[],"P90_VALUE":[],"MAX_VALUE":[]}}
