{"PREVALENCE_BY_GENDER_AGE_YEAR":{"TRELLIS_NAME":[],"SERIES_NAME":[],"X_CALENDAR_YEAR":[],"Y_PREVALENCE_1000PP":[]},"PREVALENCE_BY_MONTH":{"X_CALENDAR_MONTH":[200001,200002,200003,200004,200005,200006,200007,200008,200009,200010,200011,200012,200101,200102,200103,200104,200105,200106,200107,200108,200109,200110,200111,200112,200201,200202,200203,200204,200205,200206,200207,200208,200209,200210,200211,200212,200301,200302,200303,200305,200306,200307,200308,200309,200310,200311,200312,200401,200402,200403,200404,200405,200406,200407,200408,200409,200410,200411,200412,200501,200502,200503,200504,200505,200506,200507,200508,200509,200510,200511,200512,200601,200602,200603,200604,200605,200606,200607,200608,200609,200610,200611,200612,200701,200702,200703,200704,200705,200706,200707,200708,200709,200710,200711,200712,200801,200802,200803,200804,200805,200806,200807,200808,200809,200810,200811,200812,200901,200902,200903,200904,200905,200906,200907,200908,200909,200910,200911,200912,201001,201002,201003,201004,201005,201006,201007,201008,201009,201010,201011,201012,201101,201102,201103,201104,201105,201106,201107,201108,201109,201110,201111,201112,201201,201202,201203,201204,201205,201206,201207,201208,201209,201210,201211,201212,201301,201302,201303,201304,201305,201306,201307,201308,201309,201310,201311,201312,201401,201402,201403,201404,201405,201406,201407,201408,201409,201410,201411,201412,201501,201502,201503,201504,201505,201506,201507,201508,201509,201510,201511,201512,201601,201602,201603,201604,201605,201606,201607,201608,201609,201610,201611,201612,201701,201702,201703,201704,201705,201706,201707,201708,201709,201710,201711,201712,201801,201802,201803,201804,201805,201806,201807,201808,201809,201810,201811,201812],"Y_PREVALENCE_1000PP":[2.64201,1.03295,0.83264,1.21661,0.77203,0.50384,0.94225,0.80616,0.57096,0.47243,0.41093,0.37937,0.37479,0.44311,0.51456,0.42122,0.44282,0.37689,0.51191,0.46264,0.16527,0.25686,0.24732,0.27317,0.19723,0.15927,0.20562,0.34853,0.18337,0.20615,0.32763,0.32769,0.1725,0.24399,0.15595,0.28884,0.18832,0.18468,0.24135,0.07351,0.06511,0.1065,0.19391,0.15601,0.15287,0.24148,0.18541,0.08172,0.11102,0.12691,0.15443,0.14026,0.08062,0.13008,0.16712,0.14832,0.07039,0.08542,0.0579,0.0933,0.07683,0.08075,0.11454,0.05406,0.10657,0.14356,0.1889,0.04201,0.0738,0.05925,0.13516,3.50668,2.67871,2.67219,2.15944,2.25801,2.3448,2.3625,2.39781,2.17049,2.07704,2.3013,2.06616,2.28113,1.92018,2.47748,2.04288,2.40245,2.23552,2.5563,2.66215,2.39302,2.61696,2.76404,2.23889,2.71935,2.29537,2.66087,2.62556,2.52992,2.36611,2.72412,2.40946,2.60524,2.71404,3.20695,3.08934,2.99232,3.27237,3.4293,3.20376,3.36778,3.47992,3.23689,3.24526,3.3398,3.50663,3.65175,3.39086,3.42725,2.9665,3.88107,3.40504,3.89693,3.86303,4.161,4.14419,4.88871,4.8188,4.44356,4.62734,4.79027,3.68853,4.93845,4.22047,4.76245,5.02933,4.87536,5.27717,5.37238,5.95475,5.50115,5.36114,5.10663,5.5483,5.99086,4.9343,6.08168,5.8036,5.9935,6.46926,6.28739,6.6291,6.58592,6.18475,6.92124,5.73262,6.5987,6.80684,7.15899,6.64797,7.37663,7.46438,6.98014,7.34274,7.19305,6.94191,7.46455,6.52579,7.57484,7.048,7.43973,7.19062,7.84075,7.4494,7.25875,7.5339,7.01221,7.16115,7.62076,6.3585,7.8009,6.60127,6.77924,7.06836,7.60142,7.54398,7.36539,7.59998,7.46956,7.81625,7.63429,6.88339,7.87418,7.8262,7.63778,7.57374,7.48287,8.29079,7.79094,7.61677,7.9029,7.73575,7.07598,7.62359,8.68939,6.78151,7.24131,8.05575,7.73927,8.07469,8.29574,7.40533,8.2241,7.33991,8.27582,6.92792,8.48982,7.54383,8.19452,7.97778,8.36745,9.37202,8.80819,10.27376,13.27319,21.23422]},"CONDITIONS_BY_TYPE":{"CONCEPT_NAME":"EHR","COUNT_VALUE":665026},"AGE_AT_FIRST_DIAGNOSIS":{"CATEGORY":[],"MIN_VALUE":[],"P10_VALUE":[],"P25_VALUE":[],"MEDIAN_VALUE":[],"P75_VALUE":[],"P90_VALUE":[],"MAX_VALUE":[]}}
