{"PREVALENCE_BY_GENDER_AGE_YEAR":{"TRELLIS_NAME":[],"SERIES_NAME":[],"X_CALENDAR_YEAR":[],"Y_PREVALENCE_1000PP":[]},"PREVALENCE_BY_MONTH":{"X_CALENDAR_MONTH":[200001,200003,200004,200005,200006,200007,200008,200009,200010,200011,200012,200101,200102,200103,200104,200105,200106,200107,200108,200109,200110,200111,200112,200201,200202,200203,200204,200205,200206,200207,200208,200209,200210,200211,200212,200301,200302,200303,200304,200305,200306,200307,200308,200309,200310,200311,200312,200401,200402,200403,200404,200405,200406,200407,200408,200409,200410,200411,200412,200501,200502,200503,200504,200505,200506,200507,200508,200509,200510,200511,200512,200601,200602,200603,200604,200605,200606,200607,200608,200609,200610,200611,200612,200701,200702,200703,200704,200705,200706,200707,200708,200709,200710,200711,200712,200801,200802,200803,200804,200805,200806,200807,200808,200809,200810,200811,200812,200901,200902,200903,200904,200905,200906,200907,200908,200909,200910,200911,200912,201001,201002,201003,201004,201005,201006,201007,201008,201009,201010,201011,201012,201101,201102,201103,201104,201105,201106,201107,201108,201109,201110,201111,201112,201201,201202,201203,201204,201205,201206,201207,201208,201209,201210,201211,201212,201301,201302,201303,201304,201305,201306,201307,201308,201309,201310,201311,201312,201401,201402,201403,201404,201405,201406,201407,201408,201409,201410,201411,201412,201501,201502,201503,201504,201505,201506,201507,201508,201509,201510,201511,201512,201601,201602,201603,201604,201605,201606,201607,201608,201609,201610,201611,201612,201701,201702,201703,201704,201705,201706,201707,201708,201709,201710,201711,201712,201801,201802,201803,201804,201805,201806,201807,201808,201809,201810,201811,201812],"Y_PREVALENCE_1000PP":[2.45329,0.90203,0.66361,0.63579,0.69762,0.37017,0.35829,0.46221,0.32324,0.54791,0.12646,0.21698,0.22155,0.24013,0.21061,0.19851,0.20294,0.27671,0.22471,0.30511,0.18347,0.17666,0.23902,0.19723,0.19113,0.15421,0.13941,0.14477,0.14055,0.20022,0.16828,0.1035,0.11779,0.19699,0.15244,0.14124,0.1462,0.12822,0.07451,0.05881,0.07958,0.0497,0.14543,0.06105,0.05982,0.09137,0.13426,0.09429,0.06785,0.06648,0.05346,0.08766,0.12093,0.07918,0.0947,0.06592,0.11371,0.10678,0.06843,0.07775,0.0461,0.10598,0.09462,0.07864,0.09204,0.13877,0.09445,0.07002,0.0738,0.07748,0.07208,0.03943,0.03519,0.05097,0.02585,0.02143,0.0206,0.03072,0.03586,0.03355,0.02571,0.04202,0.02895,0.03253,0.02542,0.03694,0.03129,0.03734,0.03437,0.04154,0.03236,0.03204,0.0378,0.02655,0.03227,0.05075,0.03978,0.03944,0.05405,0.03992,0.06003,0.05053,0.04462,0.04876,0.05615,0.05582,0.05771,0.05891,0.06224,0.05246,0.05799,0.04711,0.06471,0.06039,0.07256,0.05944,0.06173,0.06403,0.05417,0.0576,0.05105,0.06113,0.06681,0.058,0.06032,0.06601,0.06612,0.06623,0.05061,0.06984,0.05982,0.05541,0.04534,0.04657,0.05236,0.04676,0.05371,0.05267,0.07341,0.05631,0.0403,0.04845,0.04624,0.04634,0.06038,0.06053,0.06769,0.06433,0.06683,0.05406,0.07891,0.05195,0.06035,0.05811,0.03686,0.06436,0.05379,0.05751,0.06728,0.06142,0.05193,0.04964,0.0522,0.05478,0.05737,0.04283,0.06749,0.05786,0.04076,0.04584,0.05096,0.05237,0.05003,0.05645,0.03776,0.0442,0.05067,0.06101,0.05356,0.05248,0.04884,0.06966,0.06217,0.0715,0.07046,0.06289,0.06841,0.05945,0.05571,0.0666,0.05885,0.07524,0.05535,0.0529,0.05999,0.06988,0.06473,0.0609,0.064,0.06715,0.07456,0.07638,0.06831,0.06015,0.07351,0.074,0.07455,0.0721,0.09045,0.06579,0.06785,0.06847,0.05835,0.0837,0.05951,0.05066,0.04974,0.07149,0.06929,0.06369,0.06836,0.08219,0.09957,0.08961,0.11038,0.1144,0.16287]},"CONDITIONS_BY_TYPE":{"CONCEPT_NAME":"EHR","COUNT_VALUE":8950},"AGE_AT_FIRST_DIAGNOSIS":{"CATEGORY":[],"MIN_VALUE":[],"P10_VALUE":[],"P25_VALUE":[],"MEDIAN_VALUE":[],"P75_VALUE":[],"P90_VALUE":[],"MAX_VALUE":[]}}
