{"PREVALENCE_BY_GENDER_AGE_YEAR":{"TRELLIS_NAME":[],"SERIES_NAME":[],"X_CALENDAR_YEAR":[],"Y_PREVALENCE_1000PP":[]},"PREVALENCE_BY_MONTH":{"X_CALENDAR_MONTH":[200001,200002,200004,200005,200006,200007,200009,200010,200103,200104,200105,200108,200109,200110,200111,200112,200204,200205,200206,200207,200208,200303,200307,200402,200403,200409,200501,200503,200506,200507,200508,200510,200602,200606,200609,200610,200611,200701,200702,200703,200705,200707,200709,200710,200802,200803,200807,200811,200812,200904,200905,200908,200909,201001,201003,201004,201008,201010,201011,201104,201105,201106,201108,201201,201202,201203,201205,201207,201208,201209,201211,201307,201309,201310,201312,201504,201703,201705,201708,201711],"Y_PREVALENCE_1000PP":[1.69843,0.72307,0.3871,0.31789,0.31005,0.26922,0.29908,0.17405,0.12006,0.12961,0.09162,0.07931,0.08899,0.07339,0.07066,0.07967,0.06971,0.06756,0.06559,0.07281,0.05314,0.04525,0.0426,0.03701,0.03626,0.03296,0.04147,0.03028,0.03875,0.04307,0.03306,0.0369,0.01449,0.01426,0.00875,0.01,0.0084,0.00949,0.00803,0.00923,0.00901,0.00881,0.00739,0.00976,0.00936,0.00812,0.00786,0.00657,0.00653,0.00766,0.00767,0.0066,0.00771,0.00775,0.00778,0.00779,0.01009,0.009,0.00676,0.00683,0.00912,0.00686,0.01147,0.00927,0.00813,0.00815,0.0117,0.01175,0.0106,0.00708,0.01305,0.00726,0.00852,0.01221,0.00982,0.00777,0.00871,0.01177,0.00905,0.01085]},"CONDITIONS_BY_TYPE":{"CONCEPT_NAME":"EHR","COUNT_VALUE":1248},"AGE_AT_FIRST_DIAGNOSIS":{"CATEGORY":[],"MIN_VALUE":[],"P10_VALUE":[],"P25_VALUE":[],"MEDIAN_VALUE":[],"P75_VALUE":[],"P90_VALUE":[],"MAX_VALUE":[]}}
