{"PREVALENCE_BY_GENDER_AGE_YEAR":{"TRELLIS_NAME":[],"SERIES_NAME":[],"X_CALENDAR_YEAR":[],"Y_PREVALENCE_1000PP":[]},"PREVALENCE_BY_MONTH":{"X_CALENDAR_MONTH":[200601,200603,200606,200607,200610,200611,200708,200709,200801,200802,200803,200804,200805,200806,200807,200808,200809,200810,200902,200904,200906,200907,201003,201007,201009,201010,201107,201111,201211,201212,201304,201305,201306,201404,201502,201511,201702,201706,201709],"Y_PREVALENCE_1000PP":[0.01577,0.01274,0.00951,0.01382,0.00857,0.0098,0.00747,0.00986,0.00944,0.00702,0.01392,0.01035,0.01027,0.01586,0.01011,0.00669,0.01219,0.00991,0.00874,0.00657,0.00768,0.00659,0.00778,0.00671,0.0101,0.01012,0.00687,0.00807,0.01067,0.00713,0.00841,0.00723,0.00966,0.00746,0.00771,0.00932,0.00865,0.01186,0.00913]},"CONDITIONS_BY_TYPE":{"CONCEPT_NAME":"EHR","COUNT_VALUE":683},"AGE_AT_FIRST_DIAGNOSIS":{"CATEGORY":[],"MIN_VALUE":[],"P10_VALUE":[],"P25_VALUE":[],"MEDIAN_VALUE":[],"P75_VALUE":[],"P90_VALUE":[],"MAX_VALUE":[]}}
