{"PREVALENCE_BY_GENDER_AGE_YEAR":{"TRELLIS_NAME":["70-79","70-79","80-89","70-79","80-89","60-69","90-99","70-79","60-69","50-59","70-79","80-89","50-59","70-79","70-79","80-89","80-89","70-79","70-79","60-69","70-79","80-89","70-79","70-79","60-69","80-89","90-99"],"SERIES_NAME":["FEMALE","MALE","FEMALE","MALE","FEMALE","MALE","FEMALE","FEMALE","FEMALE","FEMALE","MALE","MALE","MALE","FEMALE","MALE","FEMALE","MALE","MALE","MALE","FEMALE","FEMALE","FEMALE","MALE","MALE","FEMALE","FEMALE","FEMALE"],"X_CALENDAR_YEAR":[2007,2008,2009,2009,2010,2010,2010,2010,2010,2010,2010,2010,2010,2011,2011,2011,2012,2013,2014,2014,2015,2015,2015,2016,2016,2016,2018],"Y_PREVALENCE_1000PP":[0.08196,0.08265,0.23204,0.14,0.22229,0.16055,0.8111,0.2424,0.07249,0.0607,0.14445,0.50305,0.0726,0.12552,0.08958,0.1765,0.16447,0.09644,0.11527,0.07118,0.10986,0.19996,0.10267,0.10536,0.06831,0.12758,0.35507]},"PREVALENCE_BY_MONTH":{"X_CALENDAR_MONTH":[200904,200908,200912,201001,201003,201004,201005,201006,201007,201008,201009,201010,201011,201012,201101,201107,201301,201312,201407,201501,201502,201508,201511,201703,201807],"Y_PREVALENCE_1000PP":[0.00657,0.00879,0.01658,0.01329,0.01111,0.00779,0.01004,0.01229,0.01119,0.01233,0.02021,0.01125,0.01014,0.01016,0.01131,0.00801,0.01192,0.00736,0.00878,0.00896,0.01285,0.00789,0.00799,0.01016,0.01049]},"CONDITIONS_BY_TYPE":{"CONCEPT_NAME":"EHR","COUNT_VALUE":611},"AGE_AT_FIRST_DIAGNOSIS":{"CATEGORY":["MALE","FEMALE"],"MIN_VALUE":[0,14],"P10_VALUE":[50,45],"P25_VALUE":[61,64],"MEDIAN_VALUE":[73,75],"P75_VALUE":[80,86],"P90_VALUE":[86,91],"MAX_VALUE":[98,101]}}
