{"PREVALENCE_BY_GENDER_AGE_YEAR":{"TRELLIS_NAME":[],"SERIES_NAME":[],"X_CALENDAR_YEAR":[],"Y_PREVALENCE_1000PP":[]},"PREVALENCE_BY_MONTH":{"X_CALENDAR_MONTH":[200001,200002,200003,200004,200005,200006,200007,200008,200009,200010,200011,200012,200101,200102,200103,200104,200105,200106,200107,200108,200109,200110,200111,200112,200202,200203,200204,200205,200206,200207,200208,200209,200210,200211,200212,200301,200303,200306,200307,200308,200309,200310,200311,200312,200401,200402,200403,200404,200405,200406,200407,200408,200409,200410,200411,200412,200501,200502,200503,200504,200505,200506,200507,200508,200509,200510,200511,200512,200601,200602,200603,200604,200605,200606,200607,200608,200609,200610,200611,200612,200701,200702,200703,200704,200705,200706,200707,200708,200709,200710,200711,200712,200801,200802,200803,200804,200805,200806,200807,200808,200809,200810,200811,200812,200901,200902,200903,200904,200905,200906,200907,200908,200909,200910,200911,200912,201001,201002,201003,201004,201005,201006,201007,201008,201009,201010,201011,201012,201101,201102,201103,201104,201105,201106,201107,201108,201109,201110,201111,201112,201201,201202,201203,201204,201205,201206,201207,201208,201209,201210,201211,201212,201301,201302,201303,201304,201305,201306,201307,201308,201309,201310,201311,201312,201401,201402,201403,201404,201405,201406,201407,201408,201409,201410,201411,201412,201501,201502,201503,201504,201505,201506,201507,201508,201509,201510,201511,201512,201601,201602,201603,201604,201605,201606,201607,201608,201609,201610,201611,201612,201701,201702,201703,201704,201705,201706,201707,201708,201709,201710,201711,201712,201801,201802,201803,201804,201805,201806,201807,201808,201809,201810,201811,201812],"Y_PREVALENCE_1000PP":[1.69843,0.82636,1.11019,0.88481,0.54496,0.42632,0.43747,0.5673,0.29908,0.29837,0.27395,0.27399,0.27616,0.1477,0.32589,0.21061,0.1527,0.24643,0.17986,0.15862,0.08899,0.12232,0.10599,0.09106,0.07433,0.13365,0.05975,0.09651,0.13118,0.13651,0.14171,0.12938,0.07572,0.09029,0.08023,0.1177,0.08296,0.05064,0.1207,0.0831,0.10853,0.06647,0.08485,0.11508,0.08172,0.08018,0.08461,0.14849,0.16363,0.07486,0.12443,0.12256,0.06043,0.04332,0.06941,0.05264,0.03629,0.0461,0.0757,0.06972,0.02949,0.10657,0.07178,0.06139,0.09336,0.05996,0.06836,0.04055,0.02366,0.02691,0.02548,0.02068,0.02802,0.02535,0.02151,0.01643,0.05689,0.01571,0.02101,0.01654,0.01762,0.01606,0.02375,0.01304,0.02317,0.0191,0.0151,0.01493,0.01848,0.02073,0.02173,0.00837,0.02715,0.01989,0.01508,0.023,0.02053,0.02265,0.02695,0.02231,0.02438,0.02202,0.01861,0.02287,0.02291,0.01529,0.01858,0.02079,0.01205,0.01535,0.02086,0.02309,0.02642,0.02756,0.02539,0.02764,0.02659,0.02775,0.04668,0.02895,0.02565,0.03016,0.02014,0.03026,0.02694,0.02474,0.02703,0.03047,0.03845,0.03967,0.03521,0.01707,0.01711,0.02857,0.02862,0.02982,0.02988,0.03569,0.03461,0.03005,0.02665,0.03135,0.03375,0.05018,0.03275,0.02814,0.01998,0.02473,0.02361,0.03077,0.03558,0.02259,0.03337,0.0251,0.02516,0.03244,0.03011,0.02778,0.02179,0.02671,0.02435,0.02563,0.03426,0.02332,0.03077,0.02594,0.03469,0.03232,0.03741,0.02877,0.02885,0.02895,0.01515,0.0304,0.02034,0.02933,0.02816,0.03727,0.02709,0.02849,0.0247,0.0274,0.02882,0.04342,0.0436,0.0252,0.02398,0.03611,0.0215,0.0378,0.08003,0.06136,0.0877,0.03168,0.04014,0.03617,0.03637,0.02814,0.03961,0.04696,0.0358,0.03748,0.05078,0.03801,0.0412,0.04597,0.03888,0.03167,0.04108,0.03839,0.03875,0.03915,0.03799,0.0353,0.0325,0.03959,0.04358,0.02905,0.03148,0.03621,0.03622,0.04458,0.0572,0.11634]},"CONDITIONS_BY_TYPE":{"CONCEPT_NAME":"EHR","COUNT_VALUE":5643},"AGE_AT_FIRST_DIAGNOSIS":{"CATEGORY":[],"MIN_VALUE":[],"P10_VALUE":[],"P25_VALUE":[],"MEDIAN_VALUE":[],"P75_VALUE":[],"P90_VALUE":[],"MAX_VALUE":[]}}
