{"PREVALENCE_BY_GENDER_AGE_YEAR":{"TRELLIS_NAME":[],"SERIES_NAME":[],"X_CALENDAR_YEAR":[],"Y_PREVALENCE_1000PP":[]},"PREVALENCE_BY_MONTH":{"X_CALENDAR_MONTH":[200012,200106,200303,200306,200312,200401,200404,200406,200407,200411,200412,200502,200503,200504,200505,200506,200507,200508,200511,200603,200605,200606,200608,200609,200701,200703,200704,200705,200706,200707,200708,200709,200710,200712,200801,200802,200803,200804,200805,200806,200807,200808,200809,200810,200811,200812,200901,200902,200903,200905,200906,200908,200909,200911,200912,201001,201004,201005,201006,201007,201008,201009,201011,201012,201101,201104,201106,201107,201109,201112,201203,201205,201207,201208,201209,201210,201211,201212,201303,201306,201307,201308,201309,201312,201404,201405,201406,201409,201501,201503,201505,201508,201509,201510,201511,201601,201602,201608,201609,201611,201612,201703,201707,201709,201805],"Y_PREVALENCE_1000PP":[0.14753,0.10147,0.04525,0.05064,0.05115,0.044,0.04158,0.04031,0.04525,0.04805,0.04211,0.04097,0.04037,0.02988,0.0344,0.03391,0.02871,0.02833,0.02735,0.02002,0.01648,0.01109,0.01195,0.0175,0.00813,0.01187,0.01304,0.00772,0.01528,0.00881,0.00871,0.01109,0.01585,0.00956,0.01298,0.00702,0.01276,0.0115,0.01141,0.00793,0.00786,0.00669,0.01773,0.01101,0.01313,0.0098,0.00982,0.00874,0.00656,0.00657,0.00877,0.0077,0.0066,0.00883,0.00663,0.00886,0.01336,0.01115,0.01341,0.01231,0.01345,0.00786,0.00901,0.0079,0.00679,0.00797,0.01257,0.0103,0.01379,0.00694,0.01164,0.00936,0.0094,0.00942,0.01417,0.00828,0.0083,0.00713,0.00719,0.00725,0.00847,0.00971,0.00852,0.00736,0.00746,0.00748,0.0075,0.00758,0.00896,0.00774,0.0104,0.01184,0.00793,0.01061,0.00932,0.00941,0.0081,0.00974,0.00979,0.01273,0.00996,0.01016,0.01047,0.00913,0.01341]},"CONDITIONS_BY_TYPE":{"CONCEPT_NAME":"EHR","COUNT_VALUE":1377},"AGE_AT_FIRST_DIAGNOSIS":{"CATEGORY":[],"MIN_VALUE":[],"P10_VALUE":[],"P25_VALUE":[],"MEDIAN_VALUE":[],"P75_VALUE":[],"P90_VALUE":[],"MAX_VALUE":[]}}
