{"PREVALENCE_BY_GENDER_AGE_YEAR":{"TRELLIS_NAME":[],"SERIES_NAME":[],"X_CALENDAR_YEAR":[],"Y_PREVALENCE_1000PP":[]},"PREVALENCE_BY_MONTH":{"X_CALENDAR_MONTH":[200811,200812,200901,200903,200905,200908,200909,200911,201001,201003,201004,201005,201006,201009,201010,201011,201101,201102,201104,201107,201108,201109,201110,201304,201305,201306,201307,201402,201410,201411,201509,201512,201609,201610,201701,201705,201706,201708,201804,201809],"Y_PREVALENCE_1000PP":[0.00657,0.0098,0.00764,0.01202,0.00657,0.0077,0.0066,0.00994,0.00775,0.01223,0.00668,0.00781,0.00782,0.00674,0.009,0.00901,0.00679,0.00907,0.00911,0.00687,0.00803,0.0069,0.00921,0.00961,0.00843,0.00725,0.00969,0.00865,0.00887,0.01017,0.00793,0.00802,0.01119,0.00844,0.00859,0.00883,0.01038,0.00905,0.01485,0.01144]},"CONDITIONS_BY_TYPE":{"CONCEPT_NAME":"EHR","COUNT_VALUE":757},"AGE_AT_FIRST_DIAGNOSIS":{"CATEGORY":[],"MIN_VALUE":[],"P10_VALUE":[],"P25_VALUE":[],"MEDIAN_VALUE":[],"P75_VALUE":[],"P90_VALUE":[],"MAX_VALUE":[]}}
