{"PREVALENCE_BY_GENDER_AGE_YEAR":{"TRELLIS_NAME":[],"SERIES_NAME":[],"X_CALENDAR_YEAR":[],"Y_PREVALENCE_1000PP":[]},"PREVALENCE_BY_MONTH":{"X_CALENDAR_MONTH":[200601,200602,200603,200604,200605,200606,200607,200608,200609,200610,200611,200612,200701,200702,200703,200704,200705,200706,200707,200708,200709,200710,200711,200712,200801,200802,200803,200804,200805,200806,200807,200808,200809,200810,200811,200812,200901,200902,200903,200904,200905,200906,200907,200908,200909,200910,200911,200912,201001,201002,201003,201004,201005,201006,201007,201008,201009,201010,201011,201012,201101,201102,201103,201104,201105,201106,201107,201108,201109,201110,201111,201112,201201,201202,201203,201204,201205,201206,201207,201208,201209,201210,201211,201212,201301,201302,201303,201304,201305,201306,201307,201308,201309,201310,201311,201312,201401,201402,201403,201404,201405,201406,201407,201408,201409,201410,201411,201412,201501,201502,201503,201504,201505,201506,201507,201508,201509,201510,201511,201512,201601,201602,201603,201604,201605,201606,201607,201608,201609,201610,201611,201612,201701,201702,201703,201704,201705,201706,201707,201708,201709,201710,201711,201712,201801,201802,201803,201804,201805,201806,201807,201808,201809,201810,201811,201812],"Y_PREVALENCE_1000PP":[0.03943,0.03519,0.02366,0.02585,0.02637,0.02693,0.01382,0.02988,0.0248,0.02571,0.02661,0.03032,0.02575,0.02542,0.0343,0.03781,0.04249,0.04328,0.0516,0.03734,0.04436,0.05,0.04707,0.04423,0.05075,0.03861,0.04524,0.0529,0.04677,0.05663,0.04716,0.04797,0.06095,0.05175,0.04597,0.08058,0.05345,0.05569,0.06011,0.06018,0.06354,0.06251,0.06149,0.06486,0.06825,0.0948,0.10266,0.13157,0.14289,0.1132,0.1845,0.18484,0.20745,0.20332,0.20251,0.25775,0.29523,0.23279,0.27371,0.29231,0.29628,0.25505,0.32484,0.3278,0.33643,0.34855,0.35953,0.42208,0.37578,0.36843,0.39912,0.39532,0.39505,0.44126,0.60176,0.45165,0.61635,0.58153,0.70159,0.69133,0.71552,0.70646,0.75905,0.72405,0.84385,0.71598,0.84101,0.84215,0.88644,0.8707,0.96127,0.9942,0.96169,0.99229,0.9802,0.98785,1.05617,0.84738,1.09646,1.01059,1.07244,1.06815,1.13785,1.15933,1.1618,1.09075,1.11087,1.20373,1.30554,1.02055,1.26682,1.1423,1.22585,1.23439,1.33765,1.33408,1.24188,1.35553,1.33061,1.45652,1.35703,1.25005,1.44462,1.42617,1.5799,1.36628,1.36342,1.56383,1.45075,1.34778,1.50363,1.54971,1.35906,1.53654,1.7019,1.36975,1.47298,1.64288,1.65222,1.64811,1.76657,1.55691,1.82276,1.54409,1.77135,1.58357,1.83608,1.70738,1.8806,1.85601,1.96027,2.14342,2.06859,2.29461,3.30672,4.83505]},"CONDITIONS_BY_TYPE":{"CONCEPT_NAME":"EHR","COUNT_VALUE":85105},"AGE_AT_FIRST_DIAGNOSIS":{"CATEGORY":[],"MIN_VALUE":[],"P10_VALUE":[],"P25_VALUE":[],"MEDIAN_VALUE":[],"P75_VALUE":[],"P90_VALUE":[],"MAX_VALUE":[]}}
