{"PREVALENCE_BY_GENDER_AGE_YEAR":{"TRELLIS_NAME":["60-69","60-69"],"SERIES_NAME":["MALE","FEMALE"],"X_CALENDAR_YEAR":[2000,2000],"Y_PREVALENCE_1000PP":[1.12994,1.41988]},"PREVALENCE_BY_MONTH":{"X_CALENDAR_MONTH":[200002,200003,200005,200007,200008,200009,200010,200011,200012,200101,200103,200104,200105,200205,200208,200705,200805,200810,200811,201106,201301,201401],"Y_PREVALENCE_1000PP":[0.82636,0.62448,0.27248,0.26922,0.20901,0.21751,0.19892,0.18264,0.18969,0.15781,0.12006,0.09721,0.12216,0.05791,0.05314,0.00772,0.00798,0.00661,0.00876,0.00686,0.00715,0.00739]},"CONDITIONS_BY_TYPE":{"CONCEPT_NAME":"EHR","COUNT_VALUE":1081},"AGE_AT_FIRST_DIAGNOSIS":{"CATEGORY":["MALE","FEMALE"],"MIN_VALUE":[4,3],"P10_VALUE":[29,31],"P25_VALUE":[42,46],"MEDIAN_VALUE":[61,61],"P75_VALUE":[72,69],"P90_VALUE":[78,80],"MAX_VALUE":[91,94]}}
