{"PREVALENCE_BY_GENDER_AGE_YEAR":{"TRELLIS_NAME":[],"SERIES_NAME":[],"X_CALENDAR_YEAR":[],"Y_PREVALENCE_1000PP":[]},"PREVALENCE_BY_MONTH":{"X_CALENDAR_MONTH":[200001,200006,200007,200008,200011,200101,201505,201506,201507,201508,201509,201511,201512,201602,201603,201604,201605,201607,201608,201610,201611,201612,201701,201702,201703,201704,201705,201706,201707,201708,201710,201803,201804,201805,201806,201808,201810,201811],"Y_PREVALENCE_1000PP":[1.13229,0.2713,0.20191,0.26872,0.18264,0.11835,0.0078,0.01305,0.00786,0.01184,0.01189,0.00932,0.00802,0.0108,0.01492,0.00818,0.01233,0.01384,0.0167,0.01548,0.00849,0.01423,0.01146,0.0173,0.01886,0.01023,0.01177,0.0089,0.01495,0.01056,0.01228,0.01137,0.0165,0.01006,0.0188,0.01629,0.01486,0.02179]},"CONDITIONS_BY_TYPE":{"CONCEPT_NAME":"EHR","COUNT_VALUE":603},"AGE_AT_FIRST_DIAGNOSIS":{"CATEGORY":[],"MIN_VALUE":[],"P10_VALUE":[],"P25_VALUE":[],"MEDIAN_VALUE":[],"P75_VALUE":[],"P90_VALUE":[],"MAX_VALUE":[]}}
