{"AGE_AT_FIRST_EXPOSURE":{"CATEGORY":["MALE","FEMALE"],"MIN_VALUE":[12,19],"P10_VALUE":[21,30],"P25_VALUE":[35,56],"MEDIAN_VALUE":[55,68],"P75_VALUE":[69,75],"P90_VALUE":[77,80],"MAX_VALUE":[91,92]},"PREVALENCE_BY_GENDER_AGE_YEAR":{"TRELLIS_NAME":["70-79","70-79","60-69","70-79","20-29","60-69"],"SERIES_NAME":["FEMALE","FEMALE","FEMALE","FEMALE","MALE","FEMALE"],"X_CALENDAR_YEAR":[1997,1999,2000,2000,2001,2001],"Y_PREVALENCE_1000PP":[0.14246,0.08654,0.04633,0.05199,0.02709,0.03637]},"PREVALENCE_BY_MONTH":{"X_CALENDAR_MONTH":[199708,199709,199803,200001,200004,200008,200010,200101,200104,200105,200111,200112,200201],"Y_PREVALENCE_1000PP":[0.00625,0.00612,0.00496,0.00315,0.00304,0.00329,0.0024,0.00295,0.00209,0.00205,0.00246,0.00425,0.00235]},"LENGTH_OF_ERA":{"CATEGORY":"Length of Era","MIN_VALUE":0,"P10_VALUE":27,"P25_VALUE":27,"MEDIAN_VALUE":61,"P75_VALUE":117,"P90_VALUE":255,"MAX_VALUE":2189}}
