{"AGE_AT_FIRST_EXPOSURE":{"CATEGORY":["FEMALE","MALE"],"MIN_VALUE":[3,2],"P10_VALUE":[16,13],"P25_VALUE":[26,21],"MEDIAN_VALUE":[38,34],"P75_VALUE":[52,49],"P90_VALUE":[67,65],"MAX_VALUE":[96,89]},"PREVALENCE_BY_GENDER_AGE_YEAR":{"TRELLIS_NAME":["50-59","40-49","20-29","70-79","40-49","60-69","70-79","20-29","40-49","20-29","80-89","10-19","30-39","30-39","0-9","50-59","0-9","60-69","50-59","10-19","70-79","10-19","0-9","0-9","80-89","60-69","70-79","10-19","30-39","80-89","20-29","40-49","50-59","50-59","20-29","70-79","40-49","30-39","60-69","60-69","50-59","10-19","40-49","30-39","0-9","70-79","60-69","10-19","80-89","80-89","30-39","20-29","0-9","70-79","20-29","50-59","40-49","0-9","20-29","30-39","30-39","70-79","40-49","50-59","60-69","40-49","10-19","70-79","10-19","20-29","50-59","60-69","40-49","10-19"],"SERIES_NAME":["FEMALE","FEMALE","FEMALE","FEMALE","MALE","MALE","MALE","FEMALE","FEMALE","MALE","FEMALE","FEMALE","MALE","FEMALE","FEMALE","MALE","MALE","FEMALE","FEMALE","MALE","FEMALE","MALE","MALE","FEMALE","FEMALE","FEMALE","FEMALE","FEMALE","MALE","MALE","FEMALE","FEMALE","FEMALE","MALE","MALE","MALE","MALE","FEMALE","MALE","FEMALE","MALE","MALE","MALE","FEMALE","FEMALE","MALE","MALE","FEMALE","MALE","FEMALE","MALE","MALE","MALE","FEMALE","FEMALE","FEMALE","FEMALE","MALE","MALE","MALE","FEMALE","MALE","FEMALE","MALE","MALE","MALE","FEMALE","FEMALE","MALE","FEMALE","FEMALE","FEMALE","FEMALE","MALE"],"X_CALENDAR_YEAR":[1995,1995,1995,1995,1996,1996,1996,1996,1996,1996,1996,1996,1996,1996,1996,1996,1996,1996,1996,1996,1996,1997,1997,1997,1997,1997,1997,1997,1997,1997,1997,1997,1997,1997,1997,1997,1997,1997,1997,1998,1998,1998,1998,1998,1998,1998,1998,1998,1998,1998,1998,1998,1998,1998,1998,1998,1998,1999,1999,1999,1999,1999,1999,1999,1999,1999,1999,1999,1999,1999,1999,1999,2000,2000],"Y_PREVALENCE_1000PP":[0.668,0.975,0.66515,0.90703,1.1033,0.72396,1.00957,1.52109,1.6154,1.32577,0.54645,2.10558,1.49257,1.45385,0.30354,0.66082,0.21154,1.10803,1.29446,2.01272,0.65598,1.71251,0.21581,0.20991,0.27663,1.00547,0.87509,1.82406,0.99526,0.80634,1.51079,1.55375,1.44799,0.86175,1.24375,0.90088,0.94253,1.55731,0.84152,1.09958,0.59909,1.22549,1.08772,1.35223,0.13175,0.73796,0.61732,1.53816,0.51472,0.34693,0.97764,1.08353,0.41029,0.64609,1.32022,1.11891,1.32143,0.11166,0.47816,0.513,0.5893,0.36113,0.80241,0.361,0.31473,0.58494,0.58204,0.28126,0.66388,0.47057,0.63229,0.46255,0.03758,0.04779]},"PREVALENCE_BY_MONTH":{"X_CALENDAR_MONTH":[199506,199507,199509,199510,199511,199512,199601,199602,199603,199604,199605,199606,199607,199608,199609,199610,199611,199612,199701,199702,199703,199704,199705,199706,199707,199708,199709,199710,199711,199712,199801,199802,199803,199804,199805,199806,199807,199808,199809,199810,199811,199812,199901,199902,199903,199904,199905,199906,199907,199908,199909,200004,200005,200006],"Y_PREVALENCE_1000PP":[0.38936,0.33258,0.05778,0.09551,0.07159,0.05372,0.07505,0.07483,0.10948,0.18897,0.39795,0.59894,0.25038,0.08512,0.06462,0.04876,0.04744,0.04577,0.05786,0.05943,0.12357,0.32316,0.24981,0.30697,0.20169,0.13121,0.06124,0.06283,0.03829,0.05513,0.05897,0.0518,0.09591,0.11928,0.30497,0.30683,0.1509,0.08165,0.05103,0.04023,0.03751,0.03722,0.03447,0.04237,0.07036,0.12119,0.18116,0.16271,0.0485,0.01471,0.00758,0.00304,0.0043,0.0038]},"LENGTH_OF_ERA":{"CATEGORY":"Length of Era","MIN_VALUE":0,"P10_VALUE":0,"P25_VALUE":27,"MEDIAN_VALUE":29,"P75_VALUE":59,"P90_VALUE":98,"MAX_VALUE":1355}}
