{"AGE_AT_FIRST_EXPOSURE":{"CATEGORY":["MALE","FEMALE"],"MIN_VALUE":[8,9],"P10_VALUE":[14,13],"P25_VALUE":[16,15],"MEDIAN_VALUE":[18,21],"P75_VALUE":[26,28],"P90_VALUE":[37,39],"MAX_VALUE":[72,70]},"PREVALENCE_BY_GENDER_AGE_YEAR":{"TRELLIS_NAME":["20-29","10-19","10-19","10-19","10-19","20-29","20-29","10-19","10-19","20-29","40-49","10-19","20-29","20-29","30-39","10-19","30-39","10-19","10-19"],"SERIES_NAME":["FEMALE","FEMALE","MALE","MALE","FEMALE","MALE","FEMALE","MALE","FEMALE","FEMALE","FEMALE","MALE","FEMALE","MALE","FEMALE","FEMALE","MALE","MALE","FEMALE"],"X_CALENDAR_YEAR":[1998,1998,1998,1999,1999,1999,1999,2000,2000,2000,2001,2001,2001,2001,2001,2001,2001,2002,2002],"Y_PREVALENCE_1000PP":[0.07824,0.13572,0.10542,0.07967,0.13275,0.05071,0.09548,0.1024,0.19744,0.07019,0.02902,0.1772,0.09929,0.04966,0.03463,0.19153,0.04057,0.03619,0.03104]},"PREVALENCE_BY_MONTH":{"X_CALENDAR_MONTH":[199807,199810,199811,199906,199907,199908,199909,199910,199911,199912,200001,200002,200003,200004,200006,200007,200009,200010,200012,200101,200102,200103,200104,200105,200106,200107,200108,200109,200110,200111,200201,200202],"Y_PREVALENCE_1000PP":[0.00477,0.00447,0.00736,0.00445,0.00435,0.00368,0.0035,0.0045,0.00373,0.00346,0.00315,0.00584,0.00705,0.00348,0.00338,0.00375,0.00322,0.0048,0.00273,0.00405,0.0029,0.00599,0.00591,0.00582,0.0057,0.00628,0.00646,0.00507,0.00341,0.00491,0.00352,0.00174]},"LENGTH_OF_ERA":{"CATEGORY":"Length of Era","MIN_VALUE":29,"P10_VALUE":29,"P25_VALUE":29,"MEDIAN_VALUE":29,"P75_VALUE":29,"P90_VALUE":76,"MAX_VALUE":434}}
