{"AGE_AT_FIRST_EXPOSURE":{"CATEGORY":["MALE","FEMALE"],"MIN_VALUE":[22,5],"P10_VALUE":[27,25],"P25_VALUE":[32,28],"MEDIAN_VALUE":[37,32],"P75_VALUE":[44,36],"P90_VALUE":[50,40],"MAX_VALUE":[69,67]},"PREVALENCE_BY_GENDER_AGE_YEAR":{"TRELLIS_NAME":["30-39","20-29","40-49","30-39","20-29","40-49","30-39","20-29","40-49","30-39","20-29","30-39","20-29","40-49","20-29","30-39","40-49","30-39","20-29","10-19","40-49","40-49","20-29","30-39","40-49","30-39","20-29","40-49","30-39","20-29","40-49","30-39","20-29","30-39","20-29","40-49","30-39","20-29","40-49","30-39","20-29","40-49","40-49","30-39","20-29","30-39","40-49","20-29","40-49","30-39","20-29","10-19","40-49","20-29","30-39","20-29","30-39","40-49","20-29","40-49","40-49","30-39","30-39","40-49","30-39","20-29","40-49","20-29","30-39","20-29","30-39","40-49","30-39","40-49","20-29","40-49","30-39","20-29"],"SERIES_NAME":["FEMALE","FEMALE","FEMALE","FEMALE","FEMALE","FEMALE","FEMALE","FEMALE","FEMALE","FEMALE","FEMALE","FEMALE","FEMALE","FEMALE","FEMALE","FEMALE","FEMALE","FEMALE","FEMALE","FEMALE","FEMALE","FEMALE","FEMALE","FEMALE","FEMALE","FEMALE","FEMALE","FEMALE","FEMALE","FEMALE","FEMALE","FEMALE","FEMALE","FEMALE","FEMALE","FEMALE","FEMALE","FEMALE","FEMALE","FEMALE","FEMALE","FEMALE","FEMALE","FEMALE","FEMALE","FEMALE","FEMALE","FEMALE","FEMALE","FEMALE","FEMALE","FEMALE","FEMALE","FEMALE","FEMALE","FEMALE","FEMALE","FEMALE","FEMALE","FEMALE","MALE","FEMALE","MALE","FEMALE","FEMALE","FEMALE","FEMALE","FEMALE","FEMALE","FEMALE","FEMALE","FEMALE","FEMALE","FEMALE","FEMALE","FEMALE","FEMALE","FEMALE"],"X_CALENDAR_YEAR":[1995,1995,1996,1996,1996,1997,1997,1997,1998,1998,1998,1999,1999,1999,2000,2000,2000,2001,2001,2001,2001,2002,2002,2002,2003,2003,2003,2004,2004,2004,2005,2005,2005,2006,2006,2006,2007,2007,2007,2008,2008,2008,2009,2009,2009,2010,2010,2010,2011,2011,2011,2011,2012,2012,2012,2013,2013,2013,2014,2014,2014,2014,2015,2015,2015,2015,2016,2016,2016,2017,2017,2017,2018,2018,2018,2019,2019,2019],"Y_PREVALENCE_1000PP":[0.80315,1.52033,0.35898,1.97724,1.99643,0.36559,2.2973,1.91108,0.29031,2.29795,1.75051,2.06536,1.43216,0.31548,1.34986,1.96288,0.4188,1.85978,1.22166,0.03591,0.34828,0.31319,1.19456,1.95673,0.35989,1.89414,1.20801,0.34846,1.96864,1.17181,0.41497,2.27022,1.03227,1.97181,1.11285,0.4584,1.87893,0.97221,0.35439,1.63852,0.97424,0.32886,0.34406,1.52926,0.83076,1.38084,0.29678,0.86437,0.29103,1.33866,0.75373,0.01964,0.26736,0.68964,1.336,0.53275,1.06813,0.24066,0.43267,0.16926,0.01468,0.82245,0.01728,0.11616,0.76834,0.42079,0.1172,0.30608,0.52974,0.25299,0.44814,0.10979,0.36897,0.06271,0.23316,0.04497,0.11253,0.06299]},"PREVALENCE_BY_MONTH":{"X_CALENDAR_MONTH":[199511,199512,199601,199602,199603,199604,199605,199606,199607,199608,199609,199610,199611,199612,199701,199702,199703,199704,199705,199706,199707,199708,199709,199710,199711,199712,199801,199802,199803,199804,199805,199806,199807,199808,199809,199810,199811,199812,199901,199902,199903,199904,199905,199906,199907,199908,199909,199910,199911,199912,200001,200002,200003,200004,200005,200006,200007,200008,200009,200010,200011,200012,200101,200102,200103,200104,200105,200106,200107,200108,200109,200110,200111,200112,200201,200202,200203,200204,200205,200206,200207,200208,200209,200210,200211,200212,200301,200302,200303,200304,200305,200306,200307,200308,200309,200310,200311,200312,200401,200402,200403,200404,200405,200406,200407,200408,200409,200410,200411,200412,200501,200502,200503,200504,200505,200506,200507,200508,200509,200510,200511,200512,200601,200602,200603,200604,200605,200606,200607,200608,200609,200610,200611,200612,200701,200702,200703,200704,200705,200706,200707,200708,200709,200710,200711,200712,200801,200802,200803,200804,200805,200806,200807,200808,200809,200810,200811,200812,200901,200902,200903,200904,200905,200906,200907,200908,200909,200910,200911,200912,201001,201002,201003,201004,201005,201006,201007,201008,201009,201010,201011,201012,201101,201102,201103,201104,201105,201106,201107,201108,201109,201110,201111,201112,201201,201202,201203,201204,201205,201206,201207,201208,201209,201210,201211,201212,201301,201302,201303,201304,201305,201306,201307,201308,201309,201310,201311,201312,201401,201402,201403,201404,201405,201406,201407,201408,201409,201410,201411,201412,201501,201502,201503,201504,201505,201506,201507,201508,201509,201510,201511,201512,201601,201602,201603,201604,201605,201606,201607,201608,201609,201610,201611,201612,201701,201702,201703,201704,201705,201706,201707,201708,201709,201710,201711,201712,201801,201802,201803,201804,201805,201806,201807,201808,201809,201810,201811,201812,201901,201902,201903],"Y_PREVALENCE_1000PP":[0.08749,0.04029,0.08444,0.02494,0.03178,0.05125,0.06401,0.03946,0.03547,0.07377,0.0517,0.0614,0.05253,0.04916,0.0444,0.05184,0.06241,0.04788,0.04691,0.06118,0.04224,0.03957,0.04899,0.04459,0.03927,0.04642,0.04465,0.03007,0.04051,0.03408,0.03325,0.05505,0.04448,0.0451,0.04874,0.03427,0.04634,0.04743,0.03792,0.04707,0.04514,0.04407,0.04465,0.0483,0.03917,0.0386,0.03906,0.03941,0.03679,0.03612,0.036,0.03681,0.03921,0.03,0.0443,0.03841,0.03789,0.03952,0.03062,0.0344,0.03247,0.03086,0.03314,0.03368,0.03523,0.03444,0.02533,0.03121,0.03736,0.03522,0.03296,0.03911,0.03776,0.03039,0.03725,0.02587,0.03102,0.02987,0.0388,0.03007,0.02989,0.03087,0.03338,0.03119,0.03485,0.02791,0.03451,0.02614,0.03497,0.03066,0.02794,0.03247,0.03449,0.029,0.03245,0.03488,0.03751,0.02701,0.03656,0.02958,0.03382,0.02927,0.03027,0.02817,0.02799,0.02999,0.02752,0.032,0.03601,0.02912,0.02808,0.03075,0.03594,0.03723,0.03107,0.03563,0.02956,0.03304,0.0303,0.03203,0.03742,0.0302,0.0305,0.02734,0.03466,0.02972,0.03393,0.03161,0.02864,0.0326,0.0259,0.03694,0.03506,0.02812,0.03325,0.02736,0.02796,0.02784,0.03214,0.02698,0.02815,0.02973,0.02351,0.03031,0.02927,0.01522,0.02808,0.02213,0.02277,0.02752,0.02497,0.02535,0.02544,0.02162,0.02529,0.02466,0.02312,0.02006,0.02301,0.02112,0.02541,0.02079,0.02018,0.02298,0.02482,0.01959,0.01991,0.01827,0.02209,0.02225,0.02252,0.01956,0.02112,0.0194,0.0204,0.02273,0.01872,0.02384,0.02316,0.01791,0.0253,0.01594,0.02037,0.02054,0.02059,0.01795,0.02176,0.02007,0.01688,0.01831,0.02513,0.02218,0.01715,0.01878,0.02165,0.02292,0.02035,0.01981,0.01966,0.01764,0.02059,0.01743,0.01541,0.01907,0.01847,0.01619,0.01982,0.01768,0.01778,0.01536,0.01225,0.01282,0.01557,0.01429,0.0163,0.01459,0.0177,0.01286,0.01413,0.01412,0.01053,0.01245,0.01149,0.01453,0.00999,0.01007,0.00971,0.01052,0.0094,0.01058,0.01079,0.00961,0.00863,0.01124,0.01016,0.01148,0.01304,0.01236,0.01259,0.01117,0.01112,0.00861,0.00693,0.01045,0.00947,0.00775,0.0086,0.00566,0.00814,0.00908,0.00724,0.00543,0.00684,0.0052,0.00794,0.00812,0.00794,0.00656,0.00485,0.0102,0.00585,0.00795,0.00591,0.00711,0.00422,0.00639,0.00679,0.00587,0.0068,0.00525,0.0037,0.00496,0.00473,0.00477,0.00575,0.00586,0.00723,0.00493,0.00853,0.0033,0.00462]},"LENGTH_OF_ERA":{"CATEGORY":"Length of Era","MIN_VALUE":0,"P10_VALUE":9,"P25_VALUE":11,"MEDIAN_VALUE":19,"P75_VALUE":29,"P90_VALUE":41,"MAX_VALUE":1187}}
