{"AGE_AT_FIRST_EXPOSURE":{"CATEGORY":["FEMALE","MALE"],"MIN_VALUE":[10,10],"P10_VALUE":[29,40],"P25_VALUE":[54,50],"MEDIAN_VALUE":[68,62],"P75_VALUE":[78,71],"P90_VALUE":[83,79],"MAX_VALUE":[96,95]},"PREVALENCE_BY_GENDER_AGE_YEAR":{"TRELLIS_NAME":["60-69","70-79","40-49","80-89","60-69","50-59","70-79","70-79","70-79","40-49","80-89","70-79","50-59","60-69","70-79","40-49","60-69","50-59","60-69","80-89","50-59","70-79","50-59","80-89","80-89","70-79","60-69","60-69","40-49","70-79","60-69","40-49","70-79","70-79","60-69","50-59","70-79","70-79"],"SERIES_NAME":["MALE","MALE","MALE","MALE","MALE","MALE","FEMALE","MALE","MALE","MALE","MALE","FEMALE","MALE","MALE","FEMALE","MALE","FEMALE","FEMALE","MALE","MALE","MALE","MALE","MALE","FEMALE","MALE","MALE","MALE","FEMALE","MALE","FEMALE","MALE","MALE","MALE","MALE","MALE","MALE","MALE","MALE"],"X_CALENDAR_YEAR":[1996,1996,1997,1997,1997,1997,1997,1997,1998,1998,1998,1998,1998,1998,1999,1999,1999,1999,1999,1999,1999,1999,2000,2000,2000,2000,2000,2000,2000,2000,2001,2001,2001,2002,2002,2003,2004,2012],"Y_PREVALENCE_1000PP":[0.51712,0.3846,0.1131,0.47037,0.43055,0.08617,0.14246,0.34445,0.29917,0.06738,0.46325,0.10768,0.10698,0.24987,0.16227,0.0723,0.08857,0.04463,0.18274,0.43321,0.0722,0.16667,0.17314,0.0995,0.34272,0.23126,0.24572,0.0695,0.06647,0.1213,0.03722,0.03161,0.0608,0.0457,0.04315,0.02136,0.0394,0.0305]},"PREVALENCE_BY_MONTH":{"X_CALENDAR_MONTH":[199605,199606,199607,199608,199612,199701,199702,199703,199704,199705,199706,199707,199708,199709,199710,199711,199712,199801,199802,199803,199804,199805,199806,199807,199808,199809,199810,199811,199812,199901,199902,199903,199904,199905,199906,199907,199908,199909,199910,199911,199912,200001,200002,200003,200004,200005,200006,200007,200008,200009,200010,200011,200012,200101,200103,200204,200207,200303,200711,200811,201005],"Y_PREVALENCE_1000PP":[0.02505,0.01393,0.01252,0.01892,0.02034,0.01211,0.01644,0.00874,0.00958,0.02111,0.00874,0.01267,0.00937,0.01123,0.01216,0.01178,0.00774,0.00505,0.0117,0.00661,0.00811,0.01136,0.01214,0.00715,0.00933,0.00609,0.00521,0.01177,0.0073,0.00552,0.01143,0.00797,0.00583,0.00702,0.00699,0.01306,0.00919,0.00933,0.01013,0.00533,0.00643,0.0108,0.00898,0.00749,0.00739,0.00645,0.00802,0.00625,0.0107,0.00725,0.0096,0.00594,0.00469,0.00589,0.00211,0.00167,0.00165,0.00184,0.00137,0.00114,0.00114]},"LENGTH_OF_ERA":{"CATEGORY":"Length of Era","MIN_VALUE":0,"P10_VALUE":24,"P25_VALUE":29,"MEDIAN_VALUE":59,"P75_VALUE":169,"P90_VALUE":437,"MAX_VALUE":4584}}
