{"AGE_AT_FIRST_EXPOSURE":{"CATEGORY":["MALE","FEMALE"],"MIN_VALUE":[18,13],"P10_VALUE":[40,38],"P25_VALUE":[55,56],"MEDIAN_VALUE":[69,70],"P75_VALUE":[77,80],"P90_VALUE":[82,86],"MAX_VALUE":[94,97]},"PREVALENCE_BY_GENDER_AGE_YEAR":{"TRELLIS_NAME":["60-69","60-69","80-89","70-79","70-79","70-79"],"SERIES_NAME":["MALE","FEMALE","MALE","MALE","MALE","FEMALE"],"X_CALENDAR_YEAR":[2007,2014,2014,2016,2017,2018],"Y_PREVALENCE_1000PP":[0.09099,0.06101,0.15398,0.10536,0.16005,0.14028]},"PREVALENCE_BY_MONTH":{"X_CALENDAR_MONTH":[201710,200705,201711,201408],"Y_PREVALENCE_1000PP":[0.00921,0.00772,0.0124,0.00755]},"LENGTH_OF_ERA":{"CATEGORY":"Length of Era","MIN_VALUE":0,"P10_VALUE":0,"P25_VALUE":0,"MEDIAN_VALUE":1,"P75_VALUE":1,"P90_VALUE":1,"MAX_VALUE":171}}
