{"AGE_AT_FIRST_EXPOSURE":{"CATEGORY":["FEMALE","MALE"],"MIN_VALUE":[18,15],"P10_VALUE":[27,20],"P25_VALUE":[39,33],"MEDIAN_VALUE":[50,45],"P75_VALUE":[60,58],"P90_VALUE":[73,74],"MAX_VALUE":[80,79]},"PREVALENCE_BY_GENDER_AGE_YEAR":{"TRELLIS_NAME":["40-49","30-39","30-39","20-29","50-59","40-49","30-39","50-59","40-49"],"SERIES_NAME":["FEMALE","FEMALE","MALE","FEMALE","FEMALE","MALE","FEMALE","FEMALE","FEMALE"],"X_CALENDAR_YEAR":[2006,2006,2006,2006,2006,2006,2007,2007,2008],"Y_PREVALENCE_1000PP":[0.16912,0.17107,0.26148,0.31997,0.1813,0.12568,0.13966,0.0684,0.09492]},"PREVALENCE_BY_MONTH":{"X_CALENDAR_MONTH":[200602,200604,200608,200601,200603],"Y_PREVALENCE_1000PP":[0.0414,0.01034,0.01046,0.0552,0.02184]},"LENGTH_OF_ERA":{"CATEGORY":"Length of Era","MIN_VALUE":0,"P10_VALUE":42,"P25_VALUE":105,"MEDIAN_VALUE":232,"P75_VALUE":690,"P90_VALUE":1841,"MAX_VALUE":4746}}
