{"AGE_AT_FIRST_EXPOSURE":{"CATEGORY":["MALE","FEMALE"],"MIN_VALUE":[13,8],"P10_VALUE":[42,25],"P25_VALUE":[54,30],"MEDIAN_VALUE":[67,41],"P75_VALUE":[75,54],"P90_VALUE":[81,70],"MAX_VALUE":[90,93]},"PREVALENCE_BY_GENDER_AGE_YEAR":{"TRELLIS_NAME":["30-39","20-29","70-79","60-69","50-59","50-59","70-79","30-39","30-39","70-79","50-59","60-69","30-39","60-69","70-79","50-59","70-79","80-89","70-79"],"SERIES_NAME":["FEMALE","FEMALE","MALE","MALE","FEMALE","MALE","MALE","FEMALE","MALE","MALE","MALE","MALE","FEMALE","MALE","MALE","MALE","MALE","MALE","MALE"],"X_CALENDAR_YEAR":[2006,2006,2006,2006,2006,2007,2007,2007,2008,2008,2008,2008,2008,2010,2010,2011,2011,2011,2012],"Y_PREVALENCE_1000PP":[0.21994,0.27426,0.13685,0.13667,0.06799,0.09253,0.13676,0.17957,0.18324,0.15153,0.08093,0.10896,0.10092,0.16055,0.15889,0.07471,0.10451,0.17092,0.16995]},"PREVALENCE_BY_MONTH":{"X_CALENDAR_MONTH":[200811,200609,201007,200711,200907,200602,200810,200608,200712,200709,200706,200710,200603,200809,200802,200604,200601,200804,200702],"Y_PREVALENCE_1000PP":[0.00766,0.00875,0.00783,0.00724,0.00769,0.01449,0.00771,0.01793,0.01076,0.00739,0.01146,0.00732,0.01274,0.00665,0.00936,0.01034,0.02892,0.00805,0.00803]},"LENGTH_OF_ERA":{"CATEGORY":"Length of Era","MIN_VALUE":0,"P10_VALUE":1,"P25_VALUE":1,"MEDIAN_VALUE":1,"P75_VALUE":7,"P90_VALUE":14,"MAX_VALUE":487}}
