{"AGE_AT_FIRST_EXPOSURE":{"CATEGORY":["MALE","FEMALE"],"MIN_VALUE":[20,17],"P10_VALUE":[31,34],"P25_VALUE":[42,42],"MEDIAN_VALUE":[54,55],"P75_VALUE":[66,68],"P90_VALUE":[79,81],"MAX_VALUE":[96,98]},"PREVALENCE_BY_GENDER_AGE_YEAR":{"TRELLIS_NAME":["20-29","30-39","80-89","50-59","40-49","60-69","40-49","30-39","70-79","50-59","80-89","20-29","80-89","30-39","80-89","40-49","60-69","50-59","40-49","70-79","60-69","50-59","70-79","40-49","20-29","40-49","30-39","30-39","60-69","70-79","50-59","80-89","50-59","40-49","20-29","60-69","80-89","60-69","30-39","40-49","70-79","50-59","70-79","80-89","40-49","50-59","50-59","70-79","40-49","60-69","60-69","30-39","60-69","50-59","80-89","50-59","40-49","70-79","40-49"],"SERIES_NAME":["FEMALE","MALE","MALE","MALE","MALE","FEMALE","FEMALE","FEMALE","FEMALE","FEMALE","FEMALE","FEMALE","MALE","FEMALE","FEMALE","FEMALE","MALE","MALE","MALE","FEMALE","FEMALE","FEMALE","MALE","FEMALE","FEMALE","MALE","FEMALE","MALE","FEMALE","FEMALE","MALE","FEMALE","FEMALE","FEMALE","FEMALE","MALE","FEMALE","FEMALE","FEMALE","MALE","FEMALE","FEMALE","MALE","FEMALE","MALE","MALE","FEMALE","FEMALE","FEMALE","MALE","FEMALE","FEMALE","FEMALE","FEMALE","FEMALE","MALE","FEMALE","FEMALE","MALE"],"X_CALENDAR_YEAR":[2013,2013,2013,2013,2013,2013,2013,2013,2013,2013,2013,2014,2014,2014,2014,2014,2014,2014,2014,2014,2014,2014,2014,2015,2015,2015,2015,2015,2015,2015,2015,2015,2015,2016,2016,2016,2016,2016,2016,2016,2016,2016,2016,2017,2017,2017,2017,2017,2017,2017,2017,2017,2018,2018,2018,2018,2018,2018,2018],"Y_PREVALENCE_1000PP":[0.24653,0.36946,0.15737,0.12021,0.29559,0.15808,0.42662,0.53947,0.10522,0.32155,0.14824,0.41466,0.20531,0.76463,0.36614,0.54344,0.20898,0.09901,0.4702,0.44444,0.24405,0.32472,0.0988,0.70044,0.24866,0.38725,0.61177,0.28896,0.21704,0.32959,0.33575,0.45445,0.29382,0.40732,0.28396,0.09206,0.12758,0.2342,0.59584,0.42828,0.1413,0.27469,0.10536,0.1103,0.24277,0.13292,0.28255,0.09323,0.3301,0.10954,0.09879,0.45835,0.15598,0.17933,0.1497,0.15894,0.43969,0.12469,0.34368]},"PREVALENCE_BY_MONTH":{"X_CALENDAR_MONTH":[201307,201804,201706,201309,201605,201408,201512,201709,201506,201803,201610,201312,201409,201508,201806,201509,201611,201607,201609,201704,201606,201407,201702,201507,201305,201604,201401,201701,201510,201404,201412,201405,201805,201601,201602,201505,201406,201703,201810,201301,201410,201612,201403,201710,201411,201808,201608,201310,201502,201603,201712,201306,201308,201304,201501,201504,201402,201303,201311,201802,201801,201705,201807,201511,201503,201707,201212],"Y_PREVALENCE_1000PP":[0.03269,0.01485,0.01483,0.02069,0.01918,0.02895,0.0214,0.01369,0.02479,0.02437,0.01125,0.02822,0.04167,0.03026,0.01196,0.03699,0.01273,0.01799,0.01679,0.019,0.02755,0.02007,0.02306,0.01703,0.01686,0.02591,0.03077,0.01432,0.02653,0.02859,0.02168,0.02369,0.01341,0.02015,0.0108,0.0299,0.02752,0.01741,0.02123,0.00834,0.0266,0.01708,0.02106,0.01228,0.02415,0.01629,0.02504,0.02197,0.02314,0.01763,0.01253,0.01328,0.02306,0.01442,0.02816,0.02331,0.03459,0.01318,0.02203,0.00963,0.019,0.01913,0.01399,0.03197,0.02709,0.01495,0.01308]},"LENGTH_OF_ERA":{"CATEGORY":"Length of Era","MIN_VALUE":2,"P10_VALUE":21,"P25_VALUE":49,"MEDIAN_VALUE":147,"P75_VALUE":547,"P90_VALUE":1241,"MAX_VALUE":2293}}
