{"AGE_AT_FIRST_EXPOSURE":{"CATEGORY":["FEMALE","MALE"],"MIN_VALUE":[6,6],"P10_VALUE":[24,21],"P25_VALUE":[41,41],"MEDIAN_VALUE":[57,58],"P75_VALUE":[74,69],"P90_VALUE":[83,78],"MAX_VALUE":[98,92]},"PREVALENCE_BY_GENDER_AGE_YEAR":{"TRELLIS_NAME":["60-69","50-59","70-79","60-69","10-19","40-49","60-69","40-49","40-49","50-59","50-59","70-79","30-39","10-19","40-49","70-79","40-49","30-39","60-69","10-19","40-49","60-69","50-59","80-89","70-79","60-69","50-59","80-89","60-69","20-29","60-69","60-69","30-39","50-59","80-89","50-59","70-79","30-39","70-79","80-89","50-59","70-79","60-69","60-69","40-49","60-69","80-89","60-69","70-79","40-49","80-89","50-59","40-49","50-59","60-69","40-49","20-29","70-79","80-89","30-39","60-69","40-49","50-59","80-89","40-49","60-69","30-39","60-69","70-79","50-59","70-79","60-69","50-59","70-79","60-69","40-49","70-79","40-49","50-59","80-89","30-39","60-69","70-79","50-59","60-69","40-49","50-59","40-49"],"SERIES_NAME":["MALE","FEMALE","FEMALE","MALE","MALE","MALE","MALE","FEMALE","MALE","MALE","FEMALE","FEMALE","FEMALE","MALE","MALE","MALE","FEMALE","MALE","MALE","FEMALE","FEMALE","MALE","FEMALE","FEMALE","MALE","FEMALE","FEMALE","FEMALE","FEMALE","FEMALE","MALE","FEMALE","FEMALE","MALE","FEMALE","FEMALE","FEMALE","FEMALE","MALE","FEMALE","FEMALE","FEMALE","MALE","FEMALE","FEMALE","FEMALE","MALE","MALE","MALE","FEMALE","FEMALE","FEMALE","MALE","FEMALE","FEMALE","FEMALE","FEMALE","MALE","FEMALE","FEMALE","MALE","FEMALE","FEMALE","FEMALE","MALE","MALE","FEMALE","FEMALE","MALE","MALE","FEMALE","FEMALE","MALE","FEMALE","MALE","MALE","MALE","FEMALE","FEMALE","FEMALE","MALE","FEMALE","FEMALE","FEMALE","MALE","FEMALE","MALE","MALE"],"X_CALENDAR_YEAR":[2006,2006,2007,2007,2007,2007,2008,2008,2008,2008,2009,2009,2009,2009,2009,2009,2009,2009,2009,2010,2010,2010,2010,2010,2010,2010,2011,2011,2011,2012,2012,2012,2012,2012,2012,2012,2012,2013,2013,2013,2013,2013,2013,2013,2013,2014,2014,2014,2014,2014,2014,2014,2015,2015,2015,2015,2015,2015,2015,2015,2015,2016,2016,2016,2016,2016,2016,2016,2016,2016,2016,2017,2017,2017,2017,2017,2017,2017,2017,2017,2017,2018,2018,2018,2018,2018,2018,2018],"Y_PREVALENCE_1000PP":[0.1025,0.09065,0.12295,0.10616,0.38443,0.11073,0.14982,0.07383,0.10066,0.11561,0.06078,0.09138,0.10654,0.26777,0.12902,0.084,0.08937,0.23025,0.09446,0.38732,0.09471,0.10703,0.0607,0.14146,0.10111,0.09665,0.09627,0.15689,0.06902,0.2656,0.15676,0.06576,0.17773,0.11548,0.17168,0.09696,0.13022,0.14713,0.14466,0.12971,0.07146,0.10522,0.13051,0.06323,0.1324,0.11186,0.15398,0.14367,0.18114,0.15984,0.14646,0.06494,0.29044,0.11753,0.13811,0.17511,0.29011,0.22246,0.18178,0.18353,0.15577,0.25215,0.13735,0.18226,0.28552,0.10521,0.2804,0.08782,0.14048,0.11764,0.0942,0.07903,0.20888,0.10877,0.1917,0.32369,0.1067,0.24207,0.15305,0.16545,0.37288,0.08319,0.12469,0.22071,0.13187,0.30229,0.18164,0.29458]},"PREVALENCE_BY_MONTH":{"X_CALENDAR_MONTH":[200903,201106,201601,201110,201407,200610,200703,201206,201210,201810,200606,200806,201401,201410,201205,201201,200604,201111,201801,201303,201412,200809,200908,201710,200911,200602,201706,201406,201002,201211,201408,201509,201809,201503,201705,201807,201308,200803,201508,201405,201302,201204,201502,201507,201006,200905,201003,201101,201704,201307,200801,201707,201202,201803,201104,201001,201708,200808,200603,201512,201712,201404,201609,200608,201107,201112,200804,201306,201604,200711,201808,200710,200811,201102,201702,201008,200909,201108,201806,200906,201208,200704,201402,201510,201605,201701,201312,200605,201203,201207,200912,201310,201802,201209,200904,201703,200901,200707,201711,201610,200807,200611,201012,201411,201005,201103,200902,201811,201501,201709,200810,200907,201606,201011,201505,201506,201409,200706,201612,201403,201305,201007,201602,201504,200708,201301,201611,201212,201804,200812,201603,200712,201607,201311,201805,201608],"Y_PREVALENCE_1000PP":[0.01421,0.01371,0.01209,0.01382,0.01631,0.01,0.00923,0.02345,0.01775,0.03609,0.00951,0.01472,0.01108,0.01013,0.00936,0.01854,0.01206,0.01038,0.01741,0.01557,0.0153,0.00997,0.00989,0.02917,0.00662,0.01656,0.01631,0.01001,0.00666,0.01067,0.01888,0.01585,0.02669,0.02193,0.02207,0.01924,0.02185,0.00812,0.01842,0.01496,0.01554,0.01751,0.01671,0.01834,0.01452,0.00767,0.01445,0.01244,0.02047,0.0109,0.01416,0.01794,0.00813,0.02112,0.00911,0.00775,0.0196,0.01004,0.01274,0.01872,0.01566,0.00746,0.01959,0.01345,0.01374,0.00809,0.01035,0.01932,0.01227,0.00845,0.01629,0.00854,0.00657,0.00793,0.02162,0.01681,0.02092,0.00803,0.03589,0.01097,0.01767,0.01434,0.01235,0.01194,0.0137,0.01432,0.00736,0.01483,0.0128,0.0094,0.01216,0.01343,0.02086,0.01063,0.00875,0.01161,0.00873,0.01385,0.01705,0.01688,0.00786,0.0084,0.01129,0.02542,0.01561,0.01022,0.00764,0.02179,0.01408,0.01826,0.00991,0.00878,0.01653,0.01126,0.0117,0.01957,0.0101,0.01273,0.00854,0.01487,0.00964,0.00783,0.00945,0.01684,0.00871,0.01073,0.01415,0.0107,0.0132,0.0098,0.01492,0.01315,0.02353,0.01836,0.01006,0.02087]},"LENGTH_OF_ERA":{"CATEGORY":"Length of Era","MIN_VALUE":0,"P10_VALUE":1,"P25_VALUE":1,"MEDIAN_VALUE":1,"P75_VALUE":1,"P90_VALUE":1,"MAX_VALUE":326}}
