{"AGE_AT_FIRST_EXPOSURE":{"CATEGORY":["MALE","FEMALE"],"MIN_VALUE":[9,6],"P10_VALUE":[12,9],"P25_VALUE":[14,12],"MEDIAN_VALUE":[16,17],"P75_VALUE":[25,27],"P90_VALUE":[51,38],"MAX_VALUE":[80,63]},"PREVALENCE_BY_GENDER_AGE_YEAR":{"TRELLIS_NAME":["0-9","10-19","10-19","0-9","10-19","10-19","10-19","10-19","10-19","10-19","10-19","10-19"],"SERIES_NAME":["FEMALE","FEMALE","MALE","FEMALE","FEMALE","MALE","MALE","FEMALE","MALE","FEMALE","FEMALE","MALE"],"X_CALENDAR_YEAR":[2006,2006,2006,2007,2007,2007,2008,2008,2009,2009,2010,2010],"Y_PREVALENCE_1000PP":[4.44624,0.66841,0.76723,3.37268,0.98731,0.6247,0.58137,0.56348,0.44629,0.62473,0.38732,0.29898]},"PREVALENCE_BY_MONTH":{"X_CALENDAR_MONTH":[200906,200703,200608,200701,200605,200705,200707,200704,200711,200603,200812,200601,200604,200708],"Y_PREVALENCE_1000PP":[0.00658,0.00923,0.00896,0.00813,0.01648,0.00772,0.00755,0.01304,0.00724,0.01456,0.00762,0.0184,0.01034,0.00747]},"LENGTH_OF_ERA":{"CATEGORY":"Length of Era","MIN_VALUE":0,"P10_VALUE":0,"P25_VALUE":1,"MEDIAN_VALUE":1,"P75_VALUE":1,"P90_VALUE":1,"MAX_VALUE":32}}
