{"AGE_AT_FIRST_EXPOSURE":{"CATEGORY":["MALE","FEMALE"],"MIN_VALUE":[28,17],"P10_VALUE":[59,60],"P25_VALUE":[70,69],"MEDIAN_VALUE":[78,78],"P75_VALUE":[83,83],"P90_VALUE":[89,88],"MAX_VALUE":[95,101]},"PREVALENCE_BY_GENDER_AGE_YEAR":{"TRELLIS_NAME":["70-79","80-89","60-69","80-89","90-99","70-79","90-99","80-89","70-79","50-59","60-69","50-59","70-79","70-79","80-89","90-99","80-89","60-69","70-79","70-79","60-69","50-59","80-89","90-99","80-89","50-59","90-99","70-79","80-89","80-89","60-69","60-69","70-79","90-99","80-89","60-69","70-79","80-89","70-79","80-89","60-69","80-89","70-79"],"SERIES_NAME":["FEMALE","FEMALE","FEMALE","FEMALE","FEMALE","FEMALE","FEMALE","FEMALE","FEMALE","FEMALE","FEMALE","FEMALE","FEMALE","MALE","FEMALE","FEMALE","MALE","FEMALE","MALE","FEMALE","FEMALE","FEMALE","MALE","FEMALE","FEMALE","FEMALE","FEMALE","FEMALE","MALE","FEMALE","FEMALE","FEMALE","FEMALE","FEMALE","FEMALE","FEMALE","FEMALE","FEMALE","FEMALE","FEMALE","FEMALE","FEMALE","FEMALE"],"X_CALENDAR_YEAR":[2008,2008,2009,2009,2009,2009,2010,2010,2010,2010,2010,2011,2011,2011,2011,2011,2011,2011,2012,2012,2012,2012,2012,2012,2012,2013,2013,2013,2013,2013,2013,2014,2014,2014,2014,2015,2015,2015,2016,2016,2016,2017,2017],"Y_PREVALENCE_1000PP":[0.12862,0.23791,0.10115,0.33752,0.57121,0.18276,1.08147,1.07105,0.5252,0.07805,0.21746,0.11378,0.9344,0.13437,1.37276,1.11693,0.22789,0.24158,0.10815,1.04179,0.37264,0.11459,0.16447,1.21349,1.65961,0.12505,1.07643,0.72148,0.1836,1.16736,0.43209,0.2949,0.32184,0.57492,0.76889,0.14798,0.17264,0.30902,0.1256,0.20048,0.05855,0.12868,0.10877]},"PREVALENCE_BY_MONTH":{"X_CALENDAR_MONTH":[201406,201502,201409,201107,201407,200911,201208,201203,201304,201405,201306,201210,201402,201311,201104,201408,201001,201109,201305,201301,201404,201009,201007,201608,200906,201101,201010,201211,201003,201209,200909,201212,201512,201410,201205,200912,200709,201005,201103,201403,201207,201202,201110,201310,201102,201111,201303,201004,201012,201508,201106,201411,201112,201307,201204,201206,201308,201008,201309,201302,201002,201108,201105,201006,201312,201201,201412,201011,201401,201601],"Y_PREVALENCE_1000PP":[0.01001,0.009,0.01137,0.01603,0.01255,0.00662,0.01649,0.02793,0.01321,0.01122,0.02415,0.04142,0.01112,0.01958,0.02049,0.01007,0.00665,0.01379,0.01686,0.02622,0.0087,0.01347,0.01455,0.00835,0.00658,0.02149,0.01349,0.04032,0.01223,0.0307,0.00771,0.01902,0.00802,0.01394,0.02222,0.01327,0.00739,0.0145,0.02499,0.0223,0.03408,0.02555,0.01957,0.01709,0.0204,0.02307,0.03714,0.02116,0.02483,0.01053,0.02743,0.0089,0.03121,0.02542,0.02101,0.0211,0.02064,0.01345,0.01217,0.03108,0.0111,0.02294,0.02509,0.02011,0.02209,0.01854,0.01275,0.01239,0.02216,0.00941]},"LENGTH_OF_ERA":{"CATEGORY":"Length of Era","MIN_VALUE":0,"P10_VALUE":3,"P25_VALUE":5,"MEDIAN_VALUE":87,"P75_VALUE":358,"P90_VALUE":855,"MAX_VALUE":3106}}
