{"AGE_AT_FIRST_EXPOSURE":{"CATEGORY":"MALE","MIN_VALUE":33,"P10_VALUE":57,"P25_VALUE":66,"MEDIAN_VALUE":73,"P75_VALUE":80,"P90_VALUE":88,"MAX_VALUE":91},"PREVALENCE_BY_GENDER_AGE_YEAR":{"TRELLIS_NAME":["70-79","80-89","50-59","60-69"],"SERIES_NAME":["MALE","MALE","MALE","MALE"],"X_CALENDAR_YEAR":[2018,2018,2018,2018],"Y_PREVALENCE_1000PP":[0.3269,0.33374,0.13623,0.16117]},"PREVALENCE_BY_MONTH":{"X_CALENDAR_MONTH":[201810,201812,201808,201809,201811],"Y_PREVALENCE_1000PP":[0.03184,0.0605,0.01267,0.01525,0.03813]},"LENGTH_OF_ERA":{"CATEGORY":"Length of Era","MIN_VALUE":3,"P10_VALUE":28,"P25_VALUE":86,"MEDIAN_VALUE":168,"P75_VALUE":280,"P90_VALUE":364,"MAX_VALUE":434}}
