{"AGE_AT_FIRST_EXPOSURE":{"CATEGORY":["MALE","FEMALE"],"MIN_VALUE":[18,16],"P10_VALUE":[50,42],"P25_VALUE":[58,55],"MEDIAN_VALUE":[67,67],"P75_VALUE":[77,79],"P90_VALUE":[83,86],"MAX_VALUE":[93,97]},"PREVALENCE_BY_GENDER_AGE_YEAR":{"TRELLIS_NAME":["60-69","50-59","40-49","70-79","70-79","60-69","70-79","70-79","50-59","60-69","50-59","60-69","50-59","70-79","50-59","70-79","80-89","60-69","70-79","40-49","60-69","70-79","60-69","50-59","80-89","50-59","70-79","70-79","40-49","80-89","40-49","80-89","60-69","50-59","60-69","50-59","60-69","70-79","80-89","80-89","60-69","50-59","40-49","50-59","70-79","70-79","70-79","40-49","60-69","40-49","80-89","60-69","50-59","80-89","50-59","60-69","90-99","40-49","50-59","80-89","70-79","40-49","70-79","60-69","80-89"],"SERIES_NAME":["MALE","MALE","FEMALE","MALE","FEMALE","FEMALE","MALE","FEMALE","FEMALE","MALE","MALE","FEMALE","FEMALE","FEMALE","MALE","MALE","MALE","MALE","FEMALE","FEMALE","MALE","MALE","FEMALE","MALE","MALE","FEMALE","FEMALE","MALE","FEMALE","FEMALE","MALE","MALE","MALE","MALE","FEMALE","FEMALE","MALE","FEMALE","MALE","FEMALE","FEMALE","FEMALE","MALE","MALE","MALE","MALE","FEMALE","MALE","FEMALE","FEMALE","FEMALE","MALE","MALE","MALE","MALE","FEMALE","FEMALE","FEMALE","FEMALE","FEMALE","FEMALE","MALE","MALE","MALE","MALE"],"X_CALENDAR_YEAR":[2010,2010,2010,2011,2011,2011,2012,2012,2012,2012,2012,2012,2013,2013,2013,2013,2013,2013,2014,2014,2014,2014,2014,2014,2014,2014,2015,2015,2015,2015,2015,2015,2015,2015,2015,2015,2016,2016,2016,2016,2016,2016,2016,2016,2016,2017,2017,2017,2017,2017,2017,2017,2017,2017,2018,2018,2018,2018,2018,2018,2018,2018,2018,2018,2018],"Y_PREVALENCE_1000PP":[0.10703,0.0847,0.07104,0.22395,0.15341,0.08053,0.0927,0.11575,0.08814,0.11757,0.12831,0.1096,0.06252,0.12025,0.13356,0.14466,0.1836,0.11746,0.18391,0.15984,0.27429,0.21407,0.22372,0.19802,0.17964,0.11133,0.26681,0.2738,0.10507,0.19996,0.19362,0.2798,0.22067,0.30523,0.14798,0.08815,0.19726,0.1884,0.32899,0.30983,0.10734,0.12678,0.3569,0.15125,0.26339,0.53349,0.21755,0.40461,0.11855,0.13204,0.45958,0.5614,0.26584,0.48101,0.43141,0.14558,0.35507,0.19237,0.13794,0.43038,0.26497,0.34368,0.49035,0.60073,0.82152]},"PREVALENCE_BY_MONTH":{"X_CALENDAR_MONTH":[201709,201812,201805,201406,201605,201106,201403,201612,201405,201704,201810,201201,201212,201012,201610,201502,201607,201509,201609,201501,201511,201804,201205,201507,201603,201303,201611,201105,201712,201703,201806,201410,201705,201707,201711,201411,201305,201010,201801,201308,201409,201407,201505,201512,201508,201107,201504,201510,201211,201706,201009,201310,201701,201402,201811,201110,201604,201807,201702,201401,201302,201412,201802,201710,201708,201307,201602,201601,201301,201606,201209,201808,201809,201803,201506,201108,201503,201408],"Y_PREVALENCE_1000PP":[0.01978,0.10238,0.03855,0.0075,0.01644,0.01028,0.00743,0.02562,0.00873,0.02193,0.04458,0.00695,0.00832,0.01129,0.01407,0.02057,0.01523,0.01321,0.02518,0.01408,0.01066,0.02474,0.0152,0.01179,0.01899,0.01198,0.01839,0.00912,0.01723,0.02757,0.03418,0.0152,0.02502,0.03589,0.0279,0.01779,0.00964,0.00675,0.02374,0.00728,0.01515,0.03011,0.0299,0.0107,0.01184,0.00801,0.01684,0.01592,0.00949,0.02224,0.00674,0.00732,0.01862,0.00988,0.05448,0.00691,0.00954,0.03322,0.02018,0.00985,0.00717,0.01785,0.02407,0.0215,0.02714,0.01453,0.0108,0.01075,0.00715,0.0124,0.01063,0.04164,0.02288,0.0325,0.02088,0.00803,0.01548,0.01511]},"LENGTH_OF_ERA":{"CATEGORY":"Length of Era","MIN_VALUE":0,"P10_VALUE":1,"P25_VALUE":3,"MEDIAN_VALUE":81,"P75_VALUE":326,"P90_VALUE":809,"MAX_VALUE":3393}}
