{"AGE_AT_FIRST_EXPOSURE":{"CATEGORY":["MALE","FEMALE"],"MIN_VALUE":[16,15],"P10_VALUE":[26,26],"P25_VALUE":[32,34],"MEDIAN_VALUE":[42,45],"P75_VALUE":[52,53],"P90_VALUE":[60,62],"MAX_VALUE":[93,94]},"PREVALENCE_BY_GENDER_AGE_YEAR":{"TRELLIS_NAME":["20-29","50-59","60-69","40-49","40-49","50-59","80-89","10-19","60-69","10-19","70-79","30-39","20-29","70-79","30-39","40-49","50-59","60-69","70-79","50-59","40-49","20-29","30-39","30-39","60-69","20-29","10-19","70-79","60-69","40-49","40-49","20-29","20-29","50-59","30-39","50-59","30-39","60-69","30-39","30-39","40-49","70-79","20-29","20-29","40-49","60-69","50-59","50-59","60-69","60-69","50-59","40-49","20-29","20-29","30-39","30-39","60-69","50-59","40-49","30-39","60-69","70-79","30-39","20-29","60-69","50-59","10-19","50-59","40-49","40-49","20-29","20-29","50-59","30-39","80-89","20-29","30-39","60-69","40-49","40-49","60-69","50-59"],"SERIES_NAME":["FEMALE","MALE","MALE","FEMALE","MALE","FEMALE","FEMALE","FEMALE","FEMALE","MALE","MALE","FEMALE","MALE","FEMALE","MALE","FEMALE","FEMALE","MALE","FEMALE","MALE","MALE","MALE","FEMALE","MALE","FEMALE","FEMALE","FEMALE","MALE","FEMALE","MALE","FEMALE","MALE","FEMALE","FEMALE","MALE","MALE","FEMALE","MALE","FEMALE","MALE","MALE","MALE","MALE","FEMALE","FEMALE","FEMALE","MALE","FEMALE","MALE","FEMALE","FEMALE","MALE","MALE","FEMALE","MALE","FEMALE","MALE","MALE","FEMALE","FEMALE","MALE","FEMALE","MALE","MALE","FEMALE","FEMALE","FEMALE","MALE","MALE","FEMALE","FEMALE","FEMALE","MALE","FEMALE","FEMALE","MALE","MALE","MALE","MALE","FEMALE","FEMALE","FEMALE"],"X_CALENDAR_YEAR":[2006,2006,2006,2006,2006,2006,2006,2006,2006,2006,2006,2006,2006,2006,2006,2007,2007,2007,2007,2007,2007,2007,2007,2007,2007,2007,2008,2008,2008,2008,2008,2008,2008,2008,2008,2008,2008,2008,2009,2009,2009,2009,2009,2009,2009,2009,2009,2009,2009,2010,2010,2010,2010,2010,2010,2010,2010,2010,2010,2011,2011,2011,2011,2011,2011,2011,2011,2011,2011,2011,2011,2012,2012,2012,2012,2012,2012,2012,2012,2012,2012,2012],"Y_PREVALENCE_1000PP":[1.91982,1.31633,0.41001,1.60012,2.03184,1.15581,0.17634,0.60764,0.63891,0.41313,0.25659,2.46823,4.20168,0.36965,4.44522,0.681,0.40065,0.10616,0.10929,0.37013,0.71976,1.48082,1.25696,1.8958,0.13183,1.0398,0.69351,0.08265,0.09259,0.58718,0.58008,1.31052,0.97009,0.59769,1.64916,0.34683,1.07646,0.09534,0.62148,1.41438,0.90311,0.084,1.05485,0.79193,0.52503,0.27816,0.27352,0.45154,0.22939,0.22954,0.57236,0.69259,1.07156,0.94807,1.07033,1.0264,0.10703,0.4235,0.61565,0.877,0.15832,0.12552,0.94227,0.44663,0.25309,0.35884,0.46266,0.29886,0.48863,0.60268,0.66934,0.2988,0.16681,0.59983,0.11446,0.33092,0.57478,0.13063,0.36766,0.44633,0.13152,0.20273]},"PREVALENCE_BY_MONTH":{"X_CALENDAR_MONTH":[200808,200707,200910,201110,200802,200602,201005,200801,200611,200701,201109,200807,200708,200603,200609,201206,200704,201205,201009,200612,200810,200901,201201,201006,200712,200805,201007,201207,201208,201106,201102,201204,200711,201107,201211,200906,200605,200911,200702,200804,201010,200912,200710,200812,200902,201103,201210,200809,201108,201002,200606,201202,200806,201104,201203,200706,200608,201105,200607,201212,200907,201001,200705,201012,200703,201307,201004,200709,201008,200905,200903,201011,200610,201209,201111,200908,200909,201003,201101,200601,200811,200904,200604,201112,200803],"Y_PREVALENCE_1000PP":[0.04239,0.04531,0.03748,0.02533,0.04095,0.3395,0.03569,0.03777,0.03222,0.05422,0.03333,0.04716,0.06721,0.22026,0.05397,0.01524,0.04172,0.01754,0.03817,0.03859,0.05285,0.03818,0.03475,0.04915,0.03347,0.04905,0.03804,0.02233,0.0212,0.024,0.0238,0.02101,0.04949,0.03549,0.01186,0.05155,0.07911,0.03312,0.03613,0.04715,0.05623,0.02322,0.03658,0.04574,0.03931,0.03407,0.00828,0.03768,0.039,0.03218,0.0602,0.03251,0.0555,0.03301,0.02793,0.0522,0.05378,0.02737,0.05376,0.00832,0.0527,0.03766,0.0515,0.04063,0.04749,0.00847,0.02672,0.02218,0.02914,0.03177,0.02732,0.05294,0.04714,0.01299,0.03115,0.03738,0.03633,0.04112,0.0441,0.78598,0.04597,0.02845,0.09134,0.02659,0.04176]},"LENGTH_OF_ERA":{"CATEGORY":"Length of Era","MIN_VALUE":0,"P10_VALUE":19,"P25_VALUE":49,"MEDIAN_VALUE":165,"P75_VALUE":666,"P90_VALUE":1780,"MAX_VALUE":3063}}
