{"AGE_AT_FIRST_EXPOSURE":{"CATEGORY":["FEMALE","MALE"],"MIN_VALUE":[13,19],"P10_VALUE":[38,38],"P25_VALUE":[45,44],"MEDIAN_VALUE":[53,52],"P75_VALUE":[71,68],"P90_VALUE":[79,76],"MAX_VALUE":[102,94]},"PREVALENCE_BY_GENDER_AGE_YEAR":{"TRELLIS_NAME":["30-39","20-29","80-89","50-59","70-79","60-69","70-79","60-69","80-89","30-39","40-49","20-29","50-59","40-49","80-89","50-59","20-29","40-49","80-89","70-79","50-59","70-79","30-39","60-69","30-39","20-29","60-69","40-49","80-89","70-79","50-59","40-49","50-59","20-29","70-79","40-49","80-89","30-39","60-69","30-39"],"SERIES_NAME":["MALE","MALE","FEMALE","FEMALE","MALE","FEMALE","FEMALE","MALE","MALE","FEMALE","FEMALE","FEMALE","MALE","MALE","MALE","MALE","MALE","MALE","FEMALE","FEMALE","FEMALE","MALE","MALE","FEMALE","FEMALE","FEMALE","MALE","FEMALE","MALE","MALE","FEMALE","MALE","MALE","FEMALE","FEMALE","FEMALE","FEMALE","MALE","FEMALE","FEMALE"],"X_CALENDAR_YEAR":[2006,2006,2006,2006,2006,2006,2006,2006,2006,2006,2006,2006,2006,2006,2007,2007,2007,2007,2007,2007,2007,2007,2007,2007,2007,2007,2007,2007,2008,2008,2008,2008,2008,2008,2008,2008,2008,2008,2008,2008],"Y_PREVALENCE_1000PP":[1.1331,0.44563,2.29236,1.91501,0.99217,0.73721,2.32142,0.64918,0.54262,1.29521,1.9904,0.77707,0.94898,1.25681,0.35663,0.71382,0.44425,0.8674,0.65015,0.57375,0.95766,0.41028,0.6927,0.13183,0.79807,0.39441,0.12132,1.29275,0.2616,0.1102,0.66699,0.46974,0.48557,0.1663,0.34727,0.70664,0.28117,0.24432,0.13227,0.42049]},"PREVALENCE_BY_MONTH":{"X_CALENDAR_MONTH":[200604,200708,200706,200610,200804,200709,200603,200608,200701,200606,200803,200607,200711,200602,200704,200710,200601,200712,200707,200609,200705,200802,200605,200702,200805,200612,200806,200808,200801,200611,200703,200807],"Y_PREVALENCE_1000PP":[0.08789,0.0697,0.0522,0.07428,0.092,0.07517,0.27486,0.07769,0.07861,0.07763,0.06728,0.07066,0.0857,0.4223,0.05084,0.07805,0.6414,0.05618,0.07048,0.07585,0.06566,0.06084,0.08241,0.06557,0.04905,0.08132,0.03285,0.02677,0.0838,0.07984,0.062,0.02695]},"LENGTH_OF_ERA":{"CATEGORY":"Length of Era","MIN_VALUE":0,"P10_VALUE":7,"P25_VALUE":14,"MEDIAN_VALUE":42,"P75_VALUE":87,"P90_VALUE":168,"MAX_VALUE":1102}}
