{"AGE_AT_FIRST_EXPOSURE":{"CATEGORY":["MALE","FEMALE"],"MIN_VALUE":[13,16],"P10_VALUE":[57,52],"P25_VALUE":[65,60],"MEDIAN_VALUE":[74,72],"P75_VALUE":[81,82],"P90_VALUE":[87,88],"MAX_VALUE":[103,103]},"PREVALENCE_BY_GENDER_AGE_YEAR":{"TRELLIS_NAME":["50-59","70-79","80-89","50-59","60-69","50-59","80-89","50-59","60-69","80-89","70-79","70-79","60-69","70-79","90-99","70-79","80-89","50-59","80-89","50-59","60-69","70-79","50-59","80-89","70-79","90-99","60-69","60-69","80-89","50-59","80-89","80-89","60-69","60-69","50-59","70-79","40-49","70-79","50-59","70-79","80-89","50-59","60-69","80-89","50-59","60-69","70-79","90-99","60-69","60-69","70-79","80-89","80-89","50-59","90-99","50-59","70-79","60-69","70-79","80-89","50-59","80-89","90-99","90-99","70-79","60-69","50-59","80-89","70-79","60-69","90-99","60-69","50-59","70-79","50-59","90-99","80-89","60-69","50-59","90-99","80-89","90-99","50-59","60-69","70-79","80-89","70-79","50-59","80-89","70-79","90-99","90-99","70-79","50-59","60-69","60-69","80-89"],"SERIES_NAME":["MALE","MALE","MALE","FEMALE","MALE","MALE","FEMALE","FEMALE","MALE","MALE","FEMALE","MALE","MALE","FEMALE","MALE","MALE","FEMALE","MALE","MALE","FEMALE","FEMALE","FEMALE","MALE","MALE","MALE","MALE","MALE","FEMALE","FEMALE","FEMALE","MALE","FEMALE","MALE","FEMALE","FEMALE","MALE","MALE","FEMALE","MALE","MALE","FEMALE","FEMALE","FEMALE","MALE","MALE","MALE","FEMALE","FEMALE","MALE","FEMALE","FEMALE","MALE","FEMALE","MALE","MALE","FEMALE","MALE","MALE","FEMALE","MALE","MALE","FEMALE","MALE","FEMALE","MALE","FEMALE","FEMALE","MALE","FEMALE","FEMALE","FEMALE","MALE","FEMALE","MALE","MALE","MALE","FEMALE","FEMALE","MALE","MALE","FEMALE","FEMALE","FEMALE","MALE","MALE","MALE","FEMALE","FEMALE","FEMALE","FEMALE","MALE","FEMALE","MALE","MALE","MALE","FEMALE","MALE"],"X_CALENDAR_YEAR":[2008,2008,2008,2008,2008,2009,2009,2009,2009,2009,2009,2009,2010,2010,2010,2010,2010,2010,2010,2010,2010,2011,2011,2011,2011,2011,2011,2011,2011,2011,2012,2012,2012,2012,2012,2012,2012,2012,2012,2013,2013,2013,2013,2013,2013,2013,2013,2013,2014,2014,2014,2014,2014,2014,2014,2014,2014,2015,2015,2015,2015,2015,2015,2015,2015,2015,2015,2016,2016,2016,2016,2016,2016,2016,2016,2016,2016,2017,2017,2017,2017,2017,2017,2017,2017,2017,2017,2018,2018,2018,2018,2018,2018,2018,2018,2018,2018],"Y_PREVALENCE_1000PP":[0.09249,0.3306,0.2943,0.07796,0.17706,0.08324,0.16876,0.06078,0.35084,0.40946,0.10443,0.378,0.32109,0.25586,2.04035,0.56334,0.16167,0.2299,0.651,0.09539,0.1933,0.27892,0.14943,1.31039,0.65692,1.47183,0.44858,0.08053,0.37261,0.14003,0.71272,0.30522,0.27432,0.08768,0.07933,0.75704,0.17157,0.27492,0.2053,0.78759,0.42618,0.10718,0.24239,0.73439,0.17363,0.35238,0.18037,0.6151,0.48327,0.22372,0.32184,0.71858,0.49429,0.15558,2.06469,0.11133,0.80689,0.28557,0.26681,0.89027,0.16787,0.34538,1.42337,0.47516,0.80428,0.1973,0.14691,1.08819,0.314,0.15613,0.4565,0.47343,0.10565,0.79018,0.13444,0.88443,0.38274,0.18771,0.22786,0.82338,0.20221,0.43314,0.08241,0.23277,0.71133,0.91139,0.29524,0.13794,0.41167,0.31173,2.22834,0.65096,0.70828,0.13623,0.41026,0.17677,1.0269]},"PREVALENCE_BY_MONTH":{"X_CALENDAR_MONTH":[201806,200907,201401,201708,201306,200809,201507,200904,200908,201801,201511,200911,201108,201301,201506,201611,201408,201604,200912,200806,201811,201303,201603,201602,201503,201505,201202,200909,201311,201509,201304,201402,200906,201405,201808,201005,201305,201605,201312,201102,201212,201810,201002,201404,201006,201307,201003,201601,201504,201410,201608,201104,201206,201501,201004,201001,201802,201309,200905,201007,201403,201707,201205,201512,201612,201105,201012,201106,201510,201101,201210,200902,201805,200901,201807,201109,201412,201609,201211,201502,201704,201411,201607,201702,200811,201302,201803,201711,201804,201703,201310,201112,201308,201701,201209,201508,200810,201610,201409,201103,201406,200812,201201,201009,201008,200903,201606,201010,201011,201705,201203,201710,201809,201812,201712,201208,201111,201706,201110,201204,201207,200910,201709,201407,201107],"Y_PREVALENCE_1000PP":[0.0376,0.00878,0.0197,0.02714,0.0157,0.01995,0.01834,0.01094,0.00989,0.03957,0.02797,0.00662,0.02409,0.0298,0.01696,0.03536,0.03147,0.02454,0.01327,0.00793,0.0463,0.01677,0.02713,0.0243,0.02451,0.0247,0.01393,0.00771,0.0208,0.01585,0.02042,0.0247,0.00768,0.03118,0.03259,0.01896,0.02047,0.01781,0.02209,0.017,0.0214,0.03396,0.01332,0.02237,0.02011,0.03027,0.01667,0.02956,0.03367,0.03294,0.02365,0.0239,0.02228,0.03584,0.02004,0.01329,0.02888,0.02069,0.01205,0.01455,0.02602,0.0314,0.01637,0.02006,0.03131,0.02623,0.02934,0.02514,0.02387,0.01809,0.02012,0.00983,0.02347,0.01309,0.04547,0.01839,0.02168,0.02658,0.02135,0.02442,0.02924,0.02415,0.02492,0.0245,0.01204,0.02032,0.02112,0.0217,0.03134,0.02321,0.01831,0.01965,0.02428,0.02148,0.02125,0.02237,0.01101,0.02251,0.02021,0.02839,0.01751,0.0196,0.01506,0.01459,0.02129,0.01311,0.0303,0.01912,0.01802,0.01766,0.02328,0.0215,0.04194,0.09772,0.01253,0.01767,0.0173,0.02669,0.01382,0.01984,0.02233,0.01102,0.02891,0.0276,0.02061]},"LENGTH_OF_ERA":{"CATEGORY":"Length of Era","MIN_VALUE":0,"P10_VALUE":0,"P25_VALUE":1,"MEDIAN_VALUE":1,"P75_VALUE":1,"P90_VALUE":1,"MAX_VALUE":128}}
