{"AGE_AT_FIRST_EXPOSURE":{"CATEGORY":["MALE","FEMALE"],"MIN_VALUE":[13,18],"P10_VALUE":[46,44],"P25_VALUE":[58,51],"MEDIAN_VALUE":[66,58],"P75_VALUE":[74,66],"P90_VALUE":[79,73],"MAX_VALUE":[94,90]},"PREVALENCE_BY_GENDER_AGE_YEAR":{"TRELLIS_NAME":["50-59","60-69","70-79","60-69","50-59","40-49","50-59","40-49","50-59","70-79","60-69","60-69","70-79","70-79","50-59","40-49","60-69","50-59","60-69","40-49","60-69","50-59","50-59","40-49","60-69","70-79","60-69","70-79","50-59","60-69","50-59","70-79","60-69","50-59","60-69","40-49","70-79","70-79","70-79","60-69","60-69","40-49","70-79","50-59","70-79","70-79","30-39","50-59","40-49","60-69","60-69","70-79","40-49","50-59","60-69","60-69","70-79","40-49","50-59","70-79","60-69","60-69","40-49","70-79","50-59","60-69","70-79","50-59","60-69","70-79","40-49","70-79","60-69","40-49","70-79","50-59","60-69"],"SERIES_NAME":["FEMALE","FEMALE","MALE","MALE","MALE","FEMALE","FEMALE","FEMALE","MALE","MALE","MALE","FEMALE","MALE","FEMALE","FEMALE","MALE","MALE","MALE","FEMALE","FEMALE","MALE","MALE","FEMALE","FEMALE","FEMALE","MALE","FEMALE","MALE","FEMALE","MALE","MALE","FEMALE","FEMALE","FEMALE","MALE","FEMALE","FEMALE","MALE","FEMALE","MALE","FEMALE","FEMALE","MALE","FEMALE","FEMALE","MALE","FEMALE","FEMALE","FEMALE","FEMALE","FEMALE","FEMALE","FEMALE","FEMALE","MALE","MALE","MALE","FEMALE","FEMALE","FEMALE","FEMALE","MALE","FEMALE","FEMALE","FEMALE","FEMALE","MALE","FEMALE","FEMALE","FEMALE","FEMALE","MALE","MALE","FEMALE","FEMALE","FEMALE","FEMALE"],"X_CALENDAR_YEAR":[2006,2006,2006,2006,2006,2006,2007,2007,2007,2007,2007,2007,2008,2008,2008,2008,2008,2008,2008,2008,2009,2009,2009,2009,2009,2009,2010,2010,2010,2010,2010,2010,2011,2011,2011,2011,2011,2011,2012,2012,2012,2012,2012,2012,2013,2013,2013,2013,2013,2013,2014,2014,2014,2014,2014,2015,2015,2015,2015,2015,2015,2016,2016,2016,2016,2016,2016,2017,2017,2017,2017,2017,2018,2018,2018,2018,2018],"Y_PREVALENCE_1000PP":[0.19263,0.18021,0.13685,0.20501,0.15306,0.26018,0.16612,0.12697,0.07931,0.09117,0.18198,0.14648,0.20663,0.1029,0.11261,0.11744,0.1362,0.12717,0.17195,0.1582,0.14843,0.08324,0.1042,0.10054,0.18965,0.154,0.13289,0.14445,0.06938,0.08027,0.0726,0.09427,0.31061,0.2188,0.14513,0.18834,0.20919,0.20902,0.17363,0.14369,0.28496,0.13525,0.16995,0.2468,0.09018,0.19288,0.14713,0.20544,0.14711,0.23185,0.26439,0.15326,0.15984,0.32472,0.09143,0.11683,0.18824,0.28018,0.24485,0.21973,0.35515,0.18411,0.29095,0.0942,0.28526,0.28299,0.14048,0.25901,0.30626,0.18647,0.19806,0.1067,0.10256,0.38473,0.15586,0.38624,0.38474]},"PREVALENCE_BY_MONTH":{"X_CALENDAR_MONTH":[201801,200909,201105,201009,201703,200602,200805,200801,201209,201305,201502,200705,200807,201307,200608,201107,201804,201201,201308,200804,200907,201505,200901,201607,201608,200603,201610,200906,201508,200808,200606,201203,200609,201511,201302,201401,201810,201706,201811,201002,201408,201412,201405,200708,200811,201112,201411,201106,200604,200711,200709,200802,201612,201512,201606,201809,201403,201410,200712,201409,201101,201803,200605,200902,201004,200601,200911,201311,201306,201008,200612,201712,201503,201202,201805,201708,201802,201705,201208,201312,200810,200809,201205,201309,201212,201206,200912,201310,200611,201507,201702,201509,201611,201108,201407,201406,201010,201709,201001,201404,201711,201506,200702,201211,201102,201504,200710,200704,201707,201808,201806,200812,201109,200908,201110,200701,201303,201011,201104,200706,200806,201111,201604,201601,201807,200703,201012,200910,201304,200803,200904,201812,201710,201605,201207,201006,201204,201501,201402,200903,201609,201602,201210],"Y_PREVALENCE_1000PP":[0.02374,0.0066,0.01254,0.00898,0.01161,0.02898,0.01027,0.02124,0.00708,0.01204,0.01028,0.00901,0.0146,0.01211,0.01942,0.0103,0.01485,0.02549,0.01335,0.01495,0.00769,0.0104,0.01309,0.01938,0.01252,0.02184,0.00985,0.00987,0.02237,0.0145,0.02218,0.01164,0.01896,0.01199,0.00956,0.01231,0.01698,0.01631,0.02451,0.00888,0.01133,0.0153,0.00748,0.01991,0.01095,0.04161,0.01398,0.02057,0.01896,0.01811,0.01725,0.02106,0.00996,0.01872,0.02066,0.01907,0.00991,0.02027,0.00717,0.00884,0.01357,0.01625,0.01319,0.01638,0.00668,0.05257,0.01435,0.01101,0.02053,0.01009,0.00965,0.01409,0.0129,0.01742,0.01676,0.01809,0.01444,0.01324,0.0106,0.01104,0.00771,0.01773,0.0117,0.01461,0.00713,0.01407,0.00774,0.01098,0.0098,0.01048,0.01297,0.01189,0.02122,0.0195,0.01129,0.0075,0.01012,0.01065,0.00665,0.00994,0.031,0.02349,0.01472,0.02135,0.0068,0.02461,0.01098,0.01434,0.01196,0.0181,0.0188,0.01416,0.01264,0.01209,0.00806,0.01626,0.01557,0.01352,0.0148,0.0191,0.01133,0.01615,0.01636,0.02015,0.01399,0.00792,0.00677,0.01213,0.01442,0.00928,0.01313,0.0605,0.01075,0.0137,0.01058,0.01117,0.01284,0.01664,0.00741,0.00874,0.01679,0.00945,0.00947]},"LENGTH_OF_ERA":{"CATEGORY":"Length of Era","MIN_VALUE":0,"P10_VALUE":0,"P25_VALUE":1,"MEDIAN_VALUE":31,"P75_VALUE":62,"P90_VALUE":123,"MAX_VALUE":215}}
