{"AGE_AT_FIRST_EXPOSURE":{"CATEGORY":["FEMALE","MALE"],"MIN_VALUE":[16,19],"P10_VALUE":[33,29],"P25_VALUE":[45,44],"MEDIAN_VALUE":[57,56],"P75_VALUE":[68,68],"P90_VALUE":[79,75],"MAX_VALUE":[101,96]},"PREVALENCE_BY_GENDER_AGE_YEAR":{"TRELLIS_NAME":["50-59","50-59","50-59","70-79","70-79","40-49","60-69","70-79","50-59","40-49","70-79","30-39","30-39","60-69","20-29","50-59","80-89","50-59","60-69","20-29","40-49","50-59","70-79","30-39","60-69","70-79","30-39","40-49","20-29","60-69","30-39","70-79","80-89","60-69","30-39","40-49","50-59","70-79","40-49","50-59","20-29","70-79","20-29","70-79","40-49","80-89","40-49","20-29","30-39","50-59","60-69","60-69","30-39","50-59"],"SERIES_NAME":["FEMALE","MALE","FEMALE","MALE","FEMALE","FEMALE","FEMALE","MALE","FEMALE","FEMALE","FEMALE","MALE","FEMALE","MALE","FEMALE","MALE","FEMALE","MALE","MALE","FEMALE","FEMALE","FEMALE","MALE","MALE","FEMALE","FEMALE","FEMALE","MALE","MALE","MALE","FEMALE","FEMALE","FEMALE","FEMALE","MALE","FEMALE","MALE","MALE","MALE","FEMALE","FEMALE","MALE","FEMALE","FEMALE","MALE","FEMALE","FEMALE","MALE","MALE","FEMALE","FEMALE","MALE","FEMALE","MALE"],"X_CALENDAR_YEAR":[2013,2014,2014,2014,2014,2014,2015,2015,2015,2015,2015,2015,2015,2015,2015,2015,2016,2016,2016,2016,2016,2016,2016,2016,2016,2016,2016,2016,2017,2017,2017,2017,2017,2017,2017,2017,2017,2017,2017,2017,2017,2018,2018,2018,2018,2018,2018,2018,2018,2018,2018,2018,2018,2018],"Y_PREVALENCE_1000PP":[0.08932,0.08486,0.0835,0.0988,0.09195,0.11189,0.2565,0.1369,0.36238,0.29769,0.14125,0.33712,0.33647,0.12981,0.41444,0.22892,0.18226,0.20166,0.17096,0.33128,0.5431,0.35921,0.14048,0.32158,0.21468,0.2669,0.38555,0.3569,0.49346,0.15062,0.45835,0.2797,0.16545,0.44457,0.49717,0.39612,0.3418,0.14227,0.32369,0.40028,0.68458,0.21793,0.48154,0.40524,0.34368,0.33682,0.63206,0.52219,0.54555,0.35865,0.53032,0.32234,0.80585,0.52223]},"PREVALENCE_BY_MONTH":{"X_CALENDAR_MONTH":[201709,201803,201604,201701,201603,201704,201802,201412,201311,201410,201612,201807,201607,201706,201411,201708,201806,201811,201512,201504,201608,201602,201507,201503,201801,201805,201501,201711,201609,201808,201511,201611,201508,201505,201606,201710,201610,201502,201506,201509,201510,201703,201705,201810,201605,201809,201702,201712,201812,201601,201707,201804],"Y_PREVALENCE_1000PP":[0.05021,0.03575,0.02863,0.01719,0.02713,0.01754,0.0369,0.01403,0.00979,0.01647,0.02704,0.03672,0.02768,0.03114,0.01144,0.04222,0.04273,0.07082,0.0214,0.0272,0.02087,0.01755,0.01703,0.01677,0.03166,0.04693,0.0128,0.04185,0.02518,0.05069,0.01732,0.02546,0.02631,0.0195,0.02892,0.02917,0.0197,0.009,0.0261,0.02378,0.02785,0.02467,0.01766,0.05519,0.01507,0.04194,0.02162,0.03132,0.12565,0.01612,0.02691,0.02639]},"LENGTH_OF_ERA":{"CATEGORY":"Length of Era","MIN_VALUE":0,"P10_VALUE":7,"P25_VALUE":38,"MEDIAN_VALUE":112,"P75_VALUE":219,"P90_VALUE":486,"MAX_VALUE":2058}}
