{"AGE_AT_FIRST_EXPOSURE":{"CATEGORY":["MALE","FEMALE"],"MIN_VALUE":[52,16],"P10_VALUE":[52,27],"P25_VALUE":[58,31],"MEDIAN_VALUE":[62,37],"P75_VALUE":[67,43],"P90_VALUE":[99,47],"MAX_VALUE":[99,85]},"PREVALENCE_BY_GENDER_AGE_YEAR":{"TRELLIS_NAME":["40-49","30-39","20-29","40-49","20-29","30-39","20-29","30-39","40-49","30-39","20-29","40-49","20-29","40-49","30-39","40-49","30-39","20-29","30-39","20-29","40-49","30-39","40-49","20-29","50-59","30-39","20-29","40-49","40-49","30-39","20-29","50-59","20-29","40-49","50-59","30-39","20-29","30-39","40-49","50-59","20-29","30-39","40-49","50-59"],"SERIES_NAME":["FEMALE","FEMALE","FEMALE","FEMALE","FEMALE","FEMALE","FEMALE","FEMALE","FEMALE","FEMALE","FEMALE","FEMALE","FEMALE","FEMALE","FEMALE","FEMALE","FEMALE","FEMALE","FEMALE","FEMALE","FEMALE","FEMALE","FEMALE","FEMALE","FEMALE","FEMALE","FEMALE","FEMALE","FEMALE","FEMALE","FEMALE","FEMALE","FEMALE","FEMALE","FEMALE","FEMALE","FEMALE","FEMALE","FEMALE","FEMALE","FEMALE","FEMALE","FEMALE","FEMALE"],"X_CALENDAR_YEAR":[2006,2006,2006,2007,2007,2007,2008,2008,2008,2009,2009,2009,2010,2010,2010,2011,2011,2011,2012,2012,2012,2013,2013,2013,2014,2014,2014,2014,2015,2015,2015,2015,2016,2016,2016,2016,2017,2017,2017,2017,2018,2018,2018,2018],"Y_PREVALENCE_1000PP":[0.40328,0.48876,0.68565,0.70409,0.78881,0.77812,1.52443,1.1942,0.84375,1.58034,1.29055,0.80431,0.76457,0.92347,1.21648,0.76591,1.16253,0.86059,1.48846,0.56441,0.78445,1.54484,0.88266,0.66916,0.10205,1.72042,1.01779,0.76721,1.03315,1.43766,0.49733,0.11753,0.80454,0.89223,0.14791,1.85763,0.62753,3.00013,1.47444,0.20014,1.44462,2.73987,1.64885,0.16553]},"PREVALENCE_BY_MONTH":{"X_CALENDAR_MONTH":[200909,201707,201203,200902,200806,201109,200805,200905,201507,200811,201201,201802,201703,201407,200904,200701,201809,201305,200712,200912,200804,201512,201308,201301,201002,200605,201210,201712,200907,201704,200810,201208,200911,200901,200802,201502,201101,200807,201404,201102,201409,201010,200702,201103,201107,201001,200707,200612,201511,201202,200708,200604,201412,201104,201806,201302,201807,201406,201304,201204,201609,201706,201610,201709,201505,201603,201601,201510,201605,201411,201401,200808,200603,201309,200908,200601,200709,201810,201106,201312,201606,201307,200611,201612,201812,200711,201209,201003,201303,200801,201509,201405,201108,201110,201112,201701,200903,201008,201011,201608,201403,201212,201007,201801,200809,201708,200710,200906,201808,201306,200803,201710,201508,201211,201206,201604,201205,201311,201111,201805,201408,201501,200706,201506,201105,201012,201310,201602,201207,201009,201811,201005,201410,200910,201607,201611,201702,201503,201803,200812,201504,201711,201402,200703,201006,201804,201705,200705],"Y_PREVALENCE_1000PP":[0.01761,0.01944,0.0163,0.02293,0.01699,0.01264,0.01939,0.02739,0.01965,0.02517,0.01622,0.01604,0.02321,0.02133,0.02626,0.01355,0.02288,0.01325,0.00956,0.02875,0.02645,0.00936,0.03278,0.01669,0.01998,0.01483,0.01538,0.01723,0.01867,0.019,0.02312,0.01413,0.01656,0.01855,0.01872,0.01028,0.01131,0.02807,0.01989,0.02154,0.0101,0.01574,0.01338,0.02272,0.01603,0.0144,0.02014,0.02205,0.01332,0.0151,0.01742,0.01034,0.01275,0.01366,0.01025,0.01315,0.01574,0.01251,0.01922,0.01284,0.01539,0.04003,0.01829,0.02587,0.0169,0.01763,0.01747,0.02255,0.01918,0.01907,0.02339,0.02343,0.01092,0.01096,0.02199,0.03154,0.01479,0.02759,0.00914,0.01473,0.0179,0.01695,0.01121,0.01423,0.04654,0.01328,0.01889,0.02001,0.01797,0.01888,0.01982,0.00873,0.01606,0.01382,0.01156,0.01146,0.02295,0.01793,0.02365,0.01809,0.01735,0.01308,0.02461,0.02374,0.02216,0.02563,0.02439,0.01316,0.02534,0.01328,0.01392,0.01535,0.01447,0.02135,0.01172,0.01772,0.02105,0.0208,0.01384,0.02849,0.01762,0.0128,0.01146,0.01435,0.02167,0.0237,0.00976,0.0189,0.01528,0.02133,0.02451,0.01227,0.02154,0.01102,0.01246,0.02263,0.03459,0.02193,0.03087,0.01633,0.01554,0.0217,0.01729,0.01187,0.01005,0.03299,0.02943,0.01545]},"LENGTH_OF_ERA":{"CATEGORY":"Length of Era","MIN_VALUE":1,"P10_VALUE":28,"P25_VALUE":56,"MEDIAN_VALUE":145,"P75_VALUE":358,"P90_VALUE":838,"MAX_VALUE":3942}}
