{"AGE_AT_FIRST_EXPOSURE":{"CATEGORY":["MALE","FEMALE"],"MIN_VALUE":[23,18],"P10_VALUE":[52,48],"P25_VALUE":[60,59],"MEDIAN_VALUE":[72,72],"P75_VALUE":[78,79],"P90_VALUE":[83,85],"MAX_VALUE":[91,97]},"PREVALENCE_BY_GENDER_AGE_YEAR":{"TRELLIS_NAME":["60-69","90-99","80-89","80-89","50-59","70-79","60-69","40-49","70-79","30-39","40-49","50-59","80-89","60-69","80-89","50-59","50-59","60-69","70-79","70-79","90-99","40-49"],"SERIES_NAME":["MALE","FEMALE","MALE","FEMALE","FEMALE","FEMALE","FEMALE","MALE","MALE","FEMALE","FEMALE","MALE","MALE","MALE","FEMALE","FEMALE","MALE","FEMALE","FEMALE","MALE","FEMALE","MALE"],"X_CALENDAR_YEAR":[2006,2006,2006,2006,2006,2006,2006,2006,2006,2006,2006,2006,2007,2007,2007,2007,2007,2007,2007,2007,2007,2007],"Y_PREVALENCE_1000PP":[0.75169,1.01557,1.57853,0.73473,0.23796,0.82802,0.50786,0.29326,1.52246,0.14663,0.18213,0.4898,0.71327,0.19715,0.47511,0.0684,0.23794,0.13183,0.27321,0.47107,0.76433,0.11073]},"PREVALENCE_BY_MONTH":{"X_CALENDAR_MONTH":[200603,200606,200607,200608,200710,200612,200701,200609,200703,200604,200704,200705,200706,200610,200708,200605,200707,200611,200702,200709,200711,200602,200601],"Y_PREVALENCE_1000PP":[0.11832,0.02218,0.01229,0.03436,0.01098,0.02205,0.02304,0.02771,0.0343,0.03792,0.01173,0.01674,0.01018,0.01714,0.02863,0.02967,0.01888,0.01821,0.0281,0.01848,0.01328,0.14491,0.3391]},"LENGTH_OF_ERA":{"CATEGORY":"Length of Era","MIN_VALUE":2,"P10_VALUE":42,"P25_VALUE":112,"MEDIAN_VALUE":331,"P75_VALUE":663,"P90_VALUE":753,"MAX_VALUE":901}}
