{"AGE_AT_FIRST_EXPOSURE":{"CATEGORY":["MALE","FEMALE"],"MIN_VALUE":[34,25],"P10_VALUE":[66,68],"P25_VALUE":[71,76],"MEDIAN_VALUE":[78,81],"P75_VALUE":[84,86],"P90_VALUE":[89,90],"MAX_VALUE":[96,98]},"PREVALENCE_BY_GENDER_AGE_YEAR":{"TRELLIS_NAME":["90-99","80-89","80-89","90-99","60-69","70-79","50-59","70-79","80-89","70-79","80-89","90-99","70-79","80-89","70-79","70-79","80-89","90-99","70-79","80-89","70-79","80-89","90-99","80-89","80-89","80-89","70-79","70-79","80-89","80-89"],"SERIES_NAME":["MALE","MALE","FEMALE","FEMALE","MALE","FEMALE","FEMALE","MALE","MALE","MALE","FEMALE","FEMALE","FEMALE","MALE","FEMALE","MALE","FEMALE","FEMALE","FEMALE","MALE","MALE","FEMALE","FEMALE","FEMALE","MALE","FEMALE","FEMALE","FEMALE","MALE","FEMALE"],"X_CALENDAR_YEAR":[2006,2006,2006,2006,2006,2006,2006,2006,2007,2007,2007,2007,2007,2008,2008,2008,2008,2008,2009,2009,2009,2009,2009,2010,2012,2012,2012,2013,2013,2013],"Y_PREVALENCE_1000PP":[4.24403,1.03591,2.82137,3.72376,0.13667,0.76888,0.10198,0.65004,0.63401,0.25833,0.77517,1.91083,0.28687,0.3597,0.2701,0.20663,0.8435,0.59154,0.19581,0.37796,0.112,0.48518,0.57121,0.22229,0.19189,0.11446,0.08682,0.12025,0.1836,0.16677]},"PREVALENCE_BY_MONTH":{"X_CALENDAR_MONTH":[200910,200609,200710,200608,200807,200901,200912,200703,200802,200902,200604,200612,201105,200808,201301,200907,200904,200812,200809,200603,200909,200602,200709,200702,201103,200601,200801,201305,200707,200705,201009,200806,200805,201004,200607,200811,200711,200701,200606,200804,200605,200704,200905,200706,200810,200803,201006,200708],"Y_PREVALENCE_1000PP":[0.00992,0.00875,0.00976,0.01195,0.0146,0.00873,0.00884,0.01979,0.00819,0.00874,0.02413,0.01103,0.00684,0.01115,0.00954,0.00659,0.00766,0.00762,0.01551,0.10012,0.00881,0.10351,0.01725,0.01338,0.00681,0.21292,0.00708,0.00723,0.01007,0.01416,0.00898,0.00906,0.00684,0.00668,0.01843,0.00766,0.00724,0.00949,0.02535,0.01265,0.03626,0.01304,0.01096,0.0191,0.01431,0.0116,0.00782,0.01369]},"LENGTH_OF_ERA":{"CATEGORY":"Length of Era","MIN_VALUE":0,"P10_VALUE":56,"P25_VALUE":145,"MEDIAN_VALUE":475,"P75_VALUE":1042,"P90_VALUE":1701,"MAX_VALUE":3352}}
