{"AGE_AT_FIRST_EXPOSURE":{"CATEGORY":["FEMALE","MALE"],"MIN_VALUE":[15,13],"P10_VALUE":[32,43],"P25_VALUE":[45,57],"MEDIAN_VALUE":[57,71],"P75_VALUE":[74,78],"P90_VALUE":[82,84],"MAX_VALUE":[96,98]},"PREVALENCE_BY_GENDER_AGE_YEAR":{"TRELLIS_NAME":["30-39","80-89","50-59","80-89","40-49","60-69","50-59","70-79","60-69","30-39","40-49","70-79","20-29","70-79","80-89","30-39","70-79","40-49","60-69","50-59","40-49","50-59","20-29","60-69","80-89","60-69","20-29","40-49","70-79","80-89","50-59","80-89","70-79","40-49","30-39","60-69","50-59","50-59","80-89","50-59","80-89","40-49","50-59","50-59","70-79","70-79","60-69","80-89","60-69","30-39","60-69","70-79","50-59","40-49","30-39","50-59","80-89","60-69","80-89","70-79","60-69","40-49","70-79","50-59","50-59","80-89","70-79","80-89","80-89","70-79","60-69","70-79","50-59","60-69","50-59"],"SERIES_NAME":["FEMALE","MALE","FEMALE","FEMALE","MALE","MALE","MALE","FEMALE","FEMALE","MALE","FEMALE","MALE","FEMALE","MALE","FEMALE","FEMALE","FEMALE","MALE","MALE","FEMALE","FEMALE","MALE","FEMALE","FEMALE","MALE","MALE","FEMALE","MALE","MALE","MALE","FEMALE","FEMALE","FEMALE","FEMALE","FEMALE","FEMALE","MALE","FEMALE","FEMALE","MALE","FEMALE","FEMALE","FEMALE","MALE","MALE","FEMALE","MALE","MALE","FEMALE","FEMALE","MALE","MALE","MALE","FEMALE","FEMALE","FEMALE","FEMALE","FEMALE","MALE","FEMALE","FEMALE","FEMALE","FEMALE","FEMALE","MALE","MALE","MALE","FEMALE","FEMALE","MALE","FEMALE","FEMALE","FEMALE","MALE","FEMALE"],"X_CALENDAR_YEAR":[2006,2006,2006,2006,2006,2006,2006,2006,2006,2006,2006,2006,2006,2007,2007,2007,2007,2007,2007,2007,2007,2007,2007,2007,2007,2008,2008,2008,2008,2008,2008,2008,2008,2008,2008,2008,2008,2009,2009,2009,2010,2010,2010,2010,2010,2010,2010,2010,2010,2010,2011,2011,2011,2011,2011,2011,2011,2011,2011,2011,2012,2012,2012,2012,2012,2012,2012,2012,2013,2013,2014,2014,2014,2015,2015],"Y_PREVALENCE_1000PP":[0.9042,0.98658,0.50992,0.73473,0.3561,0.34168,0.21429,0.60623,0.57339,0.47939,0.50736,0.83821,0.41139,0.65342,0.75017,0.49879,0.60107,0.25837,0.28814,0.47883,0.4617,0.30404,0.57368,0.45409,0.55476,0.32689,0.24945,0.16777,0.52345,0.654,0.3898,0.45419,0.373,0.31641,0.26912,0.1984,0.21966,0.06078,0.18985,0.07135,0.18188,0.08288,0.07805,0.1089,0.24556,0.202,0.09365,0.35509,0.15706,0.13305,0.18471,0.2986,0.09962,0.10045,0.12237,0.08752,0.27455,0.19557,0.4273,0.15341,0.14248,0.08115,0.13022,0.08814,0.07699,0.27412,0.26265,0.15261,0.11118,0.14466,0.06101,0.09195,0.06494,0.11683,0.07835]},"PREVALENCE_BY_MONTH":{"X_CALENDAR_MONTH":[201111,201211,200802,200608,200609,201405,200703,201208,201204,201501,201011,200801,200709,201107,200701,200803,200612,200912,200712,200707,200610,201008,201003,201006,200606,201205,200605,200711,201308,201209,201201,200603,201103,201105,200804,201101,200809,200908,201102,200808,201212,201004,201010,201203,200909,200708,200705,201009,201207,200604,200807,200702,201001,201110,201106,201310,200706,201007,200805,201104,200611,201108,201407,200601,201005,201012,200806,201206,200704,200602,200607,200910,200710,200911,201301],"Y_PREVALENCE_1000PP":[0.00923,0.01423,0.0351,0.06275,0.04814,0.00748,0.04485,0.01178,0.01634,0.00896,0.0169,0.03777,0.04683,0.00687,0.05286,0.05104,0.04273,0.00663,0.03347,0.03902,0.05143,0.01569,0.00889,0.01005,0.05387,0.01403,0.04285,0.0519,0.00728,0.00708,0.01043,0.09648,0.02385,0.01711,0.05175,0.01922,0.03214,0.0066,0.0102,0.04127,0.00951,0.01336,0.02024,0.00931,0.00881,0.05476,0.04635,0.01123,0.0094,0.04998,0.04492,0.03345,0.00665,0.01842,0.01486,0.00732,0.03692,0.01007,0.03992,0.01593,0.05182,0.01376,0.00753,0.14458,0.01338,0.01354,0.03624,0.01172,0.04563,0.08694,0.0384,0.01213,0.03414,0.01214,0.00954]},"LENGTH_OF_ERA":{"CATEGORY":"Length of Era","MIN_VALUE":0,"P10_VALUE":7,"P25_VALUE":18,"MEDIAN_VALUE":56,"P75_VALUE":112,"P90_VALUE":233,"MAX_VALUE":3491}}
