{"AGE_AT_FIRST_EXPOSURE":{"CATEGORY":["FEMALE","MALE"],"MIN_VALUE":[17,22],"P10_VALUE":[41,48],"P25_VALUE":[56,58],"MEDIAN_VALUE":[67,70],"P75_VALUE":[79,80],"P90_VALUE":[85,85],"MAX_VALUE":[97,96]},"PREVALENCE_BY_GENDER_AGE_YEAR":{"TRELLIS_NAME":["70-79","50-59","70-79","70-79","70-79","80-89","70-79","60-69","80-89","60-69","60-69","60-69","70-79","70-79","60-69","50-59","50-59","60-69","70-79","60-69","80-89","70-79","80-89","70-79","80-89","60-69","60-69","80-89"],"SERIES_NAME":["MALE","MALE","MALE","FEMALE","MALE","MALE","MALE","MALE","MALE","MALE","FEMALE","MALE","MALE","FEMALE","FEMALE","FEMALE","MALE","MALE","MALE","FEMALE","FEMALE","FEMALE","MALE","MALE","FEMALE","FEMALE","MALE","MALE"],"X_CALENDAR_YEAR":[2008,2009,2009,2009,2010,2010,2013,2013,2014,2014,2015,2015,2015,2015,2016,2016,2016,2016,2016,2017,2017,2017,2017,2018,2018,2018,2018,2018],"Y_PREVALENCE_1000PP":[0.08265,0.09514,0.126,0.07832,0.08667,0.26632,0.12859,0.07831,0.15398,0.07837,0.05919,0.10384,0.20535,0.09417,0.05855,0.09509,0.10083,0.09206,0.10536,0.07903,0.12868,0.09323,0.17722,0.18161,0.11227,0.09359,0.08791,0.2824]},"PREVALENCE_BY_MONTH":{"X_CALENDAR_MONTH":[200809,200911,200812,201711,200807,201510,201805,201601,200810,201804,201807,201407,200907,201806,201205,201310,201604,201505,201808,201803,201606],"Y_PREVALENCE_1000PP":[0.00997,0.00773,0.00653,0.0124,0.00674,0.00928,0.01173,0.01075,0.00661,0.01155,0.01224,0.00753,0.00878,0.01367,0.00702,0.00976,0.00954,0.0091,0.01448,0.00975,0.01102]},"LENGTH_OF_ERA":{"CATEGORY":"Length of Era","MIN_VALUE":0,"P10_VALUE":1,"P25_VALUE":1,"MEDIAN_VALUE":2,"P75_VALUE":32,"P90_VALUE":33,"MAX_VALUE":531}}
