{"PREVALENCE_BY_GENDER_AGE_YEAR":{"TRELLIS_NAME":["0-9","0-9","0-9","0-9","0-9","0-9","0-9","0-9","0-9","0-9","0-9","0-9","0-9","0-9","0-9","0-9","0-9","0-9","0-9","0-9","0-9","0-9","0-9","0-9","0-9","0-9","0-9","0-9"],"SERIES_NAME":["FEMALE","MALE","FEMALE","MALE","MALE","FEMALE","FEMALE","MALE","FEMALE","MALE","FEMALE","MALE","FEMALE","MALE","FEMALE","MALE","MALE","FEMALE","MALE","FEMALE","FEMALE","MALE","FEMALE","MALE","MALE","FEMALE","MALE","FEMALE"],"X_CALENDAR_YEAR":[2004,2004,2005,2005,2006,2006,2007,2007,2008,2008,2009,2009,2010,2010,2011,2011,2012,2012,2013,2013,2014,2014,2015,2015,2016,2016,2017,2017],"Y_PREVALENCE_1000PP":[0.15275,0.1955,0.27184,0.32796,0.38057,0.30038,0.23505,0.3739,0.43433,0.53387,0.6299,0.71946,0.7373,0.93292,0.51839,0.66265,0.65907,0.49715,0.60675,0.44495,0.23371,0.24692,0.07179,0.09773,0.06586,0.04879,0.06054,0.0589]},"PREVALENCE_BY_MONTH":{"X_CALENDAR_MONTH":[200403,200404,200405,200406,200407,200408,200409,200410,200412,200501,200502,200503,200504,200505,200506,200507,200508,200509,200510,200511,200512,200601,200602,200603,200604,200605,200606,200607,200608,200609,200610,200611,200612,200701,200702,200703,200704,200705,200706,200707,200708,200709,200710,200711,200712,200801,200802,200803,200804,200805,200806,200807,200808,200809,200810,200811,200812,200901,200902,200903,200904,200905,200906,200907,200908,200909,200910,200911,200912,201001,201002,201003,201004,201005,201006,201007,201008,201009,201010,201011,201012,201101,201102,201103,201104,201105,201106,201107,201108,201109,201110,201111,201112,201201,201202,201203,201204,201205,201206,201207,201208,201209,201210,201211,201212,201301,201302,201303,201304,201305,201306,201307,201308,201309,201310,201311,201312,201401,201402,201403,201404,201405,201406,201407,201408,201409,201410,201412,201501,201502,201503,201504,201701,201703,201706],"Y_PREVALENCE_1000PP":[0.00411,0.00404,0.0026,0.00211,0.0021,0.00256,0.00278,0.00161,0.00206,0.00476,0.00271,0.00475,0.00429,0.00405,0.00179,0.00289,0.00355,0.00395,0.00373,0.00394,0.00285,0.00368,0.00542,0.00412,0.00517,0.00429,0.00128,0.00256,0.00341,0.00318,0.00253,0.00567,0.00357,0.00312,0.00394,0.00538,0.00412,0.00409,0.00223,0.00161,0.00241,0.00398,0.00315,0.00371,0.00449,0.00329,0.00369,0.00662,0.00756,0.00619,0.00787,0.00612,0.00497,0.00513,0.00436,0.00436,0.00303,0.00622,0.00698,0.00903,0.00926,0.00735,0.00791,0.00752,0.00754,0.00901,0.00527,0.00491,0.0078,0.00587,0.01063,0.01979,0.01369,0.00839,0.00821,0.0105,0.00687,0.00949,0.00697,0.00637,0.00506,0.00692,0.0099,0.01595,0.01036,0.00443,0.00681,0.00514,0.00604,0.00474,0.00309,0.0031,0.00328,0.00582,0.00764,0.00836,0.00818,0.00783,0.00527,0.00474,0.00708,0.00725,0.00672,0.00677,0.0035,0.00496,0.00774,0.01204,0.00981,0.00947,0.00539,0.00445,0.00464,0.00408,0.00468,0.0032,0.00173,0.00401,0.00496,0.00287,0.00345,0.00249,0.0031,0.00274,0.00178,0.00317,0.00162,0.00228,0.00166,0.00146,0.00194,0.0013,0.00192,0.00227,0.00175]},"FREQUENCY_DISTRIBUTION":{"Y_NUM_PERSONS":[0,0,0,0],"X_COUNT":[1,2,3,4]},"MEASUREMENTS_BY_TYPE":{"CONCEPT_NAME":["From physical examination","Lab result"],"COUNT_VALUE":[20,3749]},"AGE_AT_FIRST_OCCURRENCE":{"CATEGORY":["FEMALE","MALE"],"MIN_VALUE":[0,0],"P10_VALUE":[1,1],"P25_VALUE":[1,1],"MEDIAN_VALUE":[1,1],"P75_VALUE":[3,3],"P90_VALUE":[5,4],"MAX_VALUE":[103,95]},"RECORDS_BY_UNIT":{"CONCEPT_NAME":"No matching concept","COUNT_VALUE":3769},"MEASUREMENT_VALUE_DISTRIBUTION":{"CATEGORY":[],"MIN_VALUE":[],"P10_VALUE":[],"P25_VALUE":[],"MEDIAN_VALUE":[],"P75_VALUE":[],"P90_VALUE":[],"MAX_VALUE":[]},"LOWER_LIMIT_DISTRIBUTION":{"CATEGORY":[],"MIN_VALUE":[],"P10_VALUE":[],"P25_VALUE":[],"MEDIAN_VALUE":[],"P75_VALUE":[],"P90_VALUE":[],"MAX_VALUE":[]},"UPPER_LIMIT_DISTRIBUTION":{"CATEGORY":[],"MIN_VALUE":[],"P10_VALUE":[],"P25_VALUE":[],"MEDIAN_VALUE":[],"P75_VALUE":[],"P90_VALUE":[],"MAX_VALUE":[]},"VALUES_RELATIVE_TO_NORM":{"CONCEPT_NAME":[],"COUNT_VALUE":[]}}
