{"PREVALENCE_BY_GENDER_AGE_YEAR":{"TRELLIS_NAME":["80-89","70-79","70-79","80-89","70-79","60-69","80-89","60-69","80-89","70-79","70-79","80-89","70-79","70-79","80-89","60-69","60-69","70-79","80-89","70-79","80-89","60-69","70-79","70-79","60-69","80-89","80-89"],"SERIES_NAME":["FEMALE","MALE","FEMALE","FEMALE","MALE","MALE","FEMALE","FEMALE","MALE","FEMALE","MALE","MALE","MALE","FEMALE","FEMALE","FEMALE","MALE","MALE","MALE","FEMALE","FEMALE","FEMALE","FEMALE","MALE","MALE","MALE","FEMALE"],"X_CALENDAR_YEAR":[2010,2010,2011,2011,2011,2012,2012,2012,2012,2012,2012,2013,2013,2013,2013,2013,2013,2014,2014,2014,2014,2015,2015,2015,2015,2015,2015],"Y_PREVALENCE_1000PP":[0.04163,0.03655,0.04917,0.04809,0.03072,0.04077,0.13791,0.02135,0.09312,0.11146,0.14234,0.11257,0.05951,0.06119,0.07658,0.05161,0.01876,0.06601,0.13745,0.02692,0.04391,0.02096,0.04881,0.06039,0.03968,0.10275,0.04798]},"PREVALENCE_BY_MONTH":{"X_CALENDAR_MONTH":[201003,201005,201102,201105,201111,201201,201202,201203,201205,201208,201209,201211,201301,201302,201304,201305,201306,201307,201309,201401,201409,201410,201501,201502,201507,201509,201510,201511,201607,201611],"Y_PREVALENCE_1000PP":[0.00152,0.00133,0.00205,0.00111,0.00109,0.00364,0.00346,0.00309,0.00182,0.00182,0.00109,0.00128,0.0011,0.00111,0.0013,0.00316,0.00167,0.0013,0.00148,0.0021,0.00139,0.00121,0.00166,0.00125,0.0018,0.00135,0.00163,0.00189,0.00158,0.00192]},"FREQUENCY_DISTRIBUTION":{"Y_NUM_PERSONS":[0,0],"X_COUNT":[1,2]},"MEASUREMENTS_BY_TYPE":{"CONCEPT_NAME":"From physical examination","COUNT_VALUE":490},"AGE_AT_FIRST_OCCURRENCE":{"CATEGORY":["MALE","FEMALE"],"MIN_VALUE":[51,19],"P10_VALUE":[65,63],"P25_VALUE":[68,69],"MEDIAN_VALUE":[74,76],"P75_VALUE":[80,83],"P90_VALUE":[87,89],"MAX_VALUE":[101,101]},"RECORDS_BY_UNIT":{"CONCEPT_NAME":"No matching concept","COUNT_VALUE":490},"MEASUREMENT_VALUE_DISTRIBUTION":{"CATEGORY":[],"MIN_VALUE":[],"P10_VALUE":[],"P25_VALUE":[],"MEDIAN_VALUE":[],"P75_VALUE":[],"P90_VALUE":[],"MAX_VALUE":[]},"LOWER_LIMIT_DISTRIBUTION":{"CATEGORY":[],"MIN_VALUE":[],"P10_VALUE":[],"P25_VALUE":[],"MEDIAN_VALUE":[],"P75_VALUE":[],"P90_VALUE":[],"MAX_VALUE":[]},"UPPER_LIMIT_DISTRIBUTION":{"CATEGORY":[],"MIN_VALUE":[],"P10_VALUE":[],"P25_VALUE":[],"MEDIAN_VALUE":[],"P75_VALUE":[],"P90_VALUE":[],"MAX_VALUE":[]},"VALUES_RELATIVE_TO_NORM":{"CONCEPT_NAME":[],"COUNT_VALUE":[]}}
