{"PREVALENCE_BY_GENDER_AGE_YEAR":{"TRELLIS_NAME":["50-59","40-49","20-29","50-59","40-49","30-39","20-29","70-79","40-49","60-69","20-29","50-59","50-59","20-29","70-79","30-39","50-59","60-69","60-69","70-79","30-39","40-49","50-59","20-29","40-49","20-29"],"SERIES_NAME":["MALE","MALE","FEMALE","MALE","MALE","MALE","MALE","MALE","MALE","MALE","FEMALE","MALE","FEMALE","FEMALE","FEMALE","FEMALE","MALE","FEMALE","MALE","MALE","MALE","MALE","FEMALE","FEMALE","MALE","FEMALE"],"X_CALENDAR_YEAR":[2012,2012,2013,2013,2013,2013,2013,2014,2014,2014,2014,2014,2014,2015,2015,2015,2015,2015,2015,2015,2015,2015,2015,2016,2017,2017],"Y_PREVALENCE_1000PP":[0.01577,0.01337,0.01973,0.01551,0.02485,0.01728,0.01547,0.04062,0.01958,0.0232,0.02098,0.01873,0.01631,0.03192,0.03417,0.02014,0.03166,0.04541,0.0469,0.06589,0.0288,0.02752,0.04091,0.02435,0.02646,0.02335]},"PREVALENCE_BY_MONTH":{"X_CALENDAR_MONTH":[201201,201202,201301,201302,201304,201305,201307,201309,201311,201403,201405,201407,201410,201411,201412,201501,201502,201503,201505,201507,201510,201511,201512,201601,201602,201603,201901,201902],"Y_PREVALENCE_1000PP":[0.004,0.00182,0.0011,0.00129,0.00111,0.00111,0.00204,0.00111,0.00113,0.00134,0.00153,0.00118,0.00142,0.00123,0.00394,0.00125,0.00543,0.01079,0.0013,0.00157,0.00186,0.00166,0.00197,0.00198,0.00149,0.00199,0.00197,0.00198]},"FREQUENCY_DISTRIBUTION":{"Y_NUM_PERSONS":[0,0,0,0],"X_COUNT":[1,2,3,4]},"MEASUREMENTS_BY_TYPE":{"CONCEPT_NAME":"From physical examination","COUNT_VALUE":489},"AGE_AT_FIRST_OCCURRENCE":{"CATEGORY":["MALE","FEMALE"],"MIN_VALUE":[6,1],"P10_VALUE":[23,22],"P25_VALUE":[33,29],"MEDIAN_VALUE":[49,45],"P75_VALUE":[63,60],"P90_VALUE":[74,71],"MAX_VALUE":[90,84]},"RECORDS_BY_UNIT":{"CONCEPT_NAME":"No matching concept","COUNT_VALUE":489},"MEASUREMENT_VALUE_DISTRIBUTION":{"CATEGORY":[],"MIN_VALUE":[],"P10_VALUE":[],"P25_VALUE":[],"MEDIAN_VALUE":[],"P75_VALUE":[],"P90_VALUE":[],"MAX_VALUE":[]},"LOWER_LIMIT_DISTRIBUTION":{"CATEGORY":[],"MIN_VALUE":[],"P10_VALUE":[],"P25_VALUE":[],"MEDIAN_VALUE":[],"P75_VALUE":[],"P90_VALUE":[],"MAX_VALUE":[]},"UPPER_LIMIT_DISTRIBUTION":{"CATEGORY":[],"MIN_VALUE":[],"P10_VALUE":[],"P25_VALUE":[],"MEDIAN_VALUE":[],"P75_VALUE":[],"P90_VALUE":[],"MAX_VALUE":[]},"VALUES_RELATIVE_TO_NORM":{"CONCEPT_NAME":[],"COUNT_VALUE":[]}}
