{"PREVALENCE_BY_GENDER_AGE_YEAR":{"TRELLIS_NAME":["70-79","60-69","70-79","60-69","80-89","70-79","50-59","60-69","70-79","60-69","60-69","70-79","70-79","60-69","50-59","70-79","70-79","60-69","80-89","70-79","50-59","70-79","60-69","80-89","50-59","80-89","60-69","70-79","70-79","90-99","50-59","80-89","70-79","60-69","80-89","70-79","50-59","80-89","60-69","70-79","80-89","60-69","70-79","70-79","80-89","80-89","60-69","60-69","70-79","80-89","70-79","60-69","80-89","80-89","80-89","70-79","70-79","80-89","60-69","60-69","80-89","70-79","80-89","70-79","80-89","80-89","80-89"],"SERIES_NAME":["FEMALE","MALE","FEMALE","MALE","FEMALE","FEMALE","MALE","MALE","FEMALE","FEMALE","MALE","MALE","MALE","MALE","MALE","FEMALE","MALE","MALE","MALE","FEMALE","MALE","MALE","MALE","FEMALE","MALE","MALE","MALE","MALE","FEMALE","FEMALE","MALE","FEMALE","MALE","MALE","MALE","FEMALE","MALE","MALE","FEMALE","MALE","FEMALE","MALE","MALE","FEMALE","FEMALE","MALE","MALE","MALE","MALE","MALE","MALE","MALE","MALE","FEMALE","FEMALE","MALE","FEMALE","MALE","MALE","MALE","FEMALE","MALE","MALE","MALE","MALE","FEMALE","FEMALE"],"X_CALENDAR_YEAR":[2001,2001,2002,2003,2003,2003,2004,2004,2004,2004,2005,2005,2006,2006,2006,2007,2007,2007,2008,2008,2008,2008,2008,2009,2009,2009,2009,2009,2009,2010,2010,2010,2010,2010,2010,2010,2011,2011,2011,2011,2011,2011,2012,2012,2012,2012,2012,2013,2013,2013,2014,2014,2014,2014,2015,2015,2015,2015,2015,2016,2016,2016,2016,2017,2017,2017,2018],"Y_PREVALENCE_1000PP":[0.65765,0.65154,0.4622,0.39675,0.60277,0.36949,0.50195,0.33772,0.30526,0.37886,0.34885,0.383,0.10264,0.18792,0.12245,0.09562,0.15196,0.10616,0.2289,0.1029,0.12717,0.15153,0.16344,0.23204,0.11892,0.28347,0.16193,0.238,0.09138,0.54074,0.0847,0.16167,0.20222,0.13379,0.44387,0.21547,0.08717,0.25638,0.06902,0.19409,0.1765,0.15832,0.1545,0.08682,0.11446,0.27412,0.11757,0.10441,0.16073,0.26228,0.13174,0.07837,0.20531,0.12815,0.14542,0.18824,0.12556,0.17805,0.11683,0.09206,0.12758,0.1756,0.30368,0.16005,0.20253,0.12868,0.11227]},"PREVALENCE_BY_MONTH":{"X_CALENDAR_MONTH":[201301,201105,201002,200912,201511,200904,201010,200605,200711,201007,200908,201610,201207,200909,201110,200603,201608,200303,200903,200202,200902,201210,201710,201008,201101,201103,201106,201706,200604,201004,200907,200402,200807,201108,201109,200911,200802,200812,201507,200511,201404,201003,200411,200905,201812,201005,200704,200811,201211,201604,201006,201009,201112,200810,201102,200906,201602,200111,200901,201803,200210,201012,200407,201707,201501,201203,200910,201011,201306,201001,200112,201609,201509,201209],"Y_PREVALENCE_1000PP":[0.00834,0.01597,0.00777,0.00995,0.00799,0.01422,0.01012,0.00989,0.00845,0.01119,0.0077,0.00844,0.00705,0.00881,0.00921,0.01092,0.01252,0.04525,0.00984,0.06371,0.00764,0.00947,0.01075,0.00672,0.01244,0.01249,0.00686,0.01038,0.01379,0.01336,0.00769,0.03701,0.01123,0.01376,0.00804,0.00883,0.00936,0.01198,0.01048,0.02735,0.00994,0.01111,0.04271,0.01315,0.02792,0.01227,0.00782,0.00657,0.01067,0.00818,0.01341,0.00786,0.01156,0.00881,0.00907,0.00877,0.0081,0.08244,0.00764,0.013,0.06731,0.01129,0.03393,0.01196,0.0128,0.00698,0.00882,0.01014,0.00725,0.01218,0.09106,0.00839,0.00793,0.00708]},"LENGTH_OF_ERA":{"CATEGORY":"Length of era","MIN_VALUE":1,"P10_VALUE":1,"P25_VALUE":1,"MEDIAN_VALUE":1,"P75_VALUE":1,"P90_VALUE":1,"MAX_VALUE":123},"AGE_AT_FIRST_DIAGNOSIS":{"CATEGORY":["MALE","FEMALE"],"MIN_VALUE":[16,12],"P10_VALUE":[48,44],"P25_VALUE":[55,55],"MEDIAN_VALUE":[65,69],"P75_VALUE":[74,78],"P90_VALUE":[80,83],"MAX_VALUE":[92,96]}}
