{"PREVALENCE_BY_GENDER_AGE_YEAR":{"TRELLIS_NAME":["80-89","40-49","60-69","70-79","80-89","70-79","80-89","60-69","70-79","60-69","70-79","70-79","70-79","60-69","50-59","80-89","60-69","70-79","70-79","80-89","60-69","70-79","60-69","50-59","70-79","80-89","60-69","80-89","80-89","70-79","60-69","80-89","70-79","70-79","60-69"],"SERIES_NAME":["FEMALE","FEMALE","FEMALE","FEMALE","FEMALE","FEMALE","FEMALE","MALE","FEMALE","FEMALE","MALE","MALE","FEMALE","MALE","FEMALE","FEMALE","FEMALE","FEMALE","MALE","FEMALE","MALE","FEMALE","FEMALE","FEMALE","FEMALE","FEMALE","FEMALE","FEMALE","FEMALE","MALE","MALE","FEMALE","FEMALE","MALE","FEMALE"],"X_CALENDAR_YEAR":[2003,2004,2005,2005,2008,2008,2009,2009,2009,2009,2009,2010,2010,2010,2010,2010,2010,2011,2011,2011,2011,2012,2012,2012,2013,2013,2013,2014,2015,2015,2016,2017,2018,2018,2018],"Y_PREVALENCE_1000PP":[0.60277,0.39641,0.34163,0.22749,0.12977,0.09003,0.14766,0.08096,0.15665,0.08851,0.112,0.14445,0.2828,0.10703,0.06938,0.18188,0.15706,0.16735,0.08958,0.29416,0.09235,0.1881,0.06576,0.0617,0.13528,0.16677,0.08431,0.10984,0.21813,0.11979,0.09206,0.14706,0.12469,0.12713,0.07279]},"PREVALENCE_BY_MONTH":{"X_CALENDAR_MONTH":[201208,201003,201101,201510,201008,201411,201211,201011,201004,201006,201010,200608,201207,201811,201107,201203,200908,201002,201005,201305,200812,200810,201112,201001,201307,201012,200911,201108],"Y_PREVALENCE_1000PP":[0.01178,0.00778,0.01018,0.01459,0.01121,0.00763,0.00949,0.00676,0.00668,0.01452,0.00787,0.01195,0.0094,0.01634,0.00801,0.00931,0.0066,0.00888,0.01004,0.00843,0.00653,0.01101,0.00694,0.00665,0.00969,0.00677,0.00994,0.00688]},"LENGTH_OF_ERA":{"CATEGORY":"Length of era","MIN_VALUE":1,"P10_VALUE":1,"P25_VALUE":1,"MEDIAN_VALUE":1,"P75_VALUE":1,"P90_VALUE":1,"MAX_VALUE":91},"AGE_AT_FIRST_DIAGNOSIS":{"CATEGORY":["MALE","FEMALE"],"MIN_VALUE":[26,17],"P10_VALUE":[51,49],"P25_VALUE":[62,60],"MEDIAN_VALUE":[70,73],"P75_VALUE":[77,82],"P90_VALUE":[84,88],"MAX_VALUE":[93,99]}}
