{"AGE_AT_FIRST_EXPOSURE":{"CATEGORY":["FEMALE","MALE"],"MIN_VALUE":[13,32],"P10_VALUE":[26,32],"P25_VALUE":[36,47],"MEDIAN_VALUE":[42,51],"P75_VALUE":[46,56],"P90_VALUE":[50,78],"MAX_VALUE":[73,78]},"DAYS_SUPPLY_DISTRIBUTION":{"CATEGORY":"Days supply","MIN_VALUE":0,"P10_VALUE":84,"P25_VALUE":112,"MEDIAN_VALUE":168,"P75_VALUE":196,"P90_VALUE":280,"MAX_VALUE":784},"DRUGS_BY_TYPE":{"CONCEPT_NAME":"EHR","COUNT_VALUE":5216},"PREVALENCE_BY_GENDER_AGE_YEAR":{"TRELLIS_NAME":["30-39","50-59","20-29","40-49","10-19","40-49","50-59","30-39","20-29","10-19","20-29","30-39","40-49","50-59","20-29","50-59","30-39","40-49","50-59","30-39","40-49","20-29","30-39","40-49","50-59","20-29","40-49","50-59","10-19","20-29","30-39","50-59","40-49","20-29","30-39","50-59","20-29","40-49","30-39","20-29","50-59","30-39","40-49","30-39","40-49","20-29","50-59","50-59","30-39","20-29","40-49","40-49","50-59","30-39","20-29"],"SERIES_NAME":["FEMALE","FEMALE","FEMALE","FEMALE","FEMALE","FEMALE","FEMALE","FEMALE","FEMALE","FEMALE","FEMALE","FEMALE","FEMALE","FEMALE","FEMALE","FEMALE","FEMALE","FEMALE","FEMALE","FEMALE","FEMALE","FEMALE","FEMALE","FEMALE","FEMALE","FEMALE","FEMALE","FEMALE","FEMALE","FEMALE","FEMALE","FEMALE","FEMALE","FEMALE","FEMALE","FEMALE","FEMALE","FEMALE","FEMALE","FEMALE","FEMALE","FEMALE","FEMALE","FEMALE","FEMALE","FEMALE","FEMALE","FEMALE","FEMALE","FEMALE","FEMALE","FEMALE","FEMALE","FEMALE","FEMALE"],"X_CALENDAR_YEAR":[2006,2006,2006,2006,2007,2007,2007,2007,2007,2008,2008,2008,2008,2008,2009,2009,2009,2009,2010,2010,2010,2010,2011,2011,2011,2011,2012,2012,2012,2012,2012,2013,2013,2013,2013,2014,2014,2014,2014,2015,2015,2015,2015,2016,2016,2016,2016,2017,2017,2017,2017,2018,2018,2018,2018],"Y_PREVALENCE_1000PP":[0.75758,0.14731,0.95991,1.2749,0.34556,1.48897,0.18567,1.05744,1.0398,0.30341,0.94238,1.05964,1.24453,0.18191,0.99724,0.16498,1.11867,1.26232,0.14742,1.19747,1.31417,1.22332,1.2849,1.24303,0.14003,1.05183,1.43365,0.08814,0.491,1.12882,1.33295,0.14291,1.78004,1.02134,1.22606,0.12989,1.01779,1.99795,1.47464,1.0361,0.1665,1.65178,2.39901,1.96278,2.50213,1.32513,0.17961,0.15305,1.7084,1.19801,2.77283,3.65495,0.17933,2.25637,1.44462]},"PREVALENCE_BY_MONTH":{"X_CALENDAR_MONTH":[201504,201208,201209,201502,201104,201812,201007,201803,201201,200907,201509,201806,200703,201101,201505,201807,201408,201311,201312,201410,201801,200612,200812,201002,200712,201110,201203,201004,201305,201804,200810,201210,200811,201709,200609,200805,201710,201510,201107,201704,200911,200808,200804,201512,200710,200802,200901,200904,201701,201001,201005,201608,200806,201705,201010,200909,201003,201601,201605,201105,201805,201811,201304,201303,201703,201111,201306,200903,200910,201006,200906,201109,200601,201309,200908,201809,200704,200708,201706,200807,200803,201606,201404,201808,200602,201202,201612,200902,200605,200604,200701,200608,200705,201810,200702,201206,201310,201603,201610,201207,200706,201511,201409,200912,201106,201411,201011,201406,201205,201112,201412,200809,201108,201712,201302,201508,201008,201405,201212,201301,200603,201507,201204,201604,201802,201702,201607,200801,201609,201403,201611,201602,201707,200905,201503,201307,200610,201708,201407,201401,200711,201506,200707,201402,200607,201501,200606,201102,201711,200709,201211,201009,200611,201103,201012,201308],"Y_PREVALENCE_1000PP":[0.03626,0.03651,0.04723,0.02571,0.03642,0.1303,0.03916,0.04387,0.02317,0.03404,0.04756,0.03931,0.04353,0.02714,0.0468,0.05421,0.0365,0.04773,0.03191,0.05067,0.05382,0.03584,0.04029,0.03662,0.04064,0.03799,0.0419,0.04009,0.03854,0.04289,0.03413,0.04142,0.04378,0.035,0.04084,0.05361,0.04913,0.05703,0.03893,0.03655,0.03533,0.03346,0.04945,0.05885,0.06097,0.04212,0.036,0.04048,0.04153,0.03766,0.04684,0.04174,0.03738,0.03679,0.02587,0.04183,0.03112,0.04703,0.04385,0.02965,0.03855,0.06537,0.04325,0.03953,0.03482,0.04268,0.03744,0.04153,0.0463,0.03128,0.04935,0.04252,0.06046,0.04017,0.03848,0.0572,0.06388,0.07094,0.04745,0.05727,0.03944,0.0427,0.05967,0.06155,0.03726,0.04413,0.03842,0.04258,0.04285,0.03964,0.05015,0.03586,0.05665,0.05519,0.04148,0.04104,0.04272,0.04883,0.04361,0.03408,0.0471,0.03863,0.04672,0.05196,0.03085,0.04449,0.03154,0.03877,0.0386,0.03005,0.04208,0.04211,0.02982,0.04541,0.03108,0.03815,0.03474,0.03118,0.03805,0.04291,0.04369,0.05241,0.03851,0.03681,0.03369,0.04612,0.04429,0.04721,0.04757,0.02602,0.05375,0.04455,0.05084,0.04711,0.06063,0.05569,0.03143,0.04373,0.04014,0.05662,0.05673,0.04176,0.04279,0.03706,0.03379,0.04224,0.04119,0.02834,0.05425,0.03574,0.03558,0.04602,0.05042,0.04543,0.04853,0.02913]},"DRUG_FREQUENCY_DISTRIBUTION":{"Y_NUM_PERSONS":[0,0,0,0,0,0,0,0,0,0,0,0,0,0,0,0,0,0,0,0,0,0,0,0,0,0,0,0,0,0,0,0],"X_COUNT":[1,2,3,4,5,6,7,8,9,10,11,12,13,14,15,16,17,18,19,20,21,22,23,24,25,26,27,28,31,32,36,39]},"QUANTITY_DISTRIBUTION":{"CATEGORY":[],"MIN_VALUE":[],"P10_VALUE":[],"P25_VALUE":[],"MEDIAN_VALUE":[],"P75_VALUE":[],"P90_VALUE":[],"MAX_VALUE":[]},"REFILLS_DISTRIBUTION":{"CATEGORY":[],"MIN_VALUE":[],"P10_VALUE":[],"P25_VALUE":[],"MEDIAN_VALUE":[],"P75_VALUE":[],"P90_VALUE":[],"MAX_VALUE":[]}}
