{"AGE_AT_FIRST_EXPOSURE":{"CATEGORY":["FEMALE","MALE"],"MIN_VALUE":[16,14],"P10_VALUE":[39,44],"P25_VALUE":[51,57],"MEDIAN_VALUE":[65,66],"P75_VALUE":[76,75],"P90_VALUE":[83,82],"MAX_VALUE":[104,97]},"DAYS_SUPPLY_DISTRIBUTION":{"CATEGORY":"Days supply","MIN_VALUE":0,"P10_VALUE":1,"P25_VALUE":1,"MEDIAN_VALUE":1,"P75_VALUE":1,"P90_VALUE":1,"MAX_VALUE":99},"DRUGS_BY_TYPE":{"CONCEPT_NAME":"EHR","COUNT_VALUE":17581},"PREVALENCE_BY_GENDER_AGE_YEAR":{"TRELLIS_NAME":["40-49","60-69","30-39","40-49","60-69","70-79","50-59","50-59","40-49","50-59","60-69","70-79","60-69","60-69","70-79","60-69","50-59","40-49","50-59","50-59","60-69","50-59","40-49","70-79","60-69","50-59","70-79","50-59","60-69","40-49","60-69","40-49","80-89","80-89","70-79","60-69","30-39","70-79","70-79","40-49","50-59","50-59","80-89","80-89","60-69","80-89","60-69","80-89","70-79","50-59","40-49","70-79","30-39","60-69","50-59","60-69","50-59","80-89","50-59","30-39","20-29","70-79","60-69","40-49","80-89","30-39","40-49","70-79","60-69","40-49","70-79","50-59","50-59","80-89","30-39","60-69","70-79","80-89","40-49"],"SERIES_NAME":["MALE","MALE","FEMALE","MALE","MALE","MALE","FEMALE","MALE","FEMALE","MALE","MALE","MALE","FEMALE","MALE","MALE","FEMALE","MALE","MALE","FEMALE","FEMALE","FEMALE","MALE","FEMALE","MALE","MALE","MALE","MALE","FEMALE","MALE","FEMALE","FEMALE","MALE","MALE","FEMALE","FEMALE","MALE","FEMALE","MALE","FEMALE","FEMALE","MALE","FEMALE","MALE","FEMALE","FEMALE","FEMALE","FEMALE","MALE","MALE","MALE","FEMALE","FEMALE","FEMALE","MALE","FEMALE","MALE","MALE","MALE","FEMALE","FEMALE","FEMALE","MALE","FEMALE","MALE","FEMALE","MALE","FEMALE","FEMALE","FEMALE","FEMALE","FEMALE","MALE","FEMALE","FEMALE","MALE","MALE","MALE","MALE","MALE"],"X_CALENDAR_YEAR":[2009,2009,2010,2010,2010,2010,2010,2010,2011,2011,2011,2011,2011,2012,2012,2012,2012,2012,2012,2013,2013,2013,2013,2013,2013,2014,2014,2014,2014,2014,2014,2014,2014,2014,2014,2015,2015,2015,2015,2015,2015,2015,2015,2015,2015,2016,2016,2016,2016,2016,2016,2016,2016,2016,2016,2017,2017,2017,2017,2017,2017,2017,2017,2017,2017,2017,2017,2017,2018,2018,2018,2018,2018,2018,2018,2018,2018,2018,2018],"Y_PREVALENCE_1000PP":[0.12902,0.09446,0.11404,0.14259,0.09365,0.10111,0.06938,0.1089,0.07534,0.09962,0.09235,0.08958,0.10354,0.20901,0.1236,0.06576,0.11548,0.14706,0.11459,0.06252,0.15808,0.20034,0.08827,0.17681,0.18272,0.18387,0.31288,0.15772,0.36572,0.1918,0.1627,0.26449,0.30796,0.14646,0.12261,0.29855,0.24471,0.34225,0.18834,0.19262,0.38153,0.18609,0.30523,0.30902,0.11838,0.18226,0.22444,0.22776,0.56191,0.3025,0.21336,0.2512,0.2103,0.64439,0.11622,0.60248,0.43674,0.70886,0.08241,0.29168,0.34229,0.71133,0.25686,0.36415,0.38604,0.37288,0.3301,0.2797,0.34315,0.21985,0.38966,0.36329,0.22071,0.46781,0.46762,0.61538,0.85357,0.79585,0.49097]},"PREVALENCE_BY_MONTH":{"X_CALENDAR_MONTH":[201612,201508,201408,201202,201308,200910,201201,201210,201506,201805,201208,201801,201204,201802,201711,201503,201107,201110,200912,201212,201804,201705,201303,201112,201403,201306,201601,201004,200901,201410,201604,201003,201803,201011,201206,201603,201111,201710,201312,201401,201405,201811,201412,201605,201309,200811,201302,201005,200911,201708,201507,201610,201812,201108,201205,201608,201008,201703,201209,201002,201702,201007,201102,201609,201510,201502,200908,201104,201009,200902,201203,201509,201512,201406,201307,201709,201806,201810,201109,201809,201505,201101,201301,201407,201602,201712,201706,201106,201511,201607,201402,201404,201707,201704,201501,201606,201409,201012,201611,201807,201305,201207,201006,201311,201211,201504,201808,201304,201411,201010,201701],"Y_PREVALENCE_1000PP":[0.03985,0.02631,0.03147,0.01393,0.01214,0.00992,0.00811,0.01065,0.02218,0.04861,0.01649,0.04907,0.0105,0.0353,0.05425,0.03096,0.01145,0.01151,0.00884,0.01427,0.07093,0.04709,0.01557,0.00925,0.02478,0.01449,0.02553,0.00668,0.00764,0.02534,0.03681,0.00889,0.06499,0.00901,0.00938,0.03527,0.01269,0.04606,0.0135,0.02093,0.02369,0.1253,0.0306,0.02741,0.01339,0.00657,0.01554,0.00669,0.01214,0.04976,0.02751,0.03939,0.15822,0.01835,0.01287,0.04313,0.01121,0.06239,0.01417,0.00666,0.03604,0.01231,0.00907,0.04197,0.03979,0.02185,0.0066,0.00683,0.01347,0.00655,0.00931,0.03303,0.03344,0.02502,0.01332,0.05934,0.05298,0.09128,0.01494,0.08007,0.0299,0.01131,0.01192,0.02885,0.0351,0.05168,0.06079,0.00686,0.04262,0.03599,0.01729,0.02735,0.04336,0.05701,0.02048,0.03306,0.02273,0.00677,0.03112,0.0612,0.01204,0.01528,0.00894,0.01101,0.00949,0.02979,0.05431,0.01201,0.02161,0.01349,0.0358]},"DRUG_FREQUENCY_DISTRIBUTION":{"Y_NUM_PERSONS":[0,0,0,0,0,0,0,0,0,0,0,0,0,0,0,0,0,0,0,0,0,0,0,0,0,0,0,0,0,0,0,0,0,0,0,0,0,0,0,0,0,0,0,0,0,0,0,0,0,0,0,0,0,0,0,0,0,0,0,0,0,0,0,0,0,0,0,0,0,0,0,0,0,0,0,0,0],"X_COUNT":[1,2,3,4,5,6,7,8,9,10,11,12,13,14,15,16,17,18,19,20,21,22,23,24,25,26,27,28,29,30,31,32,33,34,36,37,38,39,40,41,42,43,44,45,46,47,48,49,50,51,52,53,54,55,56,57,60,61,62,63,64,66,67,70,71,72,73,75,76,77,79,81,82,83,86,91,93]},"QUANTITY_DISTRIBUTION":{"CATEGORY":[],"MIN_VALUE":[],"P10_VALUE":[],"P25_VALUE":[],"MEDIAN_VALUE":[],"P75_VALUE":[],"P90_VALUE":[],"MAX_VALUE":[]},"REFILLS_DISTRIBUTION":{"CATEGORY":[],"MIN_VALUE":[],"P10_VALUE":[],"P25_VALUE":[],"MEDIAN_VALUE":[],"P75_VALUE":[],"P90_VALUE":[],"MAX_VALUE":[]}}
