{"AGE_AT_FIRST_EXPOSURE":{"CATEGORY":["FEMALE","MALE"],"MIN_VALUE":[16,10],"P10_VALUE":[30,15],"P25_VALUE":[32,18],"MEDIAN_VALUE":[34,27],"P75_VALUE":[37,39],"P90_VALUE":[39,50],"MAX_VALUE":[85,80]},"DAYS_SUPPLY_DISTRIBUTION":{"CATEGORY":"Days supply","MIN_VALUE":0,"P10_VALUE":1,"P25_VALUE":1,"MEDIAN_VALUE":2,"P75_VALUE":7,"P90_VALUE":98,"MAX_VALUE":539},"DRUGS_BY_TYPE":{"CONCEPT_NAME":"EHR","COUNT_VALUE":1443},"PREVALENCE_BY_GENDER_AGE_YEAR":{"TRELLIS_NAME":["30-39","40-49","20-29","20-29","30-39","30-39","40-49","30-39","20-29","30-39","30-39","30-39","30-39","30-39","30-39","30-39","30-39","30-39","30-39"],"SERIES_NAME":["FEMALE","FEMALE","FEMALE","FEMALE","FEMALE","FEMALE","FEMALE","FEMALE","FEMALE","FEMALE","FEMALE","FEMALE","FEMALE","FEMALE","FEMALE","FEMALE","MALE","FEMALE","FEMALE"],"X_CALENDAR_YEAR":[2006,2006,2006,2007,2007,2008,2009,2009,2010,2010,2011,2012,2013,2014,2015,2016,2017,2017,2018],"Y_PREVALENCE_1000PP":[1.88172,0.07805,0.36568,0.35855,1.53628,0.9419,0.08937,0.69251,0.1835,0.7603,0.83621,0.86642,0.56399,0.62809,0.70354,0.80614,0.43503,0.58336,0.42978]},"PREVALENCE_BY_MONTH":{"X_CALENDAR_MONTH":[200608,201101,200811,200902,201108,201202,200602,200603,200702,200705,200708,200704,201006,200606,201111,201508,201611,201203,201710,201402,200711,200709,200804,201702,201608,200801,201211,201207,201103,200908,200904,201308,201401,201009,201205,201601,201102,201001,201310,201010,201711,201602,201809,201801,200610,201005,200605,201411,201408,201105,201405,200703,200707,201003,201209,200906,201206,200611,201107,200806,200601,201109,201605,201610,201303,201208,201410,200609,200909,201501,200706,200810,201606,201612,200809,200607,200604,201503,200802,200911,200905,201106,200701,200903,200803,200712,200910,200710],"Y_PREVALENCE_1000PP":[0.01494,0.00792,0.01095,0.01201,0.01147,0.01858,0.01656,0.02548,0.00803,0.03347,0.00996,0.01173,0.01117,0.02693,0.01038,0.01184,0.01132,0.01397,0.00921,0.00741,0.01931,0.00739,0.01265,0.01153,0.0153,0.0177,0.0083,0.0094,0.00909,0.01539,0.00766,0.00728,0.00862,0.01123,0.0117,0.00806,0.00793,0.00997,0.00732,0.01349,0.01085,0.0108,0.01144,0.0095,0.03286,0.00892,0.01648,0.00763,0.00755,0.01026,0.00748,0.02507,0.02517,0.00667,0.00708,0.00658,0.01055,0.01681,0.00687,0.01133,0.0368,0.01149,0.01233,0.00844,0.00719,0.00824,0.0076,0.0175,0.00881,0.01024,0.01782,0.02092,0.00964,0.00854,0.01219,0.02611,0.03274,0.0129,0.00936,0.00662,0.01534,0.01028,0.02846,0.01093,0.00696,0.01673,0.00882,0.00854]},"DRUG_FREQUENCY_DISTRIBUTION":{"Y_NUM_PERSONS":[0,0,0,0,0,0,0,0,0,0,0,0],"X_COUNT":[1,2,3,4,5,6,7,8,9,10,11,13]},"QUANTITY_DISTRIBUTION":{"CATEGORY":[],"MIN_VALUE":[],"P10_VALUE":[],"P25_VALUE":[],"MEDIAN_VALUE":[],"P75_VALUE":[],"P90_VALUE":[],"MAX_VALUE":[]},"REFILLS_DISTRIBUTION":{"CATEGORY":[],"MIN_VALUE":[],"P10_VALUE":[],"P25_VALUE":[],"MEDIAN_VALUE":[],"P75_VALUE":[],"P90_VALUE":[],"MAX_VALUE":[]}}
