{"PREVALENCE_BY_GENDER_AGE_YEAR":{"TRELLIS_NAME":["60-69","80-89","70-79","50-59","60-69","60-69","70-79","80-89","60-69","70-79","80-89","80-89","70-79","60-69","70-79","80-89","80-89","70-79","60-69","60-69","80-89","70-79","70-79","70-79","80-89","60-69","60-69","70-79","60-69","80-89","60-69","80-89","70-79","70-79","70-79","60-69","80-89","60-69","70-79","80-89","70-79","60-69","60-69","60-69","70-79","70-79","60-69","70-79","70-79"],"SERIES_NAME":["MALE","MALE","MALE","MALE","MALE","MALE","MALE","MALE","MALE","MALE","MALE","MALE","MALE","MALE","FEMALE","MALE","FEMALE","MALE","MALE","MALE","MALE","MALE","MALE","FEMALE","FEMALE","MALE","FEMALE","MALE","MALE","MALE","FEMALE","MALE","MALE","FEMALE","FEMALE","FEMALE","MALE","MALE","MALE","MALE","MALE","FEMALE","MALE","MALE","FEMALE","MALE","MALE","MALE","MALE"],"X_CALENDAR_YEAR":[2003,2004,2004,2004,2004,2005,2005,2005,2006,2006,2006,2007,2007,2007,2007,2008,2008,2008,2008,2009,2009,2009,2010,2010,2010,2010,2011,2011,2011,2011,2012,2012,2012,2012,2013,2013,2013,2013,2013,2014,2014,2014,2014,2015,2015,2015,2016,2016,2017],"Y_PREVALENCE_1000PP":[0.04481,0.21927,0.07879,0.01969,0.03114,0.02537,0.07597,0.13796,0.06286,0.07851,0.09078,0.08341,0.06106,0.04909,0.03316,0.07899,0.04168,0.09091,0.03011,0.02623,0.09915,0.10535,0.09399,0.02722,0.04163,0.01924,0.01825,0.07679,0.04367,0.07362,0.02135,0.10346,0.061,0.04012,0.0306,0.01822,0.14327,0.02501,0.05455,0.06344,0.07108,0.01928,0.01988,0.03247,0.03905,0.03294,0.02599,0.06347,0.0619]},"PREVALENCE_BY_MONTH":{"X_CALENDAR_MONTH":[200405,200407,200411,200503,200602,200603,200604,200605,200612,200702,200711,200712,200807,200809,200811,200902,200903,200909,201001,201009,201010,201012,201104,201106,201107,201202,201203,201205,201207,201209,201301,201302,201305,201306,201310,201402,201403,201404,201410,201612,201703],"Y_PREVALENCE_1000PP":[0.00142,0.00163,0.00161,0.00181,0.00152,0.0013,0.00129,0.00129,0.00126,0.00145,0.00156,0.00117,0.00115,0.00114,0.00114,0.00132,0.00113,0.00113,0.00151,0.00114,0.00113,0.00113,0.0013,0.00147,0.00165,0.00127,0.00145,0.00109,0.00146,0.00109,0.0011,0.00147,0.0013,0.00149,0.00168,0.00114,0.00134,0.00115,0.00142,0.00192,0.0017]},"PROCEDURE_FREQUENCY_DISTRIBUTION":{"Y_NUM_PERSONS":[0,0,0],"X_COUNT":[1,2,3]},"PROCEDURES_BY_TYPE":{"CONCEPT_NAME":"EHR order list entry","COUNT_VALUE":846},"AGE_AT_FIRST_OCCURRENCE":{"CATEGORY":["FEMALE","MALE"],"MIN_VALUE":[19,1],"P10_VALUE":[43,54],"P25_VALUE":[60,64],"MEDIAN_VALUE":[70,72],"P75_VALUE":[77,78],"P90_VALUE":[83,84],"MAX_VALUE":[94,93]}}
