{"PREVALENCE_BY_GENDER_AGE_YEAR":{"TRELLIS_NAME":["50-59","50-59","10-19","60-69","10-19","40-49","20-29","20-29","60-69","30-39","40-49","30-39","70-79","10-19"],"SERIES_NAME":["FEMALE","MALE","FEMALE","MALE","MALE","FEMALE","MALE","FEMALE","FEMALE","MALE","MALE","FEMALE","MALE","MALE"],"X_CALENDAR_YEAR":[2002,2002,2002,2002,2002,2002,2002,2002,2002,2002,2002,2002,2002,2003],"Y_PREVALENCE_1000PP":[0.02724,0.04914,0.08794,0.04315,0.09048,0.0252,0.04786,0.03829,0.0318,0.02404,0.02399,0.03692,0.06094,0.02522]},"PREVALENCE_BY_MONTH":{"X_CALENDAR_MONTH":[200204,200205,200206,200207,200208,200209,200210,200211,200301,200302,200303],"Y_PREVALENCE_1000PP":[0.00195,0.00554,0.00248,0.0074,0.00382,0.00733,0.00861,0.00322,0.00186,0.00158,0.0021]},"PROCEDURE_FREQUENCY_DISTRIBUTION":{"Y_NUM_PERSONS":[0,0],"X_COUNT":[1,2]},"PROCEDURES_BY_TYPE":{"CONCEPT_NAME":"EHR order list entry","COUNT_VALUE":309},"AGE_AT_FIRST_OCCURRENCE":{"CATEGORY":["MALE","FEMALE"],"MIN_VALUE":[3,3],"P10_VALUE":[13,12],"P25_VALUE":[17,19],"MEDIAN_VALUE":[34,36],"P75_VALUE":[59,59],"P90_VALUE":[74,74],"MAX_VALUE":[85,89]}}
