{"PREVALENCE_BY_GENDER_AGE_YEAR":{"TRELLIS_NAME":["60-69","60-69","60-69","80-89","70-79","60-69","60-69","60-69","70-79","50-59","60-69","50-59","70-79","60-69","70-79","50-59","60-69","70-79","70-79","50-59","60-69","60-69","70-79","50-59","70-79","50-59","70-79","60-69","60-69","70-79","50-59","60-69","60-69","70-79","50-59","50-59","70-79","60-69","60-69","70-79","40-49","50-59","70-79","60-69","70-79","50-59","60-69","70-79","50-59","70-79","60-69","50-59","60-69","70-79","50-59","70-79","60-69","40-49","50-59","60-69","80-89","70-79","50-59","50-59","70-79","60-69","60-69","70-79","50-59","60-69","70-79","50-59","50-59","70-79","70-79","60-69","50-59","60-69","60-69","70-79","70-79","50-59"],"SERIES_NAME":["MALE","MALE","FEMALE","FEMALE","MALE","MALE","MALE","FEMALE","MALE","MALE","MALE","MALE","MALE","MALE","MALE","MALE","MALE","MALE","FEMALE","MALE","FEMALE","MALE","MALE","MALE","MALE","MALE","FEMALE","FEMALE","MALE","FEMALE","FEMALE","MALE","FEMALE","MALE","MALE","MALE","MALE","MALE","FEMALE","FEMALE","FEMALE","MALE","FEMALE","MALE","MALE","FEMALE","FEMALE","MALE","FEMALE","FEMALE","MALE","MALE","FEMALE","MALE","MALE","FEMALE","MALE","FEMALE","FEMALE","FEMALE","FEMALE","MALE","FEMALE","MALE","FEMALE","MALE","FEMALE","MALE","MALE","MALE","FEMALE","FEMALE","MALE","MALE","FEMALE","FEMALE","FEMALE","MALE","MALE","FEMALE","MALE","MALE"],"X_CALENDAR_YEAR":[2001,2002,2002,2003,2003,2003,2004,2004,2004,2004,2005,2005,2005,2006,2006,2006,2007,2007,2007,2007,2008,2008,2008,2008,2009,2009,2009,2009,2009,2010,2010,2010,2010,2010,2010,2011,2011,2011,2011,2011,2012,2012,2012,2012,2012,2012,2012,2013,2013,2013,2013,2013,2013,2014,2014,2014,2014,2014,2014,2014,2015,2015,2015,2015,2015,2015,2015,2016,2016,2016,2016,2016,2017,2017,2017,2017,2017,2017,2018,2018,2018,2018],"Y_PREVALENCE_1000PP":[0.03722,0.05394,0.03711,0.05443,0.04317,0.09958,0.06227,0.02628,0.07222,0.03282,0.09724,0.05652,0.1013,0.09821,0.10267,0.05475,0.10871,0.04441,0.03789,0.0547,0.02973,0.10036,0.04813,0.05348,0.07901,0.04179,0.02736,0.0226,0.16064,0.03176,0.01684,0.12506,0.05028,0.1201,0.04368,0.03443,0.1331,0.16845,0.04867,0.04023,0.01844,0.02366,0.06242,0.16935,0.12201,0.01879,0.06099,0.10415,0.02633,0.04371,0.10318,0.03361,0.06072,0.13709,0.04281,0.03141,0.17563,0.02274,0.03533,0.07711,0.08797,0.1153,0.0263,0.07196,0.04393,0.13708,0.02795,0.10789,0.04045,0.09964,0.06225,0.02054,0.02605,0.08254,0.04301,0.07181,0.04533,0.09331,0.13805,0.04776,0.09112,0.04998]},"PREVALENCE_BY_MONTH":{"X_CALENDAR_MONTH":[200302,200308,200310,200402,200403,200410,200411,200501,200502,200503,200505,200507,200508,200509,200510,200511,200512,200601,200602,200603,200604,200605,200606,200607,200609,200610,200611,200703,200705,200706,200707,200708,200709,200710,200801,200802,200803,200804,200806,200807,200808,200812,200901,200902,200903,200904,200905,200906,200907,200908,200909,200910,200912,201001,201002,201003,201004,201005,201006,201007,201008,201009,201010,201011,201012,201101,201102,201103,201104,201105,201106,201107,201108,201109,201111,201112,201201,201202,201203,201204,201205,201206,201207,201208,201209,201210,201211,201212,201301,201302,201303,201304,201305,201307,201308,201309,201310,201311,201401,201402,201403,201404,201405,201406,201407,201408,201409,201410,201411,201412,201501,201502,201503,201504,201505,201506,201507,201508,201509,201510,201511,201512,201601,201602,201603,201604,201605,201606,201607,201609,201612,201701,201702,201703,201704,201706,201708,201709,201710,201711,201801,201803,201804,201808,201810,201811,201812],"Y_PREVALENCE_1000PP":[0.00158,0.0018,0.00153,0.00173,0.00145,0.00184,0.00138,0.00159,0.00181,0.00158,0.00158,0.00156,0.00244,0.00154,0.00154,0.00197,0.00285,0.0013,0.0013,0.00195,0.00151,0.0015,0.0015,0.0015,0.00149,0.00148,0.00189,0.00186,0.00184,0.00183,0.00121,0.00121,0.00179,0.00197,0.00155,0.00175,0.00156,0.00116,0.00134,0.00191,0.00191,0.00114,0.0017,0.0017,0.00188,0.0017,0.00151,0.0017,0.00132,0.00151,0.00225,0.00207,0.00285,0.0017,0.00152,0.00266,0.00171,0.00267,0.00191,0.0021,0.00191,0.00285,0.00207,0.00169,0.00131,0.00355,0.0028,0.00352,0.00259,0.00277,0.00147,0.00165,0.00256,0.00182,0.00128,0.00255,0.00291,0.00255,0.002,0.00273,0.00237,0.00164,0.002,0.00291,0.00236,0.00254,0.00256,0.00258,0.00184,0.00147,0.00185,0.00222,0.00278,0.00204,0.00148,0.00167,0.00318,0.00282,0.0021,0.00229,0.00306,0.00268,0.00249,0.00233,0.00294,0.00276,0.00258,0.00303,0.00327,0.0027,0.00145,0.0023,0.00151,0.00303,0.00173,0.00293,0.00337,0.00292,0.00247,0.00256,0.00308,0.00197,0.00173,0.00348,0.00174,0.002,0.00152,0.00232,0.00158,0.00188,0.00164,0.00246,0.00252,0.00198,0.00228,0.00233,0.00235,0.00266,0.00207,0.00211,0.00216,0.00402,0.00278,0.00255,0.00358,0.00394,0.00197]},"PROCEDURE_FREQUENCY_DISTRIBUTION":{"Y_NUM_PERSONS":[0,0,0],"X_COUNT":[1,2,3]},"PROCEDURES_BY_TYPE":{"CONCEPT_NAME":"EHR order list entry","COUNT_VALUE":1826},"AGE_AT_FIRST_OCCURRENCE":{"CATEGORY":["MALE","FEMALE"],"MIN_VALUE":[18,24],"P10_VALUE":[55,41],"P25_VALUE":[60,54],"MEDIAN_VALUE":[65,64],"P75_VALUE":[70,73],"P90_VALUE":[74,80],"MAX_VALUE":[89,95]}}
