{"PREVALENCE_BY_GENDER_AGE_YEAR":{"TRELLIS_NAME":["20-29","30-39","40-49","30-39","20-29","20-29","40-49","10-19","30-39","0-9","20-29","40-49","30-39","10-19","30-39","40-49","0-9","20-29","10-19","30-39","40-49","10-19","20-29","20-29","0-9","40-49","30-39","10-19","0-9","40-49","10-19","30-39","20-29","20-29","10-19","40-49","30-39","20-29","0-9","30-39","40-49","10-19","40-49","20-29","30-39","10-19","30-39","10-19","40-49","20-29","30-39","10-19","40-49","20-29","20-29","30-39","10-19","40-49","10-19","0-9","30-39","20-29","40-49","20-29","10-19","0-9","30-39","40-49","0-9","30-39","40-49","20-29","10-19","0-9","10-19","30-39","20-29","40-49","40-49","20-29","30-39","10-19","20-29","10-19","40-49","30-39","40-49","20-29","10-19","30-39","30-39","10-19","20-29","40-49","30-39","20-29","40-49","20-29","40-49","30-39"],"SERIES_NAME":["FEMALE","FEMALE","FEMALE","FEMALE","FEMALE","FEMALE","FEMALE","FEMALE","FEMALE","MALE","FEMALE","FEMALE","FEMALE","FEMALE","FEMALE","FEMALE","FEMALE","FEMALE","FEMALE","FEMALE","FEMALE","FEMALE","FEMALE","FEMALE","FEMALE","FEMALE","FEMALE","FEMALE","FEMALE","FEMALE","FEMALE","FEMALE","FEMALE","FEMALE","FEMALE","FEMALE","FEMALE","FEMALE","FEMALE","FEMALE","FEMALE","FEMALE","FEMALE","FEMALE","FEMALE","FEMALE","FEMALE","FEMALE","FEMALE","FEMALE","FEMALE","FEMALE","FEMALE","FEMALE","FEMALE","FEMALE","FEMALE","FEMALE","FEMALE","MALE","FEMALE","FEMALE","FEMALE","FEMALE","FEMALE","MALE","FEMALE","FEMALE","MALE","FEMALE","FEMALE","FEMALE","FEMALE","FEMALE","FEMALE","FEMALE","FEMALE","FEMALE","FEMALE","FEMALE","FEMALE","FEMALE","FEMALE","FEMALE","FEMALE","FEMALE","FEMALE","FEMALE","FEMALE","FEMALE","FEMALE","FEMALE","FEMALE","FEMALE","FEMALE","FEMALE","FEMALE","FEMALE","FEMALE","FEMALE"],"X_CALENDAR_YEAR":[1996,1996,1997,1997,1997,1998,1998,1998,1998,1999,1999,1999,1999,1999,2000,2000,2000,2000,2000,2001,2001,2001,2001,2002,2002,2002,2002,2002,2003,2003,2003,2003,2003,2004,2004,2004,2004,2005,2005,2005,2005,2005,2006,2006,2006,2006,2007,2007,2007,2007,2008,2008,2008,2008,2009,2009,2009,2009,2010,2010,2010,2010,2010,2011,2011,2011,2011,2011,2012,2012,2012,2012,2012,2012,2013,2013,2013,2013,2014,2014,2014,2014,2015,2015,2015,2015,2016,2016,2016,2016,2017,2017,2017,2017,2018,2018,2018,2019,2019,2019],"Y_PREVALENCE_1000PP":[0.71301,1.00801,0.24808,1.31432,1.2138,1.27132,0.16017,0.09048,1.93294,0.06381,1.12527,0.14402,1.85209,0.12254,2.32377,0.24699,0.05587,1.31207,0.04739,2.52473,0.29438,0.15562,1.3857,1.35537,0.02862,0.31679,2.55052,0.1345,0.0356,0.39654,0.11041,2.81474,1.56715,1.525,0.10723,0.4378,3.06295,1.57342,0.03829,3.33093,0.46544,0.12237,0.45045,1.64445,3.51543,0.11589,3.57048,0.10737,0.51326,1.78283,3.58914,0.08254,0.52523,1.87631,1.72503,3.87111,0.07441,0.60854,0.10067,0.01783,3.82117,1.89605,0.52169,1.72493,0.09167,0.02295,3.79784,0.61618,0.03677,3.90351,0.60616,1.71426,0.06542,0.02367,0.08434,3.92062,1.66238,0.60515,0.62147,1.67035,3.9152,0.05819,1.6077,0.026,0.57798,3.65754,0.62735,1.52694,0.0482,3.93426,3.879,0.04323,1.51016,0.67832,3.63645,1.55737,0.68537,0.31497,0.20985,0.85806]},"PREVALENCE_BY_MONTH":{"X_CALENDAR_MONTH":[199603,199605,199606,199607,199608,199609,199610,199611,199612,199701,199702,199703,199704,199705,199706,199707,199708,199709,199710,199711,199712,199801,199802,199803,199804,199805,199806,199807,199808,199809,199810,199811,199812,199901,199902,199903,199904,199905,199906,199907,199908,199909,199910,199911,199912,200001,200002,200003,200004,200005,200006,200007,200008,200009,200010,200011,200012,200101,200102,200103,200104,200105,200106,200107,200108,200109,200110,200111,200112,200201,200202,200203,200204,200205,200206,200207,200208,200209,200210,200211,200212,200301,200302,200303,200304,200305,200306,200307,200308,200309,200310,200311,200312,200401,200402,200403,200404,200405,200406,200407,200408,200409,200410,200411,200412,200501,200502,200503,200504,200505,200506,200507,200508,200509,200510,200511,200512,200601,200602,200603,200604,200605,200606,200607,200608,200609,200610,200611,200612,200701,200702,200703,200704,200705,200706,200707,200708,200709,200710,200711,200712,200801,200802,200803,200804,200805,200806,200807,200808,200809,200810,200811,200812,200901,200902,200903,200904,200905,200906,200907,200908,200909,200910,200911,200912,201001,201002,201003,201004,201005,201006,201007,201008,201009,201010,201011,201012,201101,201102,201103,201104,201105,201106,201107,201108,201109,201110,201111,201112,201201,201202,201203,201204,201205,201206,201207,201208,201209,201210,201211,201212,201301,201302,201303,201304,201305,201306,201307,201308,201309,201310,201311,201312,201401,201402,201403,201404,201405,201406,201407,201408,201409,201410,201411,201412,201501,201502,201503,201504,201505,201506,201507,201508,201509,201510,201511,201512,201601,201602,201603,201604,201605,201606,201607,201608,201609,201610,201611,201612,201701,201702,201703,201704,201705,201706,201707,201708,201709,201710,201711,201712,201801,201802,201803,201804,201805,201806,201807,201808,201809,201810,201811,201812,201901,201902,201903],"Y_PREVALENCE_1000PP":[0.02825,0.01948,0.01857,0.02504,0.01513,0.01108,0.02709,0.01864,0.01017,0.0148,0.02529,0.01748,0.02753,0.01525,0.01639,0.02323,0.02603,0.02449,0.02229,0.02258,0.02805,0.02696,0.0259,0.02067,0.02353,0.02433,0.02105,0.03336,0.02722,0.02056,0.03129,0.02648,0.02773,0.02413,0.0195,0.02655,0.02398,0.02743,0.02288,0.04042,0.03309,0.03557,0.02083,0.02826,0.03018,0.0306,0.02783,0.02996,0.02696,0.03312,0.02701,0.04497,0.03046,0.02739,0.0248,0.02812,0.02774,0.0324,0.03223,0.03029,0.03305,0.04039,0.02718,0.05158,0.03038,0.02662,0.02887,0.03346,0.0237,0.02669,0.02587,0.02729,0.03322,0.0291,0.02676,0.04579,0.03305,0.02822,0.03604,0.02707,0.02845,0.03424,0.02905,0.02971,0.0346,0.03029,0.03195,0.04942,0.03105,0.03219,0.03335,0.03092,0.03963,0.03335,0.03204,0.03407,0.03046,0.03051,0.03521,0.03428,0.03627,0.03654,0.03776,0.04013,0.03622,0.03283,0.02962,0.03617,0.04061,0.04165,0.04145,0.03846,0.04058,0.03667,0.03708,0.03326,0.03152,0.03202,0.03623,0.04202,0.0364,0.03737,0.03759,0.04018,0.04155,0.04076,0.04116,0.0317,0.03505,0.0401,0.03337,0.03811,0.03485,0.03992,0.03651,0.04644,0.03978,0.04084,0.04074,0.04352,0.03786,0.04182,0.03921,0.03794,0.04245,0.03794,0.0338,0.04056,0.04152,0.04031,0.03642,0.03865,0.03577,0.03922,0.03168,0.03821,0.04158,0.03847,0.04388,0.04005,0.03636,0.04019,0.0452,0.03625,0.04488,0.04239,0.03418,0.04033,0.0388,0.03545,0.04145,0.04393,0.04178,0.04196,0.04166,0.04198,0.04089,0.04243,0.03959,0.03913,0.03442,0.03467,0.04271,0.04184,0.03699,0.04207,0.0369,0.03758,0.04231,0.04057,0.03729,0.04307,0.03908,0.04442,0.0331,0.04154,0.04122,0.03735,0.04413,0.03712,0.03386,0.03817,0.03592,0.03981,0.04034,0.04697,0.03956,0.04429,0.03991,0.03872,0.04003,0.03691,0.03706,0.03629,0.04369,0.03541,0.03908,0.04119,0.03585,0.04466,0.04164,0.04104,0.04873,0.0331,0.03318,0.0386,0.03385,0.03711,0.03393,0.04172,0.04525,0.03463,0.03776,0.04115,0.04142,0.03691,0.03419,0.04131,0.03757,0.03588,0.03874,0.04274,0.0481,0.04069,0.04087,0.03834,0.03285,0.03915,0.03505,0.03423,0.03753,0.04224,0.04163,0.04136,0.04285,0.04066,0.0412,0.04547,0.03878,0.03377,0.03684,0.03456,0.034,0.03243,0.03858,0.04288,0.03595,0.03752,0.03754,0.03802,0.03744,0.03777,0.03848,0.0397,0.03105,0.02477]},"PROCEDURE_FREQUENCY_DISTRIBUTION":{"Y_NUM_PERSONS":[0,0,0,0,0,0],"X_COUNT":[1,2,3,4,5,6]},"PROCEDURES_BY_TYPE":{"CONCEPT_NAME":"EHR order list entry","COUNT_VALUE":40788},"AGE_AT_FIRST_OCCURRENCE":{"CATEGORY":["MALE","FEMALE"],"MIN_VALUE":[0,0],"P10_VALUE":[0,25],"P25_VALUE":[0,29],"MEDIAN_VALUE":[0,33],"P75_VALUE":[1,36],"P90_VALUE":[47,39],"MAX_VALUE":[94,82]}}
