{"PREVALENCE_BY_GENDER_AGE_YEAR":{"TRELLIS_NAME":["30-39","30-39","20-29","30-39","20-29","40-49","30-39","20-29","20-29","40-49","30-39","20-29","10-19","30-39","40-49","40-49","20-29","30-39","20-29","10-19","30-39","40-49","20-29","30-39","10-19","40-49","40-49","30-39","20-29","10-19","10-19","40-49","20-29","30-39","20-29","10-19","40-49","30-39","40-49","0-9","20-29","30-39","10-19","20-29","30-39","10-19","40-49","10-19","30-39","20-29","40-49","0-9","20-29","30-39","40-49","10-19","40-49","20-29","10-19","30-39","20-29","30-39","40-49","10-19","10-19","40-49","30-39","20-29","30-39","10-19","20-29","40-49","10-19","40-49","30-39","20-29","20-29","40-49","30-39","40-49","30-39","20-29","20-29","40-49","30-39","20-29","30-39"],"SERIES_NAME":["FEMALE","FEMALE","FEMALE","FEMALE","FEMALE","FEMALE","FEMALE","FEMALE","FEMALE","FEMALE","FEMALE","FEMALE","FEMALE","FEMALE","FEMALE","FEMALE","FEMALE","FEMALE","FEMALE","FEMALE","FEMALE","FEMALE","FEMALE","FEMALE","FEMALE","FEMALE","FEMALE","FEMALE","FEMALE","FEMALE","FEMALE","FEMALE","FEMALE","FEMALE","FEMALE","FEMALE","FEMALE","FEMALE","FEMALE","FEMALE","FEMALE","FEMALE","FEMALE","FEMALE","FEMALE","FEMALE","FEMALE","FEMALE","FEMALE","FEMALE","FEMALE","FEMALE","FEMALE","FEMALE","FEMALE","FEMALE","FEMALE","FEMALE","FEMALE","FEMALE","FEMALE","FEMALE","FEMALE","FEMALE","FEMALE","FEMALE","FEMALE","FEMALE","FEMALE","FEMALE","FEMALE","FEMALE","FEMALE","FEMALE","FEMALE","FEMALE","FEMALE","FEMALE","FEMALE","FEMALE","FEMALE","FEMALE","FEMALE","FEMALE","FEMALE","FEMALE","FEMALE"],"X_CALENDAR_YEAR":[1995,1996,1996,1997,1997,1998,1998,1998,1999,1999,1999,2000,2000,2000,2000,2001,2001,2001,2002,2002,2002,2002,2003,2003,2003,2003,2004,2004,2004,2004,2005,2005,2005,2005,2006,2006,2006,2006,2007,2007,2007,2007,2007,2008,2008,2008,2008,2009,2009,2009,2009,2010,2010,2010,2010,2010,2011,2011,2011,2011,2012,2012,2012,2012,2013,2013,2013,2013,2014,2014,2014,2014,2015,2015,2015,2015,2016,2016,2016,2017,2017,2017,2018,2018,2018,2019,2019],"Y_PREVALENCE_1000PP":[0.80315,0.73662,0.92692,0.57433,0.5036,0.07008,0.66367,0.62588,0.47057,0.07544,0.67349,0.51835,0.08688,0.76139,0.0698,0.07463,0.49212,0.72036,0.55516,0.10863,0.81223,0.1008,0.66386,0.89707,0.0528,0.12663,0.10722,0.84135,0.69648,0.08578,0.04895,0.11496,0.55993,0.73329,0.51699,0.06954,0.12984,0.76917,0.08554,0.02015,0.60056,0.75461,0.068,0.56444,0.7727,0.03095,0.12303,0.0575,0.81763,0.57162,0.11001,0.01867,0.59061,0.85863,0.11825,0.05034,0.10232,0.66476,0.06548,0.81807,0.57142,0.96282,0.11985,0.03925,0.01946,0.09112,0.90209,0.54755,0.85924,0.04792,0.49822,0.12632,0.02229,0.08783,0.94676,0.56298,0.52869,0.12065,0.86716,0.12547,0.81915,0.48652,0.6423,0.14782,0.86094,0.05249,0.14067]},"PREVALENCE_BY_MONTH":{"X_CALENDAR_MONTH":[199607,199608,199609,199610,199611,199612,199701,199702,199703,199704,199705,199707,199708,199709,199710,199711,199712,199801,199802,199803,199804,199805,199806,199807,199808,199809,199810,199811,199812,199901,199902,199903,199904,199905,199906,199907,199908,199909,199910,199911,199912,200001,200002,200003,200004,200005,200006,200007,200008,200009,200010,200011,200012,200101,200102,200103,200104,200105,200106,200107,200108,200109,200110,200111,200112,200201,200202,200203,200204,200205,200206,200207,200208,200209,200210,200211,200212,200301,200302,200303,200304,200305,200306,200307,200308,200309,200310,200311,200312,200401,200402,200403,200404,200405,200406,200407,200408,200409,200410,200411,200412,200501,200502,200503,200504,200505,200506,200507,200508,200509,200510,200511,200512,200601,200602,200603,200604,200605,200606,200607,200608,200609,200610,200611,200612,200701,200702,200703,200704,200705,200706,200707,200708,200709,200710,200711,200712,200801,200802,200803,200804,200805,200806,200807,200808,200809,200810,200811,200812,200901,200902,200903,200904,200905,200906,200907,200908,200909,200910,200911,200912,201001,201002,201003,201004,201005,201006,201007,201008,201009,201010,201011,201012,201101,201102,201103,201104,201105,201106,201107,201108,201109,201110,201111,201112,201201,201202,201203,201204,201205,201206,201207,201208,201209,201210,201211,201212,201301,201302,201303,201304,201305,201306,201307,201308,201309,201310,201311,201312,201401,201402,201403,201404,201405,201406,201407,201408,201409,201410,201411,201412,201501,201502,201503,201504,201505,201506,201507,201508,201509,201510,201511,201512,201601,201602,201603,201604,201605,201606,201607,201608,201609,201610,201611,201612,201701,201702,201703,201704,201705,201706,201707,201708,201709,201710,201711,201712,201801,201802,201803,201804,201805,201806,201807,201808,201809,201810,201811,201812,201901,201902,201903],"Y_PREVALENCE_1000PP":[0.02921,0.0227,0.02585,0.01806,0.01694,0.01526,0.00942,0.01391,0.01373,0.00838,0.00704,0.00739,0.00729,0.01123,0.00608,0.00785,0.01161,0.01179,0.01086,0.01158,0.01217,0.00892,0.017,0.00794,0.01089,0.00685,0.01043,0.00515,0.01168,0.00552,0.01278,0.00996,0.01361,0.01276,0.01271,0.01617,0.00735,0.01283,0.00901,0.008,0.0094,0.0081,0.00584,0.01013,0.00913,0.01419,0.01055,0.01541,0.01111,0.00846,0.0104,0.01109,0.01328,0.01252,0.00652,0.00634,0.00591,0.0089,0.01107,0.01819,0.00905,0.00856,0.00931,0.01013,0.01003,0.00792,0.00843,0.01005,0.01144,0.01414,0.0091,0.0159,0.00847,0.01058,0.00887,0.0134,0.01073,0.01194,0.00951,0.01209,0.01206,0.0094,0.00883,0.01647,0.01232,0.01507,0.01197,0.00912,0.01186,0.01161,0.00863,0.01401,0.01356,0.01135,0.01127,0.01329,0.01209,0.01133,0.01358,0.00917,0.00871,0.01064,0.00791,0.0104,0.0106,0.01058,0.00874,0.00845,0.00776,0.00856,0.00922,0.01116,0.01094,0.00887,0.01258,0.01018,0.00991,0.01181,0.00961,0.00684,0.00831,0.00977,0.00929,0.00945,0.00881,0.00997,0.00829,0.00932,0.01072,0.00901,0.01136,0.01106,0.01065,0.01056,0.00984,0.00898,0.00898,0.0091,0.00738,0.00876,0.00833,0.00968,0.01018,0.01243,0.01052,0.00761,0.01081,0.01137,0.00833,0.01169,0.0083,0.00809,0.01002,0.0098,0.00942,0.01166,0.00791,0.01108,0.00866,0.01208,0.00894,0.01003,0.00911,0.01027,0.01008,0.01106,0.00879,0.00974,0.00954,0.01063,0.01244,0.01143,0.01125,0.00916,0.01083,0.01057,0.01055,0.01033,0.01123,0.01046,0.00861,0.01002,0.00909,0.01222,0.00985,0.01292,0.01182,0.00927,0.00963,0.01056,0.00946,0.01093,0.00817,0.00979,0.01326,0.01116,0.00883,0.00863,0.00755,0.00926,0.00833,0.01095,0.01059,0.01279,0.01225,0.01056,0.00879,0.00885,0.01037,0.00917,0.00897,0.00861,0.00996,0.01226,0.00911,0.01156,0.00967,0.01209,0.0091,0.00776,0.00871,0.00934,0.0094,0.01079,0.00843,0.01102,0.01193,0.01192,0.01191,0.01169,0.01117,0.00946,0.0091,0.01237,0.00722,0.00897,0.00725,0.01138,0.01003,0.0105,0.00855,0.00938,0.01358,0.00986,0.01013,0.01424,0.00784,0.00964,0.00998,0.00913,0.01078,0.00614,0.00912,0.00915,0.00918,0.01055,0.0067,0.00957,0.00896,0.00988,0.01358,0.01018,0.01085,0.00946,0.01018,0.0115,0.01335,0.00755,0.00954,0.00689,0.00495,0.00297]},"PROCEDURE_FREQUENCY_DISTRIBUTION":{"Y_NUM_PERSONS":[0,0,0,0],"X_COUNT":[1,2,3,4]},"PROCEDURES_BY_TYPE":{"CONCEPT_NAME":"EHR order list entry","COUNT_VALUE":11045},"AGE_AT_FIRST_OCCURRENCE":{"CATEGORY":["MALE","FEMALE"],"MIN_VALUE":[0,0],"P10_VALUE":[0,23],"P25_VALUE":[0,27],"MEDIAN_VALUE":[0,31],"P75_VALUE":[1,35],"P90_VALUE":[29,39],"MAX_VALUE":[73,88]}}
