{"PREVALENCE_BY_GENDER_AGE_YEAR":{"TRELLIS_NAME":["50-59","40-49","50-59","60-69","70-79","70-79","50-59","60-69","60-69","50-59","70-79","60-69","50-59","40-49","50-59","60-69","70-79","50-59","60-69","70-79","50-59","50-59","60-69","60-69","70-79","60-69","50-59","60-69","70-79","50-59","60-69","60-69"],"SERIES_NAME":["MALE","MALE","MALE","MALE","MALE","FEMALE","MALE","MALE","FEMALE","MALE","MALE","MALE","MALE","MALE","FEMALE","FEMALE","MALE","FEMALE","MALE","MALE","FEMALE","MALE","MALE","MALE","FEMALE","MALE","MALE","MALE","MALE","MALE","FEMALE","MALE"],"X_CALENDAR_YEAR":[2000,2001,2001,2002,2003,2003,2003,2003,2004,2004,2004,2004,2005,2005,2005,2005,2005,2006,2006,2007,2007,2007,2008,2009,2009,2011,2012,2012,2013,2014,2015,2015],"Y_PREVALENCE_1000PP":[0.03351,0.02766,0.03016,0.04854,0.05036,0.05354,0.02492,0.04979,0.04819,0.03282,0.05253,0.03558,0.02826,0.0213,0.0194,0.04168,0.06331,0.01879,0.04714,0.03331,0.02071,0.01727,0.02007,0.02951,0.03192,0.02496,0.02103,0.01882,0.02976,0.02408,0.02096,0.02525]},"PREVALENCE_BY_MONTH":{"X_CALENDAR_MONTH":[200012,200107,200204,200208,200209,200303,200304,200305,200306,200307,200402,200403,200405,200407,200411,200502,200505,200506,200508,200511,200602,200603,200609,200701,200705,200810,200903,200907,200909,201004,201106,201205,201308,201509,201804],"Y_PREVALENCE_1000PP":[0.00234,0.00298,0.00167,0.00164,0.00217,0.00263,0.00183,0.00183,0.00182,0.0018,0.00197,0.00266,0.00284,0.00187,0.00138,0.00136,0.00135,0.00224,0.00177,0.00153,0.0013,0.00152,0.00127,0.00145,0.00143,0.00114,0.00113,0.00113,0.00113,0.00114,0.00147,0.00127,0.0013,0.00135,0.00185]},"PROCEDURE_FREQUENCY_DISTRIBUTION":{"Y_NUM_PERSONS":[0,0,0],"X_COUNT":[1,2,3]},"PROCEDURES_BY_TYPE":{"CONCEPT_NAME":"EHR order list entry","COUNT_VALUE":785},"AGE_AT_FIRST_OCCURRENCE":{"CATEGORY":["MALE","FEMALE"],"MIN_VALUE":[0,11],"P10_VALUE":[37,38],"P25_VALUE":[50,51],"MEDIAN_VALUE":[59,61],"P75_VALUE":[68,71],"P90_VALUE":[77,79],"MAX_VALUE":[92,94]}}
