{"PREVALENCE_BY_GENDER_AGE_YEAR":{"TRELLIS_NAME":["80-89","70-79","60-69","90-99","70-79","90-99","80-89","80-89","60-69","90-99","60-69","60-69","50-59","70-79","90-99","100-109","70-79","80-89","50-59","80-89","70-79","70-79","50-59","90-99","60-69","80-89","60-69","80-89","90-99","60-69","70-79","70-79","90-99","80-89","60-69","80-89","90-99","80-89","90-99","60-69","50-59","70-79","90-99","70-79","60-69","80-89","90-99","90-99","80-89","80-89","70-79"],"SERIES_NAME":["FEMALE","FEMALE","MALE","MALE","MALE","FEMALE","FEMALE","MALE","FEMALE","FEMALE","MALE","FEMALE","FEMALE","MALE","MALE","FEMALE","FEMALE","MALE","MALE","FEMALE","FEMALE","MALE","MALE","MALE","FEMALE","FEMALE","MALE","MALE","FEMALE","FEMALE","FEMALE","MALE","FEMALE","MALE","MALE","FEMALE","MALE","FEMALE","FEMALE","MALE","MALE","MALE","MALE","FEMALE","FEMALE","MALE","MALE","FEMALE","MALE","FEMALE","MALE"],"X_CALENDAR_YEAR":[2013,2014,2014,2014,2014,2014,2014,2014,2014,2015,2015,2015,2015,2015,2015,2015,2015,2015,2015,2015,2016,2016,2016,2016,2016,2016,2016,2016,2016,2017,2017,2017,2017,2017,2017,2017,2017,2018,2018,2018,2018,2018,2018,2018,2018,2018,2019,2019,2019,2019,2019],"Y_PREVALENCE_1000PP":[0.05569,0.27821,0.02651,2.3753,0.24372,3.09381,1.25863,0.95161,0.02892,5.6101,0.18758,0.13973,0.05552,0.8016,3.88715,5.05689,0.71265,2.45462,0.03742,3.31076,0.4188,0.38714,0.03034,2.4006,0.0587,1.75047,0.06065,1.57881,3.33454,0.08138,0.3318,0.30263,1.96256,1.16372,0.05893,1.26441,1.10403,1.05954,1.83839,0.06074,0.02499,0.29613,1.51029,0.25243,0.0542,0.73958,0.62022,0.62518,0.14486,0.37234,0.07202]},"PREVALENCE_BY_MONTH":{"X_CALENDAR_MONTH":[201404,201405,201406,201407,201408,201409,201410,201411,201412,201501,201502,201503,201504,201505,201506,201507,201508,201509,201510,201511,201512,201601,201602,201603,201604,201605,201606,201607,201608,201609,201610,201611,201612,201701,201702,201703,201704,201705,201706,201707,201708,201709,201710,201711,201712,201801,201802,201803,201804,201805,201806,201807,201808,201809,201810,201811,201812,201901,201902,201903],"Y_PREVALENCE_1000PP":[0.00153,0.00134,0.00388,0.00999,0.00888,0.02419,0.01052,0.04454,0.00788,0.01743,0.01755,0.02007,0.00648,0.00865,0.02837,0.0299,0.02854,0.0533,0.03793,0.03785,0.02312,0.02919,0.03309,0.02342,0.0055,0.00708,0.00566,0.00893,0.00588,0.00858,0.01086,0.0115,0.01123,0.02739,0.0168,0.01134,0.00399,0.00342,0.00466,0.00848,0.00883,0.0065,0.01243,0.00935,0.01218,0.0108,0.01143,0.01328,0.00247,0.00617,0.00744,0.00725,0.00891,0.00288,0.00912,0.00887,0.00921,0.0105,0.00562,0.00958]},"PROCEDURE_FREQUENCY_DISTRIBUTION":{"Y_NUM_PERSONS":[0,0,0,0],"X_COUNT":[1,2,3,4]},"PROCEDURES_BY_TYPE":{"CONCEPT_NAME":"EHR order list entry","COUNT_VALUE":3436},"AGE_AT_FIRST_OCCURRENCE":{"CATEGORY":["FEMALE","MALE"],"MIN_VALUE":[46,48],"P10_VALUE":[73,69],"P25_VALUE":[80,76],"MEDIAN_VALUE":[85,82],"P75_VALUE":[90,87],"P90_VALUE":[94,91],"MAX_VALUE":[106,100]}}
