{"PREVALENCE_BY_GENDER_AGE_YEAR":{"TRELLIS_NAME":["30-39","0-9","0-9","10-19","10-19","10-19","20-29","10-19","0-9","20-29","0-9","10-19","10-19","30-39","0-9","0-9","30-39","0-9","30-39","0-9","40-49","10-19","20-29","10-19","20-29","20-29","0-9","30-39","0-9","40-49","10-19","10-19","20-29","10-19","0-9","0-9","10-19","0-9","0-9","10-19","10-19","0-9","0-9","10-19","10-19","10-19","0-9","10-19","0-9","60-69","10-19","0-9","60-69","10-19","0-9","50-59","70-79","0-9","0-9","10-19","10-19"],"SERIES_NAME":["MALE","FEMALE","MALE","MALE","FEMALE","FEMALE","FEMALE","MALE","MALE","MALE","FEMALE","MALE","FEMALE","FEMALE","FEMALE","MALE","MALE","FEMALE","FEMALE","MALE","MALE","FEMALE","MALE","MALE","FEMALE","MALE","FEMALE","MALE","MALE","MALE","FEMALE","MALE","FEMALE","FEMALE","FEMALE","MALE","MALE","MALE","FEMALE","MALE","FEMALE","FEMALE","MALE","MALE","FEMALE","FEMALE","FEMALE","MALE","MALE","FEMALE","MALE","MALE","MALE","FEMALE","FEMALE","FEMALE","FEMALE","FEMALE","MALE","MALE","FEMALE"],"X_CALENDAR_YEAR":[2009,2009,2009,2009,2009,2010,2010,2010,2010,2010,2010,2011,2011,2011,2011,2011,2012,2012,2012,2012,2012,2012,2012,2012,2012,2013,2013,2013,2013,2013,2013,2013,2013,2014,2014,2014,2014,2015,2015,2015,2015,2016,2016,2016,2016,2017,2017,2017,2017,2018,2018,2018,2018,2018,2018,2018,2018,2019,2019,2019,2019],"Y_PREVALENCE_1000PP":[0.01475,0.1018,0.15786,0.04917,0.06088,0.30537,0.04056,0.31264,0.4219,0.01578,0.38887,0.24824,0.31756,0.01983,0.35658,0.46472,0.03692,0.45868,0.01493,0.47238,0.01337,0.31727,0.02055,0.3058,0.02956,0.01547,0.53335,0.02469,0.54214,0.01355,0.37303,0.37615,0.0222,0.75642,1.19347,1.28517,0.73177,0.94796,0.90932,0.63226,0.6463,0.4472,0.49201,0.33543,0.36805,0.38907,17.57144,0.43032,17.05946,0.06504,0.45471,74.52966,0.0497,0.52374,75.02731,0.02547,0.04093,21.44246,21.19929,0.15888,0.10047]},"PREVALENCE_BY_MONTH":{"X_CALENDAR_MONTH":[200906,200908,200909,200910,200911,200912,201001,201002,201003,201004,201005,201006,201007,201008,201009,201010,201011,201012,201101,201102,201103,201104,201105,201106,201107,201108,201109,201110,201111,201112,201201,201202,201203,201204,201205,201206,201207,201208,201209,201210,201211,201212,201301,201302,201303,201304,201305,201306,201307,201308,201309,201310,201311,201312,201401,201402,201403,201404,201405,201406,201407,201408,201409,201410,201411,201412,201501,201502,201503,201504,201505,201506,201507,201508,201509,201510,201511,201512,201601,201602,201603,201604,201605,201606,201607,201608,201609,201610,201611,201612,201701,201702,201703,201704,201705,201706,201707,201708,201709,201710,201711,201712,201801,201802,201803,201804,201805,201806,201807,201808,201809,201810,201811,201812,201901,201902,201903],"Y_PREVALENCE_1000PP":[0.00132,0.00528,0.00732,0.00621,0.00529,0.00247,0.0053,0.0112,0.01294,0.00951,0.00591,0.01509,0.01318,0.0061,0.00589,0.00528,0.00412,0.003,0.00598,0.0071,0.00742,0.00925,0.00848,0.01362,0.00936,0.00549,0.00583,0.006,0.00693,0.00511,0.00509,0.00982,0.00691,0.008,0.01183,0.01418,0.01057,0.00799,0.00562,0.00872,0.00914,0.00626,0.00936,0.00884,0.00796,0.01036,0.01337,0.0117,0.01742,0.0052,0.00889,0.0073,0.01186,0.00902,0.0191,0.02309,0.02565,0.01858,0.02548,0.03468,0.02938,0.01579,0.01308,0.01274,0.01675,0.01472,0.01785,0.02006,0.02115,0.01729,0.0227,0.02949,0.02406,0.01259,0.01079,0.01001,0.00875,0.00664,0.01187,0.01443,0.00847,0.0115,0.0086,0.01338,0.01103,0.00401,0.00349,0.0057,0.0063,0.00548,0.0063,0.01372,0.00595,0.00827,0.00856,0.01341,0.0234,0.01442,0.04606,0.70906,0.89547,0.69545,0.96518,0.73213,0.82753,0.7763,0.80112,0.74071,0.81379,0.78548,0.75743,0.84003,0.85961,0.6535,0.93179,0.68175,0.69553]},"PROCEDURE_FREQUENCY_DISTRIBUTION":{"Y_NUM_PERSONS":[0,0,0],"X_COUNT":[1,2,3]},"PROCEDURES_BY_TYPE":{"CONCEPT_NAME":"EHR order list entry","COUNT_VALUE":50461},"AGE_AT_FIRST_OCCURRENCE":{"CATEGORY":["FEMALE","MALE"],"MIN_VALUE":[0,0],"P10_VALUE":[0,0],"P25_VALUE":[0,0],"MEDIAN_VALUE":[0,0],"P75_VALUE":[1,1],"P90_VALUE":[2,2],"MAX_VALUE":[100,86]}}
