{"PREVALENCE_BY_GENDER_AGE_YEAR":{"TRELLIS_NAME":["20-29","30-39","30-39","20-29","20-29","30-39","30-39","20-29","40-49","20-29","30-39","30-39","20-29","30-39","10-19","20-29","40-49","10-19","20-29","30-39","10-19","20-29","30-39","30-39","20-29","10-19","40-49","20-29","40-49","30-39","10-19","10-19","40-49","20-29","30-39","20-29","40-49","10-19","30-39","20-29","30-39","40-49","10-19","40-49","10-19","20-29","30-39","30-39","40-49","10-19","20-29","10-19","30-39","20-29","40-49","30-39","40-49","20-29","40-49","10-19","30-39","20-29","30-39","10-19","20-29","40-49","30-39","20-29","30-39","20-29","30-39","20-29"],"SERIES_NAME":["FEMALE","FEMALE","FEMALE","FEMALE","FEMALE","FEMALE","FEMALE","FEMALE","FEMALE","FEMALE","FEMALE","FEMALE","FEMALE","FEMALE","FEMALE","FEMALE","FEMALE","FEMALE","FEMALE","FEMALE","FEMALE","FEMALE","FEMALE","FEMALE","FEMALE","FEMALE","FEMALE","FEMALE","FEMALE","FEMALE","FEMALE","FEMALE","FEMALE","FEMALE","FEMALE","FEMALE","FEMALE","FEMALE","FEMALE","FEMALE","FEMALE","FEMALE","FEMALE","FEMALE","FEMALE","FEMALE","FEMALE","FEMALE","FEMALE","FEMALE","FEMALE","FEMALE","FEMALE","FEMALE","FEMALE","FEMALE","FEMALE","FEMALE","FEMALE","FEMALE","FEMALE","FEMALE","FEMALE","FEMALE","FEMALE","FEMALE","FEMALE","FEMALE","FEMALE","FEMALE","FEMALE","FEMALE"],"X_CALENDAR_YEAR":[1996,1996,1997,1997,1998,1998,1999,1999,2000,2000,2000,2001,2001,2002,2002,2002,2002,2003,2003,2003,2004,2004,2004,2005,2005,2005,2005,2006,2006,2006,2006,2007,2007,2007,2007,2008,2008,2008,2008,2009,2009,2009,2009,2010,2010,2010,2010,2011,2011,2011,2011,2012,2012,2012,2012,2013,2013,2013,2014,2014,2014,2014,2015,2015,2015,2015,2016,2016,2017,2017,2018,2018],"Y_PREVALENCE_1000PP":[0.23767,0.13569,0.07731,0.14204,0.19559,0.15762,0.12909,0.19095,0.03222,0.25917,0.25526,0.25628,0.26333,0.32305,0.0569,0.29098,0.0432,0.072,0.31923,0.35,0.04718,0.32679,0.2777,0.26788,0.23148,0.03263,0.02523,0.24535,0.02385,0.25903,0.02318,0.03579,0.02444,0.29086,0.29374,0.39433,0.03549,0.07566,0.40271,0.44968,0.40881,0.03043,0.08455,0.03478,0.0302,0.35234,0.35651,0.33715,0.02728,0.05238,0.30396,0.02944,0.33587,0.30788,0.02535,0.30483,0.01636,0.26884,0.02779,0.02054,0.247,0.22551,0.13525,0.026,0.20024,0.017,0.10122,0.10782,0.10653,0.08563,0.07789,0.09239]},"PREVALENCE_BY_MONTH":{"X_CALENDAR_MONTH":[199603,199904,199910,199911,199912,200001,200002,200003,200004,200005,200006,200007,200008,200009,200010,200011,200012,200101,200102,200103,200104,200105,200106,200107,200108,200109,200110,200111,200112,200201,200202,200203,200204,200205,200206,200207,200208,200209,200210,200211,200212,200301,200302,200303,200304,200305,200306,200307,200308,200309,200310,200311,200312,200401,200402,200403,200404,200405,200406,200407,200408,200409,200410,200411,200412,200501,200502,200503,200504,200505,200506,200507,200508,200509,200510,200511,200512,200601,200602,200603,200604,200605,200606,200607,200608,200609,200610,200611,200612,200701,200702,200703,200704,200705,200706,200707,200708,200709,200710,200711,200712,200801,200802,200803,200804,200805,200806,200807,200808,200809,200810,200811,200812,200901,200902,200903,200904,200905,200906,200907,200908,200909,200910,200911,200912,201001,201002,201003,201004,201005,201006,201007,201008,201009,201010,201011,201012,201101,201102,201103,201104,201105,201106,201107,201108,201109,201110,201111,201112,201201,201202,201203,201204,201205,201206,201207,201208,201209,201210,201211,201212,201301,201302,201303,201304,201305,201306,201307,201308,201309,201310,201311,201312,201401,201402,201403,201404,201405,201406,201407,201408,201409,201410,201411,201412,201501,201502,201503,201504,201505,201506,201507,201509,201510,201511,201512,201603,201604,201605,201606,201607,201608,201709,201710,201711],"Y_PREVALENCE_1000PP":[0.02472,0.00389,0.00563,0.00427,0.00445,0.00315,0.00269,0.00441,0.00348,0.00602,0.00422,0.00458,0.00329,0.00363,0.0044,0.00436,0.00391,0.00405,0.00326,0.00387,0.00348,0.00308,0.00403,0.00661,0.00323,0.00285,0.0031,0.00522,0.00395,0.00469,0.00552,0.00632,0.00447,0.0036,0.00496,0.00576,0.0041,0.00597,0.00645,0.00241,0.00268,0.00584,0.0037,0.00552,0.00446,0.00496,0.00468,0.00438,0.00308,0.00485,0.00687,0.00558,0.0053,0.00445,0.00444,0.00411,0.00381,0.00497,0.00446,0.0056,0.00511,0.00486,0.00207,0.00321,0.00367,0.00204,0.00452,0.00249,0.00361,0.00293,0.00336,0.00445,0.00421,0.00285,0.00307,0.00525,0.00372,0.00454,0.00304,0.00368,0.00388,0.00344,0.0032,0.00278,0.00384,0.00361,0.0038,0.00378,0.00294,0.00395,0.00249,0.00393,0.00247,0.00573,0.00162,0.00804,0.00583,0.00498,0.00374,0.00273,0.0041,0.00562,0.00408,0.00545,0.00523,0.00407,0.00749,0.0067,0.00459,0.00666,0.00664,0.00493,0.00625,0.00717,0.00622,0.00546,0.00454,0.00547,0.00791,0.00846,0.00528,0.00563,0.00471,0.00585,0.00533,0.00454,0.00342,0.00571,0.00533,0.00591,0.00592,0.00707,0.00477,0.00361,0.00452,0.00319,0.0045,0.00355,0.00429,0.00538,0.00259,0.00498,0.00295,0.00514,0.0044,0.00419,0.00618,0.0042,0.00529,0.00364,0.00437,0.00436,0.00436,0.00601,0.00273,0.00437,0.00291,0.00616,0.00545,0.00402,0.00294,0.00294,0.00368,0.00315,0.00463,0.00353,0.00632,0.00389,0.00371,0.00463,0.00374,0.00188,0.00346,0.00325,0.00363,0.00306,0.00326,0.0023,0.00329,0.0047,0.00138,0.00337,0.00344,0.00266,0.00436,0.00374,0.00272,0.00281,0.00195,0.00173,0.00405,0.00247,0.00157,0.00209,0.00284,0.00197,0.00199,0.00225,0.00152,0.00154,0.00341,0.00214,0.00266,0.00178,0.00271]},"PROCEDURE_FREQUENCY_DISTRIBUTION":{"Y_NUM_PERSONS":[0,0],"X_COUNT":[1,2]},"PROCEDURES_BY_TYPE":{"CONCEPT_NAME":"EHR order list entry","COUNT_VALUE":4074},"AGE_AT_FIRST_OCCURRENCE":{"CATEGORY":"FEMALE","MIN_VALUE":15,"P10_VALUE":21,"P25_VALUE":25,"MEDIAN_VALUE":30,"P75_VALUE":34,"P90_VALUE":37,"MAX_VALUE":54}}
