{"PREVALENCE_BY_GENDER_AGE_YEAR":{"TRELLIS_NAME":["40-49","30-39","40-49","30-39","50-59","30-39","40-49","30-39","50-59","40-49","30-39","50-59","40-49","50-59","30-39","40-49","50-59","30-39","40-49","50-59","40-49","30-39","40-49","50-59","30-39","40-49","50-59","30-39","50-59","40-49","30-39","30-39","40-49","50-59","50-59","30-39","40-49","40-49","30-39","60-69","50-59","30-39","50-59","40-49","40-49","30-39","50-59","40-49","50-59","30-39","30-39","50-59","40-49","30-39","40-49","50-59","50-59","40-49","30-39","50-59","40-49","30-39","40-49","50-59","30-39","40-49","50-59"],"SERIES_NAME":["FEMALE","FEMALE","FEMALE","FEMALE","FEMALE","FEMALE","FEMALE","FEMALE","FEMALE","FEMALE","FEMALE","FEMALE","FEMALE","FEMALE","FEMALE","FEMALE","FEMALE","FEMALE","FEMALE","FEMALE","FEMALE","FEMALE","FEMALE","FEMALE","FEMALE","FEMALE","FEMALE","FEMALE","FEMALE","FEMALE","FEMALE","FEMALE","FEMALE","FEMALE","FEMALE","FEMALE","FEMALE","FEMALE","FEMALE","FEMALE","FEMALE","FEMALE","FEMALE","FEMALE","FEMALE","FEMALE","FEMALE","FEMALE","FEMALE","FEMALE","FEMALE","FEMALE","FEMALE","FEMALE","FEMALE","FEMALE","FEMALE","FEMALE","FEMALE","FEMALE","FEMALE","FEMALE","FEMALE","FEMALE","FEMALE","FEMALE","FEMALE"],"X_CALENDAR_YEAR":[1996,1996,1997,1997,1998,1998,1998,1999,1999,1999,2000,2000,2000,2001,2001,2001,2002,2002,2002,2003,2003,2003,2004,2004,2004,2005,2005,2005,2006,2006,2006,2007,2007,2007,2008,2008,2008,2009,2009,2009,2009,2010,2010,2010,2011,2011,2011,2012,2012,2012,2013,2013,2013,2014,2014,2014,2015,2015,2015,2016,2016,2017,2017,2017,2018,2018,2018],"Y_PREVALENCE_1000PP":[0.51603,0.21323,0.32642,0.12149,0.07679,0.11614,0.35038,0.12347,0.10414,0.28805,0.09242,0.08614,0.34363,0.07976,0.09005,0.29024,0.10506,0.10461,0.36359,0.15016,0.33323,0.12941,0.35144,0.11155,0.09073,0.37572,0.12608,0.05412,0.11585,0.32062,0.06344,0.06837,0.33973,0.11836,0.10113,0.07551,0.30993,0.25044,0.06056,0.02582,0.10032,0.02762,0.09542,0.21563,0.15916,0.08429,0.065,0.14981,0.11274,0.02737,0.03222,0.05793,0.14953,0.02365,0.11874,0.05435,0.05844,0.09916,0.0259,0.03081,0.09652,0.02571,0.13331,0.05288,0.0369,0.09407,0.05942]},"PREVALENCE_BY_MONTH":{"X_CALENDAR_MONTH":[199607,199611,199705,199707,199803,199805,199806,199807,199810,199901,199902,199906,199907,199908,199909,199910,199912,200001,200002,200003,200004,200005,200006,200007,200008,200009,200010,200011,200012,200101,200103,200104,200105,200106,200107,200108,200109,200110,200111,200112,200201,200202,200203,200204,200205,200206,200207,200208,200209,200210,200211,200212,200301,200302,200303,200304,200305,200306,200307,200308,200309,200310,200311,200312,200401,200402,200403,200404,200405,200406,200407,200408,200409,200410,200411,200412,200501,200502,200503,200504,200505,200506,200507,200508,200509,200510,200511,200512,200601,200602,200603,200604,200605,200606,200607,200608,200609,200610,200611,200612,200701,200702,200703,200704,200705,200706,200707,200708,200709,200710,200711,200712,200801,200802,200803,200804,200805,200806,200807,200808,200809,200810,200811,200812,200901,200902,200903,200904,200905,200906,200907,200908,200909,200910,200911,200912,201001,201002,201003,201004,201005,201006,201007,201008,201009,201010,201011,201012,201101,201102,201103,201104,201106,201107,201108,201109,201110,201111,201112,201201,201203,201204,201205,201206,201207,201208,201209,201210,201211,201301,201302,201304,201305,201306,201307,201308,201309,201310,201311,201312,201401,201403,201404,201405,201406,201408,201410,201411,201501,201502,201503,201504,201506,201509,201510,201511,201602,201606,201701,201702,201705,201709,201803,201807,201809],"Y_PREVALENCE_1000PP":[0.01878,0.01017,0.00704,0.00739,0.00579,0.00568,0.00567,0.00794,0.00745,0.00414,0.00471,0.00445,0.00497,0.00429,0.007,0.00507,0.00396,0.00405,0.00404,0.00308,0.00304,0.00301,0.00338,0.00458,0.00494,0.00363,0.0024,0.00515,0.0043,0.00331,0.00387,0.00348,0.00479,0.00336,0.00595,0.00226,0.0019,0.00279,0.0046,0.00304,0.00323,0.0032,0.00345,0.00642,0.00471,0.00331,0.00274,0.00464,0.00299,0.0035,0.00509,0.00349,0.00425,0.00475,0.00394,0.00472,0.00366,0.00546,0.00489,0.00308,0.0046,0.00509,0.00431,0.00278,0.00371,0.00419,0.00556,0.00547,0.00284,0.00423,0.00303,0.00232,0.00301,0.00391,0.00344,0.00367,0.0043,0.00249,0.00407,0.00338,0.0054,0.00426,0.00422,0.0031,0.00527,0.00285,0.0035,0.00285,0.00368,0.00325,0.00433,0.00215,0.00279,0.00299,0.00492,0.00405,0.00234,0.00296,0.00483,0.00273,0.00416,0.00456,0.00269,0.00351,0.00348,0.00588,0.00261,0.00221,0.00299,0.00492,0.0041,0.00351,0.00407,0.00369,0.00311,0.00271,0.00348,0.00384,0.0021,0.00268,0.00228,0.00474,0.00341,0.00322,0.00415,0.00189,0.00263,0.00246,0.00226,0.00452,0.0032,0.00283,0.00225,0.00264,0.00264,0.00304,0.00284,0.00228,0.00171,0.00323,0.0021,0.00172,0.00191,0.00191,0.00323,0.00302,0.00112,0.00244,0.00224,0.00205,0.0026,0.00222,0.00258,0.00147,0.00238,0.00237,0.00236,0.0031,0.00164,0.00182,0.00254,0.00127,0.00328,0.00218,0.002,0.00272,0.00181,0.00218,0.00183,0.00184,0.00166,0.00241,0.00111,0.00204,0.00222,0.00186,0.00111,0.0015,0.00113,0.00173,0.0021,0.00134,0.00192,0.00153,0.00155,0.00118,0.00243,0.00123,0.00145,0.00209,0.00129,0.00173,0.00135,0.00157,0.0014,0.00142,0.00149,0.00206,0.00219,0.00224,0.002,0.00236,0.00185,0.00221,0.00256]},"PROCEDURE_FREQUENCY_DISTRIBUTION":{"Y_NUM_PERSONS":[0,0,0],"X_COUNT":[1,2,3]},"PROCEDURES_BY_TYPE":{"CONCEPT_NAME":"EHR order list entry","COUNT_VALUE":2964},"AGE_AT_FIRST_OCCURRENCE":{"CATEGORY":"FEMALE","MIN_VALUE":16,"P10_VALUE":37,"P25_VALUE":41,"MEDIAN_VALUE":45,"P75_VALUE":49,"P90_VALUE":53,"MAX_VALUE":88}}
