{"PREVALENCE_BY_GENDER_AGE_YEAR":{"TRELLIS_NAME":["30-39","30-39","20-29","10-19","20-29","30-39","20-29","30-39","30-39","10-19","20-29","30-39","40-49","20-29","10-19","40-49","30-39","10-19","20-29","20-29","40-49","30-39","10-19","10-19","20-29","40-49","30-39","30-39","10-19","20-29","40-49","30-39","10-19","20-29","40-49","10-19","30-39","20-29","40-49","40-49","10-19","20-29","30-39","40-49","10-19","30-39","20-29","30-39","40-49","10-19","20-29","40-49","30-39","10-19","20-29","30-39","10-19","20-29","40-49","30-39","40-49","10-19","20-29","30-39","10-19","40-49","20-29","20-29","40-49","30-39","40-49","10-19","20-29","30-39","30-39","10-19","20-29","20-29","30-39"],"SERIES_NAME":["FEMALE","FEMALE","FEMALE","FEMALE","FEMALE","FEMALE","FEMALE","FEMALE","FEMALE","FEMALE","FEMALE","FEMALE","FEMALE","FEMALE","FEMALE","FEMALE","FEMALE","FEMALE","FEMALE","FEMALE","FEMALE","FEMALE","FEMALE","FEMALE","FEMALE","FEMALE","FEMALE","FEMALE","FEMALE","FEMALE","FEMALE","FEMALE","FEMALE","FEMALE","FEMALE","FEMALE","FEMALE","FEMALE","FEMALE","FEMALE","FEMALE","FEMALE","FEMALE","FEMALE","FEMALE","FEMALE","FEMALE","FEMALE","FEMALE","FEMALE","FEMALE","FEMALE","FEMALE","FEMALE","FEMALE","FEMALE","FEMALE","FEMALE","FEMALE","FEMALE","FEMALE","FEMALE","FEMALE","FEMALE","FEMALE","FEMALE","FEMALE","FEMALE","FEMALE","FEMALE","FEMALE","FEMALE","FEMALE","FEMALE","FEMALE","FEMALE","FEMALE","FEMALE","FEMALE"],"X_CALENDAR_YEAR":[1997,1998,1998,1999,1999,1999,2000,2000,2001,2001,2001,2002,2002,2002,2002,2003,2003,2003,2003,2004,2004,2004,2004,2005,2005,2005,2005,2006,2006,2006,2006,2007,2007,2007,2007,2008,2008,2008,2008,2009,2009,2009,2009,2010,2010,2010,2010,2011,2011,2011,2011,2012,2012,2012,2012,2013,2013,2013,2013,2014,2014,2014,2014,2015,2015,2015,2015,2016,2016,2016,2017,2017,2017,2017,2018,2018,2018,2019,2019],"Y_PREVALENCE_1000PP":[0.06627,0.10785,0.05868,0.0919,0.48421,0.21327,0.25917,0.33008,0.39828,0.08978,0.45758,0.4738,0.0432,0.4403,0.04656,0.02999,0.43236,0.10561,0.50424,0.55785,0.0417,0.48941,0.06862,0.06119,0.50675,0.03365,0.43564,0.43348,0.05022,0.48194,0.0371,0.55203,0.09664,0.66789,0.04399,0.16507,0.79535,0.81444,0.05205,0.08192,0.12175,0.98065,0.94633,0.06956,0.12081,1.09463,1.02153,1.09324,0.06594,0.10149,1.06758,0.05532,1.01257,0.0785,1.02708,0.94174,0.06163,0.82379,0.07243,0.90917,0.06821,0.05819,0.87058,0.65036,0.052,0.0255,0.49914,0.50434,0.04826,0.83341,0.06666,0.02882,0.42814,0.45916,0.43867,0.03207,0.37394,0.03675,0.0422]},"PREVALENCE_BY_MONTH":{"X_CALENDAR_MONTH":[199904,199905,199906,199907,199908,199909,199910,199911,199912,200001,200002,200003,200004,200005,200006,200007,200009,200010,200011,200012,200101,200102,200103,200104,200105,200106,200107,200108,200109,200110,200111,200112,200201,200202,200203,200204,200205,200206,200207,200208,200209,200210,200211,200212,200301,200302,200303,200304,200305,200306,200307,200308,200309,200310,200311,200312,200401,200402,200403,200404,200405,200406,200407,200408,200409,200410,200411,200412,200501,200502,200503,200504,200505,200506,200507,200508,200509,200510,200511,200512,200601,200602,200603,200604,200605,200606,200607,200608,200609,200610,200611,200612,200701,200702,200703,200704,200705,200706,200707,200708,200709,200710,200711,200712,200801,200802,200803,200804,200805,200806,200807,200808,200809,200810,200811,200812,200901,200902,200903,200904,200905,200906,200907,200908,200909,200910,200911,200912,201001,201002,201003,201004,201005,201006,201007,201008,201009,201010,201011,201012,201101,201102,201103,201104,201105,201106,201107,201108,201109,201110,201111,201112,201201,201202,201203,201204,201205,201206,201207,201208,201209,201210,201211,201212,201301,201302,201303,201304,201305,201306,201307,201308,201309,201310,201311,201312,201401,201402,201403,201404,201405,201406,201407,201408,201409,201410,201411,201412,201501,201502,201503,201504,201505,201506,201507,201508,201509,201510,201511,201512,201601,201602,201603,201604,201605,201606,201607,201608,201609,201610,201611,201612,201701,201702,201703,201704,201705,201706,201707,201708,201709,201710,201711,201712,201801,201802,201803,201804,201805,201806,201807,201808,201809,201810,201811,201812,201902],"Y_PREVALENCE_1000PP":[0.01102,0.00702,0.00699,0.00933,0.00797,0.00875,0.0045,0.00533,0.00841,0.00495,0.00673,0.00485,0.00522,0.00473,0.00718,0.00541,0.00524,0.004,0.00356,0.00234,0.00589,0.00326,0.00564,0.00383,0.0089,0.00705,0.00694,0.00679,0.00792,0.00621,0.01074,0.00699,0.00909,0.00843,0.00862,0.01089,0.00942,0.0069,0.00548,0.0071,0.00516,0.00403,0.00402,0.00349,0.00478,0.0066,0.00657,0.00498,0.00757,0.00779,0.00721,0.00975,0.00894,0.00509,0.0076,0.00581,0.00865,0.01011,0.00749,0.00952,0.00639,0.00399,0.00793,0.00767,0.00833,0.00829,0.00505,0.00688,0.00317,0.00475,0.00633,0.00519,0.00495,0.00493,0.00911,0.0102,0.00834,0.00614,0.00963,0.00569,0.00606,0.00564,0.00628,0.00625,0.0058,0.00641,0.00598,0.0081,0.00594,0.00675,0.00735,0.00651,0.00665,0.00725,0.00808,0.00536,0.00839,0.0073,0.01046,0.00964,0.01116,0.00984,0.01073,0.0082,0.01084,0.00835,0.01167,0.01376,0.0122,0.00941,0.01569,0.00918,0.01217,0.011,0.00815,0.01344,0.01113,0.01113,0.01581,0.01418,0.0149,0.0194,0.01523,0.01206,0.01277,0.01017,0.01076,0.01198,0.01381,0.0131,0.01351,0.01788,0.01582,0.01375,0.01356,0.01564,0.01234,0.01225,0.01499,0.01688,0.01477,0.0099,0.01539,0.01314,0.01567,0.01565,0.0134,0.0185,0.01129,0.016,0.01605,0.01349,0.01328,0.0151,0.01436,0.01618,0.01529,0.01309,0.01367,0.01144,0.01033,0.01162,0.01244,0.0127,0.01266,0.01105,0.01,0.01499,0.01132,0.01207,0.01149,0.01429,0.01019,0.00954,0.01412,0.01248,0.01375,0.01393,0.01416,0.01379,0.01398,0.01008,0.01273,0.00987,0.00991,0.0093,0.00899,0.01203,0.00913,0.00773,0.01036,0.00843,0.00821,0.00698,0.00877,0.00539,0.00652,0.00256,0.00899,0.01156,0.00866,0.00746,0.01096,0.012,0.01265,0.00823,0.00761,0.01149,0.00349,0.00787,0.00931,0.00685,0.00986,0.007,0.00737,0.00798,0.00599,0.00525,0.00409,0.00589,0.00591,0.00503,0.00603,0.00487,0.00679,0.00371,0.00649,0.00741,0.00802,0.00744,0.00504,0.00477,0.00543,0.00358,0.0023,0.00263,0.00264]},"PROCEDURE_FREQUENCY_DISTRIBUTION":{"Y_NUM_PERSONS":[0,0,0,0],"X_COUNT":[1,2,3,4]},"PROCEDURES_BY_TYPE":{"CONCEPT_NAME":"EHR order list entry","COUNT_VALUE":9954},"AGE_AT_FIRST_OCCURRENCE":{"CATEGORY":"FEMALE","MIN_VALUE":0,"P10_VALUE":22,"P25_VALUE":25,"MEDIAN_VALUE":30,"P75_VALUE":33,"P90_VALUE":37,"MAX_VALUE":68}}
