{"PREVALENCE_BY_GENDER_AGE_YEAR":{"TRELLIS_NAME":["70-79","70-79","80-89","60-69","60-69","80-89","70-79","80-89","70-79","80-89","70-79","80-89","70-79","90-99","70-79","40-49","30-39","80-89","60-69","80-89","40-49","30-39","70-79","90-99","60-69","50-59","60-69","90-99","40-49","70-79","30-39","80-89","60-69","20-29","90-99","50-59","70-79","80-89","30-39","50-59","40-49","20-29","60-69","80-89","50-59","30-39","70-79","40-49","90-99","60-69","40-49","50-59","30-39","90-99","70-79","80-89","20-29","90-99","50-59","60-69","20-29","70-79","80-89","30-39","40-49","80-89","30-39","50-59","90-99","60-69","40-49","70-79","90-99","70-79","60-69","40-49","50-59","80-89","80-89","60-69","40-49","70-79","80-89","70-79","60-69","80-89","40-49","60-69","70-79"],"SERIES_NAME":["MALE","MALE","MALE","MALE","MALE","MALE","MALE","MALE","MALE","MALE","MALE","MALE","MALE","MALE","MALE","FEMALE","FEMALE","MALE","MALE","MALE","FEMALE","FEMALE","MALE","MALE","MALE","FEMALE","MALE","MALE","FEMALE","MALE","FEMALE","MALE","MALE","FEMALE","MALE","MALE","MALE","MALE","FEMALE","FEMALE","FEMALE","FEMALE","MALE","MALE","MALE","FEMALE","MALE","FEMALE","MALE","MALE","FEMALE","MALE","FEMALE","MALE","MALE","MALE","FEMALE","MALE","MALE","MALE","FEMALE","MALE","MALE","FEMALE","FEMALE","MALE","FEMALE","MALE","MALE","MALE","FEMALE","MALE","MALE","MALE","MALE","FEMALE","MALE","MALE","MALE","MALE","FEMALE","MALE","MALE","MALE","MALE","MALE","FEMALE","MALE","MALE"],"X_CALENDAR_YEAR":[2001,2002,2002,2002,2003,2003,2004,2004,2005,2005,2006,2007,2007,2008,2008,2008,2008,2008,2008,2009,2009,2009,2009,2009,2009,2009,2010,2010,2010,2010,2010,2010,2011,2011,2011,2011,2011,2011,2011,2011,2011,2012,2012,2012,2012,2012,2012,2012,2012,2013,2013,2013,2013,2013,2013,2013,2013,2014,2014,2014,2014,2014,2014,2014,2014,2015,2015,2015,2015,2015,2015,2015,2016,2016,2016,2016,2016,2016,2017,2017,2017,2017,2018,2018,2018,2019,2019,2019,2019],"Y_PREVALENCE_1000PP":[0.05211,0.09141,0.1722,0.03236,0.02987,0.11199,0.05253,0.11694,0.05065,0.08278,0.05435,0.0715,0.06661,0.81546,0.34758,0.03785,0.0302,0.54161,0.08698,0.5839,0.05149,0.04038,0.38453,0.94221,0.08196,0.02006,0.09299,0.61966,0.03942,0.41252,0.04268,0.71523,0.10606,0.01483,0.88974,0.02119,0.47097,0.82035,0.03223,0.02167,0.05002,0.01478,0.1129,0.83805,0.03154,0.02985,0.46261,0.0461,0.7286,0.12819,0.03505,0.02327,0.01487,0.70332,0.44636,0.84941,0.0148,0.83135,0.02943,0.13255,0.02098,0.43158,0.71899,0.03153,0.05558,0.78776,0.03165,0.02878,0.68966,0.14069,0.04533,0.45571,0.52513,0.24117,0.05632,0.02413,0.0236,0.32665,0.2267,0.03438,0.02745,0.10317,0.25213,0.1063,0.07179,0.16297,0.02998,0.04158,0.08802]},"PREVALENCE_BY_MONTH":{"X_CALENDAR_MONTH":[200108,200112,200201,200202,200203,200204,200205,200206,200207,200208,200209,200210,200211,200212,200301,200302,200304,200305,200306,200307,200308,200309,200310,200311,200312,200401,200402,200403,200404,200405,200406,200407,200408,200409,200410,200411,200412,200501,200502,200503,200504,200505,200506,200507,200508,200509,200510,200511,200512,200601,200602,200603,200604,200606,200607,200608,200609,200610,200611,200612,200701,200702,200703,200704,200705,200706,200707,200709,200710,200711,200712,200801,200802,200803,200804,200805,200806,200807,200808,200809,200810,200811,200812,200901,200902,200903,200904,200905,200906,200907,200908,200909,200910,200911,200912,201001,201002,201003,201004,201005,201006,201007,201008,201009,201010,201011,201012,201101,201102,201103,201104,201105,201106,201107,201108,201109,201110,201111,201112,201201,201202,201203,201204,201205,201206,201207,201208,201209,201210,201211,201212,201301,201302,201303,201304,201305,201306,201307,201308,201309,201310,201311,201312,201401,201402,201403,201404,201405,201406,201407,201408,201409,201410,201411,201412,201501,201502,201503,201504,201505,201506,201507,201508,201509,201510,201511,201512,201601,201602,201603,201604,201605,201606,201607,201608,201609,201610,201611,201612,201701,201702,201703,201704,201705,201706,201707,201708,201709,201710,201711,201712,201801,201802,201803,201804,201805,201806,201807,201808,201809,201810,201811,201812,201901,201902,201903],"Y_PREVALENCE_1000PP":[0.00194,0.00334,0.00264,0.00203,0.0023,0.00223,0.00277,0.00276,0.00384,0.00328,0.00271,0.00376,0.00214,0.00268,0.00265,0.00185,0.0021,0.00209,0.00234,0.00206,0.00231,0.00153,0.0028,0.00152,0.00227,0.00198,0.00197,0.00217,0.00238,0.00213,0.00235,0.00233,0.00256,0.00254,0.00322,0.00252,0.0016,0.00204,0.00249,0.00203,0.00158,0.00203,0.00202,0.002,0.0031,0.00242,0.00219,0.00131,0.00241,0.00216,0.0013,0.00195,0.00215,0.0015,0.00192,0.00149,0.0017,0.00148,0.00168,0.00126,0.00166,0.00145,0.00124,0.00144,0.00123,0.00162,0.00201,0.00159,0.00256,0.00137,0.00195,0.00368,0.00311,0.00233,0.00775,0.00949,0.00864,0.01205,0.00918,0.00837,0.01328,0.01118,0.01003,0.01094,0.00849,0.0096,0.01153,0.0098,0.00904,0.01241,0.00772,0.01052,0.01036,0.0085,0.01122,0.01098,0.00779,0.01142,0.01198,0.01163,0.01108,0.01031,0.01202,0.01405,0.0115,0.01143,0.01257,0.0086,0.00915,0.01298,0.01073,0.01365,0.01344,0.01193,0.01557,0.01093,0.01254,0.01423,0.0124,0.01455,0.01273,0.01181,0.01272,0.01402,0.01146,0.0113,0.01326,0.01197,0.01199,0.0117,0.01215,0.01193,0.00995,0.01204,0.01369,0.01151,0.01523,0.01093,0.01429,0.01445,0.00991,0.01243,0.01459,0.00936,0.01374,0.01397,0.01149,0.01513,0.01298,0.01116,0.01461,0.01408,0.01254,0.01655,0.01535,0.01557,0.01442,0.01489,0.01578,0.01513,0.01418,0.01484,0.01034,0.01079,0.01257,0.01159,0.00861,0.00792,0.00547,0.00498,0.007,0.00556,0.00566,0.00788,0.00641,0.00617,0.00815,0.0052,0.00466,0.00356,0.00252,0.0051,0.00485,0.00314,0.00262,0.00497,0.00206,0.00354,0.00503,0.00422,0.00487,0.0037,0.00402,0.00432,0.00432,0.0037,0.00434,0.00378,0.00509,0.00511,0.00651,0.00493,0.00559,0.00722,0.00661,0.00462]},"PROCEDURE_FREQUENCY_DISTRIBUTION":{"Y_NUM_PERSONS":[0,0,0,0,0,0,0,0,0,0,0,0,0,0,0,0,0,0,0,0,0,0,0,0,0,0,0,0,0,0,0,0,0,0,0,0,0,0],"X_COUNT":[1,2,3,4,5,6,7,8,9,10,11,12,13,14,15,16,17,18,19,20,21,22,23,24,25,26,27,28,29,30,31,32,33,36,38,48,51,55]},"PROCEDURES_BY_TYPE":{"CONCEPT_NAME":"EHR order list entry","COUNT_VALUE":7499},"AGE_AT_FIRST_OCCURRENCE":{"CATEGORY":["FEMALE","MALE"],"MIN_VALUE":[9,3],"P10_VALUE":[25,58],"P25_VALUE":[34,67],"MEDIAN_VALUE":[41,75],"P75_VALUE":[48,80],"P90_VALUE":[51,86],"MAX_VALUE":[89,101]}}
