{"PREVALENCE_BY_GENDER_AGE_YEAR":{"TRELLIS_NAME":["60-69","70-79","80-89","60-69","60-69","70-79","70-79","70-79","60-69","60-69","50-59","50-59","70-79","60-69","70-79","80-89","60-69","30-39","40-49","70-79","60-69","70-79","40-49","50-59","60-69","50-59","30-39","60-69","80-89","60-69","50-59","40-49","70-79","40-49","50-59","60-69","70-79","80-89","50-59","70-79","50-59","60-69","40-49","60-69","70-79","70-79","50-59","60-69","50-59","40-49","50-59","60-69","40-49","50-59","80-89","60-69","70-79","70-79","60-69","50-59","40-49","70-79","60-69","50-59","50-59","60-69","60-69","40-49","70-79","70-79","60-69","50-59","50-59","60-69","70-79","60-69","60-69","50-59","50-59","60-69","60-69","40-49","40-49","50-59","60-69","60-69","50-59","60-69","70-79","60-69","50-59"],"SERIES_NAME":["MALE","MALE","FEMALE","FEMALE","MALE","FEMALE","MALE","FEMALE","MALE","FEMALE","MALE","MALE","FEMALE","MALE","MALE","MALE","MALE","MALE","MALE","MALE","FEMALE","FEMALE","FEMALE","FEMALE","MALE","MALE","MALE","FEMALE","MALE","FEMALE","MALE","FEMALE","MALE","MALE","FEMALE","MALE","MALE","FEMALE","MALE","FEMALE","FEMALE","FEMALE","MALE","FEMALE","MALE","FEMALE","FEMALE","MALE","MALE","FEMALE","MALE","MALE","FEMALE","FEMALE","MALE","FEMALE","MALE","FEMALE","MALE","MALE","MALE","MALE","FEMALE","FEMALE","MALE","MALE","FEMALE","FEMALE","FEMALE","MALE","FEMALE","MALE","FEMALE","MALE","MALE","FEMALE","MALE","FEMALE","MALE","MALE","FEMALE","FEMALE","MALE","FEMALE","MALE","FEMALE","MALE","FEMALE","MALE","MALE","MALE"],"X_CALENDAR_YEAR":[1998,1999,1999,1999,1999,1999,2000,2000,2000,2000,2000,2001,2001,2001,2001,2001,2002,2002,2002,2002,2002,2002,2003,2003,2003,2003,2003,2003,2004,2004,2004,2004,2004,2004,2004,2004,2005,2005,2005,2005,2005,2005,2006,2006,2006,2006,2006,2006,2006,2006,2007,2007,2007,2007,2007,2007,2007,2008,2008,2008,2008,2008,2008,2009,2009,2009,2009,2009,2009,2010,2010,2010,2010,2010,2011,2011,2011,2011,2011,2012,2012,2012,2013,2013,2013,2013,2013,2014,2014,2014,2015],"Y_PREVALENCE_1000PP":[0.13228,0.13889,0.11322,0.07873,0.07107,0.11899,0.11012,0.08664,0.06341,0.05406,0.05585,0.03447,0.05553,0.04343,0.13028,0.12012,0.06472,0.01803,0.02399,0.07617,0.03711,0.09306,0.02666,0.04029,0.02987,0.02848,0.01721,0.03431,0.10233,0.02628,0.05251,0.01787,0.07222,0.01983,0.02366,0.03114,0.05698,0.08095,0.0314,0.0372,0.0291,0.03751,0.01758,0.02321,0.03624,0.03064,0.03444,0.0275,0.03346,0.0265,0.02879,0.03156,0.022,0.04438,0.0715,0.02418,0.07771,0.04602,0.0368,0.02252,0.01801,0.05347,0.02642,0.03439,0.02507,0.02951,0.03551,0.01404,0.04105,0.03133,0.05028,0.02457,0.01964,0.02886,0.03072,0.02434,0.02807,0.01625,0.01589,0.02195,0.02135,0.01383,0.01581,0.0158,0.03752,0.02732,0.0181,0.02249,0.04062,0.03314,0.02303]},"PREVALENCE_BY_MONTH":{"X_CALENDAR_MONTH":[199808,199809,199811,199901,199903,199904,199907,199908,199911,200001,200002,200004,200006,200007,200008,200009,200010,200011,200101,200102,200106,200107,200108,200109,200112,200201,200202,200203,200205,200207,200208,200209,200210,200211,200212,200302,200303,200305,200306,200307,200308,200309,200310,200311,200312,200402,200404,200405,200406,200407,200409,200411,200412,200501,200502,200503,200504,200505,200507,200508,200509,200510,200512,200601,200603,200604,200606,200608,200609,200610,200611,200612,200701,200702,200703,200704,200705,200706,200707,200708,200709,200712,200801,200803,200804,200805,200807,200808,200809,200810,200902,200903,200904,200905,200906,200907,200908,200909,200911,200912,201001,201003,201006,201010,201011,201012,201102,201103,201106,201109,201112,201202,201203,201209,201301,201302,201303,201305,201309,201310,201311,201312,201404,201405,201407,201409,201506,201608],"Y_PREVALENCE_1000PP":[0.00467,0.00457,0.00441,0.00552,0.00597,0.00583,0.00435,0.00368,0.00427,0.00315,0.00314,0.00261,0.00338,0.00333,0.00247,0.00403,0.0036,0.00317,0.00368,0.00217,0.00336,0.00298,0.00259,0.00222,0.00213,0.00235,0.00378,0.00172,0.00388,0.00165,0.00273,0.00299,0.00161,0.00188,0.00268,0.00158,0.00184,0.00183,0.00208,0.00232,0.00154,0.00153,0.00153,0.00203,0.00252,0.00173,0.00309,0.00166,0.00282,0.0028,0.00208,0.00183,0.0016,0.00249,0.00158,0.00158,0.00248,0.00158,0.00178,0.00155,0.00176,0.00176,0.00153,0.00173,0.00173,0.00151,0.00192,0.0017,0.00149,0.00148,0.00294,0.00168,0.00416,0.00187,0.00207,0.00144,0.00164,0.00142,0.00201,0.00121,0.0012,0.00195,0.00155,0.00117,0.00116,0.00136,0.00172,0.00249,0.00114,0.00171,0.00189,0.00132,0.00208,0.00207,0.00113,0.00113,0.00151,0.00131,0.00151,0.0019,0.00189,0.00171,0.0021,0.00113,0.0015,0.00206,0.00112,0.0013,0.00203,0.00164,0.00109,0.00109,0.00127,0.00109,0.00184,0.00147,0.00111,0.0013,0.00111,0.00131,0.00132,0.0023,0.00153,0.00192,0.00118,0.00119,0.0018,0.00187]},"PROCEDURE_FREQUENCY_DISTRIBUTION":{"Y_NUM_PERSONS":[0,0,0,0,0],"X_COUNT":[1,2,3,4,5]},"PROCEDURES_BY_TYPE":{"CONCEPT_NAME":"EHR order list entry","COUNT_VALUE":1494},"AGE_AT_FIRST_OCCURRENCE":{"CATEGORY":["FEMALE","MALE"],"MIN_VALUE":[0,0],"P10_VALUE":[29,26],"P25_VALUE":[47,45],"MEDIAN_VALUE":[60,59],"P75_VALUE":[72,71],"P90_VALUE":[80,79],"MAX_VALUE":[92,95]}}
