{"PREVALENCE_BY_GENDER_AGE_YEAR":{"TRELLIS_NAME":["60-69","50-59","70-79","60-69","70-79","60-69","70-79","60-69","50-59","60-69","70-79","60-69","60-69","80-89","60-69","70-79","70-79","60-69","80-89","60-69","50-59","60-69","70-79","70-79","60-69","70-79","50-59"],"SERIES_NAME":["FEMALE","FEMALE","FEMALE","MALE","FEMALE","FEMALE","MALE","MALE","MALE","FEMALE","MALE","MALE","MALE","FEMALE","FEMALE","MALE","MALE","FEMALE","MALE","MALE","MALE","MALE","MALE","MALE","MALE","MALE","MALE"],"X_CALENDAR_YEAR":[2002,2003,2006,2006,2007,2007,2007,2007,2008,2010,2010,2010,2011,2012,2012,2012,2013,2013,2013,2013,2013,2014,2014,2015,2015,2016,2016],"Y_PREVALENCE_1000PP":[0.0318,0.02564,0.03064,0.02357,0.02842,0.02072,0.03331,0.02455,0.01689,0.02514,0.04177,0.02886,0.04055,0.05516,0.0183,0.05592,0.05951,0.03643,0.0614,0.02501,0.0181,0.01988,0.04062,0.03294,0.02886,0.06347,0.02023]},"PREVALENCE_BY_MONTH":{"X_CALENDAR_MONTH":[200310,200403,200502,200505,200605,200704,200707,200708,200709,200710,200801,200802,200804,200909,201001,201002,201008,201012,201102,201106,201107,201111,201203,201205,201207,201209,201211,201301,201305,201307,201308,201309,201310,201311,201402,201406,201408,201602,201603],"Y_PREVALENCE_1000PP":[0.00204,0.00145,0.00136,0.00135,0.00129,0.00144,0.00121,0.00161,0.00139,0.00118,0.00116,0.00116,0.00116,0.00113,0.00114,0.00114,0.00172,0.00131,0.00112,0.00129,0.0011,0.00109,0.00109,0.00109,0.00128,0.00181,0.00146,0.0011,0.00167,0.00111,0.00148,0.00167,0.00187,0.00113,0.00114,0.00116,0.00118,0.00149,0.00249]},"PROCEDURE_FREQUENCY_DISTRIBUTION":{"Y_NUM_PERSONS":[0,0],"X_COUNT":[1,2]},"PROCEDURES_BY_TYPE":{"CONCEPT_NAME":"EHR order list entry","COUNT_VALUE":760},"AGE_AT_FIRST_OCCURRENCE":{"CATEGORY":["MALE","FEMALE"],"MIN_VALUE":[0,3],"P10_VALUE":[35,32],"P25_VALUE":[49,48],"MEDIAN_VALUE":[63,62],"P75_VALUE":[73,72],"P90_VALUE":[79,82],"MAX_VALUE":[101,97]}}
