{"PREVALENCE_BY_GENDER_AGE_YEAR":{"TRELLIS_NAME":["60-69","30-39","70-79","70-79","60-69","60-69","70-79","70-79","50-59","60-69","60-69","70-79","60-69","70-79","50-59","40-49","70-79","60-69","40-49","50-59","60-69","30-39","40-49","40-49","60-69","70-79","40-49","80-89","50-59","60-69","60-69","50-59","70-79","50-59","60-69","50-59","70-79","40-49","60-69","60-69","50-59","40-49","60-69","50-59","60-69","40-49","70-79","50-59","40-49","60-69","70-79","70-79","60-69","60-69","50-59","70-79","40-49","50-59","60-69","40-49","50-59","70-79","80-89","40-49","60-69","70-79","60-69","70-79","60-69","50-59","60-69","70-79","70-79","60-69","50-59","70-79","70-79","60-69","70-79","70-79","70-79","50-59","60-69"],"SERIES_NAME":["MALE","MALE","MALE","FEMALE","MALE","FEMALE","MALE","MALE","MALE","MALE","MALE","FEMALE","FEMALE","MALE","MALE","MALE","MALE","MALE","FEMALE","MALE","FEMALE","MALE","MALE","FEMALE","FEMALE","MALE","MALE","MALE","FEMALE","MALE","FEMALE","MALE","MALE","FEMALE","MALE","MALE","MALE","FEMALE","FEMALE","MALE","FEMALE","FEMALE","FEMALE","FEMALE","MALE","MALE","MALE","MALE","MALE","MALE","MALE","MALE","FEMALE","MALE","FEMALE","MALE","MALE","MALE","MALE","MALE","FEMALE","MALE","MALE","FEMALE","MALE","FEMALE","FEMALE","MALE","MALE","MALE","MALE","MALE","FEMALE","MALE","MALE","MALE","FEMALE","MALE","MALE","MALE","FEMALE","MALE","MALE"],"X_CALENDAR_YEAR":[2001,2001,2001,2002,2002,2002,2002,2003,2003,2003,2004,2004,2004,2004,2004,2004,2005,2005,2005,2005,2005,2005,2005,2006,2006,2006,2006,2006,2006,2006,2007,2007,2007,2007,2007,2008,2008,2008,2008,2008,2008,2009,2009,2009,2009,2009,2009,2010,2010,2010,2010,2011,2011,2011,2011,2012,2012,2012,2012,2013,2013,2013,2013,2013,2013,2013,2014,2014,2014,2015,2015,2015,2016,2016,2016,2016,2017,2017,2017,2018,2018,2018,2018],"Y_PREVALENCE_1000PP":[0.04963,0.02029,0.07817,0.04343,0.04854,0.04241,0.06856,0.04317,0.05339,0.04979,0.07117,0.03296,0.05695,0.09192,0.02298,0.01983,0.08231,0.02959,0.02804,0.02512,0.05835,0.02101,0.02928,0.01855,0.03095,0.11475,0.01507,0.09078,0.02505,0.03536,0.04144,0.02591,0.05551,0.02959,0.04208,0.0197,0.08556,0.0142,0.02973,0.04349,0.02311,0.01404,0.02582,0.0258,0.03278,0.01789,0.07375,0.02184,0.01776,0.02886,0.06788,0.06655,0.02434,0.02496,0.01625,0.04575,0.01559,0.02103,0.02823,0.01807,0.02106,0.0496,0.08187,0.01402,0.03752,0.02623,0.01928,0.05585,0.04639,0.02015,0.03968,0.06589,0.03396,0.04765,0.03034,0.06347,0.04301,0.02947,0.04127,0.06834,0.04093,0.03332,0.0497]},"PREVALENCE_BY_MONTH":{"X_CALENDAR_MONTH":[200105,200112,200201,200202,200203,200205,200206,200207,200211,200302,200304,200306,200308,200309,200310,200311,200312,200401,200402,200403,200405,200407,200408,200409,200410,200411,200412,200501,200502,200503,200504,200505,200506,200507,200508,200509,200510,200511,200512,200602,200604,200605,200606,200607,200608,200609,200610,200611,200702,200703,200704,200706,200707,200708,200709,200710,200711,200801,200802,200803,200804,200805,200806,200807,200810,200811,200812,200901,200902,200903,200904,200905,200906,200907,200910,201003,201004,201006,201007,201008,201010,201012,201102,201104,201105,201107,201108,201110,201111,201112,201201,201202,201206,201207,201210,201211,201301,201302,201304,201306,201308,201309,201310,201311,201402,201405,201407,201408,201409,201410,201412,201501,201507,201508,201509,201510,201512,201601,201602,201607,201610,201611,201703,201705,201708,201711,201802,201805,201806,201810,201811,201903],"Y_PREVALENCE_1000PP":[0.00205,0.00182,0.00205,0.00233,0.00201,0.00166,0.00165,0.00219,0.00188,0.00158,0.0021,0.00156,0.00154,0.00179,0.00153,0.00152,0.00202,0.00222,0.00222,0.0029,0.00237,0.00187,0.00186,0.00278,0.00253,0.00298,0.00138,0.00204,0.00136,0.00158,0.00203,0.00135,0.00202,0.002,0.00155,0.00264,0.00219,0.00197,0.00306,0.00174,0.00237,0.00215,0.00256,0.0015,0.00149,0.00127,0.00127,0.00189,0.00145,0.00166,0.00186,0.00243,0.00221,0.00161,0.0012,0.00216,0.00156,0.0029,0.00194,0.00156,0.00116,0.00136,0.0023,0.00172,0.00133,0.00114,0.00132,0.00226,0.00207,0.00245,0.00113,0.00151,0.00113,0.00132,0.00188,0.00152,0.00228,0.00134,0.00115,0.00191,0.00132,0.00131,0.00131,0.0013,0.00111,0.0022,0.00165,0.00127,0.00255,0.00109,0.00164,0.00182,0.00145,0.00146,0.00145,0.00183,0.0022,0.00184,0.00167,0.00111,0.0013,0.00111,0.00206,0.00282,0.00134,0.00115,0.00176,0.00178,0.00119,0.00142,0.00166,0.00166,0.00135,0.00202,0.00157,0.00256,0.00172,0.00148,0.00149,0.00263,0.0019,0.00164,0.00255,0.00257,0.00294,0.00181,0.00185,0.00247,0.00186,0.00228,0.0023,0.00198]},"PROCEDURE_FREQUENCY_DISTRIBUTION":{"Y_NUM_PERSONS":[0,0,0,0,0],"X_COUNT":[1,2,3,4,5]},"PROCEDURES_BY_TYPE":{"CONCEPT_NAME":"EHR order list entry","COUNT_VALUE":1553},"AGE_AT_FIRST_OCCURRENCE":{"CATEGORY":["FEMALE","MALE"],"MIN_VALUE":[1,0],"P10_VALUE":[28,34],"P25_VALUE":[43,48],"MEDIAN_VALUE":[56,63],"P75_VALUE":[68,73],"P90_VALUE":[76,79],"MAX_VALUE":[88,94]}}
