{"PREVALENCE_BY_GENDER_AGE_YEAR":{"TRELLIS_NAME":["20-29","30-39","30-39","40-49","20-29","40-49","20-29","20-29","30-39","30-39","30-39","20-29","40-49","20-29","40-49","40-49","30-39","20-29","40-49","30-39","20-29","20-29","50-59","30-39","20-29","40-49","40-49","40-49","30-39","20-29","30-39","20-29","40-49","30-39","40-49","30-39","30-39","50-59","40-49","40-49","50-59","40-49","20-29","30-39","40-49","40-49","30-39","30-39","20-29","20-29","40-49","40-49","40-49","30-39","20-29","40-49","40-49","30-39","30-39","40-49","40-49","30-39","50-59","30-39","40-49","50-59","30-39","40-49","30-39","40-49"],"SERIES_NAME":["FEMALE","FEMALE","MALE","MALE","MALE","MALE","MALE","FEMALE","MALE","MALE","FEMALE","FEMALE","FEMALE","MALE","MALE","MALE","MALE","MALE","FEMALE","FEMALE","FEMALE","FEMALE","MALE","MALE","MALE","MALE","MALE","FEMALE","FEMALE","MALE","MALE","MALE","FEMALE","MALE","MALE","MALE","FEMALE","MALE","FEMALE","MALE","MALE","MALE","MALE","MALE","FEMALE","MALE","MALE","FEMALE","FEMALE","MALE","FEMALE","MALE","FEMALE","MALE","MALE","FEMALE","MALE","FEMALE","MALE","MALE","FEMALE","MALE","MALE","MALE","MALE","MALE","MALE","MALE","MALE","MALE"],"X_CALENDAR_YEAR":[2001,2001,2001,2001,2001,2002,2002,2002,2002,2003,2003,2003,2003,2003,2003,2004,2004,2004,2004,2004,2004,2005,2005,2005,2005,2005,2006,2006,2006,2006,2006,2007,2007,2007,2007,2008,2008,2008,2008,2008,2009,2009,2009,2009,2009,2010,2010,2010,2010,2010,2010,2011,2011,2011,2011,2012,2012,2012,2012,2013,2013,2013,2013,2014,2014,2015,2015,2015,2016,2017],"Y_PREVALENCE_1000PP":[0.0259,0.03463,0.0541,0.03161,0.05868,0.03085,0.11167,0.03446,0.05709,0.06598,0.02353,0.03628,0.02333,0.09449,0.02537,0.01983,0.05617,0.04452,0.02978,0.03574,0.02971,0.02502,0.01884,0.06829,0.05827,0.03727,0.03015,0.0212,0.0185,0.02124,0.06405,0.02234,0.01466,0.04422,0.02321,0.06839,0.01762,0.01689,0.01893,0.02701,0.0195,0.04695,0.02897,0.03933,0.01872,0.02442,0.06147,0.01506,0.01521,0.01841,0.01623,0.03061,0.02274,0.0341,0.02056,0.01613,0.02005,0.02737,0.04431,0.03614,0.02103,0.02469,0.02327,0.02367,0.03426,0.02878,0.02304,0.01651,0.02708,0.03023]},"PREVALENCE_BY_MONTH":{"X_CALENDAR_MONTH":[200101,200107,200108,200111,200202,200203,200204,200206,200207,200208,200209,200210,200211,200301,200303,200304,200306,200307,200308,200309,200310,200312,200401,200402,200403,200404,200405,200407,200408,200411,200501,200502,200503,200504,200506,200507,200510,200511,200512,200601,200602,200603,200607,200608,200609,200610,200611,200612,200702,200703,200706,200707,200710,200711,200802,200804,200806,200807,200809,200812,200903,200904,200906,200908,200909,200911,201001,201006,201007,201008,201010,201102,201103,201106,201107,201108,201109,201205,201206,201209,201210,201211,201301,201303,201306,201311,201404,201409,201505,201510,201602,201605],"Y_PREVALENCE_1000PP":[0.00368,0.00265,0.00226,0.00338,0.00203,0.0023,0.00167,0.00248,0.00247,0.00219,0.00244,0.00161,0.00241,0.00265,0.0021,0.00288,0.00312,0.00309,0.00282,0.00153,0.00229,0.00202,0.00198,0.00296,0.00242,0.00167,0.0026,0.00187,0.00209,0.00161,0.00159,0.00181,0.00203,0.00203,0.00314,0.002,0.00154,0.00153,0.00197,0.0013,0.00174,0.0013,0.0015,0.0017,0.0017,0.00148,0.00147,0.00126,0.00166,0.00124,0.00183,0.00161,0.00118,0.00137,0.00175,0.00213,0.0025,0.00134,0.00133,0.00114,0.00132,0.00113,0.00226,0.00188,0.00169,0.00113,0.00227,0.00229,0.00172,0.00191,0.00113,0.00131,0.0013,0.0011,0.00128,0.00256,0.00127,0.002,0.00164,0.00109,0.00145,0.00128,0.00147,0.00148,0.00186,0.00132,0.0023,0.00119,0.0013,0.0014,0.00174,0.00152]},"PROCEDURE_FREQUENCY_DISTRIBUTION":{"Y_NUM_PERSONS":[0,0,0,0,0],"X_COUNT":[1,2,3,4,5]},"PROCEDURES_BY_TYPE":{"CONCEPT_NAME":"EHR order list entry","COUNT_VALUE":1243},"AGE_AT_FIRST_OCCURRENCE":{"CATEGORY":["FEMALE","MALE"],"MIN_VALUE":[17,6],"P10_VALUE":[25,25],"P25_VALUE":[31,30],"MEDIAN_VALUE":[39,36],"P75_VALUE":[46,45],"P90_VALUE":[55,54],"MAX_VALUE":[80,75]}}
