{"PREVALENCE_BY_GENDER_AGE_YEAR":{"TRELLIS_NAME":["50-59","60-69","60-69","60-69","60-69","40-49","50-59","50-59","40-49","60-69","60-69","50-59","60-69","30-39","40-49","60-69","50-59","40-49","60-69","50-59","50-59","50-59","30-39"],"SERIES_NAME":["FEMALE","MALE","FEMALE","MALE","FEMALE","FEMALE","MALE","FEMALE","FEMALE","MALE","FEMALE","FEMALE","MALE","FEMALE","FEMALE","FEMALE","FEMALE","FEMALE","FEMALE","MALE","FEMALE","FEMALE","FEMALE"],"X_CALENDAR_YEAR":[2003,2003,2004,2005,2007,2007,2007,2008,2008,2009,2009,2009,2010,2010,2011,2012,2012,2013,2013,2013,2013,2014,2015],"Y_PREVALENCE_1000PP":[0.02197,0.02987,0.03943,0.02537,0.0518,0.01466,0.01727,0.02311,0.0142,0.01967,0.02905,0.02006,0.01924,0.01506,0.02046,0.02135,0.02416,0.01402,0.02732,0.01551,0.01843,0.01631,0.01727]},"PREVALENCE_BY_MONTH":{"X_CALENDAR_MONTH":[200102,200106,200402,200502,200504,200603,200604,200607,200707,200710,200712,200801,200802,200809,200812,200901,200905,200906,200907,200909,200912,201010,201011,201012,201103,201112,201201,201202,201209,201210,201211,201305,201307,201310,201311,201406,201407,201507,201611,201807],"Y_PREVALENCE_1000PP":[0.0029,0.00235,0.00148,0.00136,0.00135,0.0013,0.00129,0.0015,0.00141,0.00138,0.00156,0.00116,0.00155,0.00133,0.00114,0.00132,0.00113,0.00113,0.00132,0.00169,0.00133,0.00113,0.00131,0.00131,0.0013,0.00109,0.00182,0.00164,0.00163,0.00109,0.00146,0.00111,0.00111,0.00131,0.00113,0.00116,0.00118,0.00157,0.00164,0.00189]},"PROCEDURE_FREQUENCY_DISTRIBUTION":{"Y_NUM_PERSONS":[0,0,0,0],"X_COUNT":[1,2,3,4]},"PROCEDURES_BY_TYPE":{"CONCEPT_NAME":"EHR order list entry","COUNT_VALUE":781},"AGE_AT_FIRST_OCCURRENCE":{"CATEGORY":["FEMALE","MALE"],"MIN_VALUE":[3,1],"P10_VALUE":[17,16],"P25_VALUE":[39,45],"MEDIAN_VALUE":[55,58],"P75_VALUE":[65,69],"P90_VALUE":[75,77],"MAX_VALUE":[95,91]}}
