{"PREVALENCE_BY_GENDER_AGE_YEAR":{"TRELLIS_NAME":["40-49","40-49","30-39","70-79","50-59","50-59","60-69","40-49","40-49","60-69","50-59","70-79","60-69","60-69","40-49","40-49","70-79","70-79","50-59","60-69","30-39","60-69","40-49","60-69","60-69","50-59","50-59","40-49","40-49","40-49","70-79","60-69","50-59","50-59","70-79","60-69","30-39","40-49","70-79","60-69","60-69","50-59","50-59","40-49","70-79","40-49","50-59","70-79","60-69","40-49","30-39","70-79","30-39","50-59","60-69","40-49","60-69","50-59","70-79","50-59","40-49","70-79","60-69","40-49","60-69","40-49","70-79","50-59","70-79","40-49","50-59","70-79","60-69","70-79","40-49","70-79"],"SERIES_NAME":["MALE","MALE","MALE","MALE","MALE","FEMALE","MALE","FEMALE","MALE","MALE","FEMALE","FEMALE","FEMALE","MALE","FEMALE","MALE","MALE","FEMALE","FEMALE","MALE","MALE","FEMALE","FEMALE","FEMALE","MALE","MALE","FEMALE","FEMALE","MALE","MALE","FEMALE","FEMALE","FEMALE","MALE","MALE","MALE","MALE","MALE","FEMALE","FEMALE","MALE","MALE","FEMALE","FEMALE","MALE","MALE","MALE","FEMALE","MALE","FEMALE","FEMALE","MALE","MALE","FEMALE","FEMALE","FEMALE","FEMALE","FEMALE","MALE","MALE","MALE","FEMALE","MALE","FEMALE","FEMALE","MALE","FEMALE","MALE","MALE","FEMALE","FEMALE","MALE","FEMALE","MALE","MALE","MALE"],"X_CALENDAR_YEAR":[2003,2004,2004,2005,2005,2006,2006,2007,2007,2007,2007,2008,2008,2008,2008,2009,2009,2009,2009,2009,2009,2009,2009,2010,2010,2010,2010,2010,2010,2011,2011,2011,2011,2011,2011,2011,2011,2012,2012,2012,2012,2012,2012,2012,2012,2013,2013,2013,2013,2013,2013,2013,2013,2013,2013,2014,2014,2014,2014,2014,2014,2014,2014,2015,2015,2015,2015,2015,2015,2016,2016,2016,2016,2017,2018,2018],"Y_PREVALENCE_1000PP":[0.0222,0.02266,0.01872,0.03799,0.03454,0.01879,0.03536,0.01466,0.01393,0.02455,0.02367,0.03221,0.02642,0.02007,0.01893,0.02459,0.05268,0.04105,0.02293,0.0459,0.01721,0.02582,0.01404,0.03143,0.03207,0.03276,0.01684,0.02319,0.0333,0.01749,0.03576,0.05171,0.02438,0.03443,0.07167,0.04991,0.01705,0.01559,0.06242,0.02745,0.03136,0.02629,0.02953,0.01613,0.05592,0.03162,0.02586,0.0306,0.01876,0.01636,0.01487,0.06447,0.01481,0.0237,0.02125,0.01516,0.03213,0.01631,0.05077,0.02676,0.02447,0.04039,0.02651,0.017,0.04541,0.01926,0.03417,0.02015,0.03294,0.03447,0.02054,0.03808,0.02516,0.04815,0.03008,0.04556]},"PREVALENCE_BY_MONTH":{"X_CALENDAR_MONTH":[200503,200510,200511,200605,200608,200610,200701,200801,200807,200810,200811,200901,200902,200903,200904,200905,200906,200909,200910,200911,201001,201002,201007,201008,201010,201011,201012,201102,201103,201104,201105,201106,201107,201108,201109,201110,201111,201112,201201,201202,201203,201204,201205,201206,201207,201208,201209,201210,201212,201301,201302,201304,201305,201306,201308,201310,201311,201312,201401,201403,201405,201406,201407,201411,201501,201503,201504,201506,201508,201510,201601,201606,201701,201802],"Y_PREVALENCE_1000PP":[0.00203,0.00132,0.00153,0.00129,0.00128,0.00127,0.00125,0.00136,0.00115,0.00209,0.00152,0.00151,0.00226,0.00226,0.0017,0.00113,0.00132,0.0015,0.00169,0.0017,0.00114,0.00133,0.00172,0.00153,0.00226,0.00131,0.00188,0.00261,0.00204,0.00148,0.00129,0.00129,0.00165,0.0011,0.00127,0.00291,0.00128,0.00164,0.00146,0.00164,0.00127,0.00164,0.00146,0.00145,0.00219,0.00127,0.00109,0.00127,0.00147,0.00202,0.00147,0.00111,0.0013,0.00186,0.00167,0.00224,0.00169,0.00154,0.00191,0.00211,0.00192,0.00291,0.00137,0.00143,0.00187,0.00129,0.00151,0.00158,0.00157,0.00163,0.00173,0.0018,0.00192,0.00185]},"PROCEDURE_FREQUENCY_DISTRIBUTION":{"Y_NUM_PERSONS":[0,0,0],"X_COUNT":[1,2,3]},"PROCEDURES_BY_TYPE":{"CONCEPT_NAME":"EHR order list entry","COUNT_VALUE":1098},"AGE_AT_FIRST_OCCURRENCE":{"CATEGORY":["FEMALE","MALE"],"MIN_VALUE":[22,15],"P10_VALUE":[39,37],"P25_VALUE":[47,45],"MEDIAN_VALUE":[58,57],"P75_VALUE":[69,70],"P90_VALUE":[77,77],"MAX_VALUE":[94,87]}}
