{"PREVALENCE_BY_GENDER_AGE_YEAR":{"TRELLIS_NAME":["60-69","40-49","50-59","60-69","50-59","60-69","40-49","60-69","70-79","60-69","60-69"],"SERIES_NAME":["FEMALE","FEMALE","FEMALE","FEMALE","FEMALE","FEMALE","FEMALE","FEMALE","FEMALE","FEMALE","FEMALE"],"X_CALENDAR_YEAR":[2009,2011,2011,2012,2012,2013,2015,2015,2015,2017,2018],"Y_PREVALENCE_1000PP":[0.01937,0.01592,0.01625,0.02745,0.01879,0.01822,0.0255,0.02445,0.02929,0.04787,0.03252]},"PREVALENCE_BY_MONTH":{"X_CALENDAR_MONTH":[200910,201205,201502,201507],"Y_PREVALENCE_1000PP":[0.00113,0.00127,0.00125,0.00157]},"PROCEDURE_FREQUENCY_DISTRIBUTION":{"Y_NUM_PERSONS":0,"X_COUNT":1},"PROCEDURES_BY_TYPE":{"CONCEPT_NAME":"EHR order list entry","COUNT_VALUE":314},"AGE_AT_FIRST_OCCURRENCE":{"CATEGORY":["FEMALE","MALE"],"MIN_VALUE":[11,11],"P10_VALUE":[29,17],"P25_VALUE":[41,39],"MEDIAN_VALUE":[55,58],"P75_VALUE":[65,68],"P90_VALUE":[73,79],"MAX_VALUE":[85,85]}}
