{"PREVALENCE_BY_GENDER_AGE_YEAR":{"TRELLIS_NAME":["70-79","50-59","70-79","60-69","30-39","40-49","70-79","50-59","60-69","50-59","70-79","60-69","30-39","40-49","60-69","70-79","70-79","60-69","60-69","50-59","40-49","60-69","50-59","50-59","60-69","70-79","40-49","60-69"],"SERIES_NAME":["FEMALE","FEMALE","MALE","FEMALE","FEMALE","FEMALE","FEMALE","FEMALE","FEMALE","FEMALE","FEMALE","FEMALE","FEMALE","FEMALE","FEMALE","FEMALE","FEMALE","FEMALE","FEMALE","FEMALE","FEMALE","FEMALE","FEMALE","FEMALE","FEMALE","MALE","FEMALE","FEMALE"],"X_CALENDAR_YEAR":[1999,1999,1999,1999,2000,2000,2000,2000,2000,2001,2001,2001,2002,2002,2002,2002,2003,2003,2004,2004,2004,2005,2005,2006,2007,2007,2008,2012],"Y_PREVALENCE_1000PP":[0.06491,0.04463,0.09723,0.06889,0.03081,0.03222,0.07798,0.0402,0.06178,0.03988,0.05553,0.03637,0.02769,0.0252,0.04771,0.05584,0.03569,0.03431,0.03066,0.03042,0.02383,0.03334,0.02586,0.01879,0.02763,0.03331,0.01893,0.02135]},"PREVALENCE_BY_MONTH":{"X_CALENDAR_MONTH":[199902,199903,200002,200011,200201,200203,200210,200401,200406,200505,200512,200706,200810,200902],"Y_PREVALENCE_1000PP":[0.00672,0.0073,0.00269,0.00317,0.00205,0.00201,0.00188,0.00148,0.00141,0.00158,0.00131,0.00162,0.00171,0.00151]},"PROCEDURE_FREQUENCY_DISTRIBUTION":{"Y_NUM_PERSONS":[0,0],"X_COUNT":[1,2]},"PROCEDURES_BY_TYPE":{"CONCEPT_NAME":"EHR order list entry","COUNT_VALUE":572},"AGE_AT_FIRST_OCCURRENCE":{"CATEGORY":["FEMALE","MALE"],"MIN_VALUE":[14,13],"P10_VALUE":[35,34],"P25_VALUE":[47,49],"MEDIAN_VALUE":[59,63],"P75_VALUE":[68,71],"P90_VALUE":[76,76],"MAX_VALUE":[90,84]}}
