{"PREVALENCE_BY_GENDER_AGE_YEAR":{"TRELLIS_NAME":["30-39","40-49","30-39","40-49","40-49","30-39","30-39","40-49","50-59","40-49","30-39","40-49","30-39","40-49","60-69","30-39","40-49","40-49","30-39","50-59","50-59","30-39","40-49","40-49","40-49","50-59","30-39","50-59","40-49","40-49","30-39","40-49","30-39","40-49","30-39","40-49"],"SERIES_NAME":["MALE","FEMALE","MALE","FEMALE","MALE","FEMALE","MALE","FEMALE","FEMALE","MALE","FEMALE","FEMALE","FEMALE","MALE","MALE","MALE","FEMALE","MALE","FEMALE","FEMALE","FEMALE","MALE","MALE","FEMALE","FEMALE","FEMALE","MALE","MALE","MALE","MALE","MALE","FEMALE","FEMALE","FEMALE","FEMALE","MALE"],"X_CALENDAR_YEAR":[2002,2006,2008,2008,2008,2009,2009,2009,2010,2010,2010,2011,2011,2011,2011,2012,2012,2012,2012,2012,2013,2013,2013,2013,2014,2014,2014,2014,2014,2015,2015,2016,2016,2017,2017,2017],"Y_PREVALENCE_1000PP":[0.01803,0.01855,0.02443,0.0142,0.01576,0.02019,0.01721,0.01404,0.01964,0.01554,0.03264,0.02046,0.02479,0.03498,0.02184,0.01969,0.02305,0.01782,0.02488,0.01879,0.01843,0.02469,0.04518,0.03037,0.03032,0.01631,0.02367,0.02141,0.02692,0.02477,0.02304,0.02413,0.02024,0.02353,0.02204,0.03401]},"PREVALENCE_BY_MONTH":{"X_CALENDAR_MONTH":[200807,200808,200809,200909,201003,201005,201009,201101,201103,201106,201112,201202,201203,201206,201208,201210,201302,201306,201308,201309,201310,201311,201312,201404,201408,201410,201411,201412,201504,201608,201706],"Y_PREVALENCE_1000PP":[0.00115,0.00115,0.00114,0.00131,0.00133,0.00133,0.00114,0.00131,0.00185,0.00166,0.00109,0.00127,0.00109,0.00109,0.00109,0.00127,0.00147,0.0013,0.00111,0.00148,0.0015,0.00113,0.00115,0.00115,0.00118,0.00142,0.00143,0.00187,0.00151,0.0016,0.00175]},"PROCEDURE_FREQUENCY_DISTRIBUTION":{"Y_NUM_PERSONS":[0,0,0],"X_COUNT":[1,2,3]},"PROCEDURES_BY_TYPE":{"CONCEPT_NAME":"EHR order list entry","COUNT_VALUE":657},"AGE_AT_FIRST_OCCURRENCE":{"CATEGORY":["MALE","FEMALE"],"MIN_VALUE":[21,15],"P10_VALUE":[33,33],"P25_VALUE":[38,38],"MEDIAN_VALUE":[44,44],"P75_VALUE":[51,52],"P90_VALUE":[61,59],"MAX_VALUE":[82,81]}}
