{"PREVALENCE_BY_GENDER_AGE_YEAR":{"TRELLIS_NAME":["0-9","0-9","10-19","10-19","0-9","0-9","0-9","10-19","10-19","10-19","0-9","10-19","10-19","10-19"],"SERIES_NAME":["MALE","MALE","MALE","FEMALE","MALE","MALE","FEMALE","FEMALE","MALE","FEMALE","FEMALE","MALE","MALE","MALE"],"X_CALENDAR_YEAR":[2001,2002,2003,2003,2003,2004,2004,2004,2004,2005,2005,2005,2006,2007],"Y_PREVALENCE_1000PP":[0.02968,0.02638,0.03362,0.0336,0.03309,0.02256,0.02412,0.03002,0.03775,0.02855,0.02297,0.03246,0.02404,0.0192]},"PREVALENCE_BY_MONTH":{"X_CALENDAR_MONTH":[199912,200309,200411],"Y_PREVALENCE_1000PP":[0.00346,0.00179,0.00138]},"PROCEDURE_FREQUENCY_DISTRIBUTION":{"Y_NUM_PERSONS":[0,0,0,0],"X_COUNT":[1,2,3,4]},"PROCEDURES_BY_TYPE":{"CONCEPT_NAME":"EHR order list entry","COUNT_VALUE":221},"AGE_AT_FIRST_OCCURRENCE":{"CATEGORY":["MALE","FEMALE"],"MIN_VALUE":[1,0],"P10_VALUE":[2,2],"P25_VALUE":[5,6],"MEDIAN_VALUE":[10,10],"P75_VALUE":[13,14],"P90_VALUE":[16,16],"MAX_VALUE":[64,68]}}
