{"PREVALENCE_BY_GENDER_AGE_YEAR":{"TRELLIS_NAME":["50-59","40-49","30-39","60-69","20-29","80-89","90-99","60-69","80-89","30-39","70-79","70-79","40-49","50-59","10-19","20-29","70-79","50-59","60-69","50-59","70-79","40-49","60-69","0-9","50-59","70-79","80-89","30-39","20-29","70-79","90-99","60-69","80-89","10-19","50-59","40-49","30-39","60-69","10-19","40-49","90-99","20-29","30-39","50-59","70-79","40-49","10-19","60-69","70-79","40-49","20-29","80-89","80-89","50-59","60-69","60-69","70-79","70-79","60-69","50-59","30-39","80-89","20-29","10-19","40-49","40-49","80-89","50-59"],"SERIES_NAME":["MALE","MALE","MALE","FEMALE","FEMALE","FEMALE","FEMALE","MALE","MALE","FEMALE","MALE","FEMALE","FEMALE","FEMALE","FEMALE","MALE","FEMALE","MALE","FEMALE","FEMALE","MALE","FEMALE","MALE","MALE","FEMALE","FEMALE","FEMALE","FEMALE","FEMALE","MALE","MALE","FEMALE","MALE","MALE","MALE","MALE","MALE","MALE","FEMALE","FEMALE","FEMALE","MALE","FEMALE","FEMALE","MALE","MALE","MALE","FEMALE","FEMALE","FEMALE","FEMALE","FEMALE","MALE","MALE","MALE","FEMALE","FEMALE","MALE","MALE","MALE","FEMALE","MALE","FEMALE","FEMALE","MALE","FEMALE","FEMALE","FEMALE"],"X_CALENDAR_YEAR":[2013,2013,2013,2013,2013,2013,2013,2013,2013,2013,2013,2013,2013,2013,2013,2013,2014,2014,2014,2014,2014,2014,2014,2015,2015,2015,2015,2015,2015,2015,2015,2015,2015,2015,2015,2015,2015,2015,2015,2015,2015,2015,2016,2016,2016,2016,2016,2016,2016,2016,2016,2016,2016,2016,2016,2018,2018,2018,2018,2018,2018,2018,2018,2018,2018,2018,2018,2018],"Y_PREVALENCE_1000PP":[0.16548,0.07228,0.03456,0.25502,0.0444,0.41073,0.30742,0.30954,0.51169,0.057,0.40668,0.3016,0.06308,0.16852,0.02271,0.01805,0.05385,0.02676,0.02892,0.02446,0.03554,0.02526,0.03314,0.02932,0.47338,1.09826,0.90366,0.09209,0.04643,1.08162,0.50157,0.71961,1.19877,0.07064,0.43749,0.22564,0.10082,0.74672,0.04829,0.24366,0.5664,0.06384,0.04049,0.08557,0.24117,0.04005,0.02516,0.18029,0.18676,0.08618,0.02783,0.13465,0.12249,0.09101,0.13863,0.08672,0.23879,0.12908,0.14357,0.04998,0.0533,0.1849,0.06159,0.04275,0.03008,0.08959,0.09743,0.14431]},"PREVALENCE_BY_MONTH":{"X_CALENDAR_MONTH":[201302,201303,201311,201312,201401,201402,201501,201502,201503,201504,201507,201508,201509,201604,201805,201806,201807,201808,201809,201810,201811],"Y_PREVALENCE_1000PP":[0.02597,0.02,0.08869,0.02746,0.01241,0.00267,0.04732,0.00836,0.02525,0.03502,0.1086,0.09326,0.06679,0.07497,0.00956,0.01519,0.01009,0.01304,0.0115,0.00488,0.01347]},"PROCEDURE_FREQUENCY_DISTRIBUTION":{"Y_NUM_PERSONS":[0,0,0,0],"X_COUNT":[1,2,3,4]},"PROCEDURES_BY_TYPE":{"CONCEPT_NAME":"EHR order list entry","COUNT_VALUE":3303},"AGE_AT_FIRST_OCCURRENCE":{"CATEGORY":["MALE","FEMALE"],"MIN_VALUE":[0,1],"P10_VALUE":[38,37],"P25_VALUE":[52,51],"MEDIAN_VALUE":[64,64],"P75_VALUE":[73,74],"P90_VALUE":[81,82],"MAX_VALUE":[98,96]}}
