{"PREVALENCE_BY_GENDER_AGE_YEAR":{"TRELLIS_NAME":["50-59","50-59","40-49","60-69","50-59","50-59","40-49","70-79","70-79"],"SERIES_NAME":["MALE","MALE","MALE","MALE","MALE","MALE","MALE","MALE","MALE"],"X_CALENDAR_YEAR":[2003,2004,2006,2008,2012,2013,2013,2014,2015],"Y_PREVALENCE_1000PP":[0.02492,0.01969,0.01507,0.02342,0.01577,0.02327,0.01581,0.04062,0.03843]},"PREVALENCE_BY_MONTH":{"X_CALENDAR_MONTH":[200802,201306,201404,201501],"Y_PREVALENCE_1000PP":[0.00136,0.00111,0.00153,0.00125]},"PROCEDURE_FREQUENCY_DISTRIBUTION":{"Y_NUM_PERSONS":[0,0,0],"X_COUNT":[1,2,3]},"PROCEDURES_BY_TYPE":{"CONCEPT_NAME":"EHR order list entry","COUNT_VALUE":439},"AGE_AT_FIRST_OCCURRENCE":{"CATEGORY":["FEMALE","MALE"],"MIN_VALUE":[13,22],"P10_VALUE":[35,36],"P25_VALUE":[47,45],"MEDIAN_VALUE":[57,56],"P75_VALUE":[67,66],"P90_VALUE":[75,76],"MAX_VALUE":[90,92]}}
