{"PREVALENCE_BY_GENDER_AGE_YEAR":{"TRELLIS_NAME":["60-69","50-59","40-49","70-79","30-39","60-69","60-69","40-49","70-79","30-39","50-59","70-79","50-59","70-79","50-59","80-89","60-69","40-49","30-39","70-79","50-59","50-59","60-69","70-79","40-49","70-79","50-59","60-69","40-49","40-49","40-49","50-59","40-49","50-59","60-69","50-59","60-69","50-59","60-69","50-59","50-59","60-69","40-49","50-59","80-89","70-79","50-59","60-69","70-79","60-69","50-59","40-49","60-69","70-79","50-59","60-69"],"SERIES_NAME":["MALE","FEMALE","FEMALE","FEMALE","FEMALE","FEMALE","FEMALE","FEMALE","FEMALE","FEMALE","MALE","MALE","FEMALE","MALE","MALE","FEMALE","FEMALE","FEMALE","FEMALE","FEMALE","FEMALE","FEMALE","FEMALE","MALE","FEMALE","FEMALE","FEMALE","FEMALE","FEMALE","FEMALE","MALE","FEMALE","FEMALE","FEMALE","FEMALE","FEMALE","FEMALE","FEMALE","FEMALE","FEMALE","FEMALE","FEMALE","FEMALE","FEMALE","FEMALE","FEMALE","MALE","MALE","MALE","FEMALE","FEMALE","FEMALE","FEMALE","FEMALE","MALE","MALE"],"X_CALENDAR_YEAR":[2006,2006,2006,2006,2006,2006,2007,2007,2007,2007,2007,2007,2007,2008,2008,2008,2008,2008,2008,2008,2008,2009,2009,2009,2009,2009,2010,2010,2010,2011,2011,2011,2012,2012,2013,2013,2014,2014,2015,2015,2016,2016,2017,2017,2017,2017,2017,2017,2017,2017,2018,2018,2018,2018,2018,2018],"Y_PREVALENCE_1000PP":[0.13667,0.1813,0.15611,0.17743,0.17107,0.14744,0.13183,0.09234,0.13661,0.13966,0.09253,0.12157,0.12704,0.1102,0.08093,0.1514,0.15872,0.10547,0.10092,0.18007,0.17324,0.13025,0.08851,0.098,0.08937,0.18276,0.07805,0.07249,0.08288,0.08789,0.13326,0.08752,0.09468,0.07933,0.06323,0.05359,0.07118,0.11133,0.11838,0.11753,0.08452,0.06831,0.17605,0.25901,0.16545,0.12431,0.15191,0.13693,0.12448,0.24698,0.41383,0.30229,0.20797,0.18704,0.15894,0.20513]},"PREVALENCE_BY_MONTH":{"X_CALENDAR_MONTH":[200602,200603,200605,200606,200607,200608,200610,200611,200612,200701,200703,200705,200706,200707,200708,200709,200710,200711,200712,200803,200804,200805,200806,200807,200809,200810,200811,200812,200901,200903,200908,200909,200910,201002,201005,201011,201108,201109,201110,201203,201205,201207,201209,201310,201403,201404,201410,201605,201609,201701,201703,201704,201705,201706,201708,201709,201710,201711,201712,201801,201802,201803,201804,201805,201806,201807,201808,201809,201810,201811,201812],"Y_PREVALENCE_1000PP":[0.01242,0.01456,0.01483,0.01426,0.01843,0.01793,0.01143,0.01261,0.01792,0.01491,0.00792,0.00901,0.01018,0.00881,0.0112,0.00739,0.00976,0.01328,0.01195,0.00696,0.01035,0.00913,0.01472,0.00898,0.01773,0.01101,0.01313,0.00871,0.00873,0.00984,0.0066,0.01321,0.01102,0.00777,0.00892,0.00676,0.01032,0.00804,0.00691,0.00698,0.01053,0.00823,0.00708,0.00732,0.00867,0.0087,0.0076,0.00959,0.00839,0.01146,0.01161,0.00877,0.01324,0.01038,0.03167,0.02587,0.01843,0.0155,0.02662,0.019,0.01284,0.01462,0.01155,0.01006,0.03418,0.02273,0.01991,0.02097,0.02335,0.03269,0.04654]},"CONDITIONS_BY_TYPE":{"CONCEPT_NAME":"EHR","COUNT_VALUE":938},"AGE_AT_FIRST_DIAGNOSIS":{"CATEGORY":["MALE","FEMALE"],"MIN_VALUE":[10,11],"P10_VALUE":[39,39],"P25_VALUE":[51,49],"MEDIAN_VALUE":[63,58],"P75_VALUE":[73,69],"P90_VALUE":[80,80],"MAX_VALUE":[96,106]}}
