{"PREVALENCE_BY_GENDER_AGE_YEAR":{"TRELLIS_NAME":["40-49","40-49","50-59","20-29","50-59","30-39","40-49","50-59","40-49","40-49","50-59","40-49","40-49","40-49","50-59","50-59","50-59","40-49","40-49","20-29","40-49","30-39","50-59","40-49","40-49","50-59","50-59","30-39","50-59","40-49","40-49","40-49","30-39","50-59","50-59","70-79","50-59","40-49","40-49","50-59","60-69","40-49","40-49","60-69","50-59","50-59","60-69","50-59","50-59","60-69","60-69","50-59","50-59","40-49","60-69","40-49","50-59","50-59","50-59","60-69","60-69","50-59","60-69","50-59","40-49","50-59","60-69","50-59","50-59","50-59"],"SERIES_NAME":["FEMALE","MALE","FEMALE","MALE","MALE","MALE","MALE","FEMALE","FEMALE","FEMALE","FEMALE","MALE","FEMALE","MALE","MALE","FEMALE","MALE","FEMALE","MALE","FEMALE","FEMALE","FEMALE","FEMALE","MALE","MALE","MALE","FEMALE","MALE","MALE","FEMALE","MALE","FEMALE","FEMALE","MALE","FEMALE","FEMALE","FEMALE","FEMALE","MALE","MALE","MALE","FEMALE","MALE","MALE","MALE","FEMALE","FEMALE","MALE","FEMALE","FEMALE","FEMALE","FEMALE","MALE","MALE","FEMALE","FEMALE","FEMALE","FEMALE","MALE","FEMALE","MALE","MALE","FEMALE","FEMALE","FEMALE","FEMALE","FEMALE","FEMALE","MALE","FEMALE"],"X_CALENDAR_YEAR":[2000,2000,2000,2001,2001,2001,2001,2001,2001,2002,2002,2002,2003,2003,2003,2004,2004,2004,2004,2004,2005,2005,2005,2005,2006,2006,2006,2007,2007,2007,2008,2008,2008,2008,2008,2008,2009,2009,2009,2009,2009,2010,2010,2010,2010,2010,2010,2011,2011,2011,2012,2012,2012,2012,2013,2013,2013,2014,2014,2014,2015,2015,2015,2015,2015,2016,2016,2017,2017,2018],"Y_PREVALENCE_1000PP":[3.40492,2.70514,2.2309,3.62812,1.13266,2.71493,1.82846,1.40311,1.95558,1.38628,0.56791,1.0781,0.55183,0.96497,0.4653,0.35176,0.4392,0.52854,0.8257,2.00356,0.40857,0.98103,0.29475,0.74338,0.20947,0.15306,0.09065,0.2552,0.13219,0.09234,0.18454,0.09492,0.1682,0.08093,0.07796,0.09003,0.11288,0.08937,0.2396,0.1546,0.16193,0.09471,0.18333,0.14717,0.1452,0.10406,0.07249,0.11207,0.07877,0.11504,0.08768,0.0617,0.08982,0.14706,0.06323,0.08827,0.09825,0.06494,0.1273,0.06101,0.11683,0.12209,0.10852,0.06856,0.14009,0.08452,0.05855,0.09418,0.15191,0.11035]},"PREVALENCE_BY_MONTH":{"X_CALENDAR_MONTH":[200003,200006,200007,200008,200010,200102,200103,200105,200106,200107,200108,200110,200111,200112,200201,200204,200206,200207,200208,200301,200307,200309,200310,200401,200402,200403,200404,200406,200407,200410,200411,200412,200501,200503,200505,200507,200512,200602,200603,200609,200610,200705,200711,200804,200807,200808,200810,200811,200812,200901,200902,200903,200905,200906,200907,200908,200909,200911,200912,201001,201002,201004,201005,201006,201008,201009,201010,201011,201012,201101,201103,201105,201106,201108,201110,201112,201202,201208,201209,201211,201301,201306,201311,201405,201410,201411,201503,201506,201507,201511,201512,201601,201609,201612,201703,201710],"Y_PREVALENCE_1000PP":[0.48571,0.31005,0.23556,0.17915,0.17405,0.11078,0.13722,0.09162,0.08697,0.13835,0.15862,0.08562,0.10599,0.1252,0.06574,0.08962,0.05622,0.08191,0.062,0.04708,0.0568,0.0407,0.03988,0.044,0.03701,0.05439,0.04752,0.04607,0.03393,0.04332,0.04271,0.04211,0.03629,0.04542,0.02949,0.0335,0.03604,0.01242,0.01092,0.01896,0.01,0.0103,0.00724,0.0115,0.00674,0.01004,0.00881,0.01095,0.01307,0.00655,0.00764,0.00984,0.00876,0.00658,0.00659,0.01209,0.00991,0.00994,0.00995,0.00886,0.0111,0.00668,0.00669,0.00782,0.00897,0.00674,0.00675,0.00788,0.00677,0.00679,0.00909,0.00798,0.008,0.00688,0.01036,0.00809,0.00929,0.01178,0.00945,0.00712,0.00715,0.00725,0.00734,0.00998,0.00887,0.01017,0.0129,0.01305,0.01048,0.00799,0.00802,0.00806,0.01119,0.00854,0.01596,0.00921]},"CONDITIONS_BY_TYPE":{"CONCEPT_NAME":"EHR","COUNT_VALUE":1254},"AGE_AT_FIRST_DIAGNOSIS":{"CATEGORY":["MALE","FEMALE"],"MIN_VALUE":[2,3],"P10_VALUE":[23,31],"P25_VALUE":[38,43],"MEDIAN_VALUE":[49,52],"P75_VALUE":[60,64],"P90_VALUE":[71,77],"MAX_VALUE":[94,96]}}
