{"PREVALENCE_BY_GENDER_AGE_YEAR":{"TRELLIS_NAME":["70-79","50-59","60-69","70-79","50-59","60-69","80-89","70-79","50-59","70-79","60-69","60-69","70-79","60-69","80-89","70-79","50-59","80-89","80-89","70-79","60-69","70-79","50-59","50-59","70-79","80-89","70-79","60-69","80-89","70-79","50-59","60-69","50-59","70-79","80-89","60-69","80-89","70-79","60-69","60-69","70-79","80-89","60-69","50-59","70-79","60-69","80-89","70-79","60-69","80-89","70-79","70-79","60-69","60-69"],"SERIES_NAME":["MALE","MALE","MALE","MALE","MALE","MALE","FEMALE","MALE","MALE","FEMALE","MALE","MALE","FEMALE","FEMALE","FEMALE","MALE","MALE","MALE","FEMALE","FEMALE","MALE","MALE","MALE","MALE","FEMALE","FEMALE","MALE","MALE","MALE","MALE","MALE","MALE","MALE","MALE","MALE","MALE","FEMALE","FEMALE","FEMALE","MALE","MALE","FEMALE","MALE","MALE","MALE","MALE","MALE","FEMALE","MALE","MALE","MALE","MALE","MALE","FEMALE"],"X_CALENDAR_YEAR":[2006,2006,2006,2007,2007,2007,2008,2008,2008,2008,2008,2009,2009,2009,2009,2009,2009,2010,2010,2010,2010,2010,2010,2011,2011,2011,2011,2011,2012,2012,2012,2012,2013,2013,2013,2013,2013,2013,2014,2014,2014,2014,2015,2015,2015,2016,2016,2016,2017,2017,2017,2018,2018,2018],"Y_PREVALENCE_1000PP":[0.18817,0.15306,0.17084,0.13676,0.11897,0.16682,0.1514,0.23418,0.11561,0.07717,0.19068,0.13494,0.10443,0.10115,0.21095,0.252,0.11892,0.35509,0.14146,0.09427,0.21406,0.15889,0.0968,0.08717,0.08368,0.11767,0.22395,0.17152,0.19189,0.13905,0.10265,0.15676,0.08014,0.09644,0.15737,0.11746,0.16677,0.10522,0.06101,0.13061,0.16467,0.10984,0.07788,0.09157,0.17112,0.09206,0.15184,0.0942,0.09585,0.17722,0.14227,0.12713,0.14652,0.06239]},"PREVALENCE_BY_MONTH":{"X_CALENDAR_MONTH":[200601,200602,200603,200604,200605,200606,200607,200608,200609,200701,200702,200703,200706,200707,200708,200709,200711,200712,200802,200804,200805,200807,200808,200810,200811,200812,200901,200902,200903,200904,200905,200906,200907,200909,200910,200911,200912,201001,201002,201004,201005,201006,201007,201008,201009,201010,201012,201101,201102,201103,201105,201107,201110,201111,201112,201201,201202,201205,201206,201209,201301,201303,201305,201307,201308,201309,201311,201312,201401,201404,201405,201406,201407,201408,201410,201501,201503,201507,201509,201512,201601,201604,201608,201702,201703,201707,201805,201808,201811],"Y_PREVALENCE_1000PP":[0.01577,0.01242,0.01638,0.01034,0.01154,0.00951,0.00922,0.01345,0.00875,0.00813,0.00937,0.00923,0.00891,0.01007,0.0112,0.01602,0.00845,0.00717,0.01404,0.0069,0.00798,0.01235,0.01115,0.01321,0.01204,0.00653,0.012,0.01201,0.01202,0.01204,0.00986,0.01206,0.01208,0.01321,0.00992,0.00773,0.00663,0.00665,0.00888,0.01448,0.00892,0.00894,0.01119,0.00672,0.01235,0.009,0.01467,0.00792,0.00907,0.01363,0.00798,0.00801,0.01036,0.00923,0.00925,0.01043,0.00929,0.01403,0.00703,0.00945,0.00954,0.00719,0.01325,0.00969,0.00971,0.01096,0.01101,0.01227,0.00862,0.0087,0.00748,0.0075,0.00878,0.01259,0.0076,0.00768,0.00903,0.00786,0.00793,0.00802,0.00806,0.01227,0.01113,0.00865,0.00871,0.00897,0.01173,0.01086,0.01907]},"CONDITIONS_BY_TYPE":{"CONCEPT_NAME":"EHR","COUNT_VALUE":973},"AGE_AT_FIRST_DIAGNOSIS":{"CATEGORY":["MALE","FEMALE"],"MIN_VALUE":[38,30],"P10_VALUE":[53,53],"P25_VALUE":[60,63],"MEDIAN_VALUE":[68,73],"P75_VALUE":[75,82],"P90_VALUE":[81,87],"MAX_VALUE":[92,98]}}
