{"PREVALENCE_BY_GENDER_AGE_YEAR":{"TRELLIS_NAME":["70-79","60-69","80-89","70-79","60-69","80-89","70-79","60-69","70-79","80-89","80-89","70-79","60-69","80-89","70-79","70-79","80-89","70-79","60-69"],"SERIES_NAME":["MALE","MALE","FEMALE","FEMALE","MALE","FEMALE","MALE","MALE","FEMALE","MALE","MALE","FEMALE","MALE","FEMALE","MALE","FEMALE","MALE","MALE","MALE"],"X_CALENDAR_YEAR":[2006,2006,2006,2006,2007,2007,2007,2008,2008,2008,2009,2009,2009,2009,2009,2010,2010,2010,2011],"Y_PREVALENCE_1000PP":[0.06643,0.03536,0.06986,0.04086,0.02104,0.04331,0.04441,0.02342,0.04141,0.07899,0.12119,0.09121,0.04262,0.04823,0.03687,0.04537,0.07586,0.047,0.01872]},"PREVALENCE_BY_MONTH":{"X_CALENDAR_MONTH":[200603,200604,200605,200607,200611,200703,200709,200804,200808,200810,200811,200903,200904,200906,200908,200909,200910,200911,200912,201004,201006,201009,201109,201110,201111],"Y_PREVALENCE_1000PP":[0.00152,0.00151,0.0015,0.00171,0.00126,0.00186,0.0012,0.00136,0.00134,0.00152,0.00133,0.00132,0.00208,0.00245,0.00113,0.00188,0.00151,0.00113,0.00114,0.00114,0.00134,0.00114,0.00109,0.00109,0.00109]},"LENGTH_OF_ERA":{"CATEGORY":"Length of era","MIN_VALUE":1,"P10_VALUE":1,"P25_VALUE":1,"MEDIAN_VALUE":1,"P75_VALUE":1,"P90_VALUE":1,"MAX_VALUE":31},"AGE_AT_FIRST_DIAGNOSIS":{"CATEGORY":["FEMALE","MALE"],"MIN_VALUE":[10,29],"P10_VALUE":[43,49],"P25_VALUE":[60,62],"MEDIAN_VALUE":[72,69],"P75_VALUE":[80,77],"P90_VALUE":[87,84],"MAX_VALUE":[91,94]}}
