{"PREVALENCE_BY_GENDER_AGE_YEAR":{"TRELLIS_NAME":["60-69","70-79","60-69","0-9","60-69","50-59","40-49","60-69","50-59","60-69","60-69","70-79","0-9","40-49","80-89","0-9","50-59","70-79","60-69","0-9","50-59","70-79","40-49","80-89","0-9","60-69","50-59","60-69","60-69","0-9","70-79","50-59","60-69","70-79","0-9","60-69","50-59","80-89","70-79","60-69","50-59","60-69","70-79","50-59","80-89","60-69","0-9","50-59","0-9","30-39","40-49","70-79","60-69","80-89","30-39","50-59","60-69","60-69","70-79","40-49","0-9","60-69","40-49","80-89","70-79","0-9","60-69","0-9","50-59","0-9","70-79","60-69","40-49","70-79","60-69","40-49","0-9","0-9","50-59","80-89","60-69","0-9","0-9","70-79","0-9","0-9","60-69","70-79","0-9","50-59","0-9"],"SERIES_NAME":["MALE","FEMALE","MALE","FEMALE","FEMALE","MALE","FEMALE","MALE","FEMALE","FEMALE","FEMALE","FEMALE","FEMALE","FEMALE","MALE","MALE","FEMALE","FEMALE","FEMALE","FEMALE","FEMALE","MALE","FEMALE","MALE","MALE","MALE","FEMALE","FEMALE","FEMALE","FEMALE","FEMALE","FEMALE","MALE","FEMALE","FEMALE","FEMALE","FEMALE","FEMALE","MALE","MALE","MALE","FEMALE","FEMALE","FEMALE","MALE","MALE","MALE","FEMALE","FEMALE","FEMALE","FEMALE","FEMALE","FEMALE","FEMALE","FEMALE","FEMALE","MALE","FEMALE","FEMALE","FEMALE","FEMALE","FEMALE","FEMALE","MALE","FEMALE","MALE","MALE","FEMALE","FEMALE","MALE","FEMALE","FEMALE","FEMALE","FEMALE","FEMALE","FEMALE","MALE","FEMALE","FEMALE","FEMALE","FEMALE","MALE","FEMALE","FEMALE","FEMALE","MALE","FEMALE","MALE","FEMALE","FEMALE","MALE"],"X_CALENDAR_YEAR":[2000,2001,2001,2001,2001,2001,2002,2002,2002,2002,2003,2003,2003,2003,2003,2003,2003,2004,2004,2004,2004,2004,2004,2004,2004,2004,2005,2005,2006,2006,2006,2006,2007,2007,2007,2007,2007,2008,2008,2008,2008,2008,2008,2008,2008,2009,2009,2009,2009,2009,2009,2009,2009,2009,2010,2010,2010,2010,2010,2010,2011,2011,2011,2011,2011,2011,2011,2012,2012,2012,2012,2012,2012,2013,2013,2013,2013,2013,2013,2013,2014,2014,2014,2015,2015,2015,2015,2015,2016,2016,2016],"Y_PREVALENCE_1000PP":[0.04756,0.08329,0.03722,0.03241,0.06062,0.02585,0.0216,0.03236,0.03502,0.04241,0.03431,0.07139,0.03115,0.02333,0.09599,0.02896,0.0293,0.06591,0.03943,0.0402,0.02366,0.06566,0.01787,0.10233,0.04136,0.02669,0.0291,0.06252,0.03095,0.02171,0.03575,0.02818,0.02104,0.05684,0.02015,0.02763,0.02663,0.08337,0.04278,0.02676,0.02252,0.02973,0.04141,0.01734,0.07899,0.01967,0.02125,0.04013,0.02863,0.01766,0.01872,0.03192,0.0226,0.06201,0.01506,0.03087,0.02565,0.022,0.0499,0.01391,0.02397,0.01825,0.01364,0.07362,0.03576,0.03729,0.03119,0.02071,0.01611,0.02829,0.03567,0.02135,0.01383,0.02623,0.02429,0.01636,0.02528,0.02947,0.02106,0.04177,0.0257,0.02082,0.02181,0.04393,0.02051,0.02606,0.03843,0.03843,0.02439,0.02396,0.02324]},"PREVALENCE_BY_MONTH":{"X_CALENDAR_MONTH":[199903,200003,200006,200104,200107,200108,200109,200201,200202,200204,200205,200208,200210,200211,200301,200303,200304,200305,200306,200308,200309,200310,200312,200401,200403,200405,200406,200408,200410,200411,200412,200503,200504,200505,200506,200509,200510,200601,200603,200605,200607,200609,200612,200701,200702,200703,200704,200706,200707,200710,200711,200801,200802,200803,200804,200807,200808,200809,200810,200811,200812,200902,200903,200905,200906,200907,200908,200909,200910,200911,201002,201003,201004,201005,201006,201007,201008,201010,201102,201105,201106,201107,201108,201109,201110,201201,201202,201203,201204,201207,201210,201211,201301,201303,201304,201305,201307,201308,201309,201310,201401,201402,201403,201406,201407,201412,201501,201502,201503,201504,201508,201509,201511,201604,201609],"Y_PREVALENCE_1000PP":[0.00398,0.00264,0.00295,0.00313,0.00265,0.00291,0.0019,0.00235,0.00203,0.00167,0.00222,0.00164,0.00215,0.00188,0.00186,0.00184,0.0021,0.00261,0.00156,0.00154,0.00179,0.00204,0.00177,0.00222,0.00266,0.00237,0.00188,0.00139,0.00138,0.00275,0.00252,0.00181,0.00158,0.00248,0.00157,0.00132,0.00132,0.00238,0.0013,0.0015,0.00171,0.00191,0.00126,0.00166,0.00269,0.00124,0.00144,0.00142,0.00141,0.00138,0.00137,0.00155,0.00291,0.00136,0.00233,0.00153,0.0021,0.00152,0.00133,0.00208,0.00132,0.00207,0.00263,0.00132,0.00151,0.00132,0.00264,0.00113,0.00151,0.00245,0.00209,0.0019,0.00133,0.00152,0.0021,0.00134,0.0021,0.00113,0.00149,0.0024,0.0011,0.00165,0.0011,0.00219,0.00127,0.00146,0.00164,0.00109,0.00145,0.00146,0.00163,0.00183,0.0011,0.00148,0.00185,0.00186,0.0013,0.00148,0.00148,0.00131,0.00115,0.00134,0.00134,0.00116,0.00137,0.00145,0.00145,0.00167,0.00173,0.00151,0.00135,0.00135,0.00142,0.0015,0.00161]},"LENGTH_OF_ERA":{"CATEGORY":"Length of era","MIN_VALUE":1,"P10_VALUE":1,"P25_VALUE":1,"MEDIAN_VALUE":1,"P75_VALUE":1,"P90_VALUE":1,"MAX_VALUE":60},"AGE_AT_FIRST_DIAGNOSIS":{"CATEGORY":["FEMALE","MALE"],"MIN_VALUE":[0,0],"P10_VALUE":[1,1],"P25_VALUE":[37,15],"MEDIAN_VALUE":[59,58],"P75_VALUE":[72,71],"P90_VALUE":[82,80],"MAX_VALUE":[97,95]}}
