{"PREVALENCE_BY_GENDER_AGE_YEAR":{"TRELLIS_NAME":["0-9","0-9","0-9","0-9","0-9","0-9","0-9","0-9","0-9","0-9","0-9","0-9","0-9","0-9","0-9","0-9","0-9","0-9","0-9","0-9","0-9","0-9","0-9","0-9","0-9","0-9","0-9","0-9","0-9","0-9","0-9","0-9"],"SERIES_NAME":["MALE","FEMALE","FEMALE","MALE","MALE","FEMALE","FEMALE","MALE","FEMALE","MALE","FEMALE","MALE","MALE","FEMALE","MALE","FEMALE","FEMALE","MALE","FEMALE","MALE","MALE","FEMALE","MALE","FEMALE","MALE","FEMALE","MALE","FEMALE","FEMALE","MALE","MALE","FEMALE"],"X_CALENDAR_YEAR":[2003,2003,2004,2004,2005,2005,2006,2006,2007,2007,2008,2008,2009,2009,2010,2010,2011,2011,2012,2012,2013,2013,2014,2014,2015,2015,2016,2016,2017,2017,2018,2018],"Y_PREVALENCE_1000PP":[0.05791,0.05785,0.17687,0.07895,0.09731,0.17229,0.14476,0.13028,0.18804,0.08629,0.13613,0.10801,0.10018,0.1527,0.11587,0.10888,0.14083,0.1004,0.11245,0.11314,0.09551,0.11787,0.05652,0.0779,0.04561,0.05811,0.04261,0.04472,0.05437,0.06054,0.05465,0.07804]},"PREVALENCE_BY_MONTH":{"X_CALENDAR_MONTH":[200311,200401,200402,200404,200405,200406,200408,200501,200502,200504,200505,200507,200508,200509,200602,200603,200604,200605,200606,200607,200608,200609,200610,200611,200612,200701,200702,200705,200706,200707,200709,200710,200711,200801,200803,200804,200805,200807,200811,200812,200901,200903,200904,200905,200906,200907,200909,200910,200912,201003,201004,201007,201008,201009,201010,201012,201103,201105,201106,201107,201108,201110,201111,201201,201202,201203,201205,201206,201208,201209,201212,201302,201303,201305,201307,201308,201403,201405,201707],"Y_PREVALENCE_1000PP":[0.00177,0.00198,0.00222,0.00167,0.00237,0.00141,0.00209,0.00204,0.00181,0.00203,0.0018,0.00156,0.002,0.00132,0.00152,0.00173,0.00129,0.00172,0.00214,0.00171,0.00128,0.00149,0.00148,0.00147,0.00126,0.00208,0.00145,0.00164,0.00162,0.00201,0.00179,0.00157,0.00215,0.00116,0.00156,0.00136,0.00252,0.00191,0.00208,0.00114,0.0017,0.00169,0.00151,0.00113,0.00207,0.00132,0.00131,0.00132,0.00152,0.00152,0.00171,0.00115,0.00172,0.00209,0.00113,0.00113,0.00204,0.00166,0.00166,0.00257,0.00165,0.00109,0.00109,0.00182,0.00109,0.00164,0.00182,0.00109,0.00182,0.00145,0.0011,0.00111,0.00204,0.00204,0.00278,0.00111,0.00134,0.00115,0.00175]},"LENGTH_OF_ERA":{"CATEGORY":"Length of era","MIN_VALUE":1,"P10_VALUE":1,"P25_VALUE":1,"MEDIAN_VALUE":1,"P75_VALUE":1,"P90_VALUE":1,"MAX_VALUE":31},"AGE_AT_FIRST_DIAGNOSIS":{"CATEGORY":["FEMALE","MALE"],"MIN_VALUE":[0,0],"P10_VALUE":[1,1],"P25_VALUE":[1,1],"MEDIAN_VALUE":[1,1],"P75_VALUE":[2,2],"P90_VALUE":[2,2],"MAX_VALUE":[98,82]}}
