{"PREVALENCE_BY_GENDER_AGE_YEAR":{"TRELLIS_NAME":["50-59","70-79","60-69","70-79","50-59","70-79","70-79","40-49","50-59","60-69","60-69","40-49","50-59","60-69","60-69","70-79","50-59","60-69","70-79","70-79","40-49","80-89","50-59","70-79","80-89","40-49","60-69","70-79","50-59","50-59","40-49","70-79","50-59","70-79","50-59","60-69","60-69","50-59","40-49","60-69","40-49","50-59","60-69","70-79","60-69","70-79","40-49","50-59","50-59","70-79","60-69","40-49","50-59","70-79","60-69","40-49","80-89","50-59","50-59","60-69","60-69","70-79","70-79","50-59","70-79","60-69","70-79","60-69","70-79","50-59","50-59","60-69","70-79"],"SERIES_NAME":["MALE","MALE","MALE","MALE","MALE","FEMALE","MALE","MALE","MALE","MALE","MALE","FEMALE","MALE","MALE","FEMALE","MALE","MALE","MALE","FEMALE","MALE","MALE","MALE","MALE","MALE","MALE","MALE","MALE","FEMALE","FEMALE","MALE","MALE","MALE","MALE","FEMALE","FEMALE","MALE","MALE","MALE","MALE","MALE","MALE","MALE","FEMALE","MALE","MALE","MALE","MALE","FEMALE","MALE","FEMALE","MALE","MALE","MALE","MALE","MALE","MALE","FEMALE","FEMALE","MALE","MALE","FEMALE","MALE","FEMALE","MALE","MALE","FEMALE","FEMALE","MALE","MALE","MALE","MALE","MALE","FEMALE"],"X_CALENDAR_YEAR":[2001,2002,2003,2003,2003,2004,2004,2004,2004,2004,2005,2005,2005,2006,2006,2006,2006,2007,2007,2007,2007,2007,2007,2008,2008,2008,2008,2008,2008,2008,2009,2009,2009,2009,2009,2009,2010,2010,2010,2011,2011,2011,2011,2011,2012,2012,2012,2012,2012,2013,2013,2013,2013,2014,2014,2014,2014,2014,2014,2015,2015,2015,2015,2015,2016,2017,2017,2017,2017,2017,2018,2018,2018],"Y_PREVALENCE_1000PP":[0.03016,0.0457,0.02987,0.04317,0.02492,0.04944,0.0394,0.01699,0.02626,0.04893,0.0465,0.01682,0.04082,0.04321,0.02321,0.03624,0.04258,0.05611,0.02842,0.04441,0.02089,0.0715,0.04318,0.07486,0.0677,0.02026,0.07694,0.02761,0.01734,0.03941,0.02683,0.06321,0.03343,0.02736,0.0172,0.06885,0.05772,0.03003,0.01554,0.06239,0.02842,0.05296,0.01825,0.06143,0.04704,0.04067,0.01559,0.01611,0.02891,0.02623,0.03127,0.01355,0.03103,0.07616,0.02982,0.01468,0.05122,0.01902,0.01606,0.02164,0.02096,0.03843,0.02929,0.0259,0.05712,0.0383,0.03687,0.03929,0.0619,0.02977,0.03749,0.0497,0.04776]},"PREVALENCE_BY_MONTH":{"X_CALENDAR_MONTH":[200107,200310,200312,200401,200405,200410,200503,200504,200506,200507,200509,200511,200601,200604,200605,200607,200610,200611,200703,200704,200705,200707,200708,200710,200711,200712,200801,200802,200803,200804,200805,200807,200808,200809,200810,200811,200812,200901,200903,200905,200906,200907,200908,200909,200910,200911,200912,201001,201002,201011,201012,201102,201103,201104,201105,201107,201108,201109,201110,201111,201112,201201,201202,201203,201205,201206,201208,201209,201211,201302,201308,201309,201406,201407,201408,201409,201502,201503,201504,201601,201701,201705,201709,201710,201808,201902],"Y_PREVALENCE_1000PP":[0.00231,0.00153,0.00177,0.00198,0.00189,0.00161,0.00249,0.00135,0.00134,0.00133,0.00176,0.00197,0.0013,0.00129,0.00193,0.0015,0.00127,0.0021,0.00166,0.00165,0.00143,0.00221,0.00121,0.00197,0.00234,0.00156,0.00136,0.00116,0.00117,0.00291,0.00155,0.00191,0.00191,0.00152,0.0019,0.00133,0.00189,0.00245,0.00132,0.00113,0.00113,0.00169,0.00113,0.00207,0.00169,0.00132,0.0019,0.00227,0.00152,0.00244,0.00131,0.00131,0.00204,0.00167,0.00148,0.00147,0.0011,0.00237,0.00182,0.00146,0.00201,0.00182,0.00109,0.00127,0.00146,0.00109,0.00109,0.00181,0.00128,0.00111,0.00111,0.0013,0.00174,0.00137,0.00217,0.00178,0.00125,0.00129,0.00151,0.00148,0.00164,0.002,0.00236,0.00178,0.00191,0.00264]},"LENGTH_OF_ERA":{"CATEGORY":"Length of era","MIN_VALUE":1,"P10_VALUE":1,"P25_VALUE":1,"MEDIAN_VALUE":1,"P75_VALUE":1,"P90_VALUE":1,"MAX_VALUE":38},"AGE_AT_FIRST_DIAGNOSIS":{"CATEGORY":["MALE","FEMALE"],"MIN_VALUE":[0,0],"P10_VALUE":[37,18],"P25_VALUE":[49,45],"MEDIAN_VALUE":[59,59],"P75_VALUE":[68,72],"P90_VALUE":[76,80],"MAX_VALUE":[93,97]}}
