{"PREVALENCE_BY_GENDER_AGE_YEAR":{"TRELLIS_NAME":["60-69","80-89","60-69","70-79","80-89","60-69","70-79","80-89","70-79","60-69","60-69","70-79","70-79","80-89","60-69","70-79","80-89","60-69","90-99","70-79","80-89","80-89","90-99","60-69","60-69","70-79"],"SERIES_NAME":["MALE","MALE","MALE","MALE","MALE","MALE","MALE","MALE","MALE","MALE","MALE","MALE","MALE","MALE","MALE","FEMALE","FEMALE","FEMALE","FEMALE","MALE","MALE","FEMALE","FEMALE","MALE","MALE","MALE"],"X_CALENDAR_YEAR":[2012,2012,2013,2013,2013,2014,2014,2015,2015,2015,2016,2016,2017,2017,2017,2017,2017,2017,2017,2018,2018,2018,2018,2018,2019,2019],"Y_PREVALENCE_1000PP":[0.05959,0.08277,0.23137,0.10911,0.0614,0.21539,0.06601,0.12559,0.12079,0.18037,0.19928,0.11424,0.16507,0.12091,0.16697,0.03687,0.17291,0.03351,0.56612,0.16705,0.13447,0.07307,0.34203,0.12148,0.04752,0.04801]},"PREVALENCE_BY_MONTH":{"X_CALENDAR_MONTH":[201205,201211,201305,201307,201308,201311,201312,201401,201402,201403,201404,201405,201406,201407,201408,201410,201411,201503,201504,201505,201506,201507,201508,201509,201510,201511,201602,201608,201609,201611,201612,201701,201702,201706,201707,201708,201709,201710,201711,201712,201801,201802,201803,201808,201809,201810,201811,201902],"Y_PREVALENCE_1000PP":[0.00146,0.00219,0.00167,0.00167,0.00835,0.00207,0.00115,0.00229,0.00153,0.00134,0.00115,0.00192,0.00155,0.00215,0.00197,0.00121,0.00163,0.00129,0.00195,0.00238,0.0027,0.00472,0.00292,0.00225,0.00163,0.00142,0.00174,0.00534,0.00241,0.00301,0.00164,0.00192,0.00168,0.00321,0.00263,0.00677,0.00531,0.00592,0.00543,0.00792,0.00278,0.00587,0.00216,0.00445,0.00224,0.0026,0.00263,0.0033]},"LENGTH_OF_ERA":{"CATEGORY":"Length of era","MIN_VALUE":1,"P10_VALUE":1,"P25_VALUE":1,"MEDIAN_VALUE":1,"P75_VALUE":1,"P90_VALUE":1,"MAX_VALUE":29},"AGE_AT_FIRST_DIAGNOSIS":{"CATEGORY":["FEMALE","MALE"],"MIN_VALUE":[2,0],"P10_VALUE":[42,64],"P25_VALUE":[62,65],"MEDIAN_VALUE":[79,66],"P75_VALUE":[89,71],"P90_VALUE":[93,81],"MAX_VALUE":[98,96]}}
