{"PREVALENCE_BY_GENDER_AGE_YEAR":{"TRELLIS_NAME":["50-59","70-79","70-79","60-69","60-69","60-69","70-79","70-79","60-69","70-79","70-79","50-59","80-89","50-59","60-69","70-79","70-79","60-69","60-69","60-69","50-59","70-79","80-89","70-79","50-59","60-69","50-59","60-69","60-69","70-79","70-79","70-79","50-59","70-79","70-79"],"SERIES_NAME":["MALE","FEMALE","MALE","MALE","FEMALE","MALE","MALE","FEMALE","FEMALE","MALE","FEMALE","MALE","MALE","MALE","MALE","MALE","MALE","MALE","FEMALE","FEMALE","MALE","FEMALE","FEMALE","MALE","MALE","MALE","MALE","MALE","MALE","MALE","MALE","MALE","MALE","MALE","MALE"],"X_CALENDAR_YEAR":[2001,2001,2001,2001,2001,2002,2002,2002,2002,2003,2003,2003,2003,2004,2004,2004,2005,2005,2005,2006,2006,2006,2006,2007,2007,2007,2008,2008,2011,2011,2012,2013,2014,2014,2015],"Y_PREVALENCE_1000PP":[0.02585,0.13188,0.16502,0.11167,0.07881,0.04854,0.07617,0.10547,0.05301,0.07914,0.05949,0.02492,0.12799,0.02626,0.04448,0.07222,0.04432,0.02959,0.03334,0.02321,0.01825,0.03575,0.0621,0.03331,0.01727,0.03507,0.02252,0.03345,0.02807,0.06655,0.0305,0.03968,0.01873,0.05585,0.03294]},"PREVALENCE_BY_MONTH":{"X_CALENDAR_MONTH":[200101,200102,200103,200104,200105,200106,200107,200108,200109,200110,200111,200112,200201,200202,200204,200205,200303,200308,200310,200406,200412,200501,200504,200505,200601,200602,200603,200701,200710,200802,200911,201006,201007,201102,201103,201112,201401,201402,201404,201809],"Y_PREVALENCE_1000PP":[0.00331,0.00326,0.00387,0.00244,0.00479,0.00369,0.00364,0.00194,0.0019,0.00186,0.00215,0.00517,0.00323,0.00291,0.00251,0.00166,0.0021,0.00205,0.00255,0.00164,0.0016,0.00181,0.00135,0.00135,0.00238,0.00152,0.00282,0.00125,0.00118,0.00116,0.00113,0.00115,0.00115,0.00112,0.00111,0.00109,0.00115,0.00153,0.00115,0.00192]},"LENGTH_OF_ERA":{"CATEGORY":"Length of era","MIN_VALUE":1,"P10_VALUE":1,"P25_VALUE":1,"MEDIAN_VALUE":1,"P75_VALUE":1,"P90_VALUE":1,"MAX_VALUE":40},"AGE_AT_FIRST_DIAGNOSIS":{"CATEGORY":["FEMALE","MALE"],"MIN_VALUE":[18,6],"P10_VALUE":[48,47],"P25_VALUE":[59,57],"MEDIAN_VALUE":[70,67],"P75_VALUE":[77,75],"P90_VALUE":[82,81],"MAX_VALUE":[98,93]}}
