{"PREVALENCE_BY_GENDER_AGE_YEAR":{"TRELLIS_NAME":["70-79","70-79","60-69","80-89","80-89","70-79","70-79","60-69","80-89","90-99","60-69","70-79","80-89","70-79","80-89","70-79","80-89","70-79","80-89","70-79","60-69","50-59","70-79","80-89","70-79","70-79","80-89","80-89","60-69","60-69","80-89","70-79","70-79","80-89","50-59","60-69","70-79","80-89","60-69","90-99","80-89","70-79","70-79","80-89","90-99","60-69","60-69","80-89","70-79","80-89","70-79","70-79","50-59","60-69","80-89","60-69","70-79","60-69","70-79","80-89","60-69","80-89","80-89","70-79","60-69","60-69","80-89","70-79","50-59","70-79","80-89","60-69","80-89","60-69","70-79","70-79","70-79","80-89","60-69","80-89","60-69","70-79","70-79","60-69","60-69","70-79","80-89","80-89","70-79","60-69","80-89","70-79","80-89","70-79"],"SERIES_NAME":["MALE","MALE","MALE","FEMALE","MALE","MALE","FEMALE","MALE","MALE","FEMALE","FEMALE","MALE","FEMALE","FEMALE","MALE","FEMALE","FEMALE","MALE","MALE","FEMALE","MALE","FEMALE","MALE","FEMALE","FEMALE","MALE","FEMALE","MALE","MALE","MALE","FEMALE","FEMALE","MALE","MALE","MALE","MALE","FEMALE","FEMALE","FEMALE","FEMALE","MALE","MALE","FEMALE","FEMALE","FEMALE","MALE","FEMALE","MALE","MALE","FEMALE","MALE","FEMALE","MALE","MALE","MALE","FEMALE","FEMALE","FEMALE","MALE","FEMALE","MALE","MALE","FEMALE","MALE","MALE","FEMALE","MALE","FEMALE","MALE","FEMALE","MALE","FEMALE","FEMALE","MALE","MALE","FEMALE","MALE","FEMALE","FEMALE","MALE","FEMALE","MALE","FEMALE","MALE","MALE","MALE","FEMALE","MALE","MALE","MALE","FEMALE","FEMALE","MALE","FEMALE"],"X_CALENDAR_YEAR":[1998,1999,1999,1999,1999,2000,2000,2001,2001,2001,2001,2001,2001,2001,2002,2002,2002,2002,2003,2003,2003,2003,2003,2003,2004,2004,2004,2004,2004,2005,2005,2005,2005,2005,2005,2006,2006,2006,2006,2006,2006,2006,2007,2007,2007,2007,2007,2007,2007,2008,2008,2008,2008,2008,2008,2008,2009,2009,2009,2009,2009,2009,2010,2010,2010,2010,2010,2010,2011,2011,2011,2011,2011,2011,2011,2012,2012,2012,2012,2012,2013,2013,2013,2013,2014,2014,2014,2014,2015,2015,2015,2015,2015,2018],"Y_PREVALENCE_1000PP":[0.15956,0.11112,0.06091,0.11322,0.25271,0.06607,0.06932,0.03722,0.18018,0.27229,0.05456,0.10422,0.11017,0.06941,0.18942,0.08066,0.14468,0.1295,0.15999,0.10113,0.03983,0.02564,0.11511,0.12701,0.03845,0.11162,0.14341,0.23389,0.05337,0.03805,0.11333,0.05846,0.12029,0.20694,0.02198,0.03143,0.05618,0.17077,0.02708,0.30276,0.25936,0.09059,0.03789,0.08661,0.20468,0.03507,0.03108,0.15491,0.08326,0.06947,0.07486,0.05982,0.01689,0.03345,0.18054,0.01982,0.02736,0.01937,0.11062,0.04823,0.02951,0.12119,0.08327,0.05222,0.01924,0.02514,0.14088,0.02722,0.02119,0.03576,0.0631,0.01825,0.08931,0.02496,0.06143,0.04904,0.08642,0.04827,0.0244,0.11381,0.01822,0.03472,0.03497,0.01876,0.01988,0.07616,0.07318,0.12688,0.06589,0.02886,0.07997,0.02929,0.18267,0.04093]},"PREVALENCE_BY_MONTH":{"X_CALENDAR_MONTH":[199904,199905,199910,200002,200009,200101,200102,200103,200105,200107,200108,200111,200201,200202,200205,200206,200207,200208,200209,200211,200301,200302,200303,200305,200306,200307,200310,200311,200312,200401,200402,200403,200404,200405,200406,200407,200409,200411,200501,200503,200504,200505,200506,200507,200508,200509,200510,200511,200601,200602,200603,200604,200605,200606,200607,200608,200609,200610,200612,200701,200704,200705,200706,200707,200708,200711,200712,200803,200804,200805,200806,200807,200808,200809,200811,200902,200905,200906,200907,200909,200910,200912,201002,201003,201006,201008,201010,201102,201103,201105,201107,201108,201109,201201,201204,201205,201206,201207,201210,201212,201301,201307,201402,201404,201406,201408,201409,201410,201411,201501,201509,201510,201511,201605,201705,201807],"Y_PREVALENCE_1000PP":[0.00389,0.00447,0.0045,0.00269,0.00242,0.00258,0.00217,0.00352,0.00342,0.00265,0.00323,0.00276,0.00235,0.00233,0.00333,0.00193,0.00274,0.00191,0.0019,0.00268,0.00212,0.00185,0.00184,0.00183,0.00338,0.00309,0.00153,0.00152,0.00252,0.00247,0.00197,0.00145,0.00238,0.00213,0.00305,0.0021,0.00208,0.00161,0.00136,0.00181,0.00203,0.00225,0.00202,0.00178,0.00177,0.00351,0.00241,0.00175,0.00195,0.0026,0.00347,0.00129,0.00129,0.00235,0.00235,0.0017,0.00149,0.00169,0.00273,0.00187,0.00124,0.00123,0.00203,0.00221,0.00201,0.00293,0.00117,0.00117,0.00194,0.00232,0.00134,0.00172,0.0021,0.00228,0.00133,0.00226,0.00113,0.00113,0.00169,0.00131,0.00188,0.00133,0.00152,0.00171,0.00191,0.00134,0.00113,0.00131,0.00111,0.00129,0.00165,0.00128,0.0031,0.00164,0.002,0.00109,0.00109,0.00182,0.00127,0.00129,0.00147,0.0013,0.00153,0.00115,0.00136,0.00118,0.00139,0.00162,0.00123,0.00187,0.00157,0.00163,0.00166,0.00152,0.002,0.00189]},"LENGTH_OF_ERA":{"CATEGORY":"Length of era","MIN_VALUE":1,"P10_VALUE":1,"P25_VALUE":1,"MEDIAN_VALUE":1,"P75_VALUE":1,"P90_VALUE":1,"MAX_VALUE":43},"AGE_AT_FIRST_DIAGNOSIS":{"CATEGORY":["MALE","FEMALE"],"MIN_VALUE":[1,17],"P10_VALUE":[54,54],"P25_VALUE":[64,66],"MEDIAN_VALUE":[75,77],"P75_VALUE":[81,84],"P90_VALUE":[86,90],"MAX_VALUE":[98,103]}}
