{"PREVALENCE_BY_GENDER_AGE_YEAR":{"TRELLIS_NAME":["70-79","70-79","60-69","80-89","60-69","70-79","70-79","60-69","30-39","60-69","70-79","80-89","50-59","70-79","50-59","80-89","60-69","40-49","50-59","70-79","60-69","80-89","40-49","70-79","70-79","60-69","50-59","80-89","70-79","50-59","60-69","80-89","60-69","80-89","50-59","70-79","60-69","50-59","80-89","70-79","80-89","80-89","70-79","60-69","50-59","40-49","90-99","70-79","50-59","60-69","80-89","50-59","70-79","60-69","80-89","60-69","70-79","60-69","50-59","80-89","80-89","80-89","60-69","90-99","70-79","50-59","80-89","70-79","60-69","70-79","50-59","80-89","60-69","60-69","70-79","60-69","80-89","70-79","70-79","60-69","80-89","50-59","70-79","60-69"],"SERIES_NAME":["MALE","MALE","MALE","MALE","MALE","MALE","MALE","MALE","MALE","MALE","MALE","MALE","MALE","MALE","MALE","MALE","MALE","FEMALE","MALE","MALE","MALE","MALE","MALE","MALE","FEMALE","MALE","MALE","MALE","MALE","MALE","MALE","MALE","MALE","MALE","MALE","MALE","MALE","MALE","MALE","MALE","FEMALE","MALE","MALE","MALE","MALE","FEMALE","MALE","MALE","MALE","MALE","MALE","MALE","MALE","MALE","MALE","FEMALE","MALE","MALE","MALE","MALE","MALE","FEMALE","MALE","MALE","MALE","MALE","MALE","MALE","MALE","MALE","MALE","MALE","MALE","FEMALE","FEMALE","MALE","MALE","MALE","MALE","MALE","MALE","MALE","MALE","MALE"],"X_CALENDAR_YEAR":[1998,1999,1999,2000,2000,2000,2001,2001,2002,2002,2002,2002,2002,2003,2003,2003,2003,2003,2004,2004,2004,2004,2004,2005,2005,2005,2005,2005,2006,2006,2006,2006,2007,2007,2007,2007,2008,2008,2008,2008,2009,2009,2009,2009,2009,2009,2009,2010,2010,2010,2010,2011,2011,2011,2011,2011,2012,2012,2012,2012,2013,2013,2013,2013,2013,2013,2014,2014,2014,2015,2015,2015,2015,2015,2015,2016,2016,2016,2017,2017,2018,2018,2018,2018],"Y_PREVALENCE_1000PP":[0.11967,0.20834,0.06091,0.23727,0.10304,0.23126,0.14765,0.06824,0.01803,0.10248,0.19043,0.3444,0.03024,0.19425,0.04271,0.36798,0.03485,0.02333,0.02626,0.17728,0.08451,0.20465,0.01983,0.17094,0.03189,0.08455,0.03454,0.26213,0.15099,0.03042,0.0825,0.25936,0.08065,0.15491,0.02591,0.17763,0.08698,0.03096,0.20311,0.16577,0.04134,0.33051,0.13696,0.05573,0.039,0.01404,0.47111,0.09399,0.02457,0.11223,0.2059,0.01589,0.13822,0.06863,0.19983,0.01825,0.14234,0.07527,0.02629,0.25866,0.16374,0.04177,0.06566,0.35166,0.10911,0.01551,0.25376,0.09139,0.06959,0.14824,0.01727,0.15984,0.03607,0.02445,0.02929,0.02599,0.23138,0.06981,0.11005,0.04911,0.11766,0.02916,0.12908,0.0497]},"PREVALENCE_BY_MONTH":{"X_CALENDAR_MONTH":[199911,200007,200009,200010,200011,200012,200102,200103,200107,200110,200112,200201,200202,200203,200204,200206,200207,200208,200209,200211,200212,200301,200302,200303,200304,200305,200306,200307,200308,200310,200311,200312,200401,200402,200403,200404,200405,200406,200407,200408,200409,200410,200411,200412,200501,200503,200504,200505,200506,200507,200508,200509,200510,200511,200512,200601,200602,200603,200605,200606,200607,200608,200609,200610,200611,200701,200702,200703,200704,200705,200706,200707,200708,200709,200710,200711,200712,200801,200802,200803,200804,200806,200807,200808,200809,200810,200811,200901,200902,200903,200904,200905,200906,200907,200909,200910,200911,200912,201001,201002,201003,201004,201005,201006,201007,201008,201009,201010,201011,201012,201101,201102,201103,201104,201105,201106,201107,201108,201109,201110,201111,201112,201201,201204,201205,201206,201207,201208,201209,201210,201211,201212,201301,201302,201303,201304,201307,201308,201309,201310,201311,201312,201401,201402,201403,201404,201406,201407,201408,201411,201412,201502,201503,201504,201505,201506,201507,201508,201510,201511,201512,201602,201604,201606,201607,201704,201705,201706,201708,201802,201804,201805,201808],"Y_PREVALENCE_1000PP":[0.00373,0.0025,0.00322,0.0044,0.00277,0.00234,0.00217,0.00211,0.00364,0.00248,0.00182,0.00264,0.00262,0.00258,0.00279,0.00165,0.00411,0.00191,0.00217,0.00348,0.00376,0.00319,0.00238,0.00158,0.0021,0.00235,0.00156,0.00283,0.00231,0.00255,0.00177,0.00454,0.00247,0.00173,0.00217,0.00214,0.00142,0.00211,0.0021,0.00256,0.00162,0.00138,0.00275,0.00298,0.00362,0.00181,0.00203,0.00135,0.00157,0.00267,0.00155,0.00154,0.00176,0.0035,0.00197,0.00346,0.00174,0.0026,0.0015,0.00214,0.00128,0.00213,0.00234,0.00253,0.00147,0.00145,0.00269,0.00124,0.00289,0.00164,0.00203,0.00161,0.00121,0.00159,0.00295,0.00195,0.00156,0.00329,0.00214,0.00117,0.00213,0.00154,0.00306,0.00153,0.00152,0.00114,0.00189,0.00207,0.00226,0.00207,0.00151,0.00151,0.0017,0.00188,0.00319,0.00207,0.00132,0.00209,0.00151,0.00209,0.00209,0.00304,0.00267,0.00153,0.0021,0.00172,0.00171,0.00188,0.00169,0.00113,0.0015,0.00168,0.00111,0.00148,0.00111,0.00239,0.0022,0.0022,0.00219,0.00145,0.00109,0.00146,0.00218,0.00254,0.002,0.00109,0.00109,0.00218,0.00254,0.00145,0.00128,0.00166,0.00147,0.00239,0.00185,0.00185,0.00167,0.00223,0.0013,0.00206,0.00113,0.00154,0.0021,0.00172,0.0023,0.00134,0.00116,0.00196,0.00158,0.00163,0.00145,0.0023,0.00194,0.00216,0.00151,0.00158,0.00135,0.00135,0.00233,0.00213,0.00221,0.00199,0.0015,0.00257,0.00158,0.00228,0.00228,0.00175,0.00177,0.00247,0.00185,0.00185,0.00191]},"LENGTH_OF_ERA":{"CATEGORY":"Length of era","MIN_VALUE":1,"P10_VALUE":1,"P25_VALUE":1,"MEDIAN_VALUE":1,"P75_VALUE":1,"P90_VALUE":1,"MAX_VALUE":68},"AGE_AT_FIRST_DIAGNOSIS":{"CATEGORY":["MALE","FEMALE"],"MIN_VALUE":[0,0],"P10_VALUE":[47,25],"P25_VALUE":[62,44],"MEDIAN_VALUE":[72,62],"P75_VALUE":[79,77],"P90_VALUE":[85,84],"MAX_VALUE":[99,97]}}
