{"PREVALENCE_BY_GENDER_AGE_YEAR":{"TRELLIS_NAME":["80-89","80-89","80-89","60-69","50-59","90-99","50-59","60-69","70-79","90-99","70-79","60-69","90-99","70-79","40-49","70-79","80-89","60-69","40-49","90-99","80-89","50-59","50-59","70-79","50-59","60-69","50-59","70-79","40-49","90-99","80-89","80-89","90-99","60-69","50-59","80-89","80-89","40-49","60-69","70-79","50-59","40-49","60-69","70-79","90-99","90-99","70-79","40-49","60-69","40-49","80-89","70-79","90-99","0-9","50-59","60-69","80-89","90-99","50-59","80-89","50-59","30-39","90-99","60-69","50-59","70-79","70-79","30-39","60-69","90-99","40-49","80-89","40-49","70-79","60-69","40-49","90-99","20-29","60-69","80-89","90-99","20-29","50-59","30-39","70-79","50-59","80-89","50-59","60-69","90-99","70-79","60-69","30-39","70-79","80-89","90-99","40-49","40-49","50-59","80-89","70-79","80-89","70-79","80-89","90-99"],"SERIES_NAME":["FEMALE","FEMALE","MALE","FEMALE","FEMALE","MALE","MALE","MALE","MALE","FEMALE","FEMALE","FEMALE","MALE","FEMALE","MALE","MALE","FEMALE","MALE","FEMALE","FEMALE","MALE","FEMALE","MALE","FEMALE","FEMALE","MALE","MALE","MALE","MALE","MALE","MALE","FEMALE","FEMALE","FEMALE","MALE","FEMALE","MALE","FEMALE","MALE","MALE","FEMALE","MALE","FEMALE","FEMALE","FEMALE","MALE","FEMALE","MALE","MALE","FEMALE","FEMALE","MALE","MALE","FEMALE","MALE","FEMALE","MALE","FEMALE","FEMALE","FEMALE","MALE","MALE","FEMALE","MALE","FEMALE","FEMALE","MALE","FEMALE","FEMALE","MALE","FEMALE","MALE","MALE","MALE","FEMALE","MALE","FEMALE","FEMALE","MALE","FEMALE","MALE","MALE","FEMALE","MALE","FEMALE","MALE","MALE","FEMALE","FEMALE","MALE","FEMALE","MALE","MALE","MALE","FEMALE","FEMALE","MALE","FEMALE","MALE","MALE","MALE","MALE","FEMALE","FEMALE","FEMALE"],"X_CALENDAR_YEAR":[2010,2011,2011,2011,2011,2011,2011,2011,2011,2011,2011,2012,2012,2012,2012,2012,2012,2012,2012,2012,2012,2012,2012,2013,2013,2013,2013,2013,2013,2013,2013,2013,2013,2013,2014,2014,2014,2014,2014,2014,2014,2014,2014,2014,2014,2014,2015,2015,2015,2015,2015,2015,2015,2015,2015,2015,2015,2015,2015,2016,2016,2016,2016,2016,2016,2016,2016,2016,2016,2016,2016,2016,2016,2017,2017,2017,2017,2017,2017,2017,2017,2017,2017,2017,2017,2017,2017,2018,2018,2018,2018,2018,2018,2018,2018,2018,2018,2018,2018,2018,2019,2019,2019,2019,2019],"Y_PREVALENCE_1000PP":[0.06245,0.19924,0.31552,0.0365,0.02167,1.46171,0.01589,0.03431,0.10239,0.41915,0.04917,0.04574,1.03218,0.09362,0.01559,0.18809,0.18618,0.05645,0.01383,0.40851,0.56905,0.02684,0.03417,0.1049,0.03423,0.09693,0.04395,0.18846,0.02936,0.82054,0.49122,0.43162,0.59118,0.03643,0.04817,0.32929,0.68727,0.01516,0.08616,0.27926,0.02989,0.01713,0.07069,0.11218,0.9481,1.24703,0.17572,0.02477,0.12626,0.03117,0.37586,0.30197,1.12853,0.02051,0.06908,0.09432,0.70784,0.94401,0.04675,0.39434,0.09101,0.03385,0.72634,0.12563,0.04108,0.16412,0.26656,0.02699,0.08805,1.65041,0.03102,0.73496,0.03337,0.41956,0.09095,0.05291,0.83031,0.02335,0.1817,0.44309,1.52866,0.02837,0.06043,0.02585,0.13518,0.05211,0.83123,0.05518,0.06504,1.51029,0.21832,0.18222,0.02463,0.3265,0.43843,0.98333,0.05587,0.04927,0.0958,0.90767,0.12803,0.19919,0.04333,0.09308,0.28854]},"PREVALENCE_BY_MONTH":{"X_CALENDAR_MONTH":[201011,201012,201101,201102,201103,201104,201105,201106,201107,201108,201109,201110,201111,201112,201201,201202,201203,201204,201205,201206,201207,201208,201209,201210,201211,201212,201301,201302,201303,201304,201305,201306,201307,201308,201309,201310,201311,201312,201401,201402,201403,201404,201405,201406,201407,201408,201409,201410,201411,201412,201501,201502,201503,201504,201505,201506,201507,201508,201509,201510,201511,201512,201601,201602,201603,201604,201605,201606,201607,201608,201609,201610,201611,201612,201701,201702,201703,201704,201705,201706,201707,201708,201709,201710,201711,201712,201801,201802,201803,201804,201805,201806,201807,201808,201809,201810,201811,201812,201901,201902,201903],"Y_PREVALENCE_1000PP":[0.00187,0.00244,0.00224,0.00336,0.00334,0.00167,0.00332,0.00221,0.00275,0.00293,0.00401,0.00364,0.00292,0.00255,0.00491,0.00309,0.00309,0.00436,0.00291,0.00309,0.00474,0.00527,0.00344,0.00545,0.00457,0.00423,0.00459,0.00516,0.00537,0.00685,0.00446,0.00539,0.00445,0.00538,0.00556,0.00599,0.00527,0.00422,0.0084,0.00515,0.00708,0.00479,0.00536,0.00581,0.00627,0.00513,0.00515,0.00688,0.00838,0.00705,0.00768,0.01045,0.00712,0.00713,0.00692,0.00743,0.00877,0.00764,0.0072,0.00745,0.0071,0.00812,0.00866,0.00871,0.00723,0.00725,0.0086,0.00772,0.00788,0.00801,0.00778,0.00706,0.00958,0.00575,0.0115,0.00868,0.00737,0.00741,0.00742,0.00787,0.00848,0.00795,0.00945,0.01125,0.01116,0.01005,0.00555,0.00927,0.0071,0.00648,0.01265,0.00682,0.01167,0.01082,0.00926,0.00912,0.00887,0.01184,0.01181,0.00958,0.00528]},"LENGTH_OF_ERA":{"CATEGORY":"Length of era","MIN_VALUE":1,"P10_VALUE":1,"P25_VALUE":1,"MEDIAN_VALUE":1,"P75_VALUE":1,"P90_VALUE":1,"MAX_VALUE":39},"AGE_AT_FIRST_DIAGNOSIS":{"CATEGORY":["MALE","FEMALE"],"MIN_VALUE":[0,0],"P10_VALUE":[45,47],"P25_VALUE":[62,63],"MEDIAN_VALUE":[76,79],"P75_VALUE":[85,87],"P90_VALUE":[90,92],"MAX_VALUE":[107,102]}}
