{"PREVALENCE_BY_GENDER_AGE_YEAR":{"TRELLIS_NAME":["70-79","40-49","20-29","50-59","50-59"],"SERIES_NAME":["FEMALE","FEMALE","FEMALE","FEMALE","FEMALE"],"X_CALENDAR_YEAR":[2000,2000,2000,2000,2001],"Y_PREVALENCE_1000PP":[0.06065,0.04295,0.0378,0.03446,0.02659]},"PREVALENCE_BY_MONTH":{"X_CALENDAR_MONTH":[199911,200002,200003,200005,200006,200009,200101,200102,200103],"Y_PREVALENCE_1000PP":[0.00373,0.00314,0.00352,0.00387,0.00422,0.00363,0.00295,0.00253,0.00317]},"LENGTH_OF_ERA":{"CATEGORY":"Length of era","MIN_VALUE":1,"P10_VALUE":1,"P25_VALUE":1,"MEDIAN_VALUE":1,"P75_VALUE":1,"P90_VALUE":1,"MAX_VALUE":134},"AGE_AT_FIRST_DIAGNOSIS":{"CATEGORY":["MALE","FEMALE"],"MIN_VALUE":[7,6],"P10_VALUE":[24,22],"P25_VALUE":[36,32],"MEDIAN_VALUE":[58,49],"P75_VALUE":[74,68],"P90_VALUE":[78,78],"MAX_VALUE":[91,93]}}
