{"PREVALENCE_BY_GENDER_AGE_YEAR":{"TRELLIS_NAME":["40-49","30-39","40-49","70-79","60-69","60-69","50-59","50-59","50-59","40-49","30-39","60-69","20-29","40-49","70-79","30-39","60-69","40-49","60-69","40-49","50-59","80-89","30-39","70-79","30-39","50-59","40-49","30-39","60-69","30-39","60-69","70-79","60-69","20-29","40-49","50-59","70-79","50-59","70-79","40-49","30-39","60-69","20-29","40-49","60-69","50-59","20-29","60-69","70-79","40-49","20-29","50-59","30-39","30-39","40-49","50-59","60-69"],"SERIES_NAME":["FEMALE","FEMALE","MALE","FEMALE","FEMALE","MALE","FEMALE","MALE","FEMALE","FEMALE","MALE","FEMALE","FEMALE","MALE","FEMALE","FEMALE","MALE","FEMALE","FEMALE","MALE","FEMALE","FEMALE","MALE","FEMALE","FEMALE","FEMALE","FEMALE","MALE","FEMALE","FEMALE","MALE","FEMALE","FEMALE","FEMALE","FEMALE","FEMALE","FEMALE","MALE","FEMALE","FEMALE","FEMALE","FEMALE","FEMALE","MALE","MALE","FEMALE","MALE","FEMALE","FEMALE","FEMALE","FEMALE","FEMALE","FEMALE","MALE","MALE","MALE","MALE"],"X_CALENDAR_YEAR":[2003,2003,2003,2003,2003,2003,2003,2004,2004,2004,2004,2004,2004,2004,2004,2004,2004,2005,2005,2005,2005,2005,2005,2005,2005,2006,2006,2006,2006,2006,2006,2006,2007,2007,2007,2007,2007,2008,2008,2008,2008,2008,2008,2008,2008,2008,2009,2009,2009,2009,2009,2009,2009,2009,2009,2009,2009],"Y_PREVALENCE_1000PP":[0.03999,0.02353,0.0222,0.05354,0.02941,0.02987,0.0293,0.02626,0.02366,0.02085,0.02942,0.04381,0.01981,0.02832,0.03296,0.0165,0.03114,0.03645,0.02918,0.04525,0.04526,0.04857,0.01576,0.06378,0.02435,0.04697,0.02385,0.01793,0.03095,0.02907,0.02357,0.03575,0.04144,0.02424,0.02689,0.04142,0.05684,0.03096,0.05982,0.04259,0.04782,0.04954,0.02062,0.02026,0.02007,0.06357,0.02897,0.04196,0.06841,0.04681,0.02541,0.05159,0.03028,0.01475,0.01565,0.03343,0.03278]},"PREVALENCE_BY_MONTH":{"X_CALENDAR_MONTH":[200212,200301,200302,200303,200305,200306,200307,200308,200310,200402,200403,200404,200406,200407,200408,200410,200411,200412,200501,200502,200503,200504,200505,200506,200508,200509,200510,200511,200512,200602,200603,200604,200605,200608,200609,200610,200611,200612,200701,200703,200704,200705,200706,200708,200709,200710,200711,200712,200801,200802,200803,200804,200805,200806,200807,200808,200809,200810,200811,200812,200901,200902,200903,200904,200905,200906,200907,200908,200909,200910,200911],"Y_PREVALENCE_1000PP":[0.00268,0.00319,0.00185,0.00158,0.00183,0.00234,0.00154,0.00282,0.00178,0.00148,0.00242,0.00167,0.00164,0.00187,0.00232,0.00299,0.00252,0.0016,0.0034,0.00158,0.00158,0.00203,0.0018,0.00224,0.00177,0.00264,0.00154,0.00241,0.00263,0.0013,0.00173,0.00215,0.00193,0.0017,0.00212,0.00148,0.00315,0.00189,0.00166,0.00207,0.00124,0.00184,0.00162,0.00161,0.00139,0.00295,0.00117,0.00156,0.00213,0.00311,0.0035,0.00155,0.00252,0.0025,0.0021,0.0021,0.00152,0.00266,0.00246,0.00265,0.00264,0.0017,0.0032,0.00265,0.0017,0.0032,0.0032,0.00245,0.00263,0.00301,0.00151]},"LENGTH_OF_ERA":{"CATEGORY":"Length of era","MIN_VALUE":1,"P10_VALUE":1,"P25_VALUE":1,"MEDIAN_VALUE":1,"P75_VALUE":1,"P90_VALUE":1,"MAX_VALUE":58},"AGE_AT_FIRST_DIAGNOSIS":{"CATEGORY":["FEMALE","MALE"],"MIN_VALUE":[8,13],"P10_VALUE":[27,28],"P25_VALUE":[38,38],"MEDIAN_VALUE":[52,48],"P75_VALUE":[67,60],"P90_VALUE":[77,71],"MAX_VALUE":[96,88]}}
