{"PREVALENCE_BY_GENDER_AGE_YEAR":{"TRELLIS_NAME":["60-69","80-89","70-79","80-89","70-79","60-69","90-99","70-79","90-99","50-59","50-59","80-89","60-69","70-79","80-89","60-69","60-69","70-79","70-79","80-89","80-89","90-99","70-79","60-69","50-59","50-59","80-89","80-89","60-69","70-79","70-79","70-79"],"SERIES_NAME":["FEMALE","FEMALE","MALE","MALE","FEMALE","FEMALE","MALE","MALE","FEMALE","MALE","FEMALE","MALE","MALE","FEMALE","FEMALE","FEMALE","MALE","MALE","FEMALE","MALE","FEMALE","FEMALE","MALE","FEMALE","MALE","FEMALE","MALE","FEMALE","MALE","FEMALE","FEMALE","MALE"],"X_CALENDAR_YEAR":[2015,2015,2015,2015,2015,2016,2016,2016,2016,2016,2016,2016,2016,2016,2016,2017,2017,2017,2017,2017,2017,2017,2018,2018,2018,2018,2018,2018,2018,2018,2019,2019],"Y_PREVALENCE_1000PP":[0.02445,0.07997,0.0549,0.09133,0.04393,0.1719,1.42536,0.48869,1.15554,0.03034,0.05477,1.00717,0.13863,0.66782,1.13492,0.08138,0.04911,0.22009,0.15976,0.36272,0.41066,0.33967,0.18983,0.0813,0.02499,0.02547,0.31937,0.26793,0.08835,0.25243,0.05777,0.09603]},"PREVALENCE_BY_MONTH":{"X_CALENDAR_MONTH":[201506,201507,201508,201510,201511,201602,201603,201605,201606,201607,201608,201611,201612,201701,201702,201703,201704,201705,201706,201707,201708,201709,201710,201711,201712,201801,201803,201806,201807,201808,201810,201811,201812,201901,201902,201903],"Y_PREVALENCE_1000PP":[0.00315,0.0018,0.00135,0.00163,0.0045,0.0097,0.09893,0.00304,0.00386,0.00315,0.00214,0.00329,0.01068,0.01342,0.00196,0.0017,0.00257,0.00456,0.00583,0.00351,0.00589,0.00177,0.00237,0.00241,0.00304,0.00463,0.00247,0.00465,0.00441,0.00477,0.00326,0.01544,0.0046,0.00656,0.00297,0.00363]},"LENGTH_OF_ERA":{"CATEGORY":"Length of era","MIN_VALUE":1,"P10_VALUE":1,"P25_VALUE":1,"MEDIAN_VALUE":1,"P75_VALUE":1,"P90_VALUE":1,"MAX_VALUE":21},"AGE_AT_FIRST_DIAGNOSIS":{"CATEGORY":["MALE","FEMALE"],"MIN_VALUE":[44,41],"P10_VALUE":[64,63],"P25_VALUE":[70,70],"MEDIAN_VALUE":[77,77],"P75_VALUE":[83,84],"P90_VALUE":[88,89],"MAX_VALUE":[100,100]}}
