{"PREVALENCE_BY_GENDER_AGE_YEAR":{"TRELLIS_NAME":["70-79","80-89","80-89","70-79","80-89"],"SERIES_NAME":["FEMALE","FEMALE","FEMALE","MALE","FEMALE"],"X_CALENDAR_YEAR":[2002,2004,2005,2005,2006],"Y_PREVALENCE_1000PP":[0.03723,0.05061,0.04857,0.03799,0.04657]},"PREVALENCE_BY_MONTH":{"X_CALENDAR_MONTH":[200308,200406,200408,200507,200509,200808,200809],"Y_PREVALENCE_1000PP":[0.00154,0.00141,0.00186,0.00156,0.0022,0.00134,0.00114]},"LENGTH_OF_ERA":{"CATEGORY":"Length of era","MIN_VALUE":1,"P10_VALUE":1,"P25_VALUE":1,"MEDIAN_VALUE":1,"P75_VALUE":1,"P90_VALUE":1,"MAX_VALUE":37},"AGE_AT_FIRST_DIAGNOSIS":{"CATEGORY":["FEMALE","MALE"],"MIN_VALUE":[0,2],"P10_VALUE":[15,12],"P25_VALUE":[42,23],"MEDIAN_VALUE":[73,43],"P75_VALUE":[83,69],"P90_VALUE":[88,79],"MAX_VALUE":[99,95]}}
