{"PREVALENCE_BY_GENDER_AGE_YEAR":{"TRELLIS_NAME":["30-39","20-29","30-39","30-39","20-29","20-29","30-39","20-29","30-39","30-39","20-29","10-19","20-29","30-39","20-29","10-19","30-39","20-29","30-39","20-29","30-39"],"SERIES_NAME":["FEMALE","FEMALE","FEMALE","FEMALE","FEMALE","FEMALE","FEMALE","FEMALE","FEMALE","FEMALE","FEMALE","FEMALE","FEMALE","FEMALE","FEMALE","FEMALE","FEMALE","FEMALE","FEMALE","FEMALE","FEMALE"],"X_CALENDAR_YEAR":[1997,1999,1999,2000,2000,2001,2001,2002,2002,2003,2003,2003,2004,2004,2005,2005,2005,2006,2006,2007,2007],"Y_PREVALENCE_1000PP":[0.08836,0.08866,0.0449,0.02641,0.07019,0.04317,0.05195,0.04212,0.03692,0.04706,0.06167,0.0288,0.03961,0.05224,0.06256,0.02855,0.04871,0.09055,0.04229,0.07271,0.02532]},"PREVALENCE_BY_MONTH":{"X_CALENDAR_MONTH":[199902,200003,200210,200305,200306,200307,200312,200406,200407,200504,200508,200510,200511,200512,200601,200604,200606,200703,200704,200705,200706],"Y_PREVALENCE_1000PP":[0.00403,0.00264,0.00161,0.00183,0.00156,0.0018,0.00177,0.00211,0.0014,0.00135,0.00133,0.00154,0.00175,0.00197,0.00151,0.00258,0.00128,0.00124,0.00186,0.00123,0.00223]},"LENGTH_OF_ERA":{"CATEGORY":"Length of era","MIN_VALUE":1,"P10_VALUE":1,"P25_VALUE":1,"MEDIAN_VALUE":1,"P75_VALUE":1,"P90_VALUE":1,"MAX_VALUE":12},"AGE_AT_FIRST_DIAGNOSIS":{"CATEGORY":["FEMALE","MALE"],"MIN_VALUE":[16,16],"P10_VALUE":[20,31],"P25_VALUE":[24,40],"MEDIAN_VALUE":[29,55],"P75_VALUE":[33,63],"P90_VALUE":[38,74],"MAX_VALUE":[81,78]}}
