{"PREVALENCE_BY_GENDER_AGE_YEAR":{"TRELLIS_NAME":["10-19","10-19","10-19","10-19","10-19","10-19","10-19","10-19","10-19","10-19","10-19","10-19","10-19","10-19","10-19","10-19","10-19","10-19","10-19","10-19","10-19","10-19","10-19","10-19","10-19","10-19","10-19","10-19","10-19","10-19","10-19","10-19","10-19","10-19","10-19","10-19","10-19","10-19"],"SERIES_NAME":["FEMALE","MALE","MALE","MALE","FEMALE","FEMALE","MALE","FEMALE","MALE","FEMALE","MALE","FEMALE","MALE","FEMALE","MALE","MALE","MALE","FEMALE","FEMALE","MALE","FEMALE","MALE","MALE","FEMALE","FEMALE","MALE","FEMALE","MALE","MALE","FEMALE","MALE","FEMALE","FEMALE","MALE","FEMALE","MALE","MALE","MALE"],"X_CALENDAR_YEAR":[1998,1998,1999,2000,2000,2001,2001,2002,2002,2003,2003,2004,2004,2005,2005,2006,2007,2007,2008,2008,2009,2009,2010,2010,2011,2011,2012,2012,2013,2013,2014,2014,2015,2015,2016,2016,2017,2018],"Y_PREVALENCE_1000PP":[0.09048,0.1186,0.06196,0.05462,0.06318,0.0838,0.09902,0.0569,0.09953,0.0576,0.10086,0.04718,0.08682,0.03671,0.07574,0.10304,0.08319,0.05727,0.03783,0.08367,0.04397,0.07375,0.05211,0.0302,0.03929,0.03936,0.03598,0.03364,0.03976,0.03568,0.04209,0.0308,0.026,0.03885,0.04382,0.04193,0.04164,0.031]},"PREVALENCE_BY_MONTH":{"X_CALENDAR_MONTH":[200107,200211,200301,200306,200307,200406,200408,200511,200607,200701,200709,200710,200810,200811,200909,201009,201301,201404,201610],"Y_PREVALENCE_1000PP":[0.00265,0.00214,0.00186,0.00208,0.00154,0.00164,0.00139,0.00175,0.00128,0.00187,0.0012,0.00118,0.00152,0.00114,0.00188,0.00133,0.00128,0.00153,0.00163]},"LENGTH_OF_ERA":{"CATEGORY":"Length of era","MIN_VALUE":1,"P10_VALUE":1,"P25_VALUE":1,"MEDIAN_VALUE":1,"P75_VALUE":1,"P90_VALUE":1,"MAX_VALUE":39},"AGE_AT_FIRST_DIAGNOSIS":{"CATEGORY":["FEMALE","MALE"],"MIN_VALUE":[0,1],"P10_VALUE":[10,11],"P25_VALUE":[11,12],"MEDIAN_VALUE":[12,14],"P75_VALUE":[13,15],"P90_VALUE":[24,24],"MAX_VALUE":[54,66]}}
