{"PREVALENCE_BY_GENDER_AGE_YEAR":{"TRELLIS_NAME":["50-59","60-69","50-59","60-69","70-79","70-79","70-79","50-59","70-79"],"SERIES_NAME":["FEMALE","MALE","FEMALE","FEMALE","MALE","FEMALE","FEMALE","FEMALE","MALE"],"X_CALENDAR_YEAR":[2002,2003,2008,2008,2008,2012,2017,2017,2017],"Y_PREVALENCE_1000PP":[0.02724,0.02987,0.01734,0.01982,0.03743,0.03121,0.04301,0.02266,0.04815]},"PREVALENCE_BY_MONTH":{"X_CALENDAR_MONTH":[200806,201208],"Y_PREVALENCE_1000PP":[0.00154,0.00109]},"LENGTH_OF_ERA":{"CATEGORY":"Length of era","MIN_VALUE":1,"P10_VALUE":1,"P25_VALUE":1,"MEDIAN_VALUE":1,"P75_VALUE":1,"P90_VALUE":1,"MAX_VALUE":29},"AGE_AT_FIRST_DIAGNOSIS":{"CATEGORY":["FEMALE","MALE"],"MIN_VALUE":[27,25],"P10_VALUE":[46,48],"P25_VALUE":[55,55],"MEDIAN_VALUE":[64,65],"P75_VALUE":[72,72],"P90_VALUE":[78,77],"MAX_VALUE":[96,88]}}
