{"PREVALENCE_BY_GENDER_AGE_YEAR":{"TRELLIS_NAME":["70-79","60-69","70-79","50-59","70-79","70-79","60-69","80-89","60-69","70-79","70-79","70-79","60-69","70-79","60-69","50-59","70-79","60-69","70-79","70-79","80-89","60-69","60-69","60-69","70-79","70-79","80-89","60-69","70-79","60-69","70-79","80-89","70-79","80-89","60-69","70-79","50-59","80-89","70-79","60-69","70-79","80-89","60-69"],"SERIES_NAME":["MALE","MALE","MALE","MALE","FEMALE","MALE","FEMALE","FEMALE","MALE","MALE","FEMALE","MALE","FEMALE","FEMALE","MALE","FEMALE","FEMALE","MALE","MALE","MALE","FEMALE","FEMALE","MALE","MALE","MALE","FEMALE","FEMALE","FEMALE","MALE","MALE","FEMALE","MALE","FEMALE","FEMALE","MALE","MALE","MALE","FEMALE","MALE","MALE","FEMALE","MALE","MALE"],"X_CALENDAR_YEAR":[2004,2004,2005,2006,2006,2006,2007,2007,2007,2007,2007,2008,2008,2008,2008,2008,2009,2009,2009,2010,2010,2010,2010,2011,2011,2011,2011,2012,2012,2012,2012,2012,2013,2013,2013,2013,2014,2014,2015,2015,2016,2016,2017],"Y_PREVALENCE_1000PP":[0.06566,0.02669,0.06331,0.02129,0.05618,0.07851,0.02763,0.05052,0.03857,0.09437,0.02842,0.08556,0.03303,0.03221,0.03011,0.01734,0.03192,0.01967,0.04741,0.03655,0.04163,0.01886,0.03527,0.03743,0.06655,0.02682,0.04122,0.0183,0.04067,0.02823,0.03121,0.12416,0.0306,0.04873,0.01876,0.03472,0.01606,0.06586,0.04941,0.02886,0.03396,0.08166,0.02947]},"PREVALENCE_BY_MONTH":{"X_CALENDAR_MONTH":[200312,200405,200504,200508,200510,200605,200606,200609,200611,200705,200706,200708,200709,200710,200711,200712,200802,200805,200806,200807,200811,200812,200904,200906,200908,200912,201001,201003,201005,201010,201103,201108,201110,201111,201203,201205,201208,201210,201211,201308,201310,201403,201405,201406,201412,201501,201606],"Y_PREVALENCE_1000PP":[0.00177,0.00166,0.00135,0.00133,0.00132,0.0015,0.00128,0.00127,0.00126,0.00246,0.00142,0.00161,0.00179,0.00197,0.00156,0.00137,0.00136,0.00155,0.00115,0.00115,0.00133,0.0017,0.00113,0.00132,0.00113,0.00133,0.00114,0.00114,0.00152,0.0017,0.00167,0.00128,0.00127,0.00109,0.00145,0.00127,0.00127,0.00127,0.0011,0.00111,0.00131,0.00115,0.00115,0.00136,0.00124,0.00145,0.00154]},"LENGTH_OF_ERA":{"CATEGORY":"Length of era","MIN_VALUE":1,"P10_VALUE":1,"P25_VALUE":1,"MEDIAN_VALUE":1,"P75_VALUE":1,"P90_VALUE":1,"MAX_VALUE":32},"AGE_AT_FIRST_DIAGNOSIS":{"CATEGORY":["MALE","FEMALE"],"MIN_VALUE":[26,27],"P10_VALUE":[54,51],"P25_VALUE":[62,61],"MEDIAN_VALUE":[70,71],"P75_VALUE":[77,80],"P90_VALUE":[83,86],"MAX_VALUE":[95,98]}}
