{"PREVALENCE_BY_GENDER_AGE_YEAR":{"TRELLIS_NAME":["10-19","0-9","10-19","10-19","0-9","20-29","10-19","20-29","20-29","20-29","10-19","20-29","10-19"],"SERIES_NAME":["MALE","MALE","MALE","MALE","MALE","MALE","MALE","MALE","FEMALE","MALE","MALE","FEMALE","MALE"],"X_CALENDAR_YEAR":[1998,1998,1999,2000,2001,2002,2003,2004,2007,2008,2008,2009,2010],"Y_PREVALENCE_1000PP":[0.1186,0.09378,0.06196,0.08192,0.02968,0.02393,0.02522,0.02397,0.02693,0.0187,0.01859,0.01524,0.01839]},"PREVALENCE_BY_MONTH":{"X_CALENDAR_MONTH":[200005,200006,200401,200511,200901,201007,201101],"Y_PREVALENCE_1000PP":[0.00344,0.00338,0.00198,0.00131,0.00132,0.00115,0.00131]},"LENGTH_OF_ERA":{"CATEGORY":"Length of era","MIN_VALUE":1,"P10_VALUE":1,"P25_VALUE":1,"MEDIAN_VALUE":1,"P75_VALUE":1,"P90_VALUE":1,"MAX_VALUE":29},"AGE_AT_FIRST_DIAGNOSIS":{"CATEGORY":["FEMALE","MALE"],"MIN_VALUE":[6,2],"P10_VALUE":[8,8],"P25_VALUE":[11,10],"MEDIAN_VALUE":[20,14],"P75_VALUE":[31,27],"P90_VALUE":[41,41],"MAX_VALUE":[84,68]}}
