{"PREVALENCE_BY_GENDER_AGE_YEAR":{"TRELLIS_NAME":["40-49","30-39","30-39","20-29","30-39","20-29","20-29","30-39","40-49","30-39","20-29","40-49","40-49","50-59","30-39","20-29","20-29","40-49","30-39","20-29","50-59","30-39","40-49","20-29","50-59","30-39","40-49","40-49","30-39","20-29","50-59","40-49","30-39","20-29","20-29","30-39","40-49","20-29","40-49","30-39","40-49","30-39","20-29","40-49","20-29","30-39","40-49","30-39","20-29","50-59","30-39","20-29","40-49","40-49","30-39","20-29","30-39","40-49","20-29","30-39","20-29"],"SERIES_NAME":["FEMALE","FEMALE","FEMALE","FEMALE","FEMALE","FEMALE","FEMALE","FEMALE","FEMALE","FEMALE","FEMALE","FEMALE","FEMALE","FEMALE","FEMALE","FEMALE","FEMALE","FEMALE","FEMALE","FEMALE","FEMALE","FEMALE","FEMALE","FEMALE","FEMALE","FEMALE","FEMALE","FEMALE","FEMALE","FEMALE","FEMALE","FEMALE","FEMALE","FEMALE","FEMALE","FEMALE","FEMALE","FEMALE","FEMALE","FEMALE","FEMALE","FEMALE","FEMALE","FEMALE","FEMALE","FEMALE","FEMALE","FEMALE","FEMALE","FEMALE","FEMALE","FEMALE","FEMALE","FEMALE","FEMALE","FEMALE","FEMALE","FEMALE","FEMALE","FEMALE","FEMALE"],"X_CALENDAR_YEAR":[1997,1997,1998,1998,1999,1999,2000,2000,2000,2001,2001,2001,2002,2002,2002,2002,2003,2003,2003,2004,2004,2004,2004,2005,2005,2005,2005,2006,2006,2006,2007,2007,2007,2007,2008,2008,2008,2009,2009,2009,2010,2010,2010,2011,2011,2011,2012,2012,2012,2012,2013,2013,2013,2014,2014,2014,2015,2015,2015,2016,2016],"Y_PREVALENCE_1000PP":[0.0914,0.07731,0.09955,0.06846,0.06174,0.05456,0.09179,0.09682,0.09128,0.09005,0.0777,0.04146,0.0432,0.04669,0.08307,0.0804,0.0653,0.06665,0.08235,0.06272,0.02366,0.07974,0.05063,0.09071,0.03233,0.046,0.05327,0.0371,0.03965,0.03213,0.02071,0.03422,0.06077,0.04309,0.04124,0.03524,0.02366,0.06351,0.02575,0.04038,0.02782,0.03766,0.04816,0.02956,0.01977,0.03223,0.01383,0.03732,0.03695,0.02147,0.02478,0.01973,0.03505,0.01516,0.02628,0.02098,0.03165,0.017,0.01741,0.03037,0.02435]},"PREVALENCE_BY_MONTH":{"X_CALENDAR_MONTH":[199808,200003,200004,200006,200007,200008,200010,200012,200102,200106,200107,200108,200112,200201,200202,200203,200205,200207,200208,200209,200211,200212,200303,200304,200305,200309,200310,200311,200312,200401,200403,200404,200405,200406,200407,200408,200409,200411,200502,200505,200506,200507,200508,200509,200511,200512,200604,200607,200610,200701,200704,200706,200707,200708,200710,200711,200811,200902,200906,200910,200911,200912,201002,201005,201010,201011,201110,201208,201212,201305,201503],"Y_PREVALENCE_1000PP":[0.00467,0.00264,0.00304,0.00253,0.00291,0.00288,0.0028,0.00313,0.00217,0.00268,0.00198,0.00355,0.00182,0.00176,0.00233,0.00287,0.00194,0.00219,0.00246,0.0019,0.00188,0.00215,0.00184,0.00183,0.00157,0.0023,0.00204,0.00279,0.00151,0.00173,0.00217,0.00143,0.00142,0.00235,0.00187,0.00139,0.00162,0.00183,0.00158,0.00203,0.00157,0.00289,0.002,0.00154,0.00153,0.00131,0.00151,0.00128,0.00148,0.00125,0.00124,0.00122,0.00161,0.00141,0.00118,0.00176,0.00189,0.00113,0.00132,0.00151,0.0017,0.00209,0.00114,0.00114,0.00151,0.00112,0.00127,0.00182,0.0011,0.00111,0.00129]},"LENGTH_OF_ERA":{"CATEGORY":"Length of era","MIN_VALUE":1,"P10_VALUE":1,"P25_VALUE":1,"MEDIAN_VALUE":1,"P75_VALUE":1,"P90_VALUE":1,"MAX_VALUE":30},"AGE_AT_FIRST_DIAGNOSIS":{"CATEGORY":"FEMALE","MIN_VALUE":15,"P10_VALUE":23,"P25_VALUE":27,"MEDIAN_VALUE":35,"P75_VALUE":44,"P90_VALUE":53,"MAX_VALUE":84}}
