{"PREVALENCE_BY_GENDER_AGE_YEAR":{"TRELLIS_NAME":["20-29","30-39","40-49","30-39","20-29","50-59","30-39","20-29","20-29","50-59","30-39","20-29","50-59","30-39","40-49","20-29","30-39","50-59","40-49","20-29","40-49","40-49","20-29","30-39","20-29","40-49","40-49","30-39","20-29","40-49","20-29","30-39","30-39","30-39","30-39","50-59","20-29","20-29","40-49","20-29","20-29","30-39","20-29","20-29"],"SERIES_NAME":["FEMALE","FEMALE","FEMALE","FEMALE","FEMALE","FEMALE","FEMALE","FEMALE","MALE","FEMALE","MALE","FEMALE","FEMALE","FEMALE","FEMALE","FEMALE","FEMALE","MALE","FEMALE","MALE","FEMALE","MALE","FEMALE","FEMALE","MALE","MALE","FEMALE","MALE","MALE","FEMALE","FEMALE","FEMALE","FEMALE","FEMALE","FEMALE","MALE","MALE","FEMALE","FEMALE","FEMALE","MALE","FEMALE","FEMALE","FEMALE"],"X_CALENDAR_YEAR":[1999,1999,1999,2000,2000,2000,2001,2001,2001,2001,2001,2002,2002,2002,2002,2003,2003,2003,2003,2004,2004,2004,2004,2004,2005,2007,2007,2008,2009,2009,2010,2010,2011,2012,2013,2013,2014,2014,2014,2015,2016,2016,2016,2017],"Y_PREVALENCE_1000PP":[0.04092,0.06735,0.05487,0.04841,0.0324,0.05168,0.0381,0.0259,0.0316,0.03545,0.02367,0.04212,0.03113,0.04,0.0468,0.03265,0.01765,0.02136,0.01999,0.02397,0.02383,0.02266,0.03301,0.0275,0.03237,0.02321,0.01466,0.01466,0.0158,0.01638,0.01774,0.02009,0.01487,0.02239,0.02478,0.0181,0.0193,0.02622,0.01516,0.02612,0.02183,0.02024,0.02435,0.02335]},"PREVALENCE_BY_MONTH":{"X_CALENDAR_MONTH":[199902,199907,199910,200006,200009,200011,200102,200103,200107,200109,200112,200201,200202,200203,200205,200206,200208,200209,200301,200304,200305,200407,200408,200409,200410,200412,200512,200609,200708,200710,200712,200806,200906,201001,201009,201010,201110,201204,201209,201212,201305,201307,201308,201311,201405,201407,201409,201412,201510,201602,201608],"Y_PREVALENCE_1000PP":[0.00403,0.00497,0.00338,0.00253,0.00242,0.00277,0.00217,0.00352,0.00231,0.00222,0.00425,0.00411,0.00174,0.00172,0.00222,0.00165,0.00191,0.00244,0.00159,0.00157,0.00235,0.00303,0.00279,0.00254,0.00207,0.00138,0.00153,0.00149,0.00121,0.00138,0.00117,0.00154,0.00113,0.00114,0.00171,0.00113,0.00109,0.00127,0.00181,0.0011,0.00111,0.00167,0.00148,0.00207,0.00192,0.00118,0.00119,0.00145,0.00163,0.00224,0.0016]},"LENGTH_OF_ERA":{"CATEGORY":"Length of era","MIN_VALUE":1,"P10_VALUE":1,"P25_VALUE":1,"MEDIAN_VALUE":1,"P75_VALUE":1,"P90_VALUE":1,"MAX_VALUE":110},"AGE_AT_FIRST_DIAGNOSIS":{"CATEGORY":["FEMALE","MALE"],"MIN_VALUE":[10,11],"P10_VALUE":[21,22],"P25_VALUE":[29,27],"MEDIAN_VALUE":[38,40],"P75_VALUE":[53,54],"P90_VALUE":[71,66],"MAX_VALUE":[95,89]}}
