{"PREVALENCE_BY_GENDER_AGE_YEAR":{"TRELLIS_NAME":["50-59","70-79","60-69","50-59","70-79","60-69","60-69","50-59","60-69","70-79","60-69","60-69","60-69","50-59","70-79","60-69","70-79","60-69","70-79","70-79","60-69","60-69"],"SERIES_NAME":["MALE","FEMALE","MALE","MALE","MALE","FEMALE","MALE","MALE","FEMALE","MALE","MALE","MALE","FEMALE","MALE","MALE","MALE","MALE","MALE","FEMALE","MALE","FEMALE","MALE"],"X_CALENDAR_YEAR":[2012,2012,2012,2013,2013,2013,2013,2014,2014,2014,2014,2015,2015,2015,2015,2016,2016,2017,2017,2017,2018,2018],"Y_PREVALENCE_1000PP":[0.0184,0.03121,0.02509,0.02586,0.03472,0.02125,0.02501,0.01873,0.0257,0.06093,0.03314,0.03607,0.02445,0.0259,0.04392,0.04765,0.05077,0.07366,0.06144,0.06878,0.03252,0.07179]},"PREVALENCE_BY_MONTH":{"X_CALENDAR_MONTH":[201205,201210,201211,201305,201307,201309,201311,201312,201402,201404,201406,201407,201408,201412,201503,201504,201505,201506,201510,201602,201608,201701,201703,201704,201708,201803,201812],"Y_PREVALENCE_1000PP":[0.00109,0.00145,0.00128,0.00111,0.00111,0.00167,0.00113,0.00134,0.00134,0.00134,0.00116,0.00137,0.00158,0.00145,0.00194,0.00151,0.0013,0.00158,0.0014,0.00149,0.00187,0.00164,0.00255,0.00228,0.00235,0.00216,0.00197]},"LENGTH_OF_ERA":{"CATEGORY":"Length of era","MIN_VALUE":1,"P10_VALUE":1,"P25_VALUE":1,"MEDIAN_VALUE":1,"P75_VALUE":1,"P90_VALUE":1,"MAX_VALUE":28},"AGE_AT_FIRST_DIAGNOSIS":{"CATEGORY":["MALE","FEMALE"],"MIN_VALUE":[18,23],"P10_VALUE":[42,39],"P25_VALUE":[54,51],"MEDIAN_VALUE":[63,64],"P75_VALUE":[71,71],"P90_VALUE":[78,78],"MAX_VALUE":[89,86]}}
