{"PREVALENCE_BY_GENDER_AGE_YEAR":{"TRELLIS_NAME":["50-59","50-59","60-69","50-59","70-79","60-69","60-69","50-59","60-69","70-79","50-59","50-59","70-79","60-69","70-79","50-59","60-69","50-59","60-69","70-79","70-79","50-59","60-69","70-79","50-59","60-69","40-49","60-69","50-59","70-79","40-49","70-79","60-69","40-49","50-59","50-59","40-49","60-69","70-79","60-69","50-59","40-49","70-79","40-49","60-69","50-59","70-79","50-59","60-69","40-49","70-79","80-89","50-59","70-79","60-69","40-49","60-69","40-49","50-59","80-89","70-79","60-69","50-59","70-79"],"SERIES_NAME":["FEMALE","FEMALE","FEMALE","FEMALE","FEMALE","FEMALE","FEMALE","FEMALE","FEMALE","FEMALE","FEMALE","FEMALE","FEMALE","FEMALE","FEMALE","FEMALE","FEMALE","FEMALE","FEMALE","FEMALE","FEMALE","FEMALE","FEMALE","FEMALE","FEMALE","FEMALE","FEMALE","FEMALE","FEMALE","FEMALE","FEMALE","FEMALE","FEMALE","FEMALE","FEMALE","FEMALE","FEMALE","FEMALE","FEMALE","FEMALE","FEMALE","FEMALE","FEMALE","FEMALE","FEMALE","FEMALE","FEMALE","FEMALE","FEMALE","FEMALE","FEMALE","FEMALE","FEMALE","FEMALE","FEMALE","FEMALE","FEMALE","FEMALE","FEMALE","FEMALE","FEMALE","FEMALE","FEMALE","FEMALE"],"X_CALENDAR_YEAR":[1997,2002,2002,2003,2003,2003,2004,2004,2005,2005,2005,2006,2006,2006,2007,2007,2007,2008,2008,2008,2009,2009,2009,2010,2010,2010,2010,2011,2011,2011,2011,2012,2012,2012,2012,2013,2013,2013,2013,2014,2014,2014,2014,2015,2015,2015,2015,2016,2016,2016,2016,2017,2017,2017,2017,2017,2018,2018,2018,2018,2018,2019,2019,2019],"Y_PREVALENCE_1000PP":[0.1773,0.12841,0.08481,0.23805,0.03569,0.15196,0.11828,0.15887,0.12087,0.0372,0.11961,0.15656,0.04596,0.1625,0.08999,0.43496,0.31082,0.23115,0.2279,0.06902,0.05473,0.19204,0.17108,0.08166,0.12629,0.11,0.01391,0.20077,0.29252,0.03129,0.07048,0.08471,0.22261,0.06914,0.2899,0.23698,0.04673,0.08804,0.06119,0.40806,0.39404,0.09347,0.12564,0.04533,0.08384,0.12857,0.0781,0.22249,0.12997,0.02068,0.06225,0.11888,1.05383,0.36867,0.73721,0.29407,1.72358,0.08063,1.99059,0.28011,0.78459,0.33203,0.39921,0.20942]},"PREVALENCE_BY_MONTH":{"X_CALENDAR_MONTH":[199711,200201,200202,200207,200208,200301,200302,200303,200308,200309,200310,200403,200407,200409,200501,200504,200506,200507,200508,200509,200601,200602,200609,200611,200612,200701,200702,200703,200704,200705,200706,200707,200710,200711,200712,200801,200802,200803,200804,200805,200807,200812,200901,200902,200910,200911,201001,201002,201003,201004,201010,201011,201012,201104,201106,201107,201108,201109,201110,201111,201112,201201,201202,201203,201204,201208,201209,201210,201211,201212,201301,201306,201307,201308,201310,201311,201312,201401,201402,201403,201404,201405,201406,201407,201408,201409,201410,201411,201412,201501,201502,201503,201504,201506,201510,201511,201512,201605,201606,201607,201609,201610,201612,201701,201702,201703,201704,201705,201706,201707,201708,201709,201710,201711,201712,201801,201802,201803,201804,201805,201806,201807,201808,201809,201810,201811,201812,201901,201902,201903],"Y_PREVALENCE_1000PP":[0.00785,0.00381,0.00203,0.00274,0.00219,0.00292,0.00502,0.005,0.00205,0.00664,0.00204,0.00217,0.00676,0.00278,0.0043,0.0018,0.00134,0.00133,0.00288,0.00242,0.00606,0.00477,0.0017,0.00147,0.00483,0.01268,0.00643,0.00311,0.00144,0.00532,0.00893,0.00181,0.00453,0.00605,0.00117,0.00213,0.00951,0.00739,0.00174,0.00116,0.00191,0.0053,0.0049,0.00132,0.0081,0.00661,0.00322,0.00209,0.00342,0.00114,0.00302,0.00187,0.00188,0.00185,0.00203,0.00495,0.00494,0.00565,0.00691,0.00638,0.00456,0.00619,0.00491,0.00672,0.00127,0.00127,0.00199,0.00472,0.00823,0.00515,0.00367,0.0052,0.00426,0.00297,0.00374,0.0032,0.00192,0.0021,0.00611,0.00345,0.00249,0.00172,0.00891,0.0047,0.00276,0.00595,0.01092,0.01205,0.00788,0.00415,0.00167,0.00173,0.00195,0.0018,0.00442,0.0052,0.00172,0.00481,0.00592,0.00446,0.00241,0.00163,0.00602,0.00356,0.00532,0.0068,0.00228,0.00171,0.00204,0.0155,0.00736,0.00856,0.0373,0.0398,0.05024,0.02777,0.01978,0.01977,0.0321,0.04288,0.03967,0.03058,0.02163,0.02045,0.01921,0.02726,0.0125,0.03215,0.01453,0.01288]},"LENGTH_OF_ERA":{"CATEGORY":"Length of era","MIN_VALUE":1,"P10_VALUE":1,"P25_VALUE":1,"MEDIAN_VALUE":1,"P75_VALUE":1,"P90_VALUE":1,"MAX_VALUE":55},"AGE_AT_FIRST_DIAGNOSIS":{"CATEGORY":["FEMALE","MALE"],"MIN_VALUE":[5,0],"P10_VALUE":[50,20],"P25_VALUE":[52,44],"MEDIAN_VALUE":[57,56],"P75_VALUE":[65,71],"P90_VALUE":[70,83],"MAX_VALUE":[89,86]}}
