{"PREVALENCE_BY_GENDER_AGE_YEAR":{"TRELLIS_NAME":["30-39","30-39","60-69","40-49","50-59","70-79","40-49","30-39","50-59","50-59","30-39","30-39","30-39","40-49","40-49","50-59","30-39","40-49","50-59","30-39","70-79","40-49","30-39","20-29","40-49","60-69","20-29","40-49","50-59","50-59","30-39","70-79","60-69","40-49","30-39","20-29","60-69","20-29","70-79","30-39","50-59","40-49","10-19","50-59","50-59","60-69","40-49","60-69","30-39","30-39","20-29","20-29","50-59","70-79","70-79","40-49","50-59","20-29","20-29","40-49","30-39","50-59","30-39","40-49","50-59","40-49","50-59","30-39","20-29","40-49","40-49","70-79","50-59","40-49","40-49","40-49","70-79","80-89","30-39","60-69","50-59","80-89","70-79","70-79","60-69","50-59","60-69","60-69","70-79","40-49","60-69"],"SERIES_NAME":["FEMALE","MALE","FEMALE","MALE","FEMALE","FEMALE","MALE","FEMALE","FEMALE","MALE","MALE","FEMALE","MALE","FEMALE","MALE","FEMALE","MALE","FEMALE","FEMALE","FEMALE","FEMALE","MALE","FEMALE","MALE","MALE","FEMALE","FEMALE","FEMALE","FEMALE","MALE","MALE","FEMALE","MALE","FEMALE","MALE","MALE","FEMALE","FEMALE","MALE","FEMALE","FEMALE","MALE","MALE","MALE","FEMALE","FEMALE","FEMALE","MALE","MALE","FEMALE","MALE","FEMALE","MALE","MALE","FEMALE","MALE","MALE","FEMALE","MALE","FEMALE","FEMALE","FEMALE","MALE","MALE","FEMALE","FEMALE","MALE","MALE","MALE","MALE","FEMALE","FEMALE","FEMALE","MALE","FEMALE","MALE","FEMALE","FEMALE","MALE","FEMALE","FEMALE","FEMALE","FEMALE","FEMALE","FEMALE","FEMALE","MALE","FEMALE","FEMALE","FEMALE","FEMALE"],"X_CALENDAR_YEAR":[1998,1999,1999,1999,1999,2000,2000,2000,2000,2000,2000,2001,2001,2001,2001,2001,2002,2002,2002,2002,2002,2002,2003,2003,2003,2003,2003,2003,2003,2003,2003,2004,2004,2004,2004,2004,2004,2004,2004,2004,2004,2004,2004,2004,2005,2005,2005,2005,2005,2005,2005,2005,2005,2005,2005,2005,2006,2006,2006,2006,2006,2006,2006,2006,2007,2007,2007,2007,2007,2007,2008,2008,2008,2008,2009,2009,2013,2013,2014,2014,2014,2015,2015,2016,2016,2017,2017,2017,2018,2018,2018],"Y_PREVALENCE_1000PP":[0.05807,0.07171,0.05905,0.03943,0.07439,0.05199,0.03068,0.03961,0.03446,0.03351,0.03012,0.03117,0.02029,0.03732,0.04346,0.04431,0.03906,0.0468,0.05837,0.03692,0.04963,0.04113,0.02941,0.0378,0.03488,0.02941,0.02177,0.04998,0.03296,0.03203,0.03442,0.04944,0.04448,0.08935,0.03477,0.04109,0.07009,0.02971,0.04596,0.03024,0.07775,0.05098,0.02642,0.02954,0.04849,0.07086,0.05888,0.02959,0.03415,0.07306,0.02913,0.03128,0.03768,0.06331,0.03189,0.04791,0.02433,0.02337,0.02427,0.0424,0.03172,0.02192,0.01793,0.02261,0.02071,0.02689,0.02015,0.02211,0.01676,0.02321,0.0142,0.03221,0.01734,0.01801,0.01872,0.01342,0.02623,0.04177,0.01578,0.01928,0.01631,0.05598,0.03417,0.03396,0.02516,0.02266,0.03438,0.05266,0.04776,0.02688,0.03252]},"PREVALENCE_BY_MONTH":{"X_CALENDAR_MONTH":[199904,199905,199906,199911,200002,200005,200006,200008,200010,200012,200102,200105,200107,200108,200109,200110,200111,200112,200202,200203,200204,200205,200206,200207,200208,200209,200210,200211,200212,200301,200303,200304,200306,200307,200308,200309,200310,200311,200312,200401,200402,200403,200404,200405,200406,200407,200408,200409,200410,200411,200412,200501,200502,200503,200504,200505,200506,200507,200508,200509,200510,200511,200512,200601,200602,200603,200605,200606,200607,200608,200609,200610,200611,200612,200702,200703,200704,200706,200707,200708,200709,200801,200803,200804,200907,200909,201002,201205,201303,201404,201406,201408,201409,201506,201703,201704,201705,201709,201710,201801,201807,201809,201810,201903],"Y_PREVALENCE_1000PP":[0.00518,0.00574,0.00381,0.00586,0.00269,0.00301,0.00253,0.00329,0.0028,0.00391,0.00253,0.00205,0.00298,0.00194,0.00254,0.00279,0.00184,0.00213,0.00349,0.00316,0.00167,0.00249,0.00193,0.00302,0.00273,0.0019,0.00161,0.00322,0.00215,0.00265,0.00368,0.00157,0.00182,0.00232,0.00205,0.00358,0.00356,0.00228,0.00252,0.00371,0.00222,0.00266,0.00357,0.00378,0.00446,0.0035,0.00442,0.00347,0.00322,0.00367,0.00527,0.00385,0.00339,0.00226,0.00587,0.00293,0.0056,0.00333,0.00222,0.00417,0.00329,0.00153,0.00175,0.00303,0.00152,0.00173,0.00172,0.00192,0.00278,0.00149,0.00149,0.00232,0.00126,0.00126,0.00166,0.00145,0.00144,0.00142,0.00161,0.00121,0.0012,0.00252,0.00156,0.00116,0.00113,0.00131,0.00133,0.00109,0.0013,0.00115,0.00155,0.00118,0.00139,0.00158,0.00255,0.002,0.00171,0.00354,0.00237,0.00339,0.00221,0.00192,0.00228,0.00264]},"LENGTH_OF_ERA":{"CATEGORY":"Length of era","MIN_VALUE":1,"P10_VALUE":1,"P25_VALUE":1,"MEDIAN_VALUE":1,"P75_VALUE":1,"P90_VALUE":1,"MAX_VALUE":11},"AGE_AT_FIRST_DIAGNOSIS":{"CATEGORY":["FEMALE","MALE"],"MIN_VALUE":[0,1],"P10_VALUE":[27,23],"P25_VALUE":[38,34],"MEDIAN_VALUE":[50,45],"P75_VALUE":[64,60],"P90_VALUE":[77,73],"MAX_VALUE":[96,95]}}
