{"PREVALENCE_BY_GENDER_AGE_YEAR":{"TRELLIS_NAME":["80-89","70-79","80-89","70-79","70-79","80-89","70-79","70-79","60-69","80-89","80-89","70-79","70-79","80-89","80-89","70-79","70-79","80-89","60-69","70-79","70-79","80-89","70-79","70-79","80-89","80-89","60-69","60-69","80-89","70-79","60-69","70-79","80-89","80-89","70-79","70-79","80-89","80-89","70-79","60-69"],"SERIES_NAME":["FEMALE","FEMALE","FEMALE","MALE","FEMALE","MALE","FEMALE","FEMALE","FEMALE","FEMALE","FEMALE","FEMALE","FEMALE","FEMALE","FEMALE","FEMALE","FEMALE","FEMALE","FEMALE","FEMALE","FEMALE","FEMALE","FEMALE","FEMALE","FEMALE","MALE","MALE","FEMALE","FEMALE","FEMALE","FEMALE","FEMALE","FEMALE","FEMALE","MALE","FEMALE","MALE","FEMALE","FEMALE","FEMALE"],"X_CALENDAR_YEAR":[1997,1998,1998,1999,1999,1999,2000,2001,2001,2001,2002,2002,2003,2003,2004,2004,2005,2006,2006,2007,2008,2008,2009,2010,2011,2011,2011,2011,2012,2012,2012,2013,2013,2014,2014,2015,2015,2015,2016,2018],"Y_PREVALENCE_1000PP":[0.27663,0.13845,0.16012,0.08334,0.06491,0.21661,0.06932,0.06247,0.03637,0.08814,0.08681,0.04343,0.07734,0.07258,0.05905,0.06591,0.06909,0.0621,0.02321,0.04263,0.02761,0.06947,0.02736,0.0499,0.05496,0.07362,0.01872,0.02129,0.09654,0.03121,0.04269,0.04808,0.14619,0.09513,0.03046,0.04393,0.09133,0.06398,0.07923,0.03252]},"PREVALENCE_BY_MONTH":{"X_CALENDAR_MONTH":[199707,199811,200107,200208,200302,200407,200509,200605,200809,201104,201109,201209,201210,201211,201302,201304,201305,201307,201311,201411,201506,201512,201610],"Y_PREVALENCE_1000PP":[0.0095,0.00441,0.00298,0.00191,0.00185,0.00163,0.00154,0.0015,0.00114,0.00111,0.00109,0.00145,0.00109,0.0011,0.00111,0.00111,0.0013,0.0013,0.00113,0.00123,0.00135,0.00148,0.00244]},"LENGTH_OF_ERA":{"CATEGORY":"Length of era","MIN_VALUE":1,"P10_VALUE":1,"P25_VALUE":1,"MEDIAN_VALUE":1,"P75_VALUE":1,"P90_VALUE":1,"MAX_VALUE":57},"AGE_AT_FIRST_DIAGNOSIS":{"CATEGORY":["FEMALE","MALE"],"MIN_VALUE":[15,21],"P10_VALUE":[62,56],"P25_VALUE":[70,66],"MEDIAN_VALUE":[78,77],"P75_VALUE":[83,84],"P90_VALUE":[88,88],"MAX_VALUE":[101,99]}}
