{"PREVALENCE_BY_GENDER_AGE_YEAR":{"TRELLIS_NAME":"70-79","SERIES_NAME":"FEMALE","X_CALENDAR_YEAR":2003,"Y_PREVALENCE_1000PP":0.03569},"PREVALENCE_BY_MONTH":{"X_CALENDAR_MONTH":[199708,200006,200108,200306,200307,200308,200506,200507,200607,200807,200906,200907,201006,201205,201307,201407,201507,201607,201706,201807],"Y_PREVALENCE_1000PP":[0.00625,0.00253,0.00226,0.00208,0.00335,0.00488,0.00314,0.00178,0.00748,0.00172,0.00226,0.00188,0.00172,0.00146,0.00389,0.00274,0.00157,0.0021,0.00233,0.00315]},"LENGTH_OF_ERA":{"CATEGORY":"Length of era","MIN_VALUE":1,"P10_VALUE":1,"P25_VALUE":1,"MEDIAN_VALUE":1,"P75_VALUE":1,"P90_VALUE":1,"MAX_VALUE":5},"AGE_AT_FIRST_DIAGNOSIS":{"CATEGORY":["FEMALE","MALE"],"MIN_VALUE":[0,1],"P10_VALUE":[5,7],"P25_VALUE":[21,15],"MEDIAN_VALUE":[41,33],"P75_VALUE":[69,58],"P90_VALUE":[82,74],"MAX_VALUE":[95,90]}}
