{"PREVALENCE_BY_GENDER_AGE_YEAR":{"TRELLIS_NAME":["70-79","40-49","50-59","70-79","30-39","30-39","50-59","50-59","70-79","80-89","60-69","40-49","60-69","30-39","60-69","40-49","70-79","60-69","50-59","40-49","50-59","70-79","30-39","60-69","70-79","80-89","50-59","40-49","50-59","70-79","80-89","50-59","60-69","40-49","70-79","70-79","40-49","50-59","60-69","50-59","40-49","60-69","50-59","30-39","70-79","40-49","70-79","60-69","40-49","40-49","70-79","50-59","60-69","30-39","20-29","50-59","50-59","50-59","30-39","60-69","40-49","40-49"],"SERIES_NAME":["FEMALE","FEMALE","MALE","MALE","MALE","MALE","MALE","FEMALE","FEMALE","FEMALE","MALE","MALE","FEMALE","MALE","MALE","MALE","FEMALE","MALE","FEMALE","MALE","FEMALE","FEMALE","MALE","FEMALE","FEMALE","FEMALE","FEMALE","MALE","MALE","FEMALE","FEMALE","FEMALE","MALE","FEMALE","FEMALE","MALE","MALE","MALE","MALE","FEMALE","FEMALE","FEMALE","MALE","MALE","FEMALE","MALE","MALE","FEMALE","MALE","FEMALE","FEMALE","FEMALE","MALE","MALE","MALE","FEMALE","FEMALE","MALE","MALE","FEMALE","MALE","FEMALE"],"X_CALENDAR_YEAR":[2000,2000,2001,2002,2002,2003,2003,2004,2004,2005,2005,2005,2006,2006,2006,2006,2006,2007,2007,2008,2008,2008,2008,2008,2009,2009,2009,2009,2010,2010,2010,2010,2010,2011,2011,2011,2011,2011,2011,2012,2012,2012,2012,2012,2013,2013,2013,2013,2014,2014,2014,2014,2014,2015,2015,2015,2016,2016,2017,2017,2017,2018],"Y_PREVALENCE_1000PP":[0.06065,0.03222,0.03447,0.0457,0.02103,0.02008,0.02848,0.02028,0.03296,0.05666,0.02959,0.02396,0.02321,0.01537,0.0275,0.01758,0.03064,0.02104,0.02367,0.01351,0.01734,0.02761,0.02198,0.02642,0.03192,0.04134,0.0172,0.0313,0.0273,0.04537,0.04163,0.02245,0.02886,0.01592,0.02682,0.04607,0.02405,0.02383,0.01872,0.01879,0.01383,0.02135,0.02103,0.02215,0.02623,0.03162,0.02976,0.02732,0.01958,0.01768,0.04039,0.01631,0.0232,0.02016,0.02432,0.02045,0.02738,0.0236,0.02215,0.02872,0.03023,0.04927]},"PREVALENCE_BY_MONTH":{"X_CALENDAR_MONTH":[200003,200007,200008,200105,200110,200203,200207,200208,200306,200308,200309,200311,200407,200408,200409,200503,200505,200506,200507,200508,200604,200605,200606,200607,200609,200610,200611,200705,200707,200709,200801,200803,200805,200806,200808,200906,200907,200908,200910,201001,201002,201003,201004,201005,201006,201007,201008,201009,201010,201011,201101,201103,201105,201106,201107,201108,201109,201110,201111,201112,201201,201207,201208,201211,201305,201306,201307,201309,201310,201311,201312,201402,201403,201404,201405,201406,201407,201409,201410,201505,201506,201507,201509,201510,201603,201608,201609,201703,201706,201807,201903],"Y_PREVALENCE_1000PP":[0.00264,0.0025,0.00247,0.00205,0.00341,0.00172,0.00274,0.00164,0.00156,0.0018,0.00179,0.00253,0.00257,0.00256,0.00185,0.00136,0.00225,0.00202,0.00156,0.00177,0.00129,0.00172,0.00171,0.00363,0.0017,0.00211,0.00126,0.00123,0.00121,0.0012,0.00194,0.00214,0.00194,0.00173,0.00134,0.00113,0.00301,0.00151,0.00132,0.00114,0.00133,0.00114,0.00114,0.00172,0.00134,0.00134,0.00191,0.00152,0.00151,0.00169,0.00131,0.00185,0.00184,0.00147,0.00184,0.00147,0.00109,0.00127,0.00128,0.00146,0.00109,0.00128,0.00254,0.0011,0.0013,0.00149,0.0013,0.0013,0.0015,0.00113,0.00154,0.00114,0.00153,0.00211,0.00115,0.00155,0.00157,0.00119,0.00142,0.00151,0.00158,0.00135,0.00157,0.0014,0.00224,0.00187,0.00214,0.0017,0.00175,0.00189,0.00198]},"LENGTH_OF_ERA":{"CATEGORY":"Length of era","MIN_VALUE":1,"P10_VALUE":1,"P25_VALUE":1,"MEDIAN_VALUE":1,"P75_VALUE":1,"P90_VALUE":1,"MAX_VALUE":30},"AGE_AT_FIRST_DIAGNOSIS":{"CATEGORY":["MALE","FEMALE"],"MIN_VALUE":[0,1],"P10_VALUE":[23,26],"P25_VALUE":[35,44],"MEDIAN_VALUE":[49,59],"P75_VALUE":[65,74],"P90_VALUE":[77,84],"MAX_VALUE":[94,100]}}
