{"PREVALENCE_BY_GENDER_AGE_YEAR":{"TRELLIS_NAME":["40-49","20-29","60-69","30-39","30-39","30-39","40-49","50-59","20-29","60-69","50-59","20-29","40-49","30-39","30-39","50-59","40-49","20-29","30-39","50-59","30-39","20-29","50-59","60-69","10-19","50-59","40-49","20-29","30-39","50-59","40-49","30-39","10-19","60-69","40-49","20-29","50-59","10-19","50-59","10-19","30-39","20-29","60-69","40-49","30-39","10-19","30-39","10-19","50-59","60-69","50-59","40-49","50-59","10-19","30-39","30-39","30-39"],"SERIES_NAME":["MALE","MALE","MALE","MALE","MALE","MALE","MALE","MALE","MALE","MALE","MALE","MALE","MALE","MALE","MALE","MALE","MALE","MALE","MALE","MALE","MALE","MALE","MALE","MALE","MALE","MALE","MALE","MALE","MALE","MALE","MALE","MALE","MALE","MALE","MALE","MALE","MALE","MALE","MALE","MALE","MALE","MALE","MALE","MALE","MALE","MALE","MALE","MALE","MALE","MALE","MALE","MALE","MALE","MALE","MALE","MALE","MALE"],"X_CALENDAR_YEAR":[1996,1996,1997,1997,1998,1999,1999,1999,1999,1999,2000,2000,2000,2000,2001,2001,2001,2001,2002,2002,2003,2003,2003,2003,2004,2004,2004,2004,2004,2005,2005,2005,2005,2006,2006,2006,2006,2007,2007,2008,2008,2008,2009,2009,2009,2009,2010,2010,2010,2010,2011,2012,2013,2013,2013,2014,2015],"Y_PREVALENCE_1000PP":[0.15143,0.14731,0.13699,0.0875,0.04929,0.03861,0.05915,0.05054,0.08694,0.06091,0.06702,0.06279,0.03579,0.03012,0.03043,0.02585,0.02766,0.05417,0.01803,0.02646,0.02582,0.02268,0.02848,0.06472,0.02642,0.01969,0.02832,0.03767,0.0214,0.01884,0.02396,0.01839,0.03246,0.03929,0.02261,0.02124,0.03346,0.0192,0.01727,0.03099,0.03175,0.02938,0.01967,0.01565,0.01967,0.01844,0.03196,0.03372,0.01638,0.01924,0.02119,0.01337,0.01551,0.01835,0.01728,0.01578,0.01728]},"PREVALENCE_BY_MONTH":{"X_CALENDAR_MONTH":[199610,199711,199903,199909,200006,200008,200106,200107,200110,200209,200303,200305,200308,200403,200408,200410,200505,200602,200605,200608,200609,200804,200806,200808,200810,200902,200905,201004,201005,201006,201012,201206,201302,201402],"Y_PREVALENCE_1000PP":[0.01264,0.00687,0.00531,0.0035,0.0038,0.00247,0.00201,0.00231,0.00341,0.00217,0.00158,0.00209,0.0018,0.00169,0.00139,0.00138,0.00135,0.0013,0.0015,0.00149,0.00127,0.00155,0.00173,0.00115,0.00133,0.00113,0.00113,0.00152,0.00152,0.00115,0.00113,0.00109,0.00111,0.00114]},"LENGTH_OF_ERA":{"CATEGORY":"Length of era","MIN_VALUE":1,"P10_VALUE":1,"P25_VALUE":1,"MEDIAN_VALUE":1,"P75_VALUE":1,"P90_VALUE":1,"MAX_VALUE":33},"AGE_AT_FIRST_DIAGNOSIS":{"CATEGORY":"MALE","MIN_VALUE":0,"P10_VALUE":16,"P25_VALUE":25,"MEDIAN_VALUE":40,"P75_VALUE":57,"P90_VALUE":69,"MAX_VALUE":91}}
