{"PREVALENCE_BY_GENDER_AGE_YEAR":{"TRELLIS_NAME":["60-69","70-79","50-59","70-79","60-69","50-59","60-69","50-59","70-79","40-49","80-89","80-89","60-69","40-49","50-59","70-79","70-79","40-49","60-69","80-89","50-59","70-79","80-89","40-49","60-69","50-59","70-79","30-39","80-89","60-69","20-29","50-59","40-49","40-49","80-89","50-59","70-79","60-69","50-59","40-49","60-69","70-79","80-89","70-79","60-69","80-89","40-49","50-59","50-59","60-69","40-49","70-79","80-89","70-79","80-89","50-59","40-49","60-69","50-59","70-79","40-49","80-89","60-69","60-69","30-39","40-49","80-89","70-79","50-59","60-69","80-89","50-59","30-39","70-79","40-49","60-69","80-89","50-59","70-79","80-89","60-69","70-79","50-59","70-79","40-49","50-59","60-69","80-89","60-69","70-79","50-59","70-79","50-59","60-69","80-89"],"SERIES_NAME":["MALE","MALE","MALE","MALE","MALE","MALE","MALE","MALE","MALE","MALE","MALE","MALE","MALE","MALE","MALE","MALE","MALE","MALE","MALE","MALE","MALE","MALE","MALE","MALE","MALE","MALE","MALE","MALE","MALE","MALE","MALE","MALE","MALE","MALE","MALE","MALE","MALE","MALE","MALE","MALE","MALE","MALE","MALE","MALE","MALE","MALE","MALE","MALE","MALE","MALE","MALE","MALE","MALE","MALE","MALE","MALE","MALE","MALE","MALE","MALE","MALE","MALE","MALE","MALE","MALE","MALE","MALE","MALE","MALE","MALE","MALE","MALE","MALE","MALE","MALE","MALE","MALE","MALE","MALE","MALE","MALE","MALE","MALE","MALE","MALE","MALE","MALE","MALE","MALE","MALE","MALE","MALE","MALE","MALE","MALE"],"X_CALENDAR_YEAR":[1997,1998,1999,1999,1999,2000,2000,2001,2001,2001,2001,2002,2002,2002,2002,2002,2003,2003,2003,2003,2003,2004,2004,2004,2004,2004,2005,2005,2005,2005,2005,2005,2005,2006,2006,2006,2006,2006,2007,2007,2007,2007,2007,2008,2008,2008,2008,2008,2009,2009,2009,2009,2009,2010,2010,2010,2010,2010,2011,2011,2011,2011,2011,2012,2012,2012,2012,2012,2012,2013,2013,2013,2013,2013,2013,2014,2014,2014,2014,2015,2015,2015,2015,2016,2016,2016,2016,2016,2017,2017,2017,2018,2018,2018,2018],"Y_PREVALENCE_1000PP":[0.11742,0.13961,0.05054,0.08334,0.07107,0.0391,0.09512,0.0474,0.09554,0.03556,0.14014,0.13776,0.04854,0.02056,0.06048,0.09141,0.10791,0.0222,0.0697,0.14399,0.03559,0.11819,0.14618,0.02832,0.09785,0.06564,0.09497,0.02364,0.16555,0.11838,0.01942,0.05338,0.03194,0.02512,0.12968,0.03954,0.13287,0.07071,0.03167,0.02089,0.05611,0.11102,0.11916,0.1123,0.08029,0.11284,0.01351,0.05911,0.03622,0.03278,0.02459,0.06848,0.09915,0.05222,0.08669,0.04095,0.01776,0.05451,0.02913,0.08191,0.02842,0.08414,0.04991,0.04391,0.01969,0.02673,0.11381,0.08134,0.04731,0.0469,0.08187,0.02586,0.02222,0.05455,0.02033,0.05633,0.06344,0.03211,0.08632,0.12559,0.0505,0.07687,0.03166,0.06981,0.0267,0.02697,0.04765,0.08166,0.04911,0.04127,0.02977,0.1063,0.02499,0.03313,0.13447]},"PREVALENCE_BY_MONTH":{"X_CALENDAR_MONTH":[200006,200009,200102,200105,200107,200111,200202,200207,200209,200210,200211,200303,200304,200306,200307,200310,200311,200312,200401,200402,200405,200406,200407,200408,200410,200411,200501,200502,200503,200504,200505,200506,200507,200508,200509,200510,200511,200601,200602,200603,200605,200606,200607,200610,200611,200701,200702,200703,200706,200707,200708,200710,200711,200801,200802,200803,200805,200806,200807,200808,200809,200810,200811,200812,200902,200903,200905,200906,200907,200909,200911,200912,201001,201002,201003,201006,201008,201009,201103,201104,201105,201106,201107,201108,201109,201111,201112,201201,201202,201203,201204,201205,201206,201208,201210,201211,201302,201304,201306,201307,201308,201309,201311,201312,201402,201403,201404,201405,201409,201410,201411,201503,201506,201509,201510,201512,201601,201604,201606,201608,201706,201801,201803,201809],"Y_PREVALENCE_1000PP":[0.00253,0.00242,0.00217,0.00274,0.00265,0.00246,0.00174,0.00165,0.00244,0.00188,0.00188,0.0021,0.00183,0.00182,0.00257,0.0028,0.00177,0.00177,0.00222,0.00148,0.00237,0.00164,0.0021,0.00139,0.00276,0.00321,0.00159,0.00158,0.00181,0.00248,0.00225,0.00179,0.00156,0.00266,0.00154,0.00329,0.00284,0.00151,0.00152,0.00282,0.00172,0.00256,0.00192,0.00127,0.00189,0.00145,0.00124,0.00145,0.00203,0.00161,0.00141,0.00197,0.00176,0.00174,0.00116,0.00117,0.00155,0.00154,0.00191,0.00172,0.00209,0.00171,0.00133,0.00151,0.00113,0.00132,0.00113,0.00132,0.00113,0.00207,0.00113,0.00133,0.00151,0.00114,0.00133,0.00115,0.00134,0.00133,0.0013,0.00148,0.00148,0.00147,0.00165,0.00183,0.00109,0.00128,0.00128,0.00109,0.00146,0.00145,0.00109,0.00146,0.00182,0.00163,0.00182,0.00183,0.00129,0.00148,0.00186,0.00241,0.00111,0.00111,0.00113,0.00134,0.00114,0.00134,0.00192,0.00134,0.00119,0.00121,0.00143,0.00173,0.00158,0.00202,0.00233,0.00148,0.00148,0.002,0.00154,0.0016,0.00175,0.00216,0.00185,0.00192]},"LENGTH_OF_ERA":{"CATEGORY":"Length of era","MIN_VALUE":1,"P10_VALUE":1,"P25_VALUE":1,"MEDIAN_VALUE":1,"P75_VALUE":1,"P90_VALUE":1,"MAX_VALUE":33},"AGE_AT_FIRST_DIAGNOSIS":{"CATEGORY":["MALE","FEMALE"],"MIN_VALUE":[0,3],"P10_VALUE":[38,34],"P25_VALUE":[51,52],"MEDIAN_VALUE":[63,70],"P75_VALUE":[74,81],"P90_VALUE":[82,85],"MAX_VALUE":[98,95]}}
