{"PREVALENCE_BY_GENDER_AGE_YEAR":{"TRELLIS_NAME":["30-39","20-29","20-29","30-39","20-29","30-39","20-29","30-39","20-29","30-39","40-49","20-29","30-39","40-49","30-39","20-29","20-29","10-19","40-49","30-39","40-49","10-19","30-39","20-29","10-19","40-49","30-39","20-29","40-49","30-39","20-29","40-49","30-39","20-29","10-19","20-29","40-49","30-39","10-19","40-49","20-29","30-39","20-29","40-49","30-39","30-39","20-29","10-19","40-49","30-39","20-29","40-49","40-49","30-39","20-29","30-39","20-29","30-39","20-29","40-49","40-49","20-29","30-39","30-39"],"SERIES_NAME":["FEMALE","FEMALE","FEMALE","FEMALE","FEMALE","FEMALE","FEMALE","FEMALE","FEMALE","FEMALE","FEMALE","FEMALE","FEMALE","FEMALE","FEMALE","FEMALE","FEMALE","FEMALE","FEMALE","FEMALE","FEMALE","FEMALE","FEMALE","FEMALE","FEMALE","FEMALE","FEMALE","FEMALE","FEMALE","FEMALE","FEMALE","FEMALE","FEMALE","FEMALE","FEMALE","FEMALE","FEMALE","FEMALE","FEMALE","FEMALE","FEMALE","FEMALE","FEMALE","FEMALE","FEMALE","FEMALE","FEMALE","FEMALE","FEMALE","FEMALE","FEMALE","FEMALE","FEMALE","FEMALE","FEMALE","FEMALE","FEMALE","FEMALE","FEMALE","FEMALE","FEMALE","FEMALE","FEMALE","FEMALE"],"X_CALENDAR_YEAR":[1998,1998,1999,1999,2000,2000,2001,2001,2002,2002,2003,2003,2003,2004,2004,2004,2005,2005,2005,2005,2006,2006,2006,2006,2007,2007,2007,2007,2008,2008,2008,2009,2009,2009,2009,2010,2010,2010,2010,2011,2011,2011,2012,2012,2012,2013,2013,2013,2013,2014,2014,2014,2015,2015,2015,2016,2016,2017,2017,2017,2018,2018,2018,2019],"Y_PREVALENCE_1000PP":[0.04978,0.12713,0.0682,0.11225,0.10259,0.06162,0.10792,0.11082,0.08806,0.13229,0.02333,0.12697,0.15883,0.02085,0.16222,0.09903,0.11574,0.02855,0.03365,0.19482,0.0318,0.02704,0.09251,0.11683,0.02147,0.01711,0.16713,0.13735,0.01656,0.20135,0.1366,0.01872,0.17665,0.13465,0.02029,0.14195,0.02782,0.14813,0.02685,0.02956,0.1458,0.14626,0.13793,0.01844,0.16918,0.22304,0.12086,0.02271,0.01869,0.16817,0.10227,0.03284,0.017,0.22158,0.17122,0.13159,0.13217,0.20938,0.12066,0.02353,0.03584,0.12318,0.17629,0.05627]},"PREVALENCE_BY_MONTH":{"X_CALENDAR_MONTH":[199905,199907,200007,200008,200104,200105,200107,200109,200204,200206,200207,200208,200210,200211,200301,200302,200303,200304,200307,200308,200309,200310,200401,200402,200403,200406,200407,200408,200409,200410,200412,200501,200502,200503,200504,200505,200506,200507,200508,200509,200510,200511,200512,200602,200603,200604,200606,200607,200608,200609,200610,200612,200701,200702,200703,200704,200705,200706,200707,200708,200709,200710,200711,200712,200801,200802,200803,200804,200805,200806,200807,200808,200809,200810,200811,200812,200901,200902,200903,200904,200905,200906,200907,200908,200909,200910,200911,201001,201002,201003,201004,201005,201006,201007,201008,201009,201010,201012,201101,201102,201103,201104,201105,201106,201107,201108,201109,201110,201111,201112,201201,201202,201203,201204,201205,201206,201207,201208,201209,201210,201211,201212,201301,201302,201303,201304,201305,201306,201307,201308,201309,201310,201311,201312,201401,201402,201403,201404,201405,201406,201407,201408,201409,201410,201411,201412,201501,201502,201503,201504,201505,201506,201507,201508,201509,201510,201511,201512,201601,201602,201603,201604,201607,201608,201609,201611,201612,201701,201702,201703,201704,201705,201706,201708,201710,201711,201712,201801,201802,201803,201804,201808,201809,201810,201811,201812,201901,201903],"Y_PREVALENCE_1000PP":[0.00447,0.00373,0.00375,0.00288,0.00348,0.0024,0.00331,0.00254,0.00307,0.00221,0.00274,0.00273,0.00242,0.00188,0.00292,0.0029,0.00184,0.00236,0.00412,0.00154,0.00256,0.0028,0.00198,0.00222,0.00314,0.00188,0.00187,0.00325,0.00324,0.00138,0.0016,0.00317,0.00249,0.00271,0.00384,0.0027,0.00246,0.00133,0.00222,0.0022,0.00219,0.00175,0.00175,0.0013,0.00433,0.00129,0.0015,0.0015,0.00149,0.00255,0.00169,0.00189,0.00291,0.00269,0.00166,0.00186,0.00225,0.00325,0.00302,0.00281,0.00139,0.00197,0.00137,0.00156,0.00232,0.00175,0.00233,0.00252,0.00136,0.0023,0.00306,0.00306,0.00228,0.00228,0.00171,0.00265,0.00207,0.00189,0.00282,0.00246,0.00245,0.00207,0.00357,0.00151,0.00169,0.00226,0.00283,0.00208,0.00342,0.00209,0.00152,0.00172,0.00153,0.00344,0.00324,0.00209,0.00302,0.00113,0.0015,0.00149,0.00148,0.00278,0.00313,0.00276,0.00165,0.00238,0.00146,0.00164,0.00164,0.00274,0.00218,0.002,0.00309,0.00145,0.00182,0.00218,0.00237,0.00218,0.00145,0.00218,0.00165,0.00202,0.00239,0.00203,0.00204,0.00148,0.0039,0.00279,0.00259,0.00204,0.00167,0.00318,0.00282,0.00211,0.00248,0.00114,0.00191,0.00326,0.00249,0.00291,0.00137,0.00197,0.00119,0.00121,0.00163,0.00145,0.00249,0.00355,0.00324,0.00476,0.00195,0.00225,0.00202,0.00157,0.00292,0.00209,0.00308,0.00295,0.00173,0.00149,0.00224,0.00175,0.0021,0.00214,0.00241,0.00219,0.00274,0.00383,0.00196,0.00198,0.00171,0.002,0.0035,0.00265,0.00266,0.00181,0.00396,0.00278,0.00216,0.00216,0.00309,0.00223,0.00256,0.00228,0.00197,0.0023,0.00197,0.00264]},"LENGTH_OF_ERA":{"CATEGORY":"Length of era","MIN_VALUE":1,"P10_VALUE":1,"P25_VALUE":1,"MEDIAN_VALUE":1,"P75_VALUE":1,"P90_VALUE":1,"MAX_VALUE":79},"AGE_AT_FIRST_DIAGNOSIS":{"CATEGORY":"FEMALE","MIN_VALUE":0,"P10_VALUE":22,"P25_VALUE":26,"MEDIAN_VALUE":31,"P75_VALUE":35,"P90_VALUE":39,"MAX_VALUE":62}}
