{"PREVALENCE_BY_GENDER_AGE_YEAR":{"TRELLIS_NAME":["70-79","60-69","70-79","60-69","80-89","70-79","40-49","60-69","60-69","70-79","60-69","80-89","50-59","70-79","80-89","50-59","60-69","70-79","40-49","70-79","70-79","60-69","40-49","50-59","40-49","60-69","80-89","80-89","70-79","70-79","60-69","80-89","70-79","60-69","70-79","60-69","60-69","60-69","70-79","60-69","80-89","70-79","70-79","60-69","70-79","80-89","60-69","60-69","70-79","60-69","60-69","40-49","70-79","70-79","70-79"],"SERIES_NAME":["FEMALE","MALE","MALE","FEMALE","MALE","FEMALE","MALE","FEMALE","MALE","MALE","FEMALE","MALE","MALE","MALE","FEMALE","FEMALE","MALE","FEMALE","FEMALE","FEMALE","MALE","MALE","MALE","FEMALE","FEMALE","FEMALE","MALE","FEMALE","MALE","FEMALE","MALE","MALE","MALE","MALE","MALE","FEMALE","MALE","FEMALE","FEMALE","MALE","FEMALE","MALE","MALE","MALE","FEMALE","MALE","MALE","FEMALE","MALE","MALE","FEMALE","FEMALE","MALE","FEMALE","FEMALE"],"X_CALENDAR_YEAR":[1998,1999,1999,1999,2000,2000,2000,2000,2000,2000,2001,2001,2001,2001,2001,2001,2001,2001,2001,2002,2002,2002,2002,2002,2002,2002,2002,2002,2003,2003,2003,2004,2004,2004,2005,2005,2005,2006,2006,2006,2006,2006,2007,2007,2007,2008,2010,2010,2010,2011,2011,2012,2012,2013,2014],"Y_PREVALENCE_1000PP":[0.0923,0.07107,0.11112,0.05905,0.15818,0.13863,0.03579,0.04633,0.05548,0.11012,0.0485,0.18018,0.0474,0.13028,0.11017,0.03988,0.06824,0.09023,0.02488,0.08686,0.12188,0.0809,0.02742,0.05448,0.0288,0.0318,0.12054,0.11575,0.07194,0.03569,0.03485,0.10233,0.04596,0.03558,0.04432,0.02501,0.02537,0.02321,0.03064,0.0275,0.04657,0.06643,0.03331,0.02104,0.02842,0.10155,0.01924,0.01886,0.03133,0.02184,0.02129,0.01383,0.0305,0.06119,0.03141]},"PREVALENCE_BY_MONTH":{"X_CALENDAR_MONTH":[199804,199902,199903,199909,199910,199911,199912,200001,200002,200003,200005,200006,200008,200009,200010,200011,200101,200102,200103,200104,200105,200106,200107,200109,200110,200111,200112,200201,200202,200203,200204,200205,200206,200207,200208,200209,200210,200211,200304,200305,200309,200310,200401,200406,200501,200503,200505,200508,200601,200602,200607,200608,200610,200611,200703,200705,200710,200810,201208,201309,201407,201408,201604],"Y_PREVALENCE_1000PP":[0.00487,0.00471,0.00398,0.0035,0.0045,0.0032,0.00297,0.0027,0.00314,0.00352,0.00258,0.00253,0.00288,0.00403,0.006,0.00396,0.00221,0.0029,0.00493,0.00209,0.00513,0.00268,0.0043,0.00285,0.00279,0.0046,0.00182,0.00293,0.0032,0.00287,0.00335,0.00388,0.00193,0.00302,0.00328,0.00488,0.00242,0.00161,0.00157,0.00157,0.0023,0.00178,0.00173,0.00141,0.00136,0.00136,0.00135,0.002,0.0013,0.00152,0.00128,0.00149,0.00127,0.00147,0.00145,0.00164,0.00118,0.00152,0.00145,0.00111,0.00137,0.00118,0.0015]},"LENGTH_OF_ERA":{"CATEGORY":"Length of era","MIN_VALUE":1,"P10_VALUE":1,"P25_VALUE":1,"MEDIAN_VALUE":1,"P75_VALUE":1,"P90_VALUE":1,"MAX_VALUE":61},"AGE_AT_FIRST_DIAGNOSIS":{"CATEGORY":["FEMALE","MALE"],"MIN_VALUE":[1,1],"P10_VALUE":[36,36],"P25_VALUE":[48,50],"MEDIAN_VALUE":[64,64],"P75_VALUE":[76,76],"P90_VALUE":[82,82],"MAX_VALUE":[95,94]}}
