{"PREVALENCE_BY_GENDER_AGE_YEAR":{"TRELLIS_NAME":["70-79","70-79","70-79","70-79","80-89","70-79","80-89","80-89","80-89","70-79","70-79","70-79","60-69","80-89","60-69","70-79","60-69","60-69","70-79","80-89","70-79","80-89","60-69","70-79","50-59","60-69","70-79","80-89","60-69","70-79","60-69","80-89","60-69","70-79","80-89","50-59","60-69","60-69","70-79","80-89","60-69","60-69","70-79","60-69","70-79","80-89","80-89","80-89","70-79","60-69","80-89","70-79","60-69","70-79","70-79","80-89","60-69","80-89","80-89","70-79","70-79","70-79","80-89","70-79","60-69","80-89","70-79"],"SERIES_NAME":["FEMALE","MALE","FEMALE","FEMALE","FEMALE","MALE","FEMALE","FEMALE","MALE","FEMALE","MALE","MALE","MALE","FEMALE","FEMALE","FEMALE","FEMALE","MALE","MALE","FEMALE","FEMALE","FEMALE","FEMALE","MALE","MALE","FEMALE","MALE","FEMALE","MALE","FEMALE","FEMALE","FEMALE","MALE","FEMALE","FEMALE","FEMALE","FEMALE","MALE","MALE","FEMALE","MALE","FEMALE","FEMALE","MALE","MALE","MALE","FEMALE","FEMALE","FEMALE","MALE","MALE","MALE","FEMALE","MALE","FEMALE","FEMALE","MALE","MALE","FEMALE","MALE","FEMALE","FEMALE","MALE","FEMALE","FEMALE","FEMALE","MALE"],"X_CALENDAR_YEAR":[2001,2002,2002,2003,2003,2004,2004,2005,2005,2005,2005,2006,2006,2006,2006,2006,2007,2007,2007,2007,2008,2008,2008,2008,2008,2009,2009,2009,2009,2009,2010,2010,2010,2011,2011,2011,2011,2011,2012,2012,2012,2013,2013,2013,2013,2013,2013,2014,2014,2014,2014,2014,2014,2015,2015,2015,2016,2016,2016,2016,2016,2017,2017,2018,2018,2018,2018],"Y_PREVALENCE_1000PP":[0.04165,0.0457,0.04343,0.05354,0.07258,0.06566,0.07592,0.11333,0.09657,0.0372,0.05698,0.06643,0.0275,0.08538,0.02321,0.03064,0.02763,0.04208,0.08326,0.05774,0.05062,0.07642,0.01982,0.03208,0.01689,0.03551,0.05794,0.05512,0.02623,0.02736,0.02828,0.07633,0.02245,0.06258,0.06183,0.02438,0.01825,0.04055,0.05592,0.10343,0.01882,0.02125,0.04808,0.02501,0.03968,0.07164,0.06962,0.07318,0.06731,0.0232,0.10573,0.06601,0.02892,0.06039,0.02929,0.07997,0.04765,0.08166,0.06733,0.03808,0.03396,0.04916,0.12091,0.08869,0.03252,0.10961,0.04556]},"PREVALENCE_BY_MONTH":{"X_CALENDAR_MONTH":[200210,200304,200306,200307,200412,200501,200502,200504,200507,200508,200512,200602,200603,200605,200611,200701,200703,200706,200707,200708,200710,200712,200804,200806,200807,200810,200903,200905,200906,200910,201002,201004,201008,201011,201103,201105,201107,201108,201110,201201,201205,201208,201209,201211,201212,201303,201304,201305,201307,201309,201311,201402,201404,201405,201407,201408,201409,201411,201412,201502,201505,201506,201510,201601,201604,201605,201610,201701,201702,201703,201801,201806,201807,201808,201809,201810],"Y_PREVALENCE_1000PP":[0.00188,0.00157,0.00156,0.00154,0.00183,0.00136,0.00136,0.00135,0.00156,0.00155,0.00175,0.0013,0.00195,0.00172,0.00147,0.00125,0.00124,0.00183,0.00161,0.00201,0.00138,0.00195,0.00155,0.00134,0.00153,0.00133,0.00132,0.0017,0.00113,0.00151,0.00133,0.00114,0.00172,0.00169,0.0013,0.00221,0.0011,0.00183,0.00127,0.00146,0.00109,0.00145,0.00127,0.0011,0.0011,0.00111,0.00111,0.0013,0.00148,0.0013,0.00207,0.00153,0.00115,0.00134,0.00196,0.00178,0.00119,0.00204,0.00166,0.00146,0.00151,0.00158,0.0014,0.00148,0.002,0.00253,0.0019,0.00192,0.00168,0.00312,0.00185,0.00186,0.00315,0.00223,0.00224,0.00293]},"LENGTH_OF_ERA":{"CATEGORY":"Length of era","MIN_VALUE":1,"P10_VALUE":1,"P25_VALUE":1,"MEDIAN_VALUE":1,"P75_VALUE":1,"P90_VALUE":1,"MAX_VALUE":54},"AGE_AT_FIRST_DIAGNOSIS":{"CATEGORY":["MALE","FEMALE"],"MIN_VALUE":[2,2],"P10_VALUE":[48,48],"P25_VALUE":[61,63],"MEDIAN_VALUE":[71,75],"P75_VALUE":[79,83],"P90_VALUE":[85,89],"MAX_VALUE":[96,100]}}
