{"PREVALENCE_BY_GENDER_AGE_YEAR":{"TRELLIS_NAME":["30-39","30-39","20-29","30-39","20-29","30-39","40-49","30-39","20-29","30-39","20-29","30-39","20-29","30-39","20-29","40-49","30-39","40-49","20-29","20-29","30-39","30-39","30-39","30-39","30-39","30-39"],"SERIES_NAME":["FEMALE","FEMALE","FEMALE","FEMALE","FEMALE","FEMALE","FEMALE","FEMALE","FEMALE","FEMALE","FEMALE","FEMALE","FEMALE","FEMALE","FEMALE","FEMALE","FEMALE","FEMALE","FEMALE","FEMALE","FEMALE","FEMALE","FEMALE","FEMALE","FEMALE","FEMALE"],"X_CALENDAR_YEAR":[1996,1998,2000,2000,2001,2001,2002,2002,2002,2003,2003,2004,2004,2005,2005,2005,2006,2006,2006,2007,2007,2008,2009,2010,2011,2012],"Y_PREVALENCE_1000PP":[0.13569,0.05807,0.0324,0.03961,0.0259,0.0381,0.0216,0.03692,0.03063,0.05294,0.03265,0.07974,0.02641,0.03788,0.01877,0.01963,0.04758,0.0159,0.02337,0.01616,0.02026,0.02769,0.03028,0.02511,0.01487,0.01742]},"PREVALENCE_BY_MONTH":{"X_CALENDAR_MONTH":[200310,200402,200407,200412,200911],"Y_PREVALENCE_1000PP":[0.00153,0.00173,0.0014,0.0016,0.00113]},"LENGTH_OF_ERA":{"CATEGORY":"Length of era","MIN_VALUE":1,"P10_VALUE":1,"P25_VALUE":1,"MEDIAN_VALUE":1,"P75_VALUE":1,"P90_VALUE":1,"MAX_VALUE":30},"AGE_AT_FIRST_DIAGNOSIS":{"CATEGORY":"FEMALE","MIN_VALUE":16,"P10_VALUE":25,"P25_VALUE":29,"MEDIAN_VALUE":33,"P75_VALUE":37,"P90_VALUE":40,"MAX_VALUE":48}}
