{"PREVALENCE_BY_GENDER_AGE_YEAR":{"TRELLIS_NAME":["80-89","80-89","80-89","70-79","80-89","80-89","70-79","90-99","80-89","80-89","90-99","70-79","70-79","80-89","80-89","80-89","80-89","90-99","70-79","90-99","70-79","70-79","80-89","70-79","90-99","90-99","80-89","80-89","90-99","80-89","70-79","90-99","90-99","80-89","80-89","70-79","70-79","80-89","70-79","80-89","90-99","70-79","80-89","90-99","70-79","70-79","80-89","80-89","70-79","80-89","90-99","80-89","90-99","80-89","70-79","80-89","90-99","80-89","70-79","90-99","80-89","80-89","80-89","70-79","80-89","90-99","80-89","90-99","80-89","80-89"],"SERIES_NAME":["FEMALE","MALE","FEMALE","FEMALE","MALE","FEMALE","FEMALE","FEMALE","FEMALE","MALE","FEMALE","FEMALE","MALE","FEMALE","MALE","MALE","FEMALE","MALE","FEMALE","FEMALE","MALE","FEMALE","MALE","MALE","MALE","FEMALE","FEMALE","MALE","FEMALE","FEMALE","FEMALE","MALE","FEMALE","MALE","FEMALE","FEMALE","MALE","MALE","MALE","FEMALE","FEMALE","FEMALE","FEMALE","FEMALE","FEMALE","MALE","MALE","MALE","FEMALE","FEMALE","FEMALE","FEMALE","FEMALE","MALE","MALE","MALE","FEMALE","FEMALE","FEMALE","FEMALE","MALE","FEMALE","FEMALE","FEMALE","MALE","FEMALE","MALE","FEMALE","FEMALE","MALE"],"X_CALENDAR_YEAR":[1998,1999,1999,2000,2000,2000,2001,2001,2001,2001,2002,2002,2002,2002,2002,2003,2003,2003,2003,2003,2003,2004,2004,2004,2004,2004,2004,2005,2005,2005,2005,2006,2006,2006,2006,2006,2006,2007,2007,2007,2007,2007,2008,2008,2008,2008,2008,2009,2009,2009,2009,2010,2010,2010,2010,2011,2011,2011,2012,2012,2012,2012,2013,2013,2013,2013,2014,2015,2015,2016],"Y_PREVALENCE_1000PP":[0.29356,0.25271,0.1887,0.07798,0.26363,0.25586,0.06941,0.63535,0.26441,0.24025,0.76602,0.04343,0.07617,0.32795,0.2583,0.17599,0.30846,0.74444,0.07734,0.39099,0.07194,0.08239,0.24851,0.06566,0.86915,0.67985,0.29525,0.27592,0.62325,0.25094,0.05315,0.61533,0.54498,0.23342,0.26391,0.04596,0.03624,0.10725,0.06106,0.25983,0.64329,0.02842,0.22231,0.54727,0.04141,0.04813,0.19182,0.15424,0.05473,0.22047,0.22687,0.1249,0.18162,0.09753,0.03133,0.12621,0.24656,0.10992,0.02675,0.31239,0.08277,0.08275,0.09746,0.03934,0.0614,0.23647,0.08459,0.1888,0.04798,0.12249]},"PREVALENCE_BY_MONTH":{"X_CALENDAR_MONTH":[200007,200103,200106,200107,200108,200109,200110,200111,200112,200201,200202,200203,200204,200205,200206,200207,200208,200210,200211,200212,200301,200302,200303,200304,200306,200307,200308,200310,200311,200312,200401,200402,200403,200404,200405,200406,200407,200408,200409,200410,200411,200412,200501,200502,200503,200504,200506,200507,200508,200510,200511,200601,200602,200603,200604,200605,200607,200608,200610,200611,200612,200701,200702,200703,200704,200705,200706,200707,200708,200709,200710,200711,200712,200801,200802,200803,200805,200806,200808,200809,200810,200812,200902,200903,200904,200907,200908,200909,200911,200912,201002,201007,201012,201102,201110,201112,201202,201211,201301,201309,201501,201503],"Y_PREVALENCE_1000PP":[0.00333,0.00282,0.00235,0.00231,0.00194,0.0019,0.00217,0.00184,0.00274,0.00264,0.00203,0.00201,0.00223,0.00194,0.00221,0.00302,0.00164,0.00323,0.00188,0.00268,0.00265,0.00185,0.00158,0.00157,0.00182,0.00283,0.00205,0.0028,0.00279,0.00202,0.00371,0.00197,0.00169,0.00286,0.00189,0.00188,0.0021,0.00186,0.00324,0.00207,0.00183,0.00229,0.0034,0.00203,0.00181,0.00135,0.00134,0.00222,0.00222,0.00219,0.00284,0.00151,0.00152,0.00303,0.00151,0.00193,0.00192,0.00256,0.00148,0.00168,0.0021,0.00187,0.00145,0.00186,0.00124,0.00164,0.00142,0.00141,0.00241,0.00219,0.00177,0.00195,0.00156,0.00174,0.00311,0.00136,0.00136,0.00154,0.00134,0.00228,0.00152,0.00132,0.0017,0.00188,0.0017,0.0015,0.00113,0.00113,0.00151,0.00152,0.00171,0.00172,0.0015,0.00168,0.00109,0.00146,0.00146,0.00128,0.00128,0.00111,0.00145,0.00129]},"LENGTH_OF_ERA":{"CATEGORY":"Length of era","MIN_VALUE":1,"P10_VALUE":1,"P25_VALUE":1,"MEDIAN_VALUE":1,"P75_VALUE":1,"P90_VALUE":1,"MAX_VALUE":199},"AGE_AT_FIRST_DIAGNOSIS":{"CATEGORY":["MALE","FEMALE"],"MIN_VALUE":[18,27],"P10_VALUE":[68,75],"P25_VALUE":[76,80],"MEDIAN_VALUE":[82,86],"P75_VALUE":[86,90],"P90_VALUE":[91,93],"MAX_VALUE":[98,102]}}
