{"PREVALENCE_BY_GENDER_AGE_YEAR":{"TRELLIS_NAME":["30-39","20-29","40-49","30-39","40-49","20-29","50-59","30-39","40-49","10-19","20-29","20-29","30-39","10-19","50-59","40-49","40-49","20-29","10-19","50-59","30-39","30-39","20-29","50-59","40-49","10-19","30-39","10-19","50-59","40-49","20-29","20-29","50-59","40-49","30-39","10-19","30-39","40-49","50-59","20-29","10-19","50-59","20-29","40-49","30-39","10-19","20-29","40-49","50-59","30-39","10-19","10-19","20-29","40-49","30-39","50-59","40-49","10-19","30-39","20-29","10-19","20-29","40-49","30-39","10-19","20-29","40-49","30-39","30-39","10-19","40-49","20-29","40-49","20-29","10-19","30-39","30-39","20-29","40-49","40-49","20-29","30-39","20-29","30-39","40-49","20-29","30-39","40-49","30-39","20-29"],"SERIES_NAME":["FEMALE","FEMALE","FEMALE","FEMALE","FEMALE","FEMALE","FEMALE","FEMALE","FEMALE","FEMALE","FEMALE","FEMALE","FEMALE","FEMALE","FEMALE","FEMALE","FEMALE","FEMALE","FEMALE","FEMALE","FEMALE","FEMALE","FEMALE","FEMALE","FEMALE","FEMALE","FEMALE","FEMALE","FEMALE","FEMALE","FEMALE","FEMALE","FEMALE","FEMALE","FEMALE","FEMALE","FEMALE","FEMALE","FEMALE","FEMALE","FEMALE","FEMALE","FEMALE","FEMALE","FEMALE","FEMALE","FEMALE","FEMALE","FEMALE","FEMALE","FEMALE","FEMALE","FEMALE","FEMALE","FEMALE","FEMALE","FEMALE","FEMALE","FEMALE","FEMALE","FEMALE","FEMALE","FEMALE","FEMALE","FEMALE","FEMALE","FEMALE","FEMALE","FEMALE","FEMALE","FEMALE","FEMALE","FEMALE","FEMALE","FEMALE","FEMALE","FEMALE","FEMALE","FEMALE","FEMALE","FEMALE","FEMALE","FEMALE","FEMALE","FEMALE","FEMALE","FEMALE","FEMALE","FEMALE","FEMALE"],"X_CALENDAR_YEAR":[1996,1996,1996,1997,1997,1997,1998,1998,1998,1998,1998,1999,1999,1999,1999,1999,2000,2000,2000,2000,2000,2001,2001,2001,2001,2001,2002,2002,2002,2002,2002,2003,2003,2003,2003,2003,2004,2004,2004,2004,2004,2005,2005,2005,2005,2005,2006,2006,2006,2006,2006,2007,2007,2007,2007,2007,2008,2008,2008,2008,2009,2009,2009,2009,2010,2010,2010,2010,2011,2011,2011,2011,2012,2012,2012,2012,2013,2013,2013,2014,2014,2014,2015,2015,2015,2016,2016,2016,2018,2018],"Y_PREVALENCE_1000PP":[0.6397,0.59418,0.2468,1.00507,0.3917,0.94263,0.06582,1.0038,0.48052,0.18096,0.83125,0.77064,1.11125,0.15317,0.04463,0.35663,0.46175,0.86391,0.15796,0.09763,1.27631,1.32297,0.98855,0.06646,0.46852,0.11372,1.19373,0.12415,0.08172,0.53639,0.89209,0.92505,0.06958,0.55316,1.23825,0.12961,0.91009,0.28889,0.04394,0.67008,0.11151,0.0291,0.49111,0.20188,0.57364,0.06527,0.49655,0.20668,0.02192,0.50749,0.07726,0.05011,0.33125,0.11243,0.48873,0.01775,0.1183,0.05502,0.31965,0.33248,0.07102,0.25914,0.10532,0.29778,0.09396,0.27883,0.07651,0.29123,0.2008,0.04256,0.06139,0.215,0.05992,0.12561,0.02944,0.21893,0.17348,0.11592,0.07477,0.04042,0.06293,0.09197,0.08706,0.06906,0.03967,0.05565,0.08098,0.02413,0.0328,0.0308]},"PREVALENCE_BY_MONTH":{"X_CALENDAR_MONTH":[199607,199609,199610,199611,199701,199702,199703,199704,199705,199706,199707,199708,199709,199710,199711,199712,199801,199802,199803,199804,199805,199806,199807,199808,199809,199810,199811,199812,199901,199902,199903,199904,199905,199906,199907,199908,199909,199910,199911,199912,200001,200002,200003,200004,200005,200006,200007,200008,200009,200010,200011,200012,200101,200102,200103,200104,200105,200106,200107,200108,200109,200110,200111,200112,200201,200202,200203,200204,200205,200206,200207,200208,200209,200210,200211,200212,200301,200302,200303,200304,200305,200306,200307,200308,200309,200310,200311,200312,200401,200402,200403,200404,200405,200406,200407,200408,200409,200410,200411,200412,200501,200502,200503,200504,200505,200506,200507,200508,200509,200510,200511,200512,200601,200602,200603,200604,200605,200606,200607,200608,200609,200610,200611,200612,200701,200702,200703,200704,200705,200706,200707,200708,200709,200710,200711,200712,200801,200802,200803,200804,200805,200806,200807,200808,200809,200810,200811,200812,200901,200902,200903,200904,200905,200906,200907,200908,200909,200910,200911,200912,201001,201002,201003,201004,201005,201006,201007,201008,201009,201010,201011,201012,201101,201102,201103,201104,201105,201106,201107,201108,201109,201110,201111,201112,201201,201202,201203,201204,201205,201206,201207,201208,201209,201210,201211,201212,201301,201302,201303,201304,201305,201306,201307,201308,201309,201310,201311,201403,201404,201405,201407,201409,201410,201411,201412,201502,201503,201504,201505,201506,201508,201511,201512,201601,201602,201604,201605,201606],"Y_PREVALENCE_1000PP":[0.02086,0.01846,0.01986,0.03219,0.02422,0.02023,0.01623,0.03112,0.01642,0.01748,0.01584,0.02291,0.02347,0.0152,0.00982,0.01257,0.02274,0.01754,0.01654,0.01461,0.0219,0.01781,0.01509,0.01478,0.01752,0.01937,0.01397,0.02408,0.01655,0.02152,0.02124,0.02074,0.01914,0.02669,0.02612,0.01287,0.02507,0.02027,0.01973,0.0094,0.01485,0.01571,0.02159,0.01435,0.02237,0.01984,0.02373,0.02141,0.02014,0.0216,0.02812,0.01875,0.02135,0.02281,0.02008,0.01496,0.02807,0.02785,0.02381,0.02521,0.01775,0.02297,0.0175,0.0155,0.02523,0.02035,0.01666,0.01954,0.02356,0.01738,0.02468,0.0153,0.01818,0.01963,0.01742,0.01449,0.02495,0.02113,0.02419,0.0207,0.01567,0.02104,0.02471,0.0136,0.0207,0.0191,0.01647,0.01338,0.01705,0.02144,0.01764,0.01261,0.01183,0.01338,0.01073,0.01302,0.01226,0.01036,0.01147,0.00963,0.00906,0.00791,0.01062,0.01083,0.00946,0.00851,0.00689,0.00954,0.01054,0.0057,0.00832,0.00766,0.00714,0.00911,0.0104,0.00948,0.00601,0.00961,0.00898,0.01001,0.00743,0.00781,0.00861,0.00567,0.00831,0.00643,0.00746,0.0066,0.00553,0.0069,0.00684,0.00623,0.00598,0.00748,0.00683,0.00351,0.0091,0.00621,0.00486,0.00407,0.006,0.00595,0.00478,0.00383,0.00608,0.00531,0.00455,0.00265,0.00302,0.00547,0.0064,0.00378,0.00358,0.0049,0.00376,0.00584,0.00488,0.00433,0.00661,0.00247,0.00322,0.00437,0.00609,0.00418,0.00553,0.00668,0.00554,0.00496,0.00532,0.00396,0.003,0.00431,0.00392,0.00411,0.00427,0.00407,0.0035,0.00387,0.00202,0.00366,0.0031,0.00236,0.00274,0.00292,0.00273,0.00364,0.00309,0.00309,0.00419,0.00273,0.00237,0.002,0.00145,0.00254,0.00219,0.00258,0.00477,0.00405,0.00204,0.00278,0.00204,0.00167,0.00278,0.00223,0.00222,0.00243,0.00151,0.00172,0.00134,0.00134,0.00196,0.00139,0.00162,0.00143,0.00187,0.00188,0.00194,0.00195,0.0013,0.00158,0.0018,0.00237,0.00148,0.00173,0.00249,0.00225,0.00152,0.00206]},"LENGTH_OF_ERA":{"CATEGORY":"Length of era","MIN_VALUE":1,"P10_VALUE":1,"P25_VALUE":1,"MEDIAN_VALUE":1,"P75_VALUE":1,"P90_VALUE":1,"MAX_VALUE":31},"AGE_AT_FIRST_DIAGNOSIS":{"CATEGORY":["MALE","FEMALE"],"MIN_VALUE":[16,0],"P10_VALUE":[19,22],"P25_VALUE":[23,27],"MEDIAN_VALUE":[30,32],"P75_VALUE":[37,37],"P90_VALUE":[42,43],"MAX_VALUE":[48,60]}}
