{"PREVALENCE_BY_GENDER_AGE_YEAR":{"TRELLIS_NAME":["0-9","0-9","0-9","0-9","0-9","0-9","0-9","0-9","0-9","30-39","0-9","30-39","0-9","0-9","0-9","0-9","0-9","0-9","0-9","0-9","0-9","0-9","0-9","30-39","40-49","0-9","0-9","0-9","0-9","0-9","0-9","20-29","20-29","0-9","0-9","20-29","0-9","0-9","20-29","40-49","0-9","0-9","0-9","20-29","30-39","30-39","0-9","0-9","10-19","20-29","40-49","0-9","60-69","20-29","10-19","0-9","30-39","40-49","20-29","20-29","30-39","40-49","0-9","0-9","0-9","20-29","50-59","0-9","20-29","0-9","10-19","10-19","20-29","0-9"],"SERIES_NAME":["MALE","FEMALE","FEMALE","MALE","FEMALE","MALE","MALE","FEMALE","MALE","MALE","FEMALE","MALE","MALE","FEMALE","FEMALE","MALE","FEMALE","MALE","FEMALE","MALE","FEMALE","MALE","FEMALE","FEMALE","MALE","MALE","MALE","FEMALE","MALE","FEMALE","MALE","FEMALE","MALE","FEMALE","MALE","FEMALE","FEMALE","MALE","FEMALE","MALE","FEMALE","MALE","FEMALE","FEMALE","FEMALE","FEMALE","MALE","FEMALE","FEMALE","MALE","MALE","MALE","MALE","FEMALE","FEMALE","FEMALE","MALE","FEMALE","MALE","MALE","MALE","MALE","FEMALE","MALE","MALE","MALE","FEMALE","FEMALE","FEMALE","MALE","FEMALE","MALE","FEMALE","FEMALE"],"X_CALENDAR_YEAR":[1997,1997,1998,1998,1999,1999,2000,2000,2001,2001,2001,2002,2002,2002,2003,2003,2004,2004,2005,2005,2006,2006,2007,2007,2007,2007,2008,2008,2009,2009,2010,2010,2010,2010,2011,2011,2011,2012,2012,2012,2012,2013,2013,2013,2013,2014,2014,2014,2014,2014,2014,2015,2015,2015,2015,2015,2015,2015,2015,2016,2016,2016,2016,2016,2017,2017,2017,2017,2017,2018,2018,2018,2018,2018],"Y_PREVALENCE_1000PP":[0.15415,0.13994,0.11857,0.08206,0.11606,0.10369,0.15723,0.11173,0.14838,0.02029,0.10264,0.01803,0.10551,0.11447,0.07566,0.07859,0.07236,0.09775,0.0536,0.05046,0.06514,0.10286,0.07051,0.01519,0.01393,0.05433,0.06789,0.05186,0.05768,0.04772,0.05942,0.01521,0.01841,0.05911,0.08032,0.01483,0.0869,0.07354,0.01478,0.01559,0.07398,0.08146,0.07956,0.0148,0.01983,0.01839,0.06545,0.05609,0.02396,0.02206,0.01713,0.09121,0.02164,0.01741,0.02971,0.0547,0.01728,0.01983,0.01824,0.02547,0.0237,0.02002,0.05285,0.09685,0.12108,0.02837,0.02266,0.08609,0.02725,0.1242,0.03741,0.031,0.0264,0.09365]},"PREVALENCE_BY_MONTH":{"X_CALENDAR_MONTH":[199710,199806,199908,199911,200007,200010,200011,200012,200101,200102,200103,200104,200105,200106,200107,200108,200109,200112,200203,200204,200205,200206,200207,200210,200301,200302,200303,200306,200308,200312,200404,200405,200408,200409,200410,200411,200501,200502,200504,200508,200511,200602,200604,200605,200606,200607,200608,200609,200610,200611,200701,200703,200704,200705,200706,200708,200710,200711,200801,200803,200804,200805,200807,200808,200810,200811,200902,200903,200906,200907,201003,201004,201007,201009,201010,201011,201012,201102,201103,201105,201106,201107,201108,201109,201110,201111,201112,201201,201203,201205,201206,201207,201209,201210,201212,201301,201303,201304,201305,201306,201307,201308,201309,201310,201311,201312,201401,201402,201403,201405,201406,201407,201408,201410,201411,201502,201503,201504,201505,201506,201507,201508,201509,201510,201511,201512,201601,201604,201605,201606,201607,201608,201609,201610,201611,201612,201702,201704,201705,201706,201707,201708,201709,201710,201711,201802,201803,201804,201805,201806,201807,201809,201810,201811,201812,201901,201902],"Y_PREVALENCE_1000PP":[0.00709,0.00729,0.0049,0.00533,0.00291,0.0036,0.00317,0.00273,0.00295,0.00253,0.00387,0.00209,0.0024,0.00336,0.0043,0.00259,0.0019,0.00213,0.0023,0.00251,0.00249,0.00193,0.00219,0.00215,0.00186,0.00158,0.00158,0.00156,0.0018,0.00151,0.0019,0.00142,0.00256,0.00139,0.00299,0.00138,0.00181,0.00158,0.00158,0.00133,0.00153,0.0013,0.00129,0.0015,0.00171,0.00278,0.00213,0.00149,0.00169,0.00273,0.00145,0.00124,0.00247,0.00143,0.00122,0.00121,0.00118,0.00137,0.00116,0.00195,0.00136,0.00116,0.00115,0.00134,0.00114,0.00227,0.00113,0.00207,0.00132,0.00113,0.00152,0.0019,0.00229,0.00114,0.00151,0.00225,0.00113,0.00112,0.00148,0.00129,0.00129,0.00275,0.00165,0.00146,0.00164,0.00128,0.00146,0.00146,0.00127,0.00127,0.00182,0.00237,0.00163,0.00182,0.00221,0.00239,0.00204,0.00204,0.00223,0.00149,0.00167,0.00204,0.00185,0.00131,0.00188,0.00115,0.00153,0.00191,0.00134,0.0023,0.00233,0.00157,0.00197,0.00162,0.00204,0.00167,0.00151,0.00173,0.00238,0.00225,0.0018,0.00247,0.0018,0.00256,0.00189,0.00295,0.00272,0.00225,0.00228,0.00412,0.00184,0.00214,0.00214,0.0019,0.00219,0.00164,0.00196,0.00371,0.00228,0.0035,0.00175,0.00235,0.00384,0.00296,0.00332,0.00216,0.00309,0.00309,0.00308,0.00217,0.00221,0.00224,0.00228,0.00394,0.00329,0.00361,0.00198]},"LENGTH_OF_ERA":{"CATEGORY":"Length of era","MIN_VALUE":1,"P10_VALUE":1,"P25_VALUE":1,"MEDIAN_VALUE":1,"P75_VALUE":1,"P90_VALUE":1,"MAX_VALUE":23},"AGE_AT_FIRST_DIAGNOSIS":{"CATEGORY":["FEMALE","MALE"],"MIN_VALUE":[0,0],"P10_VALUE":[1,1],"P25_VALUE":[2,2],"MEDIAN_VALUE":[11,5],"P75_VALUE":[38,36],"P90_VALUE":[65,57],"MAX_VALUE":[95,91]}}
