{"PREVALENCE_BY_GENDER_AGE_YEAR":{"TRELLIS_NAME":["30-39","30-39","40-49","40-49","40-49","40-49","30-39","40-49","30-39","40-49","40-49","40-49","50-59","40-49","40-49","50-59","30-39","30-39"],"SERIES_NAME":["MALE","MALE","MALE","MALE","MALE","FEMALE","MALE","MALE","MALE","MALE","MALE","MALE","MALE","MALE","FEMALE","MALE","MALE","MALE"],"X_CALENDAR_YEAR":[2001,2002,2005,2007,2008,2008,2010,2010,2012,2012,2013,2014,2014,2015,2015,2015,2017,2018],"Y_PREVALENCE_1000PP":[0.02367,0.01803,0.01863,0.01393,0.01351,0.01656,0.01475,0.01332,0.01723,0.02005,0.02259,0.01958,0.01606,0.01651,0.01983,0.02878,0.02954,0.02463]},"PREVALENCE_BY_MONTH":{"X_CALENDAR_MONTH":[200203,200508,200711,200812,201009,201103,201209,201210,201503,201604,201712],"Y_PREVALENCE_1000PP":[0.00172,0.00133,0.00137,0.00114,0.00114,0.00111,0.00109,0.00109,0.00216,0.0015,0.00183]},"LENGTH_OF_ERA":{"CATEGORY":"Length of era","MIN_VALUE":1,"P10_VALUE":1,"P25_VALUE":1,"MEDIAN_VALUE":1,"P75_VALUE":1,"P90_VALUE":1,"MAX_VALUE":37},"AGE_AT_FIRST_DIAGNOSIS":{"CATEGORY":["FEMALE","MALE"],"MIN_VALUE":[16,12],"P10_VALUE":[25,26],"P25_VALUE":[34,34],"MEDIAN_VALUE":[43,43],"P75_VALUE":[51,54],"P90_VALUE":[65,66],"MAX_VALUE":[85,91]}}
