{"PREVALENCE_BY_GENDER_AGE_YEAR":{"TRELLIS_NAME":["60-69","70-79","80-89","60-69","60-69","50-59","60-69","80-89","80-89","50-59","70-79","70-79","60-69","80-89","80-89","50-59","70-79","70-79","60-69","50-59","60-69","0-9","50-59","70-79","50-59","80-89","40-49","80-89","70-79","40-49","60-69","80-89","0-9","60-69","20-29","0-9","60-69","50-59","70-79","80-89","50-59","40-49","70-79","70-79","80-89","60-69","60-69","80-89","70-79","70-79","60-69","70-79","80-89","60-69","70-79","80-89"],"SERIES_NAME":["FEMALE","FEMALE","FEMALE","MALE","MALE","MALE","FEMALE","FEMALE","MALE","FEMALE","MALE","FEMALE","FEMALE","MALE","FEMALE","MALE","MALE","FEMALE","MALE","FEMALE","FEMALE","FEMALE","FEMALE","FEMALE","MALE","MALE","FEMALE","FEMALE","MALE","MALE","MALE","FEMALE","MALE","FEMALE","FEMALE","FEMALE","MALE","MALE","FEMALE","MALE","FEMALE","MALE","MALE","FEMALE","MALE","MALE","FEMALE","FEMALE","MALE","MALE","MALE","FEMALE","FEMALE","MALE","FEMALE","FEMALE"],"X_CALENDAR_YEAR":[2011,2011,2011,2011,2012,2012,2012,2012,2012,2012,2012,2012,2013,2013,2013,2013,2013,2013,2013,2013,2014,2014,2014,2014,2014,2014,2014,2014,2014,2014,2014,2015,2015,2015,2015,2015,2015,2015,2015,2015,2015,2015,2015,2016,2016,2016,2016,2016,2016,2017,2017,2017,2017,2018,2018,2018],"Y_PREVALENCE_1000PP":[0.03346,0.0894,0.0687,0.01872,0.04077,0.01577,0.05184,0.1448,0.11381,0.03489,0.13217,0.12929,0.08197,0.12281,0.13923,0.02068,0.06943,0.12239,0.04377,0.03686,0.10603,0.0187,0.0462,0.15705,0.03479,0.12688,0.01768,0.14635,0.12694,0.01713,0.06959,0.11196,0.01955,0.09432,0.01741,0.02051,0.07575,0.04893,0.20989,0.23975,0.04091,0.01926,0.1153,0.07357,0.09527,0.06932,0.02935,0.06733,0.12059,0.0619,0.02947,0.06759,0.07565,0.03313,0.11598,0.09743]},"PREVALENCE_BY_MONTH":{"X_CALENDAR_MONTH":[201104,201105,201108,201109,201110,201111,201112,201201,201202,201203,201204,201205,201206,201207,201208,201209,201210,201211,201212,201301,201302,201303,201304,201305,201306,201307,201308,201309,201310,201311,201312,201401,201402,201403,201404,201405,201406,201407,201408,201409,201410,201411,201412,201501,201502,201503,201504,201505,201506,201507,201508,201509,201510,201511,201512,201601,201602,201603,201604,201605,201606,201607,201608,201609,201701,201702,201703,201704,201705,201708,201711,201802,201804,201807,201808,201811,201812,201901,201902],"Y_PREVALENCE_1000PP":[0.00111,0.00111,0.00183,0.00237,0.00127,0.00219,0.00255,0.00273,0.002,0.00309,0.002,0.00273,0.00255,0.00255,0.002,0.00218,0.00345,0.0053,0.00258,0.00294,0.00203,0.00148,0.00204,0.00204,0.00279,0.00259,0.0026,0.00463,0.00299,0.00508,0.00346,0.00477,0.0042,0.00383,0.0023,0.00268,0.00233,0.00294,0.00197,0.00515,0.00546,0.00531,0.00311,0.00664,0.00481,0.00496,0.00692,0.00367,0.00698,0.00517,0.00247,0.00607,0.00512,0.00426,0.00172,0.00173,0.00398,0.00224,0.003,0.00278,0.00489,0.00184,0.00214,0.00268,0.00246,0.00196,0.00198,0.00228,0.00171,0.00206,0.00271,0.00216,0.00185,0.00252,0.00191,0.00361,0.00197,0.00197,0.00231]},"LENGTH_OF_ERA":{"CATEGORY":"Length of era","MIN_VALUE":1,"P10_VALUE":1,"P25_VALUE":1,"MEDIAN_VALUE":1,"P75_VALUE":1,"P90_VALUE":1,"MAX_VALUE":57},"AGE_AT_FIRST_DIAGNOSIS":{"CATEGORY":["FEMALE","MALE"],"MIN_VALUE":[3,2],"P10_VALUE":[36,28],"P25_VALUE":[58,54],"MEDIAN_VALUE":[70,67],"P75_VALUE":[77,77],"P90_VALUE":[84,83],"MAX_VALUE":[95,97]}}
