{"PREVALENCE_BY_GENDER_AGE_YEAR":{"TRELLIS_NAME":["0-9","0-9","0-9","0-9","0-9","0-9","0-9","0-9","0-9","0-9","0-9","0-9","0-9","0-9","0-9","0-9","0-9","0-9","0-9","0-9","0-9","0-9","0-9","0-9","0-9","0-9","0-9","0-9","0-9"],"SERIES_NAME":["FEMALE","MALE","MALE","MALE","MALE","MALE","FEMALE","MALE","FEMALE","FEMALE","MALE","MALE","FEMALE","FEMALE","MALE","MALE","FEMALE","FEMALE","MALE","MALE","FEMALE","MALE","FEMALE","MALE","MALE","FEMALE","MALE","FEMALE","FEMALE"],"X_CALENDAR_YEAR":[1999,1999,2000,2001,2002,2003,2003,2004,2004,2005,2005,2006,2006,2007,2007,2008,2008,2009,2009,2010,2010,2011,2012,2012,2013,2013,2014,2014,2017],"Y_PREVALENCE_1000PP":[0.06249,0.04786,0.03774,0.04452,0.04396,0.03309,0.04005,0.04888,0.02814,0.04977,0.06848,0.048,0.04705,0.0235,0.03196,0.03086,0.02917,0.01909,0.02125,0.03862,0.02178,0.04016,0.01776,0.01697,0.02809,0.03241,0.01785,0.0187,0.02719]},"PREVALENCE_BY_MONTH":{"X_CALENDAR_MONTH":[200007,200502,200504,200507,200510,200602,200802,200809,200812,201011,201210,201307],"Y_PREVALENCE_1000PP":[0.0025,0.00136,0.00135,0.002,0.00132,0.00217,0.00116,0.00114,0.00114,0.00131,0.00109,0.0013]},"LENGTH_OF_ERA":{"CATEGORY":"Length of era","MIN_VALUE":1,"P10_VALUE":1,"P25_VALUE":1,"MEDIAN_VALUE":1,"P75_VALUE":1,"P90_VALUE":1,"MAX_VALUE":31},"AGE_AT_FIRST_DIAGNOSIS":{"CATEGORY":["MALE","FEMALE"],"MIN_VALUE":[0,0],"P10_VALUE":[0,1],"P25_VALUE":[2,2],"MEDIAN_VALUE":[5,15],"P75_VALUE":[18,51],"P90_VALUE":[69,79],"MAX_VALUE":[93,93]}}
