{"PREVALENCE_BY_GENDER_AGE_YEAR":{"TRELLIS_NAME":["40-49","30-39","20-29","30-39","40-49","50-59","10-19","20-29","20-29","30-39","10-19","40-49","50-59","30-39","20-29","40-49","10-19","30-39","40-49","20-29","20-29","50-59","10-19","40-49","30-39","20-29","50-59","30-39","80-89","10-19","40-49","70-79","40-49","30-39","60-69","80-89","40-49","30-39","20-29"],"SERIES_NAME":["FEMALE","FEMALE","FEMALE","FEMALE","FEMALE","FEMALE","FEMALE","FEMALE","FEMALE","FEMALE","FEMALE","FEMALE","FEMALE","FEMALE","FEMALE","FEMALE","FEMALE","FEMALE","FEMALE","FEMALE","FEMALE","FEMALE","FEMALE","FEMALE","FEMALE","FEMALE","FEMALE","FEMALE","FEMALE","FEMALE","FEMALE","FEMALE","MALE","FEMALE","MALE","FEMALE","FEMALE","MALE","FEMALE"],"X_CALENDAR_YEAR":[2004,2004,2004,2005,2005,2005,2005,2005,2006,2006,2006,2006,2007,2007,2007,2007,2008,2008,2008,2008,2009,2009,2009,2009,2009,2010,2010,2010,2010,2010,2010,2011,2011,2011,2011,2011,2011,2011,2011],"Y_PREVALENCE_1000PP":[0.07148,0.10998,0.14854,0.14071,0.0757,0.03879,0.04079,0.17204,0.11683,0.14009,0.03477,0.06624,0.02367,0.10382,0.12388,0.06843,0.02407,0.08809,0.05205,0.1366,0.15497,0.03153,0.03382,0.07958,0.12618,0.12928,0.01964,0.13808,0.04163,0.0302,0.09043,0.0447,0.0153,0.01487,0.01872,0.08244,0.01592,0.01705,0.01483]},"PREVALENCE_BY_MONTH":{"X_CALENDAR_MONTH":[200403,200404,200405,200406,200407,200408,200409,200410,200411,200412,200501,200502,200503,200504,200505,200506,200507,200508,200509,200510,200511,200512,200601,200602,200603,200604,200605,200606,200607,200608,200609,200610,200611,200612,200701,200702,200703,200704,200705,200706,200707,200708,200709,200710,200711,200802,200803,200804,200805,200806,200807,200808,200809,200810,200811,200812,200901,200902,200903,200904,200905,200906,200907,200908,200909,200910,200911,200912,201001,201002,201003,201004,201005,201006,201007,201008,201009,201010,201011,201101,201103,201104,201105,201106,201107,201108,201109,201110,201111,201112],"Y_PREVALENCE_1000PP":[0.00411,0.00262,0.00213,0.00446,0.0035,0.00395,0.00624,0.00138,0.00206,0.00183,0.00408,0.00362,0.00362,0.00451,0.00248,0.00426,0.00222,0.00532,0.00351,0.00176,0.00306,0.00175,0.00454,0.00195,0.00238,0.00237,0.00236,0.0032,0.00171,0.00213,0.00361,0.0019,0.00399,0.00231,0.00374,0.00269,0.00311,0.00206,0.00205,0.00385,0.00281,0.00161,0.00159,0.00256,0.00351,0.00311,0.00195,0.00252,0.0031,0.00269,0.0021,0.00172,0.00399,0.0019,0.00246,0.00132,0.00358,0.00339,0.00245,0.00284,0.00339,0.00358,0.0047,0.00188,0.00282,0.00301,0.00302,0.0019,0.00511,0.00209,0.00266,0.00266,0.00343,0.00458,0.00382,0.00687,0.00342,0.00151,0.00225,0.00206,0.00185,0.00185,0.00129,0.00258,0.00184,0.00183,0.002,0.00164,0.00182,0.00146]},"LENGTH_OF_ERA":{"CATEGORY":"Length of era","MIN_VALUE":1,"P10_VALUE":1,"P25_VALUE":1,"MEDIAN_VALUE":1,"P75_VALUE":1,"P90_VALUE":1,"MAX_VALUE":117},"AGE_AT_FIRST_DIAGNOSIS":{"CATEGORY":["MALE","FEMALE"],"MIN_VALUE":[0,0],"P10_VALUE":[6,20],"P25_VALUE":[26,25],"MEDIAN_VALUE":[41,34],"P75_VALUE":[66,43],"P90_VALUE":[84,56],"MAX_VALUE":[95,96]}}
