{"PREVALENCE_BY_GENDER_AGE_YEAR":{"TRELLIS_NAME":["30-39","30-39","20-29","20-29","30-39","40-49","20-29","50-59","10-19","20-29","10-19","20-29","30-39","30-39","10-19","40-49","40-49","10-19","20-29","50-59","40-49","40-49","50-59","10-19","60-69","30-39","20-29","20-29","20-29","40-49","30-39","30-39","60-69","20-29","10-19","10-19","50-59","50-59","10-19","40-49","20-29","80-89","30-39","20-29","10-19","30-39","60-69","30-39","20-29","10-19","40-49","10-19","80-89","50-59","60-69","30-39","10-19","40-49","20-29","20-29","50-59","70-79","10-19","20-29","40-49","50-59","30-39","30-39","50-59","40-49","20-29","30-39","10-19","40-49","30-39","20-29","20-29","30-39","40-49","20-29","30-39","10-19","10-19","60-69","50-59","10-19","20-29","30-39","40-49","20-29","50-59","40-49","30-39","20-29","30-39","70-79","40-49","10-19","70-79","40-49","60-69","20-29","50-59","20-29","20-29"],"SERIES_NAME":["FEMALE","FEMALE","MALE","FEMALE","FEMALE","FEMALE","FEMALE","FEMALE","FEMALE","FEMALE","FEMALE","MALE","FEMALE","FEMALE","FEMALE","MALE","FEMALE","MALE","FEMALE","FEMALE","FEMALE","MALE","FEMALE","FEMALE","FEMALE","FEMALE","FEMALE","MALE","MALE","FEMALE","FEMALE","MALE","FEMALE","FEMALE","MALE","FEMALE","FEMALE","FEMALE","FEMALE","FEMALE","MALE","FEMALE","MALE","FEMALE","MALE","FEMALE","FEMALE","FEMALE","FEMALE","MALE","FEMALE","FEMALE","FEMALE","FEMALE","FEMALE","FEMALE","FEMALE","FEMALE","MALE","FEMALE","FEMALE","FEMALE","FEMALE","FEMALE","FEMALE","FEMALE","FEMALE","MALE","FEMALE","MALE","MALE","FEMALE","FEMALE","FEMALE","MALE","FEMALE","MALE","FEMALE","FEMALE","FEMALE","MALE","FEMALE","MALE","FEMALE","FEMALE","FEMALE","FEMALE","MALE","FEMALE","MALE","FEMALE","MALE","FEMALE","FEMALE","FEMALE","FEMALE","FEMALE","FEMALE","FEMALE","FEMALE","FEMALE","FEMALE","FEMALE","FEMALE","FEMALE"],"X_CALENDAR_YEAR":[1996,1997,1997,1997,1998,1998,1998,1998,1998,1999,1999,1999,1999,2000,2000,2000,2000,2000,2000,2000,2001,2001,2001,2001,2001,2001,2001,2001,2002,2002,2002,2002,2002,2002,2002,2002,2002,2003,2003,2003,2003,2003,2003,2003,2003,2003,2003,2004,2004,2004,2004,2004,2004,2004,2005,2005,2005,2005,2005,2005,2005,2006,2006,2006,2006,2006,2006,2006,2007,2007,2007,2007,2007,2007,2007,2007,2008,2008,2008,2008,2008,2008,2008,2008,2008,2009,2009,2009,2009,2009,2009,2009,2009,2010,2010,2010,2010,2010,2011,2011,2011,2012,2013,2013,2014],"Y_PREVALENCE_1000PP":[0.13569,0.06627,0.08201,0.12913,0.05807,0.07008,0.07824,0.08776,0.1508,0.0682,0.07148,0.04347,0.08419,0.05721,0.04739,0.03068,0.04832,0.06144,0.07019,0.04594,0.05805,0.02766,0.03102,0.03591,0.03637,0.07966,0.0259,0.05417,0.04387,0.0576,0.02461,0.01803,0.05831,0.03829,0.04072,0.06208,0.03502,0.04761,0.048,0.05998,0.02646,0.06351,0.02582,0.05804,0.02942,0.04412,0.02941,0.02475,0.04621,0.0302,0.03574,0.05576,0.05061,0.03042,0.03751,0.02165,0.05303,0.03925,0.02266,0.04067,0.04203,0.03575,0.0309,0.04381,0.02385,0.02505,0.03172,0.01537,0.02663,0.01393,0.02793,0.03545,0.05011,0.03422,0.01474,0.0377,0.0187,0.02769,0.02602,0.02835,0.01466,0.02751,0.02789,0.03303,0.03178,0.02029,0.01778,0.01475,0.01638,0.0158,0.0172,0.01565,0.03028,0.02028,0.02511,0.03176,0.01391,0.02013,0.03576,0.01819,0.01825,0.0197,0.0237,0.0148,0.0236]},"PREVALENCE_BY_MONTH":{"X_CALENDAR_MONTH":[199702,199703,199707,199709,199801,199804,199806,199903,199907,199908,199909,199910,199911,199912,200002,200003,200005,200006,200007,200008,200009,200011,200012,200101,200102,200103,200104,200105,200106,200107,200108,200109,200110,200112,200201,200202,200203,200204,200205,200206,200207,200208,200209,200210,200211,200301,200302,200303,200304,200305,200306,200307,200308,200309,200310,200311,200401,200402,200403,200404,200405,200406,200407,200408,200409,200410,200411,200412,200501,200502,200503,200504,200505,200506,200507,200508,200509,200511,200512,200602,200603,200604,200605,200606,200607,200608,200609,200611,200701,200702,200703,200704,200705,200706,200707,200708,200709,200710,200711,200712,200801,200802,200803,200804,200805,200806,200807,200808,200809,200810,200811,200812,200901,200902,200903,200904,200905,200906,200907,200908,200909,200911,200912,201001,201003,201005,201006,201007,201011,201103,201109,201112,201207,201302,201304,201307],"Y_PREVALENCE_1000PP":[0.00759,0.00874,0.00845,0.00612,0.00505,0.00568,0.00729,0.00398,0.0056,0.00368,0.00408,0.00507,0.00427,0.00693,0.00628,0.00308,0.00344,0.00464,0.00291,0.00412,0.00403,0.00356,0.00313,0.00331,0.0029,0.00211,0.00417,0.00377,0.00503,0.00331,0.00291,0.0019,0.00341,0.00274,0.00411,0.00465,0.00201,0.00335,0.00305,0.00303,0.00192,0.00273,0.00244,0.00161,0.00375,0.00292,0.0037,0.00316,0.00315,0.00235,0.0026,0.00309,0.00257,0.00409,0.00255,0.00152,0.00296,0.00222,0.00169,0.00143,0.00166,0.00141,0.00233,0.00302,0.00231,0.00322,0.00275,0.00138,0.00159,0.00136,0.00203,0.00316,0.0018,0.00202,0.00156,0.00266,0.00285,0.00197,0.00241,0.00239,0.00195,0.00151,0.00258,0.00214,0.00214,0.00149,0.00212,0.00126,0.00291,0.00145,0.00145,0.00206,0.00409,0.00203,0.00181,0.00141,0.00139,0.00157,0.00215,0.00156,0.00136,0.00175,0.00253,0.00174,0.00136,0.00115,0.0023,0.00191,0.00171,0.00152,0.00171,0.00132,0.00113,0.00132,0.00132,0.00132,0.00151,0.00132,0.0015,0.00151,0.00131,0.00151,0.00133,0.00189,0.00133,0.00114,0.00115,0.00153,0.0015,0.00148,0.00127,0.00128,0.00146,0.00111,0.00111,0.00111]},"LENGTH_OF_ERA":{"CATEGORY":"Length of era","MIN_VALUE":1,"P10_VALUE":1,"P25_VALUE":1,"MEDIAN_VALUE":1,"P75_VALUE":1,"P90_VALUE":1,"MAX_VALUE":50},"AGE_AT_FIRST_DIAGNOSIS":{"CATEGORY":["FEMALE","MALE"],"MIN_VALUE":[1,0],"P10_VALUE":[16,15],"P25_VALUE":[25,23],"MEDIAN_VALUE":[39,36],"P75_VALUE":[57,53],"P90_VALUE":[75,70],"MAX_VALUE":[96,90]}}
