{"PREVALENCE_BY_GENDER_AGE_YEAR":{"TRELLIS_NAME":["50-59","80-89","70-79","70-79","80-89","50-59","60-69","60-69","70-79","50-59","50-59","80-89","60-69","70-79","60-69","80-89","80-89","60-69","70-79","70-79","50-59","50-59","80-89","60-69","90-99","70-79","50-59","70-79","80-89","60-69","80-89","50-59","60-69","70-79","60-69","50-59","60-69","70-79","80-89","50-59","80-89","60-69","60-69","80-89","50-59","50-59","70-79","80-89","70-79","80-89","60-69","40-49","50-59","80-89","50-59","60-69","70-79","70-79","80-89","80-89","60-69","70-79"],"SERIES_NAME":["MALE","FEMALE","MALE","FEMALE","MALE","FEMALE","MALE","FEMALE","MALE","FEMALE","MALE","FEMALE","FEMALE","FEMALE","MALE","MALE","FEMALE","FEMALE","MALE","FEMALE","FEMALE","MALE","MALE","MALE","FEMALE","FEMALE","MALE","MALE","MALE","FEMALE","FEMALE","FEMALE","MALE","MALE","MALE","FEMALE","FEMALE","FEMALE","MALE","MALE","FEMALE","FEMALE","MALE","FEMALE","MALE","FEMALE","FEMALE","MALE","FEMALE","FEMALE","MALE","FEMALE","FEMALE","MALE","MALE","FEMALE","MALE","MALE","MALE","FEMALE","MALE","FEMALE"],"X_CALENDAR_YEAR":[2011,2011,2011,2011,2011,2011,2011,2011,2012,2012,2012,2012,2012,2012,2012,2012,2013,2013,2013,2013,2013,2013,2013,2013,2014,2014,2014,2014,2014,2014,2014,2014,2014,2015,2015,2015,2015,2015,2015,2015,2015,2016,2016,2016,2016,2016,2016,2016,2017,2017,2017,2017,2017,2017,2017,2017,2017,2018,2018,2018,2018,2018],"Y_PREVALENCE_1000PP":[0.02119,0.11679,0.11774,0.10728,0.17879,0.02167,0.05303,0.03042,0.15251,0.01611,0.02629,0.07585,0.04879,0.09808,0.04391,0.10346,0.0905,0.0425,0.10911,0.09616,0.02633,0.02068,0.17398,0.02501,0.17465,0.17051,0.04014,0.15232,0.22204,0.07711,0.23416,0.0462,0.11267,0.12628,0.09018,0.0263,0.07685,0.09274,0.25117,0.04317,0.15994,0.06708,0.11264,0.11542,0.05056,0.0445,0.08489,0.19055,0.06759,0.20533,0.1326,0.02353,0.03399,0.12091,0.04838,0.09574,0.08941,0.06834,0.11766,0.09743,0.03313,0.04093]},"PREVALENCE_BY_MONTH":{"X_CALENDAR_MONTH":[201101,201102,201103,201104,201105,201106,201107,201108,201109,201110,201111,201201,201202,201203,201204,201205,201206,201207,201209,201210,201211,201212,201301,201302,201303,201304,201305,201307,201308,201309,201310,201311,201312,201401,201402,201403,201404,201405,201406,201407,201408,201409,201410,201411,201412,201501,201502,201503,201505,201506,201507,201508,201509,201510,201511,201512,201601,201602,201603,201604,201606,201608,201609,201611,201612,201701,201702,201703,201706,201707,201708,201709,201710,201711,201712,201801,201802,201803,201805,201901],"Y_PREVALENCE_1000PP":[0.00168,0.00392,0.00464,0.0013,0.00129,0.00166,0.00128,0.00275,0.00182,0.00127,0.00255,0.00309,0.00218,0.00236,0.00109,0.00291,0.00127,0.00164,0.00236,0.00272,0.00128,0.00147,0.00184,0.00184,0.00185,0.00241,0.00297,0.00185,0.00167,0.00315,0.00168,0.00169,0.00192,0.00172,0.00248,0.00249,0.00498,0.00345,0.00233,0.0049,0.00454,0.00634,0.00566,0.00225,0.00394,0.00519,0.00272,0.00259,0.00454,0.00428,0.00202,0.00315,0.00427,0.0014,0.00237,0.00369,0.00569,0.00697,0.00449,0.00225,0.0018,0.00214,0.00241,0.00219,0.00329,0.00356,0.00224,0.00312,0.0035,0.00263,0.00294,0.00354,0.00711,0.00693,0.00304,0.00216,0.00216,0.00185,0.00185,0.00197]},"LENGTH_OF_ERA":{"CATEGORY":"Length of era","MIN_VALUE":1,"P10_VALUE":1,"P25_VALUE":1,"MEDIAN_VALUE":1,"P75_VALUE":1,"P90_VALUE":1,"MAX_VALUE":2},"AGE_AT_FIRST_DIAGNOSIS":{"CATEGORY":["MALE","FEMALE"],"MIN_VALUE":[2,2],"P10_VALUE":[55,53],"P25_VALUE":[61,61],"MEDIAN_VALUE":[70,72],"P75_VALUE":[79,81],"P90_VALUE":[84,85],"MAX_VALUE":[93,99]}}
