{"PREVALENCE_BY_GENDER_AGE_YEAR":{"TRELLIS_NAME":["60-69","50-59","60-69","50-59","70-79","50-59","60-69","70-79","60-69","60-69","70-79","60-69","50-59","70-79","50-59","60-69","70-79","60-69","70-79","70-79","60-69","70-79","60-69","70-79","50-59","60-69","70-79","60-69","60-69","70-79","80-89","60-69","70-79","60-69","80-89","70-79"],"SERIES_NAME":["FEMALE","FEMALE","FEMALE","FEMALE","FEMALE","FEMALE","FEMALE","FEMALE","FEMALE","FEMALE","FEMALE","FEMALE","FEMALE","FEMALE","FEMALE","FEMALE","FEMALE","FEMALE","FEMALE","FEMALE","FEMALE","FEMALE","FEMALE","FEMALE","FEMALE","FEMALE","FEMALE","FEMALE","FEMALE","FEMALE","FEMALE","FEMALE","FEMALE","FEMALE","FEMALE","FEMALE"],"X_CALENDAR_YEAR":[2002,2002,2003,2003,2003,2004,2004,2007,2007,2008,2008,2009,2009,2009,2010,2010,2010,2011,2011,2012,2012,2013,2013,2014,2014,2014,2015,2015,2016,2016,2016,2017,2017,2018,2018,2018],"Y_PREVALENCE_1000PP":[0.0318,0.02335,0.17157,0.02564,0.16062,0.02366,0.03066,0.03316,0.02763,0.03303,0.04141,0.07424,0.0172,0.03192,0.03087,0.07228,0.07712,0.04867,0.06258,0.08471,0.03354,0.04808,0.01822,0.09872,0.01902,0.0482,0.05369,0.03843,0.0587,0.07357,0.05771,0.04787,0.06759,0.05962,0.13396,0.14327]},"PREVALENCE_BY_MONTH":{"X_CALENDAR_MONTH":[200205,200302,200303,200304,200308,200312,200410,200801,200906,200908,200909,200911,201001,201003,201005,201010,201011,201012,201103,201105,201201,201206,201403,201405,201409,201410,201411,201502,201503,201512,201604,201706,201710,201801,201803,201807,201810,201812,201901],"Y_PREVALENCE_1000PP":[0.00249,0.00634,0.00158,0.00315,0.00282,0.00151,0.00161,0.00116,0.00188,0.00113,0.00113,0.00132,0.00151,0.00133,0.00133,0.00113,0.00131,0.00113,0.00111,0.00148,0.00127,0.00109,0.00115,0.00115,0.00119,0.00182,0.00143,0.00167,0.00129,0.00172,0.0015,0.00204,0.00207,0.00216,0.00185,0.00189,0.0026,0.00197,0.00197]},"LENGTH_OF_ERA":{"CATEGORY":"Length of era","MIN_VALUE":1,"P10_VALUE":1,"P25_VALUE":1,"MEDIAN_VALUE":1,"P75_VALUE":1,"P90_VALUE":1,"MAX_VALUE":29},"AGE_AT_FIRST_DIAGNOSIS":{"CATEGORY":["FEMALE","MALE"],"MIN_VALUE":[23,24],"P10_VALUE":[53,49],"P25_VALUE":[61,59],"MEDIAN_VALUE":[68,67],"P75_VALUE":[74,79],"P90_VALUE":[79,84],"MAX_VALUE":[92,95]}}
