{"PREVALENCE_BY_GENDER_AGE_YEAR":{"TRELLIS_NAME":["70-79","70-79","60-69","50-59","60-69","60-69","70-79","80-89","70-79","60-69","70-79","60-69","70-79","60-69","70-79","70-79","60-69","70-79","50-59","50-59"],"SERIES_NAME":["FEMALE","MALE","FEMALE","FEMALE","MALE","FEMALE","MALE","FEMALE","FEMALE","MALE","MALE","FEMALE","FEMALE","FEMALE","MALE","MALE","FEMALE","FEMALE","MALE","FEMALE"],"X_CALENDAR_YEAR":[2011,2011,2011,2011,2011,2012,2012,2012,2012,2012,2013,2013,2014,2014,2014,2015,2015,2015,2015,2016],"Y_PREVALENCE_1000PP":[0.0447,0.07167,0.05171,0.01625,0.02807,0.0244,0.07625,0.04137,0.04904,0.02509,0.03968,0.02429,0.03141,0.01928,0.03554,0.04392,0.02096,0.03417,0.02303,0.02054]},"PREVALENCE_BY_MONTH":{"X_CALENDAR_MONTH":[201101,201102,201103,201105,201107,201202,201203,201204,201207,201208,201304,201403,201405,201503,201507,201510,201511,201512,201601],"Y_PREVALENCE_1000PP":[0.00243,0.00112,0.00297,0.00148,0.0011,0.00127,0.00182,0.00109,0.00109,0.00109,0.0013,0.00134,0.00115,0.00129,0.00157,0.00163,0.00166,0.00172,0.00173]},"LENGTH_OF_ERA":{"CATEGORY":"Length of era","MIN_VALUE":1,"P10_VALUE":1,"P25_VALUE":1,"MEDIAN_VALUE":1,"P75_VALUE":1,"P90_VALUE":1,"MAX_VALUE":17},"AGE_AT_FIRST_DIAGNOSIS":{"CATEGORY":["FEMALE","MALE"],"MIN_VALUE":[24,24],"P10_VALUE":[48,51],"P25_VALUE":[58,62],"MEDIAN_VALUE":[66,70],"P75_VALUE":[73,77],"P90_VALUE":[82,83],"MAX_VALUE":[93,92]}}
