{"PREVALENCE_BY_GENDER_AGE_YEAR":{"TRELLIS_NAME":["80-89","20-29","30-39","70-79","40-49","50-59","70-79","60-69","40-49","50-59","80-89"],"SERIES_NAME":["MALE","FEMALE","FEMALE","FEMALE","FEMALE","MALE","MALE","FEMALE","MALE","FEMALE","FEMALE"],"X_CALENDAR_YEAR":[2001,2001,2001,2001,2001,2001,2001,2001,2001,2001,2001],"Y_PREVALENCE_1000PP":[0.18018,0.09065,0.07273,0.13188,0.06634,0.03878,0.09554,0.09094,0.02371,0.10191,0.16526]},"PREVALENCE_BY_MONTH":{"X_CALENDAR_MONTH":[200107,200108,200109],"Y_PREVALENCE_1000PP":[0.00331,0.0391,0.01711]},"LENGTH_OF_ERA":{"CATEGORY":"Length of era","MIN_VALUE":1,"P10_VALUE":1,"P25_VALUE":1,"MEDIAN_VALUE":1,"P75_VALUE":1,"P90_VALUE":1,"MAX_VALUE":31},"AGE_AT_FIRST_DIAGNOSIS":{"CATEGORY":["FEMALE","MALE"],"MIN_VALUE":[12,3],"P10_VALUE":[25,34],"P25_VALUE":[33,45],"MEDIAN_VALUE":[53,64],"P75_VALUE":[70,77],"P90_VALUE":[83,84],"MAX_VALUE":[96,89]}}
