{"PREVALENCE_BY_GENDER_AGE_YEAR":{"TRELLIS_NAME":["40-49","70-79","60-69","50-59","30-39","50-59","50-59","60-69","60-69","40-49","20-29","30-39","30-39","70-79","30-39","50-59","40-49","50-59","70-79","60-69","30-39","70-79","50-59","60-69","60-69","50-59","30-39","30-39","70-79","60-69","80-89","40-49","70-79","30-39","40-49","50-59","60-69","40-49","40-49","10-19","70-79","50-59","60-69","50-59","10-19","0-9","50-59"],"SERIES_NAME":["FEMALE","FEMALE","FEMALE","FEMALE","FEMALE","FEMALE","MALE","FEMALE","MALE","MALE","FEMALE","MALE","FEMALE","FEMALE","FEMALE","FEMALE","MALE","MALE","FEMALE","FEMALE","FEMALE","FEMALE","FEMALE","MALE","FEMALE","FEMALE","MALE","MALE","MALE","FEMALE","FEMALE","FEMALE","FEMALE","FEMALE","MALE","FEMALE","MALE","MALE","MALE","FEMALE","FEMALE","FEMALE","FEMALE","FEMALE","MALE","MALE","FEMALE"],"X_CALENDAR_YEAR":[1999,1999,1999,1999,2000,2000,2000,2001,2001,2001,2001,2001,2001,2001,2002,2002,2002,2002,2002,2002,2003,2003,2003,2004,2004,2004,2004,2005,2005,2005,2005,2005,2005,2005,2005,2005,2006,2006,2008,2008,2009,2009,2010,2010,2011,2011,2012],"Y_PREVALENCE_1000PP":[0.04801,0.06491,0.05905,0.08926,0.02641,0.05168,0.03351,0.07275,0.03722,0.02371,0.0259,0.02367,0.02078,0.06941,0.02769,0.03891,0.02056,0.03402,0.03723,0.04771,0.02059,0.04164,0.0293,0.03114,0.03943,0.03718,0.01605,0.01576,0.04432,0.03751,0.05666,0.03084,0.0372,0.01624,0.01863,0.04849,0.03536,0.01758,0.01801,0.02063,0.04561,0.0172,0.03143,0.02806,0.01816,0.01721,0.01879]},"PREVALENCE_BY_MONTH":{"X_CALENDAR_MONTH":[199803,199809,199812,199901,199905,199907,200002,200003,200007,200101,200104,200106,200107,200109,200201,200202,200203,200204,200205,200207,200208,200210,200301,200302,200306,200307,200308,200309,200310,200402,200404,200405,200407,200408,200410,200411,200501,200503,200504,200505,200506,200508,200509,200510,200511,200601,200603,200604,200605,200802,200804,200807,200808,200903,200904,200905,200906,200910,201003,201006,201007,201105,201204,201310,201609],"Y_PREVALENCE_1000PP":[0.00579,0.00533,0.00511,0.00414,0.0051,0.00746,0.00404,0.00441,0.0025,0.00258,0.00383,0.00235,0.00463,0.00317,0.00411,0.00262,0.00201,0.00195,0.00249,0.00247,0.00219,0.00188,0.00239,0.00158,0.00156,0.00206,0.00154,0.00179,0.00229,0.00222,0.00214,0.00213,0.00233,0.00186,0.00138,0.00138,0.00226,0.00203,0.00158,0.00293,0.00246,0.00222,0.00132,0.00176,0.00263,0.0013,0.00173,0.00215,0.00172,0.00116,0.00116,0.0021,0.00172,0.00132,0.00284,0.0017,0.00207,0.00113,0.00114,0.00115,0.00134,0.00111,0.00109,0.0015,0.00161]},"LENGTH_OF_ERA":{"CATEGORY":"Length of era","MIN_VALUE":1,"P10_VALUE":1,"P25_VALUE":1,"MEDIAN_VALUE":1,"P75_VALUE":1,"P90_VALUE":1,"MAX_VALUE":24},"AGE_AT_FIRST_DIAGNOSIS":{"CATEGORY":["MALE","FEMALE"],"MIN_VALUE":[0,0],"P10_VALUE":[13,18],"P25_VALUE":[29,35],"MEDIAN_VALUE":[46,53],"P75_VALUE":[63,66],"P90_VALUE":[76,77],"MAX_VALUE":[95,94]}}
