{"PREVALENCE_BY_GENDER_AGE_YEAR":{"TRELLIS_NAME":["20-29","30-39","20-29","30-39","20-29","60-69","40-49","30-39","20-29","40-49","30-39","20-29","40-49","50-59","30-39","20-29","40-49","40-49","30-39","50-59","40-49","50-59","20-29","30-39","10-19","40-49","30-39","40-49","20-29","20-29","40-49","10-19","30-39","50-59","60-69","50-59","30-39","60-69","20-29","40-49","30-39","20-29","40-49","50-59","20-29","30-39","10-19","60-69","50-59","40-49","20-29","30-39","20-29","10-19","70-79","30-39","40-49","60-69","30-39","50-59","20-29","30-39","40-49","20-29","10-19","20-29","30-39","20-29","30-39","30-39","20-29"],"SERIES_NAME":["MALE","MALE","MALE","MALE","MALE","MALE","MALE","MALE","MALE","MALE","MALE","MALE","MALE","FEMALE","FEMALE","MALE","MALE","FEMALE","MALE","FEMALE","MALE","FEMALE","MALE","MALE","MALE","FEMALE","MALE","MALE","MALE","MALE","MALE","MALE","MALE","MALE","FEMALE","FEMALE","MALE","FEMALE","MALE","MALE","MALE","MALE","MALE","FEMALE","MALE","MALE","MALE","FEMALE","FEMALE","MALE","MALE","MALE","MALE","MALE","FEMALE","MALE","MALE","FEMALE","MALE","FEMALE","MALE","MALE","MALE","MALE","MALE","MALE","MALE","MALE","MALE","MALE","MALE"],"X_CALENDAR_YEAR":[2000,2001,2001,2002,2002,2002,2002,2003,2003,2003,2004,2004,2004,2004,2005,2005,2005,2005,2005,2005,2006,2006,2006,2006,2006,2006,2007,2007,2007,2008,2008,2008,2008,2008,2008,2008,2009,2009,2009,2009,2010,2010,2011,2011,2011,2011,2011,2012,2012,2012,2012,2012,2013,2013,2013,2013,2014,2014,2014,2014,2014,2015,2015,2015,2015,2016,2016,2017,2017,2018,2018],"Y_PREVALENCE_1000PP":[0.05708,0.02367,0.07223,0.08112,0.15553,0.03236,0.03427,0.04016,0.10205,0.0222,0.05082,0.08561,0.03116,0.02028,0.01894,0.11006,0.01863,0.01963,0.04991,0.02586,0.03266,0.02505,0.13654,0.0871,0.02748,0.0212,0.07124,0.03017,0.13964,0.13088,0.01576,0.02479,0.07816,0.02252,0.02312,0.01734,0.05654,0.01937,0.10006,0.02012,0.07868,0.11044,0.03279,0.01896,0.1105,0.05602,0.02422,0.02135,0.01879,0.02005,0.11819,0.05908,0.098,0.01835,0.02623,0.04691,0.02203,0.01928,0.03681,0.01631,0.06619,0.03457,0.01651,0.05168,0.02826,0.0946,0.03724,0.07701,0.03692,0.04515,0.07848]},"PREVALENCE_BY_MONTH":{"X_CALENDAR_MONTH":[200102,200203,200204,200205,200206,200207,200208,200209,200210,200211,200301,200303,200306,200308,200309,200310,200311,200401,200402,200403,200404,200405,200406,200407,200408,200409,200410,200411,200502,200504,200506,200507,200508,200509,200510,200511,200512,200601,200602,200603,200604,200605,200606,200607,200608,200609,200610,200611,200612,200701,200702,200703,200704,200705,200706,200707,200708,200709,200710,200711,200712,200801,200802,200803,200804,200805,200806,200807,200808,200809,200810,200812,200901,200902,200903,200904,200905,200906,200907,200909,200910,200911,200912,201001,201003,201004,201005,201006,201007,201009,201010,201011,201012,201101,201102,201103,201104,201105,201106,201107,201108,201109,201110,201111,201112,201201,201202,201203,201204,201205,201206,201207,201208,201209,201210,201211,201212,201301,201302,201303,201304,201305,201306,201307,201310,201311,201401,201403,201407,201408,201410,201411,201501,201506,201507,201509,201510,201511,201602,201607,201609,201611,201710,201711,201806,201808],"Y_PREVALENCE_1000PP":[0.00253,0.00603,0.00391,0.00416,0.00414,0.00192,0.00164,0.00217,0.00188,0.00188,0.00319,0.00184,0.00182,0.00231,0.0023,0.00153,0.00152,0.00198,0.00148,0.00169,0.0019,0.00189,0.00141,0.0014,0.00139,0.00208,0.00138,0.00275,0.00181,0.00203,0.00179,0.00133,0.00177,0.00395,0.00285,0.00175,0.00197,0.00303,0.00282,0.00217,0.00237,0.00387,0.00192,0.00235,0.00213,0.00403,0.00274,0.00168,0.00189,0.0027,0.00207,0.00186,0.00227,0.00164,0.00284,0.00261,0.00121,0.00219,0.00157,0.00293,0.00176,0.00116,0.00311,0.00253,0.00349,0.0031,0.00384,0.00172,0.00134,0.00171,0.00209,0.00246,0.00151,0.00207,0.00226,0.00132,0.00132,0.00245,0.00113,0.00169,0.00132,0.00132,0.00114,0.00189,0.00209,0.00209,0.00152,0.00134,0.0021,0.00209,0.00207,0.00131,0.0015,0.00299,0.00261,0.00223,0.00204,0.00129,0.00184,0.00202,0.00147,0.00164,0.00182,0.00201,0.00128,0.00218,0.002,0.00145,0.00145,0.00182,0.00145,0.00128,0.00182,0.00145,0.00182,0.00238,0.0011,0.00147,0.00111,0.00111,0.00185,0.0026,0.00167,0.00167,0.0015,0.00188,0.00153,0.0023,0.00118,0.00138,0.00162,0.00225,0.00228,0.0018,0.0018,0.00157,0.00163,0.00213,0.00224,0.00158,0.00161,0.00219,0.00207,0.00271,0.00217,0.00191]},"LENGTH_OF_ERA":{"CATEGORY":"Length of era","MIN_VALUE":1,"P10_VALUE":1,"P25_VALUE":1,"MEDIAN_VALUE":1,"P75_VALUE":1,"P90_VALUE":1,"MAX_VALUE":51},"AGE_AT_FIRST_DIAGNOSIS":{"CATEGORY":["FEMALE","MALE"],"MIN_VALUE":[10,14],"P10_VALUE":[28,20],"P25_VALUE":[38,23],"MEDIAN_VALUE":[54,28],"P75_VALUE":[65,35],"P90_VALUE":[74,45],"MAX_VALUE":[87,82]}}
