{"PREVALENCE_BY_GENDER_AGE_YEAR":{"TRELLIS_NAME":["40-49","30-39","20-29","30-39","30-39","30-39","30-39","20-29","40-49","30-39","20-29","30-39","20-29","70-79","60-69","40-49","60-69","50-59","60-69","50-59","40-49","20-29","30-39","50-59","30-39","40-49","30-39","70-79","30-39","20-29","50-59","40-49","60-69"],"SERIES_NAME":["MALE","MALE","MALE","MALE","MALE","MALE","FEMALE","MALE","FEMALE","MALE","FEMALE","FEMALE","MALE","FEMALE","MALE","MALE","MALE","MALE","FEMALE","FEMALE","FEMALE","FEMALE","MALE","MALE","FEMALE","MALE","MALE","MALE","MALE","MALE","FEMALE","MALE","MALE"],"X_CALENDAR_YEAR":[2000,2000,2001,2002,2003,2004,2004,2004,2005,2005,2005,2005,2005,2005,2005,2005,2006,2006,2006,2006,2006,2006,2006,2007,2008,2009,2009,2009,2014,2014,2015,2015,2018],"Y_PREVALENCE_1000PP":[0.03579,0.03012,0.04966,0.03005,0.01721,0.01605,0.022,0.02397,0.01963,0.02101,0.02502,0.01624,0.03885,0.04252,0.03805,0.01863,0.03143,0.01825,0.02321,0.02192,0.01855,0.02921,0.02049,0.01727,0.0151,0.01342,0.01721,0.03161,0.01578,0.01655,0.02045,0.01651,0.03313]},"PREVALENCE_BY_MONTH":{"X_CALENDAR_MONTH":[200006,200008,200101,200107,200111,200203,200205,200206,200208,200210,200306,200310,200312,200401,200406,200411,200412,200501,200502,200503,200506,200507,200508,200509,200510,200511,200512,200601,200603,200605,200606,200608,200610,200611,200612,200702,200703,200707,200801,200802,200804,200901,200909,201109,201210,201307,201308,201311,201401,201408,201511,201512,201601,201602,201901],"Y_PREVALENCE_1000PP":[0.00253,0.00288,0.00258,0.00265,0.00184,0.00316,0.00277,0.00248,0.00164,0.00269,0.00208,0.00204,0.00177,0.00272,0.00305,0.00161,0.0016,0.00226,0.00136,0.00316,0.00224,0.00156,0.00222,0.00242,0.00176,0.00241,0.00175,0.0026,0.00152,0.00172,0.00214,0.00128,0.00274,0.0021,0.00168,0.00166,0.00124,0.00141,0.00136,0.00136,0.00136,0.00189,0.00113,0.00127,0.00109,0.00111,0.00111,0.00151,0.00115,0.00118,0.00166,0.00197,0.00148,0.00174,0.00197]},"LENGTH_OF_ERA":{"CATEGORY":"Length of era","MIN_VALUE":1,"P10_VALUE":1,"P25_VALUE":1,"MEDIAN_VALUE":1,"P75_VALUE":1,"P90_VALUE":1,"MAX_VALUE":365},"AGE_AT_FIRST_DIAGNOSIS":{"CATEGORY":["FEMALE","MALE"],"MIN_VALUE":[2,0],"P10_VALUE":[18,20],"P25_VALUE":[30,28],"MEDIAN_VALUE":[46,41],"P75_VALUE":[66,61],"P90_VALUE":[77,74],"MAX_VALUE":[99,98]}}
