{"PREVALENCE_BY_GENDER_AGE_YEAR":{"TRELLIS_NAME":["0-9","0-9","10-19","10-19","40-49","0-9","0-9","30-39","10-19","10-19","40-49","0-9","0-9","50-59","40-49","0-9","10-19","10-19","40-49","10-19","30-39","0-9","0-9","0-9","10-19","20-29","10-19","30-39","20-29","40-49","10-19","0-9","10-19","0-9","0-9","10-19","40-49","0-9","20-29","10-19","10-19","40-49","40-49","0-9","0-9","50-59","0-9","40-49","10-19","30-39","0-9","10-19","10-19","10-19","0-9","0-9","40-49","10-19","10-19","0-9","40-49","10-19","10-19","0-9","0-9","0-9","20-29","10-19","50-59","50-59","0-9","10-19","0-9","10-19","20-29","0-9","0-9","0-9","10-19","0-9","10-19","0-9","0-9"],"SERIES_NAME":["FEMALE","FEMALE","FEMALE","FEMALE","MALE","FEMALE","MALE","FEMALE","FEMALE","MALE","MALE","FEMALE","MALE","MALE","FEMALE","MALE","MALE","MALE","MALE","FEMALE","FEMALE","FEMALE","FEMALE","MALE","FEMALE","MALE","MALE","MALE","MALE","FEMALE","FEMALE","MALE","MALE","FEMALE","FEMALE","MALE","FEMALE","MALE","MALE","FEMALE","FEMALE","FEMALE","MALE","FEMALE","MALE","MALE","MALE","FEMALE","FEMALE","FEMALE","FEMALE","MALE","MALE","FEMALE","FEMALE","MALE","FEMALE","FEMALE","MALE","FEMALE","MALE","MALE","FEMALE","FEMALE","MALE","MALE","MALE","FEMALE","FEMALE","MALE","FEMALE","MALE","FEMALE","FEMALE","FEMALE","MALE","MALE","FEMALE","MALE","FEMALE","MALE","MALE","FEMALE"],"X_CALENDAR_YEAR":[1997,1999,1999,2001,2002,2002,2002,2003,2003,2003,2003,2003,2003,2003,2003,2004,2004,2005,2005,2005,2005,2005,2006,2006,2006,2006,2006,2006,2007,2007,2007,2007,2007,2007,2008,2008,2008,2008,2008,2008,2009,2009,2009,2009,2009,2009,2010,2010,2010,2010,2010,2010,2011,2011,2011,2011,2012,2012,2012,2012,2013,2013,2013,2013,2013,2014,2014,2014,2014,2014,2014,2015,2015,2015,2015,2015,2016,2016,2016,2017,2018,2018,2018],"Y_PREVALENCE_1000PP":[0.10496,0.06249,0.06127,0.03591,0.02056,0.03339,0.03077,0.02647,0.0384,0.04203,0.0222,0.05785,0.03309,0.02492,0.01999,0.02632,0.03397,0.04328,0.02662,0.03671,0.01624,0.04212,0.03619,0.03086,0.04249,0.02124,0.03435,0.01537,0.02234,0.01466,0.03937,0.01917,0.04479,0.03358,0.04214,0.03409,0.02129,0.03703,0.01603,0.04127,0.02706,0.02809,0.01565,0.03181,0.03036,0.02229,0.0208,0.01391,0.0302,0.0226,0.05289,0.03985,0.02725,0.02946,0.03596,0.04016,0.02305,0.03271,0.04893,0.02663,0.02033,0.02446,0.01946,0.03536,0.01685,0.02975,0.01655,0.04792,0.01631,0.01873,0.02181,0.03179,0.04786,0.02971,0.01741,0.0228,0.03099,0.02439,0.05451,0.06343,0.031,0.03974,0.05723]},"PREVALENCE_BY_MONTH":{"X_CALENDAR_MONTH":[200106,200109,200203,200205,200206,200302,200303,200304,200305,200306,200307,200308,200309,200310,200404,200406,200409,200503,200504,200506,200507,200508,200509,200510,200511,200512,200601,200603,200605,200606,200609,200610,200612,200703,200704,200705,200706,200707,200708,200709,200710,200711,200801,200802,200803,200804,200805,200806,200808,200809,200810,200811,200812,200901,200902,200903,200904,200905,200908,201001,201003,201004,201005,201006,201007,201008,201009,201011,201012,201103,201104,201105,201106,201107,201109,201111,201112,201201,201203,201204,201205,201206,201209,201210,201212,201302,201303,201305,201306,201307,201308,201309,201312,201401,201403,201404,201405,201406,201408,201409,201502,201503,201505,201506,201507,201508,201603,201604,201606,201608,201702,201711,201809,201811,201901],"Y_PREVALENCE_1000PP":[0.00268,0.0019,0.00201,0.00222,0.00248,0.00185,0.00184,0.00315,0.00339,0.00182,0.00206,0.00231,0.00179,0.00178,0.00167,0.00188,0.00139,0.00136,0.00158,0.00202,0.002,0.00177,0.00132,0.00219,0.00153,0.00175,0.0013,0.00347,0.00193,0.00192,0.00127,0.0019,0.00147,0.00228,0.00165,0.00123,0.00122,0.00201,0.00141,0.00179,0.00138,0.00215,0.00155,0.00175,0.00136,0.00174,0.00213,0.00115,0.00134,0.00152,0.0019,0.00114,0.0017,0.00151,0.00226,0.00151,0.00189,0.0017,0.00188,0.00132,0.00114,0.00133,0.00152,0.00172,0.00172,0.00172,0.00209,0.00131,0.00113,0.00204,0.0013,0.0024,0.00147,0.00184,0.00109,0.00164,0.00146,0.00109,0.00109,0.00127,0.00109,0.00164,0.00145,0.00236,0.00166,0.00129,0.0013,0.0013,0.00167,0.0013,0.00111,0.00111,0.00115,0.00115,0.00115,0.00249,0.0023,0.00136,0.00178,0.00119,0.00125,0.00216,0.0013,0.00158,0.00247,0.00157,0.0015,0.00175,0.0018,0.0024,0.00196,0.00181,0.00351,0.00197,0.00197]},"LENGTH_OF_ERA":{"CATEGORY":"Length of era","MIN_VALUE":1,"P10_VALUE":1,"P25_VALUE":1,"MEDIAN_VALUE":1,"P75_VALUE":1,"P90_VALUE":1,"MAX_VALUE":30},"AGE_AT_FIRST_DIAGNOSIS":{"CATEGORY":["FEMALE","MALE"],"MIN_VALUE":[0,1],"P10_VALUE":[2,4],"P25_VALUE":[8,11],"MEDIAN_VALUE":[20,22],"P75_VALUE":[44,47],"P90_VALUE":[59,59],"MAX_VALUE":[94,96]}}
