{"PREVALENCE_BY_GENDER_AGE_YEAR":{"TRELLIS_NAME":["0-9","30-39","60-69","0-9","0-9","50-59","30-39","0-9","10-19","30-39","30-39","10-19","10-19","0-9","0-9","0-9","0-9","0-9","30-39","20-29","0-9","30-39","30-39","0-9","20-29","0-9","0-9","50-59","30-39","40-49","30-39","0-9","10-19","0-9","0-9","30-39","10-19","0-9","0-9","0-9","20-29","0-9","0-9","40-49","0-9"],"SERIES_NAME":["FEMALE","FEMALE","MALE","FEMALE","FEMALE","MALE","FEMALE","MALE","FEMALE","MALE","FEMALE","FEMALE","FEMALE","MALE","FEMALE","MALE","FEMALE","FEMALE","MALE","MALE","MALE","FEMALE","FEMALE","MALE","MALE","FEMALE","MALE","FEMALE","FEMALE","MALE","FEMALE","MALE","FEMALE","FEMALE","MALE","FEMALE","FEMALE","FEMALE","MALE","FEMALE","MALE","FEMALE","MALE","FEMALE","FEMALE"],"X_CALENDAR_YEAR":[2000,2000,2002,2002,2003,2003,2003,2003,2003,2003,2004,2004,2005,2005,2005,2006,2006,2007,2007,2007,2007,2007,2008,2008,2008,2008,2009,2009,2009,2009,2010,2010,2010,2011,2011,2011,2012,2012,2012,2013,2013,2014,2014,2015,2015],"Y_PREVALENCE_1000PP":[0.0419,0.03081,0.03236,0.02862,0.03115,0.02136,0.02059,0.03309,0.0288,0.01721,0.01925,0.02573,0.02447,0.02523,0.03446,0.024,0.02171,0.03022,0.01474,0.01676,0.01917,0.02026,0.0151,0.0216,0.01603,0.01945,0.01821,0.02293,0.01766,0.01342,0.01506,0.02674,0.02013,0.02098,0.02869,0.01735,0.01962,0.03255,0.0198,0.02652,0.01547,0.02181,0.01785,0.01983,0.0376]},"PREVALENCE_BY_MONTH":{"X_CALENDAR_MONTH":[200009,200205,200207,200307,200309,200310,200312,200408,200409,200501,200506,200508,200510,200511,200604,200605,200610,200611,200703,200705,200710,200711,200712,200801,200803,200808,200902,200907,200908,200910,200911,201003,201007,201010,201011,201012,201101,201102,201103,201105,201106,201107,201109,201112,201201,201202,201205,201209,201210,201306,201307,201309,201312,201402,201406,201509,201510,201511],"Y_PREVALENCE_1000PP":[0.00242,0.00277,0.00192,0.00154,0.0023,0.0028,0.00202,0.00139,0.00208,0.00136,0.00134,0.00155,0.00197,0.00131,0.00172,0.00129,0.00127,0.00126,0.00124,0.00123,0.00157,0.00176,0.00156,0.00116,0.00233,0.00191,0.00113,0.0015,0.0017,0.00113,0.00113,0.00171,0.00134,0.00151,0.00131,0.00113,0.0015,0.00112,0.00111,0.00148,0.0011,0.0011,0.00146,0.00146,0.002,0.00127,0.00164,0.00145,0.00127,0.00111,0.00167,0.00111,0.00173,0.00114,0.00116,0.00157,0.00163,0.00166]},"LENGTH_OF_ERA":{"CATEGORY":"Length of era","MIN_VALUE":1,"P10_VALUE":1,"P25_VALUE":1,"MEDIAN_VALUE":1,"P75_VALUE":1,"P90_VALUE":1,"MAX_VALUE":38},"AGE_AT_FIRST_DIAGNOSIS":{"CATEGORY":["FEMALE","MALE"],"MIN_VALUE":[1,0],"P10_VALUE":[3,3],"P25_VALUE":[11,8],"MEDIAN_VALUE":[32,31],"P75_VALUE":[48,49],"P90_VALUE":[64,64],"MAX_VALUE":[91,93]}}
