{"PREVALENCE_BY_GENDER_AGE_YEAR":{"TRELLIS_NAME":["50-59","60-69","30-39","60-69","40-49","50-59","70-79","40-49","30-39","50-59","60-69","30-39","50-59","40-49","40-49","60-69","50-59","30-39"],"SERIES_NAME":["FEMALE","FEMALE","FEMALE","MALE","FEMALE","MALE","FEMALE","FEMALE","FEMALE","FEMALE","FEMALE","FEMALE","FEMALE","FEMALE","FEMALE","FEMALE","FEMALE","FEMALE"],"X_CALENDAR_YEAR":[2000,2000,2000,2000,2000,2000,2001,2001,2001,2001,2002,2002,2002,2002,2003,2003,2003,2003],"Y_PREVALENCE_1000PP":[4.74066,2.23124,4.64723,1.31827,4.97643,1.60256,0.65765,1.67621,1.36986,0.84187,0.68882,1.00385,1.51443,1.58432,0.78833,0.58471,1.09353,1.12819]},"PREVALENCE_BY_MONTH":{"X_CALENDAR_MONTH":[200001,200002,200003,200004,200005,200006,200007,200008,200009,200010,200011,200102,200103,200108,200111,200201,200203,200204,200205,200209,200211,200301,200302,200303,200307,200309,200310],"Y_PREVALENCE_1000PP":[1.69843,0.82636,0.41632,0.4424,0.45413,0.34881,0.26922,0.20901,0.16313,0.22378,0.13698,0.11078,0.10291,0.07931,0.07066,0.10957,0.08225,0.05975,0.05791,0.069,0.08208,0.05493,0.06156,0.07542,0.0497,0.04748,0.04653]},"CONDITIONS_BY_TYPE":{"CONCEPT_NAME":"EHR","COUNT_VALUE":337},"AGE_AT_FIRST_DIAGNOSIS":{"CATEGORY":["MALE","FEMALE"],"MIN_VALUE":[26,20],"P10_VALUE":[42,33],"P25_VALUE":[47,39],"MEDIAN_VALUE":[55,49],"P75_VALUE":[65,59],"P90_VALUE":[71,70],"MAX_VALUE":[77,92]}}
