{"PREVALENCE_BY_GENDER_AGE_YEAR":{"TRELLIS_NAME":["50-59","70-79","50-59","60-69","50-59","70-79","50-59","80-89","60-69","70-79"],"SERIES_NAME":["FEMALE","MALE","MALE","MALE","MALE","MALE","MALE","FEMALE","FEMALE","MALE"],"X_CALENDAR_YEAR":[2003,2008,2008,2008,2009,2009,2010,2016,2018,2018],"Y_PREVALENCE_1000PP":[0.43741,0.09643,0.09249,0.09534,0.07135,0.112,0.0726,0.10935,0.07279,0.16345]},"PREVALENCE_BY_MONTH":{"X_CALENDAR_MONTH":[200309,200402,200408,200506,200608,200801,200802,200804,200806,200809,200811,200812,200901,200903,200907,200912,201010,201110,201111,201206,201412,201509,201603,201606,201607,201608,201610,201705,201801,201802,201803,201804,201807,201811],"Y_PREVALENCE_1000PP":[0.0407,0.03701,0.03342,0.02907,0.00896,0.00708,0.00936,0.01035,0.0068,0.00776,0.00657,0.00762,0.01091,0.00765,0.00659,0.00884,0.00675,0.00691,0.00807,0.00821,0.00765,0.00925,0.0095,0.01377,0.01107,0.00835,0.00985,0.00883,0.01266,0.01284,0.00975,0.01485,0.01049,0.01634]},"CONDITIONS_BY_TYPE":{"CONCEPT_NAME":"EHR","COUNT_VALUE":1010},"AGE_AT_FIRST_DIAGNOSIS":{"CATEGORY":["MALE","FEMALE"],"MIN_VALUE":[30,21],"P10_VALUE":[46,44],"P25_VALUE":[55,53],"MEDIAN_VALUE":[63,64],"P75_VALUE":[72,77],"P90_VALUE":[78,83],"MAX_VALUE":[100,94]}}
