{"AGE_AT_FIRST_EXPOSURE":{"CATEGORY":["MALE","FEMALE"],"MIN_VALUE":[10,10],"P10_VALUE":[32,42],"P25_VALUE":[50,55],"MEDIAN_VALUE":[67,69],"P75_VALUE":[74,78],"P90_VALUE":[80,85],"MAX_VALUE":[85,94]},"DAYS_SUPPLY_DISTRIBUTION":{"CATEGORY":[],"MIN_VALUE":[],"P10_VALUE":[],"P25_VALUE":[],"MEDIAN_VALUE":[],"P75_VALUE":[],"P90_VALUE":[],"MAX_VALUE":[]},"DRUGS_BY_TYPE":{"CONCEPT_NAME":"Prescription written","COUNT_VALUE":494},"PREVALENCE_BY_GENDER_AGE_YEAR":{"TRELLIS_NAME":"60-69","SERIES_NAME":"FEMALE","X_CALENDAR_YEAR":2013,"Y_PREVALENCE_1000PP":0.02429},"PREVALENCE_BY_MONTH":{"X_CALENDAR_MONTH":[201207,201209,201210,201211,201212,201301,201302,201304,201305,201307,201308,201309,201310,201311,201312,201401,201402,201403,201404,201406,201407,201408,201409,201410,201411,201412,201502,201504,201505,201506,201507,201508,201509,201511,201601,201603,201604,201605,201607,201710],"Y_PREVALENCE_1000PP":[0.00109,0.00127,0.00109,0.00201,0.00129,0.0011,0.00147,0.00111,0.0013,0.0013,0.00148,0.0013,0.0015,0.00169,0.00173,0.0021,0.00229,0.00153,0.00134,0.00213,0.00196,0.00178,0.00178,0.00222,0.00163,0.00187,0.00146,0.0013,0.0013,0.0018,0.0018,0.00157,0.00135,0.00142,0.00148,0.0015,0.0015,0.00152,0.00158,0.00178]},"DRUG_FREQUENCY_DISTRIBUTION":{"Y_NUM_PERSONS":[0,0,0,0,0,0,0,0,0,0,0,0,0,0],"X_COUNT":[1,2,3,4,5,6,7,8,9,11,13,14,15,25]},"QUANTITY_DISTRIBUTION":{"CATEGORY":"Quantity","MIN_VALUE":10,"P10_VALUE":28,"P25_VALUE":42,"MEDIAN_VALUE":112,"P75_VALUE":120,"P90_VALUE":224,"MAX_VALUE":336},"REFILLS_DISTRIBUTION":{"CATEGORY":"Refills","MIN_VALUE":0,"P10_VALUE":0,"P25_VALUE":1,"MEDIAN_VALUE":6,"P75_VALUE":6,"P90_VALUE":12,"MAX_VALUE":99}}
