{"AGE_AT_FIRST_EXPOSURE":{"CATEGORY":["MALE","FEMALE"],"MIN_VALUE":[2,1],"P10_VALUE":[18,19],"P25_VALUE":[29,29],"MEDIAN_VALUE":[47,43],"P75_VALUE":[62,60],"P90_VALUE":[75,72],"MAX_VALUE":[87,90]},"DAYS_SUPPLY_DISTRIBUTION":{"CATEGORY":[],"MIN_VALUE":[],"P10_VALUE":[],"P25_VALUE":[],"MEDIAN_VALUE":[],"P75_VALUE":[],"P90_VALUE":[],"MAX_VALUE":[]},"DRUGS_BY_TYPE":{"CONCEPT_NAME":"Prescription written","COUNT_VALUE":1550},"PREVALENCE_BY_GENDER_AGE_YEAR":{"TRELLIS_NAME":["60-69","40-49","20-29","30-39","20-29","30-39","50-59","40-49","40-49","60-69","20-29","30-39","30-39","60-69","40-49","20-29","40-49","50-59","70-79","50-59","60-69","30-39","20-29","30-39","50-59","50-59","40-49","20-29","60-69","40-49","70-79","70-79","10-19","80-89","50-59","50-59","30-39","60-69","80-89","70-79","20-29","40-49","40-49","60-69","30-39","20-29","10-19","70-79","30-39","30-39","60-69","60-69","70-79","40-49","70-79","80-89","50-59","20-29","80-89","50-59","40-49","20-29","10-19","20-29","60-69","50-59","70-79","20-29","40-49","30-39","70-79","80-89","40-49","10-19","10-19","60-69","50-59","30-39","60-69","50-59","80-89","60-69"],"SERIES_NAME":["FEMALE","FEMALE","FEMALE","FEMALE","MALE","MALE","FEMALE","MALE","FEMALE","FEMALE","FEMALE","FEMALE","FEMALE","FEMALE","FEMALE","FEMALE","MALE","MALE","MALE","FEMALE","FEMALE","MALE","MALE","FEMALE","FEMALE","MALE","MALE","FEMALE","MALE","FEMALE","FEMALE","MALE","FEMALE","MALE","MALE","FEMALE","FEMALE","FEMALE","MALE","MALE","FEMALE","MALE","FEMALE","MALE","MALE","MALE","FEMALE","FEMALE","FEMALE","MALE","MALE","FEMALE","MALE","FEMALE","FEMALE","MALE","FEMALE","FEMALE","FEMALE","MALE","MALE","MALE","FEMALE","FEMALE","MALE","FEMALE","FEMALE","MALE","FEMALE","MALE","MALE","FEMALE","MALE","FEMALE","MALE","FEMALE","MALE","FEMALE","FEMALE","FEMALE","FEMALE","MALE"],"X_CALENDAR_YEAR":[1999,1999,1999,1999,2000,2000,2000,2000,2000,2000,2000,2000,2001,2001,2001,2001,2001,2001,2001,2001,2002,2002,2002,2002,2002,2002,2002,2002,2002,2002,2002,2002,2002,2002,2003,2003,2003,2003,2003,2003,2003,2003,2003,2003,2003,2003,2003,2003,2004,2004,2004,2004,2004,2004,2004,2004,2004,2004,2004,2004,2004,2004,2004,2005,2005,2005,2005,2005,2005,2005,2005,2005,2005,2005,2005,2005,2005,2005,2006,2006,2006,2006],"Y_PREVALENCE_1000PP":[0.06889,0.04801,0.05456,0.0449,0.04567,0.05163,0.10337,0.03579,0.10738,0.06178,0.06479,0.07042,0.04502,0.06062,0.03317,0.04749,0.02766,0.05171,0.0608,0.05317,0.07951,0.03605,0.02393,0.04923,0.08172,0.02646,0.02399,0.04977,0.07012,0.0324,0.06204,0.05332,0.04656,0.12054,0.03203,0.06958,0.06177,0.04412,0.11199,0.06475,0.05804,0.02854,0.04998,0.04979,0.02582,0.03024,0.0336,0.04164,0.06874,0.03745,0.05337,0.08761,0.05253,0.07148,0.04944,0.13156,0.09465,0.05942,0.05905,0.04595,0.01983,0.02055,0.04718,0.07507,0.05496,0.05819,0.07441,0.0259,0.07851,0.01839,0.05065,0.04857,0.0213,0.08974,0.03968,0.0917,0.05338,0.08118,0.03095,0.03131,0.04657,0.02357]},"PREVALENCE_BY_MONTH":{"X_CALENDAR_MONTH":[199904,199905,199909,199910,199911,199912,200001,200002,200003,200004,200005,200006,200007,200008,200009,200010,200011,200012,200101,200102,200103,200104,200105,200106,200107,200109,200110,200111,200112,200201,200202,200203,200204,200205,200206,200207,200208,200209,200210,200211,200212,200301,200302,200303,200304,200305,200306,200307,200308,200309,200310,200311,200312,200401,200402,200403,200404,200405,200406,200407,200408,200409,200410,200411,200412,200501,200502,200503,200504,200505,200506,200507,200508,200509,200510,200511,200512,200601,200602,200603],"Y_PREVALENCE_1000PP":[0.00454,0.00383,0.00408,0.00507,0.00533,0.00643,0.00945,0.00449,0.00573,0.00522,0.00688,0.00844,0.005,0.00247,0.00685,0.0064,0.00356,0.00508,0.00442,0.0029,0.00705,0.00626,0.00308,0.00369,0.00298,0.0057,0.00279,0.00491,0.00304,0.00381,0.00407,0.00517,0.00419,0.00554,0.00331,0.00466,0.00382,0.00543,0.00619,0.00429,0.00698,0.00584,0.00475,0.00762,0.00577,0.00444,0.00442,0.00206,0.00667,0.00332,0.00382,0.00279,0.00353,0.00618,0.0037,0.00701,0.00619,0.00615,0.00587,0.0042,0.00581,0.0037,0.00507,0.00482,0.00596,0.00793,0.00972,0.00746,0.00519,0.00518,0.00605,0.00422,0.00399,0.00264,0.00417,0.00438,0.00547,0.00519,0.00673,0.00455]},"DRUG_FREQUENCY_DISTRIBUTION":{"Y_NUM_PERSONS":[0,0,0,0,0,0,0,0,0,0,0,0,0,0,0],"X_COUNT":[1,2,3,4,5,6,7,8,9,10,11,12,13,15,16]},"QUANTITY_DISTRIBUTION":{"CATEGORY":"Quantity","MIN_VALUE":1,"P10_VALUE":1,"P25_VALUE":1,"MEDIAN_VALUE":1,"P75_VALUE":1,"P90_VALUE":1,"MAX_VALUE":4},"REFILLS_DISTRIBUTION":{"CATEGORY":"Refills","MIN_VALUE":0,"P10_VALUE":0,"P25_VALUE":0,"MEDIAN_VALUE":0,"P75_VALUE":0,"P90_VALUE":6,"MAX_VALUE":99}}
