{"AGE_AT_FIRST_EXPOSURE":{"CATEGORY":["FEMALE","MALE"],"MIN_VALUE":[25,27],"P10_VALUE":[50,46],"P25_VALUE":[57,54],"MEDIAN_VALUE":[66,62],"P75_VALUE":[75,71],"P90_VALUE":[82,78],"MAX_VALUE":[95,92]},"DAYS_SUPPLY_DISTRIBUTION":{"CATEGORY":"Days supply","MIN_VALUE":8,"P10_VALUE":28,"P25_VALUE":28,"MEDIAN_VALUE":30,"P75_VALUE":56,"P90_VALUE":56,"MAX_VALUE":120},"DRUGS_BY_TYPE":{"CONCEPT_NAME":"Prescription written","COUNT_VALUE":8971},"PREVALENCE_BY_GENDER_AGE_YEAR":{"TRELLIS_NAME":["50-59","60-69","60-69","70-79","50-59","60-69","50-59","60-69","40-49","50-59","80-89","70-79","70-79","30-39","80-89","60-69","80-89","50-59","70-79","40-49","80-89","30-39","50-59","60-69","70-79","60-69","70-79","70-79","80-89","60-69","40-49","50-59","80-89","50-59","40-49","70-79","50-59","80-89","40-49","60-69","80-89","50-59","30-39","70-79","40-49","60-69","70-79","80-89","50-59","50-59","60-69","40-49","80-89","30-39","70-79","40-49","60-69","80-89","50-59","30-39","40-49","60-69","40-49","50-59","80-89","70-79","60-69","70-79","60-69","60-69","70-79","50-59","70-79"],"SERIES_NAME":["FEMALE","FEMALE","MALE","FEMALE","MALE","MALE","FEMALE","FEMALE","MALE","MALE","MALE","MALE","FEMALE","MALE","FEMALE","FEMALE","MALE","MALE","FEMALE","MALE","FEMALE","MALE","FEMALE","MALE","MALE","FEMALE","MALE","FEMALE","FEMALE","MALE","FEMALE","MALE","MALE","FEMALE","MALE","MALE","FEMALE","MALE","MALE","FEMALE","FEMALE","MALE","MALE","FEMALE","FEMALE","MALE","FEMALE","MALE","FEMALE","MALE","FEMALE","FEMALE","FEMALE","MALE","MALE","MALE","MALE","MALE","FEMALE","MALE","FEMALE","MALE","MALE","MALE","FEMALE","FEMALE","FEMALE","MALE","FEMALE","MALE","FEMALE","FEMALE","MALE"],"X_CALENDAR_YEAR":[1997,1997,1997,1997,1997,1998,1998,1998,1998,1998,1998,1998,1998,1998,1998,1999,1999,1999,1999,1999,1999,1999,1999,1999,1999,2000,2000,2000,2000,2000,2000,2000,2000,2000,2000,2001,2001,2001,2001,2001,2001,2001,2001,2001,2001,2001,2002,2002,2002,2002,2002,2002,2002,2002,2002,2002,2002,2003,2003,2003,2003,2003,2003,2003,2003,2003,2003,2003,2004,2004,2004,2004,2004],"Y_PREVALENCE_1000PP":[0.1182,0.24206,0.15656,0.34596,0.15799,0.20577,0.15358,0.29604,0.06738,0.22466,0.30883,0.21939,0.32305,0.04929,0.16012,0.31493,0.21661,0.17328,0.23799,0.03943,0.11322,0.0331,0.14877,0.29442,0.23612,0.34751,0.31936,0.30326,0.14214,0.37254,0.03758,0.17314,0.15818,0.19525,0.06136,0.33004,0.17281,0.28029,0.06717,0.25462,0.19831,0.20252,0.02029,0.27069,0.04146,0.34741,0.33503,0.39606,0.17511,0.17389,0.28094,0.0432,0.29901,0.02404,0.32755,0.0377,0.31282,0.22399,0.11719,0.01721,0.01999,0.24396,0.07293,0.14238,0.33568,0.2677,0.18137,0.29497,0.03066,0.04003,0.03296,0.02028,0.05253]},"PREVALENCE_BY_MONTH":{"X_CALENDAR_MONTH":[199605,199606,199607,199608,199609,199610,199611,199612,199701,199702,199703,199704,199705,199706,199707,199708,199709,199710,199711,199712,199801,199802,199803,199804,199805,199806,199807,199808,199809,199810,199811,199812,199901,199902,199903,199904,199905,199906,199907,199908,199909,199910,199911,199912,200001,200002,200003,200004,200005,200006,200007,200008,200009,200010,200011,200012,200101,200102,200103,200104,200105,200106,200107,200108,200109,200110,200111,200112,200201,200202,200203,200204,200205,200206,200207,200208,200209,200210,200211,200212,200301,200302,200303,200304,200305,200306,200307,200308,200309,200310,200311,200312,200401,200402,200403,200404],"Y_PREVALENCE_1000PP":[0.02226,0.02554,0.02295,0.02459,0.02216,0.02889,0.0288,0.02204,0.02826,0.02023,0.02871,0.03232,0.03167,0.0295,0.03696,0.03749,0.03266,0.04256,0.03731,0.03965,0.03622,0.03425,0.03969,0.03652,0.03974,0.04453,0.03574,0.0451,0.0396,0.0447,0.04707,0.04962,0.04413,0.04169,0.05045,0.04925,0.04657,0.0464,0.04353,0.04167,0.04198,0.0366,0.04425,0.0376,0.05085,0.05207,0.05728,0.05392,0.05807,0.05487,0.05538,0.0564,0.05519,0.0572,0.05148,0.05079,0.0486,0.03766,0.04262,0.04731,0.05135,0.04128,0.04431,0.04363,0.03708,0.03849,0.04021,0.04042,0.03989,0.03779,0.04021,0.04076,0.0413,0.03944,0.03812,0.03305,0.03663,0.03738,0.03377,0.03542,0.03238,0.03433,0.03471,0.03512,0.03368,0.03273,0.03475,0.03336,0.03117,0.03284,0.01901,0.01717,0.00815,0.00444,0.00266,0.0019]},"DRUG_FREQUENCY_DISTRIBUTION":{"Y_NUM_PERSONS":[0,0,0,0,0,0,0,0,0,0,0,0,0,0,0,0,0,0,0,0,0,0,0,0,0,0,0,0,0,0,0,0,0,0,0,0,0,0,0,0,0,0,0,0,0,0,0,0,0,0,0,0,0,0,0],"X_COUNT":[1,2,3,4,5,6,7,8,9,10,11,12,13,14,15,16,17,18,19,20,21,22,23,24,25,26,27,28,29,30,31,32,33,34,35,36,38,39,40,41,42,43,45,47,48,49,51,56,57,58,61,62,64,68,70]},"QUANTITY_DISTRIBUTION":{"CATEGORY":"Quantity","MIN_VALUE":0,"P10_VALUE":5,"P25_VALUE":28,"MEDIAN_VALUE":56,"P75_VALUE":56,"P90_VALUE":84,"MAX_VALUE":336},"REFILLS_DISTRIBUTION":{"CATEGORY":"Refills","MIN_VALUE":0,"P10_VALUE":3,"P25_VALUE":6,"MEDIAN_VALUE":6,"P75_VALUE":12,"P90_VALUE":13,"MAX_VALUE":600}}
