{"AGE_AT_FIRST_EXPOSURE":{"CATEGORY":["MALE","FEMALE"],"MIN_VALUE":[0,0],"P10_VALUE":[10,29],"P25_VALUE":[44,44],"MEDIAN_VALUE":[62,58],"P75_VALUE":[76,70],"P90_VALUE":[82,79],"MAX_VALUE":[92,99]},"DAYS_SUPPLY_DISTRIBUTION":{"CATEGORY":[],"MIN_VALUE":[],"P10_VALUE":[],"P25_VALUE":[],"MEDIAN_VALUE":[],"P75_VALUE":[],"P90_VALUE":[],"MAX_VALUE":[]},"DRUGS_BY_TYPE":{"CONCEPT_NAME":"Prescription written","COUNT_VALUE":3219},"PREVALENCE_BY_GENDER_AGE_YEAR":{"TRELLIS_NAME":["70-79","70-79","60-69","30-39","60-69","50-59","40-49","20-29","80-89","0-9","20-29","50-59","30-39","60-69","50-59","80-89","0-9","40-49","10-19","90-99","70-79","60-69","70-79","40-49","0-9","50-59","60-69","60-69","50-59","10-19","80-89","0-9","20-29","70-79","30-39"],"SERIES_NAME":["FEMALE","MALE","FEMALE","FEMALE","MALE","FEMALE","FEMALE","FEMALE","FEMALE","MALE","FEMALE","FEMALE","FEMALE","FEMALE","MALE","FEMALE","FEMALE","FEMALE","FEMALE","FEMALE","MALE","MALE","FEMALE","FEMALE","FEMALE","FEMALE","MALE","FEMALE","MALE","FEMALE","FEMALE","MALE","FEMALE","FEMALE","FEMALE"],"X_CALENDAR_YEAR":[2017,2017,2017,2017,2017,2017,2017,2017,2017,2018,2018,2018,2018,2018,2018,2018,2018,2018,2018,2018,2018,2018,2018,2019,2019,2019,2019,2019,2019,2019,2019,2019,2019,2019,2019],"Y_PREVALENCE_1000PP":[0.23349,0.07566,0.21063,0.07714,0.0442,0.16242,0.10979,0.02335,0.1621,0.02981,0.07039,0.20797,0.11479,0.35772,0.04165,0.21922,0.05723,0.20158,0.0481,0.25652,0.06834,0.06074,0.3957,0.15489,0.05718,0.18814,0.04158,0.37281,0.0318,0.04728,0.30585,0.03639,0.05774,0.3033,0.08909]},"PREVALENCE_BY_MONTH":{"X_CALENDAR_MONTH":[201612,201701,201702,201703,201704,201705,201706,201707,201708,201709,201710,201711,201712,201801,201802,201803,201804,201805,201806,201807,201808,201809,201810,201811,201812,201901,201902,201903],"Y_PREVALENCE_1000PP":[0.00164,0.00493,0.0084,0.01106,0.01511,0.02254,0.02157,0.02223,0.03031,0.02835,0.02605,0.02322,0.02101,0.02468,0.02596,0.02965,0.03334,0.03887,0.04029,0.04446,0.04295,0.04728,0.04526,0.05485,0.0546,0.06135,0.05648,0.06242]},"DRUG_FREQUENCY_DISTRIBUTION":{"Y_NUM_PERSONS":[0,0,0,0,0,0,0,0,0,0,0,0,0,0,0,0,0,0,0,0,0,0,0,0,0,0],"X_COUNT":[1,2,3,4,5,6,7,8,9,10,11,12,13,14,15,16,17,18,19,20,21,22,23,24,25,26]},"QUANTITY_DISTRIBUTION":{"CATEGORY":"Quantity","MIN_VALUE":0,"P10_VALUE":28,"P25_VALUE":28,"MEDIAN_VALUE":28,"P75_VALUE":56,"P90_VALUE":56,"MAX_VALUE":584},"REFILLS_DISTRIBUTION":{"CATEGORY":"Refills","MIN_VALUE":0,"P10_VALUE":1,"P25_VALUE":3,"MEDIAN_VALUE":6,"P75_VALUE":11,"P90_VALUE":12,"MAX_VALUE":999}}
