{"AGE_AT_FIRST_EXPOSURE":{"CATEGORY":["MALE","FEMALE"],"MIN_VALUE":[8,9],"P10_VALUE":[17,31],"P25_VALUE":[29,55],"MEDIAN_VALUE":[48,66],"P75_VALUE":[67,74],"P90_VALUE":[75,80],"MAX_VALUE":[92,86]},"DAYS_SUPPLY_DISTRIBUTION":{"CATEGORY":[],"MIN_VALUE":[],"P10_VALUE":[],"P25_VALUE":[],"MEDIAN_VALUE":[],"P75_VALUE":[],"P90_VALUE":[],"MAX_VALUE":[]},"DRUGS_BY_TYPE":{"CONCEPT_NAME":"Prescription written","COUNT_VALUE":204},"PREVALENCE_BY_GENDER_AGE_YEAR":{"TRELLIS_NAME":["70-79","60-69","40-49","70-79"],"SERIES_NAME":["MALE","FEMALE","MALE","FEMALE"],"X_CALENDAR_YEAR":[1997,1997,1997,1997],"Y_PREVALENCE_1000PP":[0.15898,0.13034,0.10054,0.16281]},"PREVALENCE_BY_MONTH":{"X_CALENDAR_MONTH":[199610,199612,199703,199705,199706,199707,199708,199709,199710,199711,199712,199801,199802,199803,199806],"Y_PREVALENCE_1000PP":[0.01445,0.01017,0.00999,0.00821,0.00983,0.01267,0.01354,0.01429,0.01621,0.01276,0.01257,0.01179,0.00668,0.00496,0.00486]},"DRUG_FREQUENCY_DISTRIBUTION":{"Y_NUM_PERSONS":[0,0,0,0,0,0],"X_COUNT":[1,2,3,4,5,6]},"QUANTITY_DISTRIBUTION":{"CATEGORY":"Quantity","MIN_VALUE":1,"P10_VALUE":1,"P25_VALUE":1,"MEDIAN_VALUE":1,"P75_VALUE":2,"P90_VALUE":100,"MAX_VALUE":100},"REFILLS_DISTRIBUTION":{"CATEGORY":"Refills","MIN_VALUE":0,"P10_VALUE":0,"P25_VALUE":0,"MEDIAN_VALUE":0,"P75_VALUE":6,"P90_VALUE":12,"MAX_VALUE":12}}
