{"AGE_AT_FIRST_EXPOSURE":{"CATEGORY":["MALE","FEMALE"],"MIN_VALUE":[20,19],"P10_VALUE":[32,31],"P25_VALUE":[39,37],"MEDIAN_VALUE":[51,46],"P75_VALUE":[67,56],"P90_VALUE":[75,63],"MAX_VALUE":[85,84]},"DAYS_SUPPLY_DISTRIBUTION":{"CATEGORY":"Days supply","MIN_VALUE":7,"P10_VALUE":7,"P25_VALUE":7,"MEDIAN_VALUE":7,"P75_VALUE":7,"P90_VALUE":14,"MAX_VALUE":28},"DRUGS_BY_TYPE":{"CONCEPT_NAME":"Prescription written","COUNT_VALUE":773},"PREVALENCE_BY_GENDER_AGE_YEAR":{"TRELLIS_NAME":["40-49","40-49","50-59","40-49"],"SERIES_NAME":["FEMALE","FEMALE","FEMALE","FEMALE"],"X_CALENDAR_YEAR":[1998,1999,2000,2001],"Y_PREVALENCE_1000PP":[0.06006,0.04115,0.03446,0.02902]},"PREVALENCE_BY_MONTH":{"X_CALENDAR_MONTH":[200001,200003,200004,200005,200006,200011,200012,200101,200102,200103,200104,200105,200108,200109,200112,200201,200205,200207,200208,200601],"Y_PREVALENCE_1000PP":[0.00315,0.00264,0.00348,0.00473,0.00338,0.00277,0.00313,0.00442,0.00326,0.00282,0.00209,0.00205,0.00194,0.0019,0.00213,0.00235,0.00222,0.00165,0.00164,0.0013]},"DRUG_FREQUENCY_DISTRIBUTION":{"Y_NUM_PERSONS":[0,0,0,0,0,0,0,0,0,0,0,0,0,0],"X_COUNT":[1,2,3,4,5,6,8,11,12,13,15,16,23,26]},"QUANTITY_DISTRIBUTION":{"CATEGORY":"Quantity","MIN_VALUE":6,"P10_VALUE":10,"P25_VALUE":21,"MEDIAN_VALUE":28,"P75_VALUE":100,"P90_VALUE":112,"MAX_VALUE":224},"REFILLS_DISTRIBUTION":{"CATEGORY":"Refills","MIN_VALUE":0,"P10_VALUE":0,"P25_VALUE":0,"MEDIAN_VALUE":6,"P75_VALUE":12,"P90_VALUE":24,"MAX_VALUE":52}}
