{"AGE_AT_FIRST_EXPOSURE":{"CATEGORY":["MALE","FEMALE"],"MIN_VALUE":[12,18],"P10_VALUE":[39,28],"P25_VALUE":[49,43],"MEDIAN_VALUE":[59,62],"P75_VALUE":[70,74],"P90_VALUE":[77,80],"MAX_VALUE":[89,89]},"DAYS_SUPPLY_DISTRIBUTION":{"CATEGORY":"Days supply","MIN_VALUE":10,"P10_VALUE":28,"P25_VALUE":30,"MEDIAN_VALUE":30,"P75_VALUE":30,"P90_VALUE":56,"MAX_VALUE":56},"DRUGS_BY_TYPE":{"CONCEPT_NAME":"Prescription written","COUNT_VALUE":1175},"PREVALENCE_BY_GENDER_AGE_YEAR":{"TRELLIS_NAME":["70-79","50-59","50-59","50-59","70-79","50-59","50-59","60-69","70-79","50-59","70-79","40-49","60-69","50-59","40-49","70-79","50-59","60-69","40-49","60-69","50-59","60-69","60-69","50-59"],"SERIES_NAME":["MALE","MALE","MALE","MALE","MALE","FEMALE","MALE","MALE","MALE","MALE","MALE","MALE","MALE","MALE","MALE","MALE","MALE","MALE","MALE","FEMALE","MALE","MALE","MALE","MALE"],"X_CALENDAR_YEAR":[1998,1998,1999,2000,2000,2001,2001,2001,2001,2002,2002,2003,2003,2003,2004,2004,2004,2004,2005,2005,2005,2005,2006,2006],"Y_PREVALENCE_1000PP":[0.11967,0.06419,0.04332,0.06144,0.06607,0.02659,0.05171,0.04963,0.0608,0.0567,0.07617,0.0222,0.03983,0.03559,0.03682,0.07879,0.02626,0.04893,0.02396,0.02501,0.0314,0.04228,0.0275,0.02129]},"PREVALENCE_BY_MONTH":{"X_CALENDAR_MONTH":[199701,199807,199808,199809,199810,199811,199812,199901,199904,199909,199910,199911,199912,200001,200002,200003,200004,200005,200006,200007,200008,200009,200010,200011,200012,200101,200102,200103,200104,200105,200106,200107,200108,200109,200110,200111,200112,200201,200202,200203,200204,200205,200206,200207,200208,200209,200210,200211,200212,200301,200302,200303,200304,200305,200306,200307,200308,200309,200310,200311,200312,200401,200402,200403,200404,200405,200406,200407,200408,200409,200410,200411,200412,200501,200502,200503,200504,200505,200506,200507,200508,200509,200510,200511,200512,200601,200603,200604,200605],"Y_PREVALENCE_1000PP":[0.00942,0.00715,0.00467,0.00533,0.00596,0.00441,0.00438,0.00483,0.00389,0.00525,0.00507,0.0032,0.00445,0.0045,0.00494,0.00529,0.00391,0.00731,0.00338,0.00541,0.00329,0.00524,0.0036,0.00515,0.00313,0.00626,0.00435,0.00423,0.00417,0.00513,0.00268,0.0043,0.00388,0.00317,0.00341,0.0043,0.00577,0.00381,0.00349,0.00373,0.00391,0.00333,0.00331,0.00329,0.00328,0.0038,0.00376,0.00268,0.00268,0.00319,0.00185,0.00289,0.00315,0.00313,0.00234,0.00283,0.00282,0.00307,0.00255,0.00329,0.00202,0.00222,0.0032,0.00314,0.0019,0.00307,0.00376,0.00373,0.00232,0.00393,0.00345,0.00298,0.00321,0.00204,0.00271,0.00271,0.00316,0.00203,0.00246,0.00133,0.002,0.0022,0.00219,0.00219,0.00219,0.00151,0.00303,0.00237,0.00172]},"DRUG_FREQUENCY_DISTRIBUTION":{"Y_NUM_PERSONS":[0,0,0,0,0,0,0,0,0,0,0,0,0,0,0,0,0,0,0,0,0,0],"X_COUNT":[1,2,3,4,5,6,7,8,9,10,11,12,13,14,15,16,23,24,25,28,30,31]},"QUANTITY_DISTRIBUTION":{"CATEGORY":"Quantity","MIN_VALUE":2,"P10_VALUE":28,"P25_VALUE":56,"MEDIAN_VALUE":56,"P75_VALUE":90,"P90_VALUE":112,"MAX_VALUE":600},"REFILLS_DISTRIBUTION":{"CATEGORY":"Refills","MIN_VALUE":0,"P10_VALUE":0,"P25_VALUE":0,"MEDIAN_VALUE":6,"P75_VALUE":6,"P90_VALUE":12,"MAX_VALUE":999}}
