{"AGE_AT_FIRST_EXPOSURE":{"CATEGORY":["MALE","FEMALE"],"MIN_VALUE":[15,21],"P10_VALUE":[38,44],"P25_VALUE":[49,48],"MEDIAN_VALUE":[58,51],"P75_VALUE":[67,56],"P90_VALUE":[73,62],"MAX_VALUE":[85,80]},"DAYS_SUPPLY_DISTRIBUTION":{"CATEGORY":[],"MIN_VALUE":[],"P10_VALUE":[],"P25_VALUE":[],"MEDIAN_VALUE":[],"P75_VALUE":[],"P90_VALUE":[],"MAX_VALUE":[]},"DRUGS_BY_TYPE":{"CONCEPT_NAME":"Prescription written","COUNT_VALUE":1012},"PREVALENCE_BY_GENDER_AGE_YEAR":{"TRELLIS_NAME":["30-39","40-49","60-69","50-59","40-49","70-79","80-89","50-59","40-49","50-59","60-69","80-89","30-39","70-79"],"SERIES_NAME":["MALE","MALE","MALE","MALE","FEMALE","MALE","MALE","FEMALE","MALE","MALE","MALE","MALE","MALE","MALE"],"X_CALENDAR_YEAR":[2018,2018,2018,2018,2018,2018,2018,2018,2019,2019,2019,2019,2019,2019],"Y_PREVALENCE_1000PP":[0.04925,0.10744,0.26505,0.20826,0.02688,0.12908,0.15128,0.0382,0.06263,0.14993,0.20792,0.12676,0.03749,0.13604]},"PREVALENCE_BY_MONTH":{"X_CALENDAR_MONTH":[201803,201804,201805,201806,201807,201808,201809,201810,201811,201812,201901,201902,201903],"Y_PREVALENCE_1000PP":[0.00556,0.01327,0.01666,0.022,0.02869,0.02831,0.02428,0.02605,0.02464,0.02894,0.02329,0.02742,0.02576]},"DRUG_FREQUENCY_DISTRIBUTION":{"Y_NUM_PERSONS":[0,0,0,0,0,0,0,0,0,0,0,0,0,0],"X_COUNT":[1,2,3,4,5,6,7,8,9,10,11,12,13,14]},"QUANTITY_DISTRIBUTION":{"CATEGORY":"Quantity","MIN_VALUE":88,"P10_VALUE":88,"P25_VALUE":88,"MEDIAN_VALUE":88,"P75_VALUE":88,"P90_VALUE":176,"MAX_VALUE":440},"REFILLS_DISTRIBUTION":{"CATEGORY":"Refills","MIN_VALUE":0,"P10_VALUE":0,"P25_VALUE":2,"MEDIAN_VALUE":4,"P75_VALUE":6,"P90_VALUE":12,"MAX_VALUE":999}}
