{"AGE_AT_FIRST_EXPOSURE":{"CATEGORY":"FEMALE","MIN_VALUE":14,"P10_VALUE":46,"P25_VALUE":51,"MEDIAN_VALUE":57,"P75_VALUE":64,"P90_VALUE":70,"MAX_VALUE":90},"DAYS_SUPPLY_DISTRIBUTION":{"CATEGORY":[],"MIN_VALUE":[],"P10_VALUE":[],"P25_VALUE":[],"MEDIAN_VALUE":[],"P75_VALUE":[],"P90_VALUE":[],"MAX_VALUE":[]},"DRUGS_BY_TYPE":{"CONCEPT_NAME":"Prescription written","COUNT_VALUE":2128},"PREVALENCE_BY_GENDER_AGE_YEAR":{"TRELLIS_NAME":["40-49","60-69","50-59","50-59","60-69","40-49","70-79","50-59","60-69","70-79","40-49","50-59","70-79","60-69","40-49","50-59","70-79","40-49","60-69","40-49","50-59","60-69","70-79","70-79","50-59","60-69","40-49","60-69","50-59","70-79","40-49","70-79","50-59","60-69","40-49","60-69","80-89","50-59","70-79","60-69","70-79","50-59","50-59","70-79","50-59"],"SERIES_NAME":["FEMALE","FEMALE","FEMALE","FEMALE","FEMALE","FEMALE","FEMALE","FEMALE","FEMALE","FEMALE","FEMALE","FEMALE","FEMALE","FEMALE","FEMALE","FEMALE","FEMALE","FEMALE","FEMALE","FEMALE","FEMALE","FEMALE","FEMALE","FEMALE","FEMALE","FEMALE","FEMALE","FEMALE","FEMALE","FEMALE","FEMALE","FEMALE","FEMALE","FEMALE","FEMALE","FEMALE","FEMALE","FEMALE","FEMALE","FEMALE","FEMALE","FEMALE","FEMALE","FEMALE","FEMALE"],"X_CALENDAR_YEAR":[2007,2007,2007,2008,2008,2008,2008,2009,2009,2009,2009,2010,2010,2010,2010,2011,2011,2011,2011,2012,2012,2012,2012,2013,2013,2013,2013,2014,2014,2014,2014,2015,2015,2015,2015,2016,2016,2016,2016,2017,2017,2017,2018,2018,2019],"Y_PREVALENCE_1000PP":[0.01711,0.03799,0.02663,0.0809,0.07266,0.0142,0.02761,0.07166,0.08393,0.02736,0.01872,0.10103,0.05444,0.10685,0.01855,0.10834,0.06258,0.02274,0.12168,0.02535,0.08321,0.10368,0.05796,0.07868,0.08426,0.09715,0.03271,0.10603,0.06522,0.08974,0.02274,0.08298,0.08474,0.07336,0.0255,0.05031,0.05771,0.06846,0.06791,0.05266,0.06759,0.07554,0.05942,0.05458,0.03212]},"PREVALENCE_BY_MONTH":{"X_CALENDAR_MONTH":[200707,200709,200710,200711,200712,200801,200802,200803,200804,200805,200806,200807,200808,200809,200810,200811,200812,200901,200902,200903,200904,200905,200906,200907,200908,200909,200910,200911,200912,201001,201002,201003,201004,201005,201006,201007,201008,201009,201010,201011,201012,201101,201102,201103,201104,201105,201106,201107,201108,201109,201110,201111,201112,201201,201202,201203,201204,201205,201206,201207,201208,201209,201210,201211,201212,201301,201302,201303,201304,201305,201306,201307,201308,201309,201310,201311,201312,201401,201402,201403,201404,201405,201406,201407,201408,201409,201410,201411,201412,201501,201502,201503,201504,201505,201506,201507,201508,201509,201510,201511,201512,201601,201602,201603,201604,201605,201606,201607,201608,201609,201610,201611,201612,201701,201702,201703,201704,201705,201706,201707,201708,201709,201710,201711,201712,201801,201802,201803,201804,201805,201807,201808,201809,201810,201811,201812,201901,201902,201903],"Y_PREVALENCE_1000PP":[0.00121,0.0012,0.00197,0.00195,0.00137,0.00136,0.00214,0.00175,0.00252,0.0029,0.00134,0.00287,0.00153,0.00323,0.00228,0.00152,0.00227,0.00207,0.00283,0.00226,0.00227,0.0017,0.00339,0.00207,0.00264,0.00244,0.00339,0.00321,0.00266,0.00378,0.00209,0.004,0.00228,0.00419,0.00363,0.00401,0.00305,0.00437,0.00377,0.003,0.00338,0.00336,0.00205,0.00501,0.00296,0.00461,0.00368,0.00477,0.00421,0.00255,0.00491,0.00456,0.00255,0.00455,0.00327,0.00291,0.00291,0.00364,0.00273,0.00492,0.00508,0.00417,0.00381,0.00475,0.00405,0.00477,0.0035,0.00352,0.0037,0.0052,0.00316,0.00426,0.00371,0.00574,0.00393,0.00358,0.00422,0.00477,0.00286,0.00306,0.00402,0.00326,0.00349,0.00431,0.00276,0.00238,0.00425,0.00306,0.00373,0.00311,0.00355,0.00367,0.00367,0.00216,0.00405,0.00427,0.00337,0.00472,0.00349,0.00402,0.00246,0.00173,0.00249,0.00274,0.004,0.00202,0.00154,0.0021,0.00321,0.00268,0.00217,0.00329,0.00246,0.00219,0.00196,0.00482,0.00314,0.002,0.00204,0.00292,0.00383,0.00325,0.00355,0.00362,0.00213,0.00185,0.00185,0.00216,0.00247,0.00216,0.00284,0.00223,0.00192,0.00195,0.0023,0.00263,0.0023,0.00231,0.00198]},"DRUG_FREQUENCY_DISTRIBUTION":{"Y_NUM_PERSONS":[0,0,0,0,0,0,0,0,0,0,0,0,0,0,0,0,0,0,0,0,0,0,0,0,0,0,0],"X_COUNT":[1,2,3,4,5,6,7,8,9,10,11,12,13,14,15,16,17,18,19,20,21,22,23,25,27,28,35]},"QUANTITY_DISTRIBUTION":{"CATEGORY":"Quantity","MIN_VALUE":6,"P10_VALUE":56,"P25_VALUE":84,"MEDIAN_VALUE":84,"P75_VALUE":84,"P90_VALUE":168,"MAX_VALUE":336},"REFILLS_DISTRIBUTION":{"CATEGORY":"Refills","MIN_VALUE":0,"P10_VALUE":0,"P25_VALUE":0,"MEDIAN_VALUE":2,"P75_VALUE":4,"P90_VALUE":6,"MAX_VALUE":33}}
