{"AGE_AT_FIRST_EXPOSURE":{"CATEGORY":["MALE","FEMALE"],"MIN_VALUE":[10,21],"P10_VALUE":[22,27],"P25_VALUE":[27,36],"MEDIAN_VALUE":[39,49],"P75_VALUE":[49,62],"P90_VALUE":[60,73],"MAX_VALUE":[82,88]},"DAYS_SUPPLY_DISTRIBUTION":{"CATEGORY":"Days supply","MIN_VALUE":10,"P10_VALUE":10,"P25_VALUE":10,"MEDIAN_VALUE":56,"P75_VALUE":56,"P90_VALUE":56,"MAX_VALUE":56},"DRUGS_BY_TYPE":{"CONCEPT_NAME":"Prescription written","COUNT_VALUE":3967},"PREVALENCE_BY_GENDER_AGE_YEAR":{"TRELLIS_NAME":["30-39","40-49","30-39","30-39","40-49","40-49","20-29","50-59","40-49","40-49","40-49","40-49","40-49","20-29","50-59","30-39","20-29","50-59","60-69","20-29","50-59","30-39","30-39"],"SERIES_NAME":["MALE","MALE","MALE","FEMALE","MALE","MALE","MALE","MALE","MALE","FEMALE","MALE","MALE","MALE","MALE","FEMALE","MALE","MALE","MALE","FEMALE","MALE","FEMALE","MALE","MALE"],"X_CALENDAR_YEAR":[2003,2003,2004,2004,2004,2005,2006,2006,2006,2006,2007,2008,2009,2009,2010,2010,2010,2011,2011,2011,2011,2011,2012],"Y_PREVALENCE_1000PP":[0.02008,0.01902,0.0214,0.01925,0.01699,0.02928,0.01821,0.02433,0.02512,0.0159,0.01393,0.01351,0.01342,0.02107,0.01684,0.01475,0.01578,0.01589,0.01825,0.01799,0.01896,0.01948,0.01723]},"PREVALENCE_BY_MONTH":{"X_CALENDAR_MONTH":[200304,200305,200306,200307,200308,200309,200310,200311,200312,200401,200402,200403,200404,200405,200406,200407,200408,200409,200410,200411,200412,200501,200502,200503,200504,200505,200506,200507,200508,200509,200510,200511,200512,200601,200602,200603,200604,200605,200606,200607,200608,200609,200610,200611,200612,200701,200702,200703,200704,200705,200706,200707,200708,200709,200710,200711,200712,200801,200802,200803,200804,200805,200806,200807,200808,200809,200810,200811,200812,200901,200902,200903,200904,200905,200906,200907,200908,200909,200910,200911,200912,201001,201002,201003,201004,201005,201006,201007,201008,201009,201010,201011,201012,201101,201102,201103,201104,201105,201106,201107,201108,201109,201110,201111,201112,201201,201202,201203,201204,201205,201206,201207,201208,201209,201210,201211,201212,201301,201302,201303,201304,201305,201306,201307,201308,201309,201310,201311,201312,201401,201402,201403,201404,201405,201406,201407,201408,201409,201410,201411,201412,201501,201502,201503,201504,201505,201506,201507,201508,201509,201510,201511,201512,201601,201602,201603,201604,201605,201606,201607,201608,201609,201610,201611,201612,201701,201702,201703,201704,201706,201708,201709,201710,201711,201712,201801,201802,201803,201804,201805,201806,201807,201808,201809,201810,201811,201812,201901,201902,201903],"Y_PREVALENCE_1000PP":[0.0021,0.00183,0.0026,0.00335,0.00231,0.00281,0.00356,0.0038,0.00278,0.00371,0.0037,0.00435,0.00309,0.00237,0.00282,0.0028,0.00209,0.00231,0.00184,0.00252,0.00321,0.00272,0.00226,0.00226,0.00293,0.00225,0.00358,0.00289,0.00266,0.00285,0.00241,0.00328,0.00394,0.00368,0.00412,0.00433,0.00302,0.00258,0.00278,0.00363,0.00341,0.00276,0.00317,0.00315,0.00441,0.00353,0.00435,0.0029,0.00371,0.00368,0.00243,0.00241,0.00221,0.00379,0.00335,0.00293,0.00273,0.0031,0.00272,0.00214,0.00271,0.00271,0.00269,0.00287,0.00306,0.0038,0.00341,0.0036,0.00322,0.00302,0.00377,0.00358,0.0034,0.00321,0.00358,0.00338,0.00283,0.003,0.0032,0.00396,0.00361,0.00378,0.00323,0.00438,0.00361,0.00438,0.00439,0.00516,0.00401,0.00437,0.00471,0.00431,0.00525,0.0043,0.00504,0.00445,0.005,0.00479,0.00479,0.00551,0.0044,0.0051,0.004,0.00456,0.00511,0.00382,0.00455,0.004,0.00327,0.00328,0.00364,0.00328,0.00309,0.00236,0.00327,0.00201,0.00294,0.00275,0.00184,0.00241,0.00167,0.00241,0.00186,0.00185,0.00167,0.00204,0.00262,0.00188,0.00269,0.00267,0.00248,0.0023,0.00326,0.00268,0.00291,0.00294,0.00217,0.00278,0.00263,0.00266,0.0027,0.00291,0.0023,0.00324,0.00238,0.00281,0.0027,0.0027,0.0027,0.00225,0.00163,0.00166,0.00246,0.00148,0.00199,0.00174,0.0015,0.00177,0.0018,0.00158,0.00294,0.00241,0.00217,0.00274,0.00219,0.00219,0.00252,0.0017,0.002,0.00233,0.00265,0.00207,0.00385,0.00302,0.00335,0.00278,0.00402,0.00309,0.0034,0.00278,0.00341,0.00252,0.00286,0.00256,0.0026,0.00263,0.00263,0.00295,0.00198,0.0033]},"DRUG_FREQUENCY_DISTRIBUTION":{"Y_NUM_PERSONS":[0,0,0,0,0,0,0,0,0,0,0,0,0,0,0,0,0,0,0,0,0,0,0,0,0,0,0,0,0,0,0,0,0,0,0,0,0,0,0,0,0,0,0,0,0,0,0],"X_COUNT":[1,2,3,4,5,6,7,8,9,11,12,13,14,15,16,17,18,19,20,21,22,23,25,28,29,32,33,34,37,38,39,41,42,46,50,52,62,64,68,91,92,96,102,104,106,110,112]},"QUANTITY_DISTRIBUTION":{"CATEGORY":"Quantity","MIN_VALUE":1,"P10_VALUE":1,"P25_VALUE":1,"MEDIAN_VALUE":1,"P75_VALUE":2,"P90_VALUE":4,"MAX_VALUE":56},"REFILLS_DISTRIBUTION":{"CATEGORY":"Refills","MIN_VALUE":0,"P10_VALUE":1,"P25_VALUE":3,"MEDIAN_VALUE":6,"P75_VALUE":12,"P90_VALUE":12,"MAX_VALUE":112}}
