{"AGE_AT_FIRST_EXPOSURE":{"CATEGORY":["FEMALE","MALE"],"MIN_VALUE":[0,0],"P10_VALUE":[6,13],"P25_VALUE":[25,35],"MEDIAN_VALUE":[55,52],"P75_VALUE":[68,66],"P90_VALUE":[77,75],"MAX_VALUE":[94,88]},"DAYS_SUPPLY_DISTRIBUTION":{"CATEGORY":"Days supply","MIN_VALUE":28,"P10_VALUE":28,"P25_VALUE":28,"MEDIAN_VALUE":30,"P75_VALUE":30,"P90_VALUE":56,"MAX_VALUE":90},"DRUGS_BY_TYPE":{"CONCEPT_NAME":"Prescription written","COUNT_VALUE":3732},"PREVALENCE_BY_GENDER_AGE_YEAR":{"TRELLIS_NAME":["0-9","50-59","0-9","60-69","60-69","30-39","50-59","40-49","60-69","70-79","50-59","70-79","0-9","60-69","10-19","40-49","30-39","10-19","20-29","0-9","50-59","40-49","20-29","70-79","0-9","40-49","20-29","60-69","10-19","40-49","50-59","60-69","0-9","20-29","50-59","70-79","80-89","30-39","70-79","60-69","40-49","40-49","50-59","50-59","70-79","60-69"],"SERIES_NAME":["MALE","FEMALE","FEMALE","FEMALE","MALE","MALE","MALE","MALE","MALE","MALE","MALE","FEMALE","MALE","FEMALE","FEMALE","FEMALE","MALE","MALE","FEMALE","FEMALE","FEMALE","MALE","MALE","MALE","MALE","FEMALE","MALE","FEMALE","MALE","MALE","FEMALE","MALE","FEMALE","FEMALE","MALE","FEMALE","MALE","MALE","FEMALE","FEMALE","MALE","FEMALE","FEMALE","MALE","MALE","MALE"],"X_CALENDAR_YEAR":[1996,1996,1996,1996,1996,1996,1996,1996,1997,1997,1997,1997,1997,1997,1997,1997,1997,1997,1997,1997,1997,1997,1997,1998,1998,1998,1998,1998,1998,1998,1998,1998,1998,1998,1998,1998,1998,1998,1999,1999,1999,1999,1999,1999,1999,1999],"Y_PREVALENCE_1000PP":[0.21154,0.24271,0.36424,0.19554,0.34474,0.13569,0.18503,0.1298,0.35226,0.45044,0.21544,0.26456,0.20039,0.24206,0.12437,0.07834,0.10937,0.18026,0.07748,0.34986,0.23641,0.21364,0.08201,0.47868,0.21101,0.0901,0.07293,0.33833,0.19766,0.31765,0.23036,0.32336,0.32937,0.07824,0.27815,0.3692,0.30883,0.09037,0.19472,0.21651,0.10516,0.06172,0.11158,0.12274,0.27779,0.20305]},"PREVALENCE_BY_MONTH":{"X_CALENDAR_MONTH":[199508,199509,199510,199511,199512,199601,199602,199603,199604,199605,199606,199607,199608,199609,199610,199611,199612,199701,199702,199703,199704,199705,199706,199707,199708,199709,199710,199711,199712,199801,199802,199803,199804,199805,199806,199807,199808,199809,199810,199811,199812,199901,199902,199903,199904,199905,199906,199907,199908,199909,199911,199912,200001],"Y_PREVALENCE_1000PP":[0.10616,0.10594,0.13531,0.11136,0.12088,0.09382,0.09562,0.08122,0.07367,0.07514,0.07661,0.07511,0.07566,0.09232,0.08488,0.09658,0.09663,0.08612,0.07587,0.0699,0.09216,0.08796,0.1005,0.09081,0.09164,0.11023,0.10337,0.10014,0.10252,0.10108,0.08688,0.09922,0.08926,0.08516,0.08905,0.09292,0.07543,0.09672,0.07002,0.07944,0.07371,0.06481,0.05582,0.03518,0.01815,0.0134,0.01208,0.00808,0.00858,0.007,0.0048,0.00297,0.0027]},"DRUG_FREQUENCY_DISTRIBUTION":{"Y_NUM_PERSONS":[0,0,0,0,0,0,0,0,0,0,0,0,0,0,0,0,0,0,0,0,0,0,0,0,0,0,0,0,0,0,0,0,0,0,0,0,0,0],"X_COUNT":[1,2,3,4,5,6,7,8,9,10,11,12,13,14,15,16,17,18,19,20,21,22,23,24,25,26,27,28,29,30,32,34,35,36,38,40,41,44]},"QUANTITY_DISTRIBUTION":{"CATEGORY":"Quantity","MIN_VALUE":1,"P10_VALUE":3,"P25_VALUE":100,"MEDIAN_VALUE":200,"P75_VALUE":500,"P90_VALUE":700,"MAX_VALUE":4000},"REFILLS_DISTRIBUTION":{"CATEGORY":"Refills","MIN_VALUE":0,"P10_VALUE":1,"P25_VALUE":6,"MEDIAN_VALUE":6,"P75_VALUE":12,"P90_VALUE":12,"MAX_VALUE":100}}
