{"AGE_AT_FIRST_EXPOSURE":{"CATEGORY":["MALE","FEMALE"],"MIN_VALUE":[24,34],"P10_VALUE":[24,34],"P25_VALUE":[41,41],"MEDIAN_VALUE":[61,60],"P75_VALUE":[64,65],"P90_VALUE":[70,76],"MAX_VALUE":[70,76]},"DAYS_SUPPLY_DISTRIBUTION":{"CATEGORY":[],"MIN_VALUE":[],"P10_VALUE":[],"P25_VALUE":[],"MEDIAN_VALUE":[],"P75_VALUE":[],"P90_VALUE":[],"MAX_VALUE":[]},"DRUGS_BY_TYPE":{"CONCEPT_NAME":"Prescription written","COUNT_VALUE":327},"PREVALENCE_BY_GENDER_AGE_YEAR":{"TRELLIS_NAME":[],"SERIES_NAME":[],"X_CALENDAR_YEAR":[],"Y_PREVALENCE_1000PP":[]},"PREVALENCE_BY_MONTH":{"X_CALENDAR_MONTH":[201408,201409,201410,201411,201412,201501,201503,201506,201508,201509,201512,201601,201602,201604,201610,201702,201703],"Y_PREVALENCE_1000PP":[0.00118,0.00139,0.00121,0.00123,0.00124,0.00125,0.00129,0.00135,0.00135,0.00135,0.00148,0.00148,0.00149,0.0015,0.00163,0.00168,0.0017]},"DRUG_FREQUENCY_DISTRIBUTION":{"Y_NUM_PERSONS":[0,0,0,0,0,0,0,0,0],"X_COUNT":[1,2,3,5,6,10,11,13,32]},"QUANTITY_DISTRIBUTION":{"CATEGORY":"Quantity","MIN_VALUE":14,"P10_VALUE":14,"P25_VALUE":28,"MEDIAN_VALUE":56,"P75_VALUE":84,"P90_VALUE":112,"MAX_VALUE":180},"REFILLS_DISTRIBUTION":{"CATEGORY":"Refills","MIN_VALUE":0,"P10_VALUE":3,"P25_VALUE":6,"MEDIAN_VALUE":6,"P75_VALUE":12,"P90_VALUE":24,"MAX_VALUE":24}}
