{"AGE_AT_FIRST_EXPOSURE":{"CATEGORY":["MALE","FEMALE"],"MIN_VALUE":[7,12],"P10_VALUE":[48,51],"P25_VALUE":[59,60],"MEDIAN_VALUE":[66,70],"P75_VALUE":[76,81],"P90_VALUE":[86,86],"MAX_VALUE":[91,96]},"DAYS_SUPPLY_DISTRIBUTION":{"CATEGORY":[],"MIN_VALUE":[],"P10_VALUE":[],"P25_VALUE":[],"MEDIAN_VALUE":[],"P75_VALUE":[],"P90_VALUE":[],"MAX_VALUE":[]},"DRUGS_BY_TYPE":{"CONCEPT_NAME":"Prescription written","COUNT_VALUE":756},"PREVALENCE_BY_GENDER_AGE_YEAR":{"TRELLIS_NAME":["70-79","80-89","70-79","60-69","80-89","60-69","70-79","60-69","80-89","70-79","80-89","60-69"],"SERIES_NAME":["FEMALE","FEMALE","FEMALE","FEMALE","FEMALE","MALE","FEMALE","FEMALE","FEMALE","FEMALE","FEMALE","FEMALE"],"X_CALENDAR_YEAR":[2014,2014,2015,2015,2015,2015,2016,2016,2016,2017,2017,2018],"Y_PREVALENCE_1000PP":[0.02692,0.04391,0.05857,0.03144,0.12795,0.02525,0.05094,0.02935,0.07694,0.03687,0.07565,0.03252]},"PREVALENCE_BY_MONTH":{"X_CALENDAR_MONTH":[201406,201407,201408,201409,201410,201411,201412,201502,201503,201504,201505,201506,201507,201508,201509,201510,201511,201512,201601,201602,201603,201604,201605,201606,201607,201608,201609,201610,201611,201612,201701,201702,201703,201704,201705,201706,201707,201708,201709,201710,201711,201712,201801,201802,201803,201804,201805,201806,201807,201808,201809,201810,201811,201812,201901,201902,201903],"Y_PREVALENCE_1000PP":[0.00116,0.00137,0.00158,0.00159,0.00182,0.00163,0.00124,0.00209,0.00259,0.00259,0.00324,0.00495,0.0036,0.00247,0.00382,0.00256,0.0026,0.00271,0.00198,0.00323,0.00249,0.00225,0.00354,0.00309,0.00368,0.00294,0.00241,0.0038,0.00438,0.00438,0.00411,0.00336,0.00454,0.00399,0.00399,0.00408,0.00292,0.00412,0.00266,0.00355,0.00332,0.00304,0.00339,0.00371,0.00402,0.00247,0.00308,0.00279,0.0041,0.00286,0.00351,0.00391,0.00361,0.00395,0.00361,0.00297,0.0033]},"DRUG_FREQUENCY_DISTRIBUTION":{"Y_NUM_PERSONS":[0,0,0,0,0,0,0,0,0,0,0,0,0,0,0,0,0,0,0,0,0,0],"X_COUNT":[1,2,3,4,5,6,7,8,9,11,12,13,17,18,19,20,22,23,24,26,30,31]},"QUANTITY_DISTRIBUTION":{"CATEGORY":"Quantity","MIN_VALUE":10,"P10_VALUE":10,"P25_VALUE":10,"MEDIAN_VALUE":10,"P75_VALUE":10,"P90_VALUE":20,"MAX_VALUE":40},"REFILLS_DISTRIBUTION":{"CATEGORY":"Refills","MIN_VALUE":0,"P10_VALUE":0,"P25_VALUE":3,"MEDIAN_VALUE":6,"P75_VALUE":12,"P90_VALUE":12,"MAX_VALUE":999}}
