{"AGE_AT_FIRST_EXPOSURE":{"CATEGORY":["MALE","FEMALE"],"MIN_VALUE":[24,45],"P10_VALUE":[50,54],"P25_VALUE":[57,64],"MEDIAN_VALUE":[68,72],"P75_VALUE":[76,80],"P90_VALUE":[84,84],"MAX_VALUE":[94,91]},"DAYS_SUPPLY_DISTRIBUTION":{"CATEGORY":"Days supply","MIN_VALUE":28,"P10_VALUE":28,"P25_VALUE":28,"MEDIAN_VALUE":28,"P75_VALUE":28,"P90_VALUE":56,"MAX_VALUE":56},"DRUGS_BY_TYPE":{"CONCEPT_NAME":"Prescription written","COUNT_VALUE":3261},"PREVALENCE_BY_GENDER_AGE_YEAR":{"TRELLIS_NAME":["60-69","60-69","70-79","60-69","70-79","60-69","70-79","60-69","70-79","60-69","80-89","70-79","60-69","50-59","80-89","70-79","60-69","70-79","60-69","80-89","50-59","70-79","70-79","80-89","70-79","60-69","70-79","80-89","80-89","50-59","70-79","70-79","60-69","80-89","80-89","70-79","60-69"],"SERIES_NAME":["FEMALE","FEMALE","MALE","FEMALE","FEMALE","FEMALE","FEMALE","MALE","MALE","FEMALE","FEMALE","FEMALE","MALE","FEMALE","FEMALE","MALE","FEMALE","FEMALE","FEMALE","FEMALE","FEMALE","MALE","FEMALE","MALE","MALE","FEMALE","FEMALE","MALE","FEMALE","FEMALE","FEMALE","MALE","FEMALE","FEMALE","FEMALE","FEMALE","FEMALE"],"X_CALENDAR_YEAR":[1999,2000,2001,2001,2001,2002,2002,2003,2003,2003,2003,2003,2004,2004,2004,2004,2004,2004,2005,2005,2005,2005,2005,2005,2006,2006,2006,2006,2006,2006,2007,2007,2007,2007,2008,2008,2008],"Y_PREVALENCE_1000PP":[0.07873,0.0695,0.05211,0.0485,0.05553,0.03711,0.09306,0.04481,0.05755,0.04902,0.07258,0.09518,0.03114,0.02028,0.08436,0.07222,0.03943,0.09338,0.02501,0.07285,0.02263,0.06331,0.09567,0.09657,0.06039,0.02321,0.0766,0.09078,0.10867,0.02192,0.04737,0.03886,0.03108,0.11548,0.09031,0.05062,0.01982]},"PREVALENCE_BY_MONTH":{"X_CALENDAR_MONTH":[199909,199910,199911,199912,200001,200002,200003,200004,200005,200006,200007,200008,200009,200010,200011,200012,200101,200102,200103,200104,200105,200106,200107,200108,200109,200110,200111,200112,200201,200202,200203,200204,200205,200206,200207,200208,200209,200210,200211,200212,200301,200302,200303,200304,200305,200306,200307,200308,200309,200310,200311,200312,200401,200402,200403,200404,200405,200406,200407,200408,200409,200410,200411,200412,200501,200502,200503,200504,200505,200506,200507,200508,200509,200510,200511,200512,200601,200602,200603,200604,200605,200606,200607,200608,200609,200610,200611,200612,200701,200702,200703,200704,200705,200706,200707,200708,200709,200710,200711,200712,200801,200802,200803,200804,200805,200806,200807,200808,200809,200810],"Y_PREVALENCE_1000PP":[0.00408,0.00394,0.0032,0.00445,0.00405,0.00494,0.00529,0.00435,0.00559,0.00464,0.00708,0.00494,0.00524,0.0068,0.00515,0.00703,0.00626,0.00471,0.00458,0.00487,0.00513,0.00772,0.00463,0.00614,0.0057,0.00559,0.00645,0.00638,0.00645,0.00494,0.00574,0.00586,0.00693,0.00469,0.00603,0.00601,0.00434,0.00538,0.0059,0.00725,0.0077,0.00819,0.00815,0.00944,0.00966,0.00753,0.01055,0.00821,0.01048,0.00917,0.00912,0.00934,0.00741,0.00715,0.00991,0.00904,0.00804,0.00869,0.00653,0.01,0.00925,0.00852,0.0094,0.00688,0.00815,0.00746,0.00949,0.00835,0.00901,0.00762,0.00867,0.0082,0.00966,0.0079,0.00766,0.00766,0.00909,0.00846,0.00736,0.0084,0.00773,0.00726,0.00748,0.00682,0.00786,0.00697,0.0063,0.00713,0.00769,0.00684,0.00642,0.00598,0.00696,0.00507,0.00784,0.00462,0.00638,0.00571,0.00624,0.00527,0.00523,0.00641,0.00525,0.00678,0.00542,0.00595,0.00536,0.00497,0.00152,0.00228]},"DRUG_FREQUENCY_DISTRIBUTION":{"Y_NUM_PERSONS":[0,0,0,0,0,0,0,0,0,0,0,0,0,0,0,0,0,0,0,0,0,0,0,0,0,0,0,0,0,0,0,0,0,0,0,0,0,0,0,0,0,0,0,0,0,0,0,0,0,0,0,0,0],"X_COUNT":[1,2,3,4,5,6,7,8,9,10,11,12,13,14,15,16,17,18,19,20,21,23,24,25,26,27,28,30,32,33,34,35,36,37,39,41,42,43,44,45,46,47,48,53,54,56,57,58,59,61,62,64,66]},"QUANTITY_DISTRIBUTION":{"CATEGORY":"Quantity","MIN_VALUE":3,"P10_VALUE":28,"P25_VALUE":28,"MEDIAN_VALUE":56,"P75_VALUE":56,"P90_VALUE":112,"MAX_VALUE":224},"REFILLS_DISTRIBUTION":{"CATEGORY":"Refills","MIN_VALUE":0,"P10_VALUE":3,"P25_VALUE":6,"MEDIAN_VALUE":6,"P75_VALUE":12,"P90_VALUE":12,"MAX_VALUE":99}}
