{"AGE_AT_FIRST_EXPOSURE":{"CATEGORY":["MALE","FEMALE"],"MIN_VALUE":[36,38],"P10_VALUE":[49,46],"P25_VALUE":[56,52],"MEDIAN_VALUE":[63,56],"P75_VALUE":[68,62],"P90_VALUE":[73,67],"MAX_VALUE":[85,77]},"DAYS_SUPPLY_DISTRIBUTION":{"CATEGORY":"Days supply","MIN_VALUE":56,"P10_VALUE":56,"P25_VALUE":56,"MEDIAN_VALUE":56,"P75_VALUE":56,"P90_VALUE":56,"MAX_VALUE":56},"DRUGS_BY_TYPE":{"CONCEPT_NAME":"Prescription written","COUNT_VALUE":829},"PREVALENCE_BY_GENDER_AGE_YEAR":{"TRELLIS_NAME":["60-69","50-59","50-59","70-79","60-69","50-59","60-69","50-59","60-69","50-59","60-69","50-59","70-79","60-69"],"SERIES_NAME":["MALE","MALE","FEMALE","MALE","MALE","FEMALE","FEMALE","MALE","MALE","MALE","FEMALE","FEMALE","MALE","MALE"],"X_CALENDAR_YEAR":[2016,2017,2017,2017,2017,2018,2018,2018,2018,2019,2019,2019,2019,2019],"Y_PREVALENCE_1000PP":[0.03033,0.02977,0.02266,0.04815,0.05893,0.0382,0.03252,0.04582,0.10492,0.05452,0.04078,0.03671,0.05601,0.10099]},"PREVALENCE_BY_MONTH":{"X_CALENDAR_MONTH":[201608,201609,201610,201611,201612,201701,201702,201703,201704,201705,201706,201707,201708,201709,201710,201711,201712,201801,201802,201803,201804,201805,201806,201807,201808,201809,201810,201811,201812,201901,201902,201903],"Y_PREVALENCE_1000PP":[0.00187,0.00241,0.00299,0.00329,0.00383,0.00301,0.00476,0.0034,0.00542,0.00599,0.00583,0.00585,0.00736,0.00502,0.00592,0.00603,0.00761,0.00771,0.00742,0.00834,0.00895,0.00833,0.00868,0.0104,0.00954,0.0115,0.00944,0.01215,0.01151,0.01378,0.0109,0.01288]},"DRUG_FREQUENCY_DISTRIBUTION":{"Y_NUM_PERSONS":[0,0,0,0,0,0,0,0,0,0,0,0,0,0,0,0,0,0,0,0],"X_COUNT":[1,2,3,4,5,6,7,8,9,10,11,12,13,14,15,17,18,20,21,23]},"QUANTITY_DISTRIBUTION":{"CATEGORY":"Quantity","MIN_VALUE":0,"P10_VALUE":56,"P25_VALUE":56,"MEDIAN_VALUE":56,"P75_VALUE":112,"P90_VALUE":112,"MAX_VALUE":168},"REFILLS_DISTRIBUTION":{"CATEGORY":"Refills","MIN_VALUE":0,"P10_VALUE":3,"P25_VALUE":6,"MEDIAN_VALUE":6,"P75_VALUE":7,"P90_VALUE":8,"MAX_VALUE":99}}
