{"AGE_AT_FIRST_EXPOSURE":{"CATEGORY":["MALE","FEMALE"],"MIN_VALUE":[11,2],"P10_VALUE":[34,32],"P25_VALUE":[53,51],"MEDIAN_VALUE":[65,66],"P75_VALUE":[74,76],"P90_VALUE":[82,83],"MAX_VALUE":[90,99]},"DAYS_SUPPLY_DISTRIBUTION":{"CATEGORY":"Days supply","MIN_VALUE":28,"P10_VALUE":28,"P25_VALUE":28,"MEDIAN_VALUE":50,"P75_VALUE":60,"P90_VALUE":60,"MAX_VALUE":90},"DRUGS_BY_TYPE":{"CONCEPT_NAME":"Prescription written","COUNT_VALUE":3058},"PREVALENCE_BY_GENDER_AGE_YEAR":{"TRELLIS_NAME":["70-79","60-69","80-89","60-69","50-59","70-79","70-79","40-49","60-69","30-39","80-89","70-79","60-69","50-59","60-69","30-39","40-49","60-69","70-79","70-79","50-59","80-89","70-79","60-69","50-59","70-79","80-89","70-79","50-59","50-59","80-89","60-69","70-79","50-59","70-79","30-39","80-89","60-69","70-79","80-89","60-69","30-39","60-69","40-49","90-99","70-79","50-59","60-69","70-79","70-79","80-89","60-69","30-39","70-79","80-89","70-79","30-39","60-69","60-69"],"SERIES_NAME":["FEMALE","FEMALE","FEMALE","FEMALE","FEMALE","FEMALE","FEMALE","FEMALE","FEMALE","FEMALE","FEMALE","MALE","MALE","FEMALE","FEMALE","FEMALE","FEMALE","MALE","FEMALE","MALE","FEMALE","FEMALE","FEMALE","FEMALE","FEMALE","MALE","FEMALE","FEMALE","FEMALE","MALE","FEMALE","FEMALE","FEMALE","FEMALE","MALE","FEMALE","FEMALE","FEMALE","FEMALE","FEMALE","FEMALE","FEMALE","FEMALE","FEMALE","FEMALE","FEMALE","FEMALE","FEMALE","FEMALE","FEMALE","FEMALE","FEMALE","FEMALE","FEMALE","FEMALE","FEMALE","FEMALE","FEMALE","FEMALE"],"X_CALENDAR_YEAR":[1996,1996,1997,1997,1997,1997,1998,1998,1998,1998,1998,1998,1998,1998,1999,1999,1999,1999,1999,1999,1999,1999,2000,2000,2000,2000,2000,2001,2001,2001,2001,2001,2002,2002,2002,2002,2002,2002,2003,2003,2003,2004,2004,2004,2004,2004,2005,2005,2005,2006,2006,2006,2007,2007,2007,2008,2008,2008,2010],"Y_PREVALENCE_1000PP":[0.58309,0.35848,0.41495,0.31654,0.1182,0.63088,0.58456,0.07008,0.28194,0.04978,0.34693,0.11967,0.08819,0.1097,0.31493,0.03367,0.04801,0.06091,0.38944,0.08334,0.08926,0.33965,0.23394,0.18534,0.04594,0.06607,0.15636,0.13882,0.03545,0.02585,0.14322,0.15156,0.11168,0.03113,0.05332,0.02461,0.08681,0.07951,0.08328,0.06351,0.09314,0.01925,0.03504,0.01787,0.19424,0.11535,0.02263,0.05418,0.06909,0.03575,0.0621,0.02321,0.01773,0.05684,0.05774,0.05982,0.0151,0.01982,0.01886]},"PREVALENCE_BY_MONTH":{"X_CALENDAR_MONTH":[199601,199602,199603,199604,199605,199606,199607,199608,199609,199610,199611,199612,199701,199702,199703,199704,199705,199706,199707,199708,199709,199710,199711,199712,199801,199802,199803,199804,199805,199806,199807,199808,199809,199810,199811,199812,199901,199902,199903,199904,199905,199906,199907,199908,199909,199910,199911,199912,200001,200002,200003,200004,200005,200006,200007,200008,200009,200010,200011,200012,200101,200102,200103,200104,200105,200106,200107,200108,200109,200110,200111,200112,200201,200202,200203,200204,200205,200206,200207,200208,200209,200210,200211,200212,200301,200302,200303,200304,200305,200306,200307,200308,200309,200310,200311,200312,200401,200402,200403,200404,200405,200406,200407,200408,200409,200410,200411,200412,200501,200502,200503,200504,200505,200506,200507,200508,200509,200510,200511,200512,200601,200602,200603,200604,200605,200606,200607,200608,200610,200611,200612,200701,200702,200703,200704,200705,200706,200707,200708,200709,200710,200711,200712,200801,200802,200810,200902],"Y_PREVALENCE_1000PP":[0.04691,0.04989,0.03178,0.04164,0.03896,0.0325,0.03964,0.04351,0.04062,0.03792,0.03897,0.02543,0.03902,0.03161,0.02746,0.04069,0.03049,0.03168,0.03696,0.03228,0.03368,0.0375,0.02749,0.03772,0.03875,0.02506,0.03225,0.03084,0.03244,0.03319,0.03177,0.028,0.03351,0.02682,0.02721,0.0343,0.02482,0.03026,0.02854,0.02463,0.02424,0.02225,0.0199,0.02145,0.02157,0.01239,0.02079,0.01484,0.01395,0.01167,0.01234,0.00957,0.01032,0.00971,0.00833,0.00906,0.00927,0.0088,0.00475,0.00508,0.00626,0.00579,0.00493,0.00452,0.00616,0.0057,0.00364,0.00776,0.00539,0.00559,0.00675,0.00486,0.00499,0.00407,0.00316,0.00419,0.00416,0.00276,0.00548,0.00246,0.00407,0.00376,0.00402,0.00242,0.00557,0.00211,0.00368,0.00315,0.00313,0.0039,0.00257,0.00385,0.00485,0.00331,0.00456,0.0048,0.00321,0.00394,0.00242,0.00357,0.00307,0.00258,0.00233,0.00325,0.00278,0.0023,0.00344,0.00252,0.00476,0.00249,0.00271,0.00271,0.00248,0.00314,0.00289,0.00244,0.00198,0.00263,0.00241,0.00306,0.0013,0.00239,0.00238,0.00258,0.0015,0.00214,0.0015,0.00298,0.00169,0.0021,0.00147,0.00187,0.00187,0.00166,0.00227,0.00246,0.00223,0.00201,0.00221,0.00279,0.00177,0.00176,0.00117,0.00136,0.00194,0.00114,0.00132]},"DRUG_FREQUENCY_DISTRIBUTION":{"Y_NUM_PERSONS":[0,0,0,0,0,0,0,0,0,0,0,0,0,0,0,0,0,0,0,0,0,0,0,0,0,0,0,0,0,0,0,0,0,0,0],"X_COUNT":[1,2,3,4,5,6,7,8,9,10,11,12,13,14,15,16,17,18,19,20,21,22,23,24,25,26,28,29,32,33,34,36,38,42,44]},"QUANTITY_DISTRIBUTION":{"CATEGORY":"Quantity","MIN_VALUE":1,"P10_VALUE":28,"P25_VALUE":56,"MEDIAN_VALUE":60,"P75_VALUE":100,"P90_VALUE":120,"MAX_VALUE":500},"REFILLS_DISTRIBUTION":{"CATEGORY":"Refills","MIN_VALUE":0,"P10_VALUE":0,"P25_VALUE":4,"MEDIAN_VALUE":6,"P75_VALUE":7,"P90_VALUE":12,"MAX_VALUE":99}}
