{"AGE_AT_FIRST_EXPOSURE":{"CATEGORY":["MALE","FEMALE"],"MIN_VALUE":[44,29],"P10_VALUE":[52,53],"P25_VALUE":[62,65],"MEDIAN_VALUE":[72,72],"P75_VALUE":[79,80],"P90_VALUE":[84,87],"MAX_VALUE":[97,95]},"DAYS_SUPPLY_DISTRIBUTION":{"CATEGORY":"Days supply","MIN_VALUE":7,"P10_VALUE":25,"P25_VALUE":28,"MEDIAN_VALUE":28,"P75_VALUE":50,"P90_VALUE":56,"MAX_VALUE":84},"DRUGS_BY_TYPE":{"CONCEPT_NAME":"Prescription written","COUNT_VALUE":3183},"PREVALENCE_BY_GENDER_AGE_YEAR":{"TRELLIS_NAME":["70-79","80-89","70-79","70-79","80-89","70-79","80-89","70-79","70-79","60-69","60-69","60-69","70-79","80-89","70-79","70-79","80-89","60-69","70-79","80-89","60-69","70-79","70-79","70-79","80-89","70-79","80-89","60-69","70-79","80-89","70-79","80-89","70-79","70-79","80-89","80-89","70-79","80-89","80-89","70-79","80-89","70-79","80-89"],"SERIES_NAME":["FEMALE","MALE","MALE","MALE","MALE","FEMALE","FEMALE","MALE","FEMALE","FEMALE","MALE","FEMALE","MALE","FEMALE","FEMALE","FEMALE","FEMALE","FEMALE","FEMALE","FEMALE","FEMALE","MALE","MALE","FEMALE","FEMALE","MALE","FEMALE","FEMALE","FEMALE","FEMALE","MALE","MALE","MALE","FEMALE","FEMALE","MALE","FEMALE","FEMALE","MALE","FEMALE","FEMALE","FEMALE","FEMALE"],"X_CALENDAR_YEAR":[1996,1996,1996,1997,1997,1997,1998,1998,1998,1998,1998,1999,1999,1999,1999,2000,2000,2000,2001,2001,2001,2001,2002,2002,2002,2003,2003,2004,2004,2004,2004,2004,2005,2005,2006,2007,2008,2008,2008,2009,2009,2010,2010],"Y_PREVALENCE_1000PP":[0.36443,0.84034,0.3846,0.15898,0.40317,0.18316,0.16012,0.13961,0.1846,0.09868,0.08819,0.05905,0.08334,0.15096,0.11899,0.06932,0.0995,0.0695,0.04165,0.09915,0.04244,0.07817,0.05332,0.04343,0.06752,0.04317,0.10887,0.03066,0.03845,0.06749,0.05253,0.08771,0.05698,0.04252,0.04657,0.0715,0.04141,0.04168,0.0677,0.03649,0.04823,0.02722,0.04163]},"PREVALENCE_BY_MONTH":{"X_CALENDAR_MONTH":[199605,199606,199607,199608,199609,199610,199611,199612,199701,199702,199703,199704,199705,199706,199707,199708,199709,199710,199711,199712,199801,199802,199803,199804,199805,199806,199807,199808,199809,199810,199811,199812,199901,199902,199903,199904,199905,199906,199907,199908,199909,199910,199911,199912,200001,200002,200003,200004,200005,200006,200007,200008,200009,200010,200011,200012,200101,200102,200103,200104,200105,200106,200107,200108,200109,200110,200111,200112,200201,200202,200203,200204,200205,200206,200207,200208,200209,200210,200211,200212,200301,200302,200303,200304,200305,200306,200307,200308,200309,200310,200311,200312,200401,200402,200403,200404,200405,200406,200407,200408,200409,200410,200411,200412,200501,200502,200503,200504,200505,200506,200507,200508,200509,200510,200511,200512,200601,200602,200603,200604,200605,200606,200607,200608,200609,200610,200611,200612,200701,200702,200703,200704,200705,200706,200707,200708,200709,200710,200711,200712,200801,200802,200803,200804,200805,200806,200807,200808,200809,200810,200811,200812,200901,200902,200903,200904,200905,200906,200907,200908,200909,200910,200911,200912,201001,201002,201003,201004,201005,201006,201007,201008,201009,201010,201011,201012,201101,201102,201103,201104],"Y_PREVALENCE_1000PP":[0.07514,0.05572,0.05425,0.05107,0.04616,0.04695,0.03728,0.04577,0.02826,0.03161,0.02496,0.02274,0.02346,0.02076,0.02006,0.02083,0.01633,0.01925,0.01571,0.01838,0.02022,0.02172,0.01984,0.02353,0.01703,0.02105,0.02065,0.01711,0.01676,0.01117,0.01986,0.01532,0.01448,0.0121,0.01527,0.01167,0.01021,0.01271,0.01057,0.01042,0.00933,0.00845,0.01173,0.00792,0.0117,0.01077,0.00881,0.01087,0.00946,0.00971,0.00791,0.00864,0.00806,0.0068,0.00871,0.00859,0.00663,0.00724,0.00564,0.00696,0.00548,0.00503,0.00595,0.00355,0.0057,0.00497,0.0043,0.00456,0.0044,0.0032,0.00517,0.0053,0.00554,0.00441,0.00411,0.00382,0.00353,0.00457,0.00456,0.00349,0.00478,0.0037,0.00368,0.00419,0.00261,0.00416,0.00412,0.00308,0.00332,0.00356,0.00355,0.00454,0.00469,0.00493,0.00435,0.00333,0.00449,0.0054,0.0042,0.00442,0.00301,0.00345,0.00344,0.0039,0.00249,0.0043,0.00362,0.00316,0.00383,0.00381,0.00245,0.00399,0.00439,0.00241,0.00306,0.00263,0.00281,0.00217,0.00282,0.00172,0.00258,0.00278,0.00171,0.00234,0.0017,0.00232,0.00189,0.00231,0.00229,0.00145,0.00166,0.00247,0.00225,0.00142,0.00241,0.00241,0.00199,0.00197,0.00156,0.00156,0.00174,0.00233,0.00233,0.00194,0.00136,0.00269,0.00153,0.00268,0.00171,0.00209,0.00171,0.00189,0.0017,0.00207,0.00245,0.00189,0.00226,0.00188,0.00263,0.00188,0.00282,0.00207,0.00321,0.00323,0.00322,0.0019,0.00266,0.0019,0.0021,0.00191,0.00306,0.00229,0.00304,0.00264,0.00225,0.00319,0.00187,0.00243,0.00185,0.00167]},"DRUG_FREQUENCY_DISTRIBUTION":{"Y_NUM_PERSONS":[0,0,0,0,0,0,0,0,0,0,0,0,0,0,0,0,0,0,0,0,0,0,0,0,0,0,0,0,0,0,0,0,0,0,0,0,0,0,0,0,0,0,0,0],"X_COUNT":[1,2,3,4,5,6,7,8,9,10,11,12,15,16,17,18,19,20,21,22,23,24,25,26,27,28,30,32,33,34,35,36,37,38,39,40,42,46,47,48,50,59,60,61]},"QUANTITY_DISTRIBUTION":{"CATEGORY":"Quantity","MIN_VALUE":0,"P10_VALUE":28,"P25_VALUE":56,"MEDIAN_VALUE":56,"P75_VALUE":90,"P90_VALUE":168,"MAX_VALUE":360},"REFILLS_DISTRIBUTION":{"CATEGORY":"Refills","MIN_VALUE":0,"P10_VALUE":2,"P25_VALUE":6,"MEDIAN_VALUE":6,"P75_VALUE":12,"P90_VALUE":20,"MAX_VALUE":99}}
