{"AGE_AT_FIRST_EXPOSURE":{"CATEGORY":["FEMALE","MALE"],"MIN_VALUE":[23,1],"P10_VALUE":[43,41],"P25_VALUE":[56,54],"MEDIAN_VALUE":[68,63],"P75_VALUE":[81,71],"P90_VALUE":[86,80],"MAX_VALUE":[96,91]},"DAYS_SUPPLY_DISTRIBUTION":{"CATEGORY":[],"MIN_VALUE":[],"P10_VALUE":[],"P25_VALUE":[],"MEDIAN_VALUE":[],"P75_VALUE":[],"P90_VALUE":[],"MAX_VALUE":[]},"DRUGS_BY_TYPE":{"CONCEPT_NAME":"Prescription written","COUNT_VALUE":777},"PREVALENCE_BY_GENDER_AGE_YEAR":{"TRELLIS_NAME":["60-69","70-79","50-59","60-69","60-69","80-89","80-89","80-89"],"SERIES_NAME":["FEMALE","FEMALE","FEMALE","MALE","FEMALE","FEMALE","FEMALE","FEMALE"],"X_CALENDAR_YEAR":[2013,2013,2013,2013,2014,2015,2016,2018],"Y_PREVALENCE_1000PP":[0.01822,0.03497,0.0158,0.02189,0.03534,0.04798,0.08656,0.07307]},"PREVALENCE_BY_MONTH":{"X_CALENDAR_MONTH":[201211,201212,201301,201302,201303,201304,201305,201306,201307,201308,201309,201310,201311,201312,201401,201402,201403,201404,201405,201406,201407,201408,201409,201410,201411,201412,201501,201502,201503,201504,201505,201506,201507,201508,201509,201510,201511,201512,201601,201602,201603,201604,201605,201606,201607,201608,201610,201611,201612,201703,201704,201705,201707,201708,201801,201802,201804,201805,201806,201808,201809,201811,201901,201903],"Y_PREVALENCE_1000PP":[0.0011,0.00147,0.00202,0.00166,0.00204,0.00222,0.0026,0.00204,0.00185,0.00148,0.0013,0.00224,0.00169,0.00192,0.00229,0.00191,0.00287,0.00287,0.00211,0.00213,0.00176,0.00217,0.00119,0.00182,0.00184,0.00228,0.00145,0.00125,0.00151,0.00238,0.00173,0.00135,0.00225,0.00135,0.0018,0.00256,0.00355,0.00172,0.00247,0.00274,0.00299,0.002,0.00177,0.0018,0.0021,0.00187,0.00244,0.00301,0.00192,0.00198,0.00171,0.002,0.00175,0.00177,0.00216,0.00247,0.00278,0.00185,0.00217,0.00223,0.00192,0.00197,0.0023,0.00198]},"DRUG_FREQUENCY_DISTRIBUTION":{"Y_NUM_PERSONS":[0,0,0,0,0,0,0,0,0,0,0,0,0,0,0,0,0,0],"X_COUNT":[1,2,3,4,5,6,7,8,9,10,11,14,16,19,21,23,27,28]},"QUANTITY_DISTRIBUTION":{"CATEGORY":"Quantity","MIN_VALUE":1,"P10_VALUE":28,"P25_VALUE":50,"MEDIAN_VALUE":100,"P75_VALUE":168,"P90_VALUE":240,"MAX_VALUE":672},"REFILLS_DISTRIBUTION":{"CATEGORY":"Refills","MIN_VALUE":0,"P10_VALUE":0,"P25_VALUE":0,"MEDIAN_VALUE":6,"P75_VALUE":7,"P90_VALUE":12,"MAX_VALUE":999}}
