{"AGE_AT_FIRST_EXPOSURE":{"CATEGORY":["MALE","FEMALE"],"MIN_VALUE":[1,2],"P10_VALUE":[43,36],"P25_VALUE":[51,50],"MEDIAN_VALUE":[59,59],"P75_VALUE":[67,72],"P90_VALUE":[75,83],"MAX_VALUE":[95,95]},"DAYS_SUPPLY_DISTRIBUTION":{"CATEGORY":[],"MIN_VALUE":[],"P10_VALUE":[],"P25_VALUE":[],"MEDIAN_VALUE":[],"P75_VALUE":[],"P90_VALUE":[],"MAX_VALUE":[]},"DRUGS_BY_TYPE":{"CONCEPT_NAME":"Prescription written","COUNT_VALUE":1949},"PREVALENCE_BY_GENDER_AGE_YEAR":{"TRELLIS_NAME":["50-59","50-59","50-59","60-69","60-69","50-59","60-69","50-59","50-59","60-69","50-59","60-69","50-59","50-59","60-69","50-59","50-59","50-59","50-59"],"SERIES_NAME":["MALE","MALE","MALE","MALE","FEMALE","FEMALE","MALE","MALE","FEMALE","MALE","MALE","MALE","FEMALE","MALE","MALE","MALE","MALE","FEMALE","MALE"],"X_CALENDAR_YEAR":[2002,2004,2005,2006,2007,2007,2010,2010,2011,2011,2012,2012,2012,2013,2015,2015,2016,2016,2017],"Y_PREVALENCE_1000PP":[0.02646,0.01969,0.01884,0.0275,0.02072,0.01775,0.02565,0.01911,0.02438,0.01872,0.02366,0.01882,0.02416,0.02327,0.0469,0.02015,0.02697,0.02054,0.02233]},"PREVALENCE_BY_MONTH":{"X_CALENDAR_MONTH":[200110,200205,200206,200207,200211,200212,200301,200307,200401,200409,200506,200512,200603,200606,200608,200610,200701,200702,200703,200704,200705,200706,200709,200710,200712,200801,200803,200804,200805,200806,200807,200808,200809,200810,200811,200812,200901,200902,200903,200905,200906,200907,200908,200909,200910,201001,201002,201003,201004,201006,201007,201011,201012,201101,201102,201103,201105,201106,201107,201108,201109,201110,201111,201112,201201,201202,201203,201204,201205,201206,201207,201208,201209,201210,201211,201212,201301,201302,201304,201305,201306,201307,201308,201309,201310,201311,201312,201401,201403,201404,201405,201406,201407,201408,201409,201410,201411,201412,201501,201502,201503,201504,201505,201506,201507,201508,201509,201510,201511,201512,201601,201602,201603,201604,201605,201606,201607,201608,201609,201610,201611,201612,201701,201703,201704,201705,201706,201707,201708,201709,201710,201711,201712,201802,201803,201804,201805,201806,201809,201810,201811,201812,201901,201902,201903],"Y_PREVALENCE_1000PP":[0.00248,0.00166,0.00221,0.00165,0.00161,0.00188,0.00159,0.00154,0.00148,0.00139,0.00157,0.00153,0.00152,0.0015,0.00128,0.00148,0.00125,0.00166,0.00124,0.00165,0.00123,0.00122,0.00139,0.00118,0.00137,0.00213,0.00136,0.00116,0.00136,0.00173,0.0023,0.00172,0.00171,0.00114,0.00114,0.00208,0.00189,0.00189,0.00132,0.00113,0.00151,0.0015,0.00113,0.00131,0.00113,0.00132,0.00133,0.00114,0.0019,0.00172,0.00115,0.00187,0.0015,0.0015,0.00149,0.00148,0.00203,0.00203,0.0022,0.00183,0.00146,0.00164,0.00146,0.00201,0.00218,0.00146,0.00164,0.00164,0.00146,0.00218,0.002,0.002,0.00145,0.00127,0.00219,0.00184,0.00147,0.00166,0.0013,0.00149,0.0013,0.0013,0.0013,0.00167,0.00262,0.00188,0.00134,0.00191,0.00211,0.0023,0.00211,0.00213,0.00196,0.00138,0.00178,0.00202,0.00184,0.00187,0.00208,0.00167,0.00281,0.00281,0.00151,0.00225,0.0027,0.0027,0.00247,0.00303,0.00355,0.00271,0.00198,0.00299,0.00274,0.002,0.00152,0.00206,0.00184,0.00321,0.00241,0.00244,0.00329,0.00274,0.00274,0.00255,0.00285,0.00314,0.00291,0.00292,0.00177,0.00207,0.00237,0.00241,0.00213,0.00216,0.00185,0.00185,0.00216,0.00217,0.00288,0.0026,0.00263,0.00263,0.00197,0.00231,0.00198]},"DRUG_FREQUENCY_DISTRIBUTION":{"Y_NUM_PERSONS":[0,0,0,0,0,0,0,0,0,0,0,0,0,0,0,0,0,0,0,0,0,0,0,0,0,0,0,0,0],"X_COUNT":[1,2,3,4,5,6,7,8,9,10,11,12,13,14,15,16,17,18,21,23,24,26,30,31,33,34,35,38,43]},"QUANTITY_DISTRIBUTION":{"CATEGORY":"Quantity","MIN_VALUE":1,"P10_VALUE":30,"P25_VALUE":56,"MEDIAN_VALUE":60,"P75_VALUE":60,"P90_VALUE":60,"MAX_VALUE":224},"REFILLS_DISTRIBUTION":{"CATEGORY":"Refills","MIN_VALUE":0,"P10_VALUE":0,"P25_VALUE":1,"MEDIAN_VALUE":6,"P75_VALUE":11,"P90_VALUE":13,"MAX_VALUE":999}}
