{"AGE_AT_FIRST_EXPOSURE":{"CATEGORY":["FEMALE","MALE"],"MIN_VALUE":[12,17],"P10_VALUE":[37,34],"P25_VALUE":[47,45],"MEDIAN_VALUE":[57,57],"P75_VALUE":[70,67],"P90_VALUE":[80,75],"MAX_VALUE":[97,100]},"DAYS_SUPPLY_DISTRIBUTION":{"CATEGORY":[],"MIN_VALUE":[],"P10_VALUE":[],"P25_VALUE":[],"MEDIAN_VALUE":[],"P75_VALUE":[],"P90_VALUE":[],"MAX_VALUE":[]},"DRUGS_BY_TYPE":{"CONCEPT_NAME":"Prescription written","COUNT_VALUE":3352},"PREVALENCE_BY_GENDER_AGE_YEAR":{"TRELLIS_NAME":["50-59","80-89","70-79","60-69","60-69","20-29","50-59","30-39","40-49","40-49","70-79","30-39","30-39","50-59","80-89","70-79","60-69","70-79","60-69","30-39","40-49","40-49","50-59","40-49","50-59","70-79","70-79","50-59","60-69","60-69","40-49","30-39","50-59","40-49","50-59","30-39","60-69","60-69","70-79","40-49","50-59","70-79","60-69","70-79","40-49","50-59","80-89","60-69","40-49","50-59","80-89","40-49","70-79","60-69","50-59","40-49","70-79","30-39","60-69","50-59","80-89","80-89","60-69","40-49","50-59","40-49","60-69","70-79","30-39","70-79","60-69","30-39","20-29","70-79","80-89","50-59","50-59","70-79","60-69","40-49","40-49","30-39","50-59","60-69","70-79","70-79","50-59"],"SERIES_NAME":["MALE","FEMALE","FEMALE","MALE","FEMALE","FEMALE","FEMALE","MALE","MALE","FEMALE","MALE","FEMALE","FEMALE","FEMALE","FEMALE","MALE","FEMALE","FEMALE","MALE","MALE","MALE","FEMALE","MALE","FEMALE","MALE","FEMALE","MALE","FEMALE","MALE","FEMALE","MALE","MALE","MALE","MALE","FEMALE","MALE","FEMALE","MALE","FEMALE","FEMALE","MALE","FEMALE","FEMALE","MALE","FEMALE","FEMALE","FEMALE","MALE","MALE","FEMALE","FEMALE","FEMALE","FEMALE","FEMALE","MALE","MALE","MALE","MALE","MALE","MALE","MALE","FEMALE","MALE","MALE","FEMALE","FEMALE","FEMALE","MALE","MALE","FEMALE","FEMALE","MALE","FEMALE","FEMALE","FEMALE","FEMALE","MALE","MALE","MALE","MALE","FEMALE","FEMALE","FEMALE","MALE","MALE","FEMALE","MALE"],"X_CALENDAR_YEAR":[2011,2011,2011,2011,2011,2011,2011,2011,2011,2011,2011,2011,2012,2012,2012,2012,2012,2012,2012,2012,2012,2012,2012,2013,2013,2013,2013,2013,2013,2013,2013,2013,2014,2014,2014,2014,2014,2014,2014,2014,2015,2015,2015,2015,2015,2015,2015,2015,2015,2016,2016,2016,2016,2016,2016,2016,2016,2016,2016,2017,2017,2017,2017,2017,2017,2017,2017,2017,2017,2017,2018,2018,2018,2018,2018,2018,2018,2018,2018,2018,2018,2018,2019,2019,2019,2019,2019],"Y_PREVALENCE_1000PP":[0.03443,0.12366,0.08493,0.07487,0.06084,0.01977,0.07313,0.03653,0.05028,0.04547,0.08703,0.02727,0.01742,0.04295,0.04137,0.07117,0.07624,0.04012,0.05018,0.02215,0.02005,0.02996,0.03417,0.03505,0.04654,0.03497,0.03968,0.0474,0.05941,0.05161,0.02033,0.02469,0.04014,0.02937,0.05163,0.01578,0.04177,0.06627,0.05833,0.02779,0.06044,0.06834,0.05589,0.03843,0.0255,0.07013,0.05598,0.0974,0.03302,0.09927,0.06733,0.06549,0.10187,0.06708,0.07079,0.0267,0.10155,0.0237,0.1343,0.07072,0.09068,0.1513,0.1326,0.05291,0.09443,0.04705,0.12446,0.07566,0.02585,0.09217,0.09214,0.02873,0.0264,0.17056,0.13396,0.09338,0.08747,0.12149,0.10492,0.03868,0.06719,0.0287,0.03671,0.04752,0.05601,0.04333,0.03635]},"PREVALENCE_BY_MONTH":{"X_CALENDAR_MONTH":[201102,201103,201104,201105,201106,201107,201108,201109,201110,201111,201112,201201,201202,201203,201204,201205,201206,201207,201208,201209,201210,201211,201212,201301,201302,201303,201304,201305,201306,201307,201308,201309,201310,201311,201312,201401,201402,201403,201404,201405,201406,201407,201408,201409,201410,201411,201412,201501,201502,201503,201504,201505,201506,201507,201508,201509,201510,201511,201512,201601,201602,201603,201604,201605,201606,201607,201608,201609,201610,201611,201612,201701,201702,201703,201704,201705,201706,201707,201708,201709,201710,201711,201712,201801,201802,201803,201804,201805,201806,201807,201808,201809,201810,201811,201812,201901,201902,201903],"Y_PREVALENCE_1000PP":[0.00243,0.00408,0.00389,0.00701,0.00681,0.00495,0.00531,0.00546,0.00418,0.00474,0.00857,0.00746,0.00473,0.00872,0.00582,0.00528,0.00382,0.00346,0.00218,0.00181,0.00291,0.00366,0.00221,0.00184,0.00276,0.00463,0.00426,0.00446,0.00371,0.00463,0.00464,0.00445,0.00542,0.00471,0.00499,0.00535,0.00611,0.00421,0.00326,0.00498,0.00543,0.0047,0.00553,0.00456,0.00485,0.00409,0.00456,0.00498,0.00564,0.00539,0.00605,0.0054,0.00765,0.00832,0.00854,0.00697,0.00721,0.00568,0.00836,0.0094,0.0107,0.00997,0.0105,0.00961,0.00978,0.00893,0.01149,0.01341,0.00869,0.01177,0.01013,0.00986,0.00868,0.01191,0.00884,0.0117,0.0102,0.01228,0.01148,0.01211,0.01184,0.01085,0.01309,0.01142,0.01051,0.01112,0.01204,0.01419,0.01426,0.01387,0.00923,0.01182,0.0153,0.01675,0.01546,0.01542,0.01123,0.01552]},"DRUG_FREQUENCY_DISTRIBUTION":{"Y_NUM_PERSONS":[0,0,0,0,0,0,0,0,0,0,0,0,0,0,0,0,0,0,0,0,0,0,0,0,0,0,0,0,0,0,0,0,0,0],"X_COUNT":[1,2,3,4,5,6,7,8,9,10,11,12,13,14,15,16,17,18,19,22,23,24,25,26,27,31,33,34,36,39,40,41,56,63]},"QUANTITY_DISTRIBUTION":{"CATEGORY":"Quantity","MIN_VALUE":7,"P10_VALUE":60,"P25_VALUE":60,"MEDIAN_VALUE":60,"P75_VALUE":60,"P90_VALUE":60,"MAX_VALUE":560},"REFILLS_DISTRIBUTION":{"CATEGORY":"Refills","MIN_VALUE":0,"P10_VALUE":0,"P25_VALUE":0,"MEDIAN_VALUE":0,"P75_VALUE":6,"P90_VALUE":6,"MAX_VALUE":99}}
