{"AGE_AT_FIRST_EXPOSURE":{"CATEGORY":"MALE","MIN_VALUE":21,"P10_VALUE":44,"P25_VALUE":54,"MEDIAN_VALUE":62,"P75_VALUE":69,"P90_VALUE":74,"MAX_VALUE":81},"DAYS_SUPPLY_DISTRIBUTION":{"CATEGORY":[],"MIN_VALUE":[],"P10_VALUE":[],"P25_VALUE":[],"MEDIAN_VALUE":[],"P75_VALUE":[],"P90_VALUE":[],"MAX_VALUE":[]},"DRUGS_BY_TYPE":{"CONCEPT_NAME":"Prescription written","COUNT_VALUE":846},"PREVALENCE_BY_GENDER_AGE_YEAR":{"TRELLIS_NAME":["50-59","70-79","60-69","70-79","40-49","60-69","50-59","60-69","70-79","40-49","50-59","50-59","60-69","40-49","70-79","70-79","60-69","50-59","50-59","60-69"],"SERIES_NAME":["MALE","MALE","MALE","MALE","MALE","MALE","MALE","MALE","MALE","MALE","MALE","MALE","MALE","MALE","MALE","MALE","MALE","MALE","MALE","MALE"],"X_CALENDAR_YEAR":[2014,2014,2014,2015,2015,2015,2015,2016,2016,2016,2016,2017,2017,2017,2017,2018,2018,2018,2019,2019],"Y_PREVALENCE_1000PP":[0.02141,0.03554,0.03314,0.13177,0.03577,0.11904,0.05181,0.12997,0.12059,0.02336,0.05056,0.05955,0.16697,0.02646,0.11005,0.12908,0.09387,0.05415,0.03635,0.04752]},"PREVALENCE_BY_MONTH":{"X_CALENDAR_MONTH":[201409,201410,201411,201412,201501,201502,201503,201504,201505,201506,201507,201508,201509,201510,201511,201512,201601,201602,201603,201604,201605,201606,201607,201608,201609,201610,201611,201612,201701,201702,201703,201704,201705,201706,201707,201708,201709,201710,201711,201712,201801,201802,201803,201804,201805,201806,201807,201808,201809,201810,201811,201812,201901,201902,201903],"Y_PREVALENCE_1000PP":[0.00119,0.00324,0.00204,0.00187,0.00208,0.00209,0.00324,0.00432,0.00497,0.00338,0.00405,0.00315,0.0036,0.00209,0.00379,0.00344,0.00346,0.00199,0.00424,0.0035,0.00455,0.00489,0.0042,0.00401,0.00456,0.00353,0.00383,0.00438,0.00356,0.00392,0.00482,0.00399,0.00513,0.00583,0.0038,0.00353,0.00325,0.00296,0.00241,0.00365,0.00216,0.00278,0.00402,0.00556,0.00586,0.00434,0.00599,0.00382,0.00543,0.00521,0.00328,0.00592,0.00525,0.00396,0.00462]},"DRUG_FREQUENCY_DISTRIBUTION":{"Y_NUM_PERSONS":[0,0,0,0,0,0,0,0,0,0,0,0,0,0,0,0,0],"X_COUNT":[1,2,3,4,5,6,7,8,9,10,11,12,13,14,15,17,20]},"QUANTITY_DISTRIBUTION":{"CATEGORY":"Quantity","MIN_VALUE":4,"P10_VALUE":4,"P25_VALUE":4,"MEDIAN_VALUE":4,"P75_VALUE":4,"P90_VALUE":8,"MAX_VALUE":24},"REFILLS_DISTRIBUTION":{"CATEGORY":"Refills","MIN_VALUE":0,"P10_VALUE":0,"P25_VALUE":0,"MEDIAN_VALUE":3,"P75_VALUE":6,"P90_VALUE":12,"MAX_VALUE":99}}
