{"AGE_AT_FIRST_EXPOSURE":{"CATEGORY":["FEMALE","MALE"],"MIN_VALUE":[6,6],"P10_VALUE":[10,11],"P25_VALUE":[14,16],"MEDIAN_VALUE":[23,27],"P75_VALUE":[44,43],"P90_VALUE":[59,55],"MAX_VALUE":[85,87]},"DAYS_SUPPLY_DISTRIBUTION":{"CATEGORY":[],"MIN_VALUE":[],"P10_VALUE":[],"P25_VALUE":[],"MEDIAN_VALUE":[],"P75_VALUE":[],"P90_VALUE":[],"MAX_VALUE":[]},"DRUGS_BY_TYPE":{"CONCEPT_NAME":"Prescription written","COUNT_VALUE":429},"PREVALENCE_BY_GENDER_AGE_YEAR":{"TRELLIS_NAME":["10-19","10-19","10-19","10-19","30-39","10-19","40-49","10-19","20-29","30-39","30-39","20-29","10-19","20-29","10-19","10-19","10-19","30-39","20-29","10-19","10-19"],"SERIES_NAME":["FEMALE","MALE","MALE","FEMALE","MALE","MALE","FEMALE","FEMALE","MALE","MALE","FEMALE","MALE","FEMALE","FEMALE","FEMALE","FEMALE","MALE","MALE","MALE","MALE","FEMALE"],"X_CALENDAR_YEAR":[2002,2002,2003,2003,2004,2004,2004,2004,2005,2005,2005,2006,2006,2006,2007,2008,2008,2009,2009,2010,2010],"Y_PREVALENCE_1000PP":[0.04138,0.02714,0.02522,0.048,0.01605,0.02642,0.01787,0.0386,0.02266,0.01576,0.01894,0.01821,0.02318,0.02045,0.02147,0.02407,0.01859,0.01721,0.0158,0.01839,0.02013]},"PREVALENCE_BY_MONTH":{"X_CALENDAR_MONTH":[200207,200302,200304,200306,200404,200405,200406,200407,200505,200507,200512,200708,200801,200803,200804,200904,200906,200907,200908,200909,201006],"Y_PREVALENCE_1000PP":[0.00165,0.00185,0.00157,0.00182,0.0019,0.00142,0.00211,0.00163,0.00135,0.00156,0.00131,0.00121,0.00136,0.00117,0.00155,0.0017,0.00207,0.0015,0.00132,0.00113,0.00134]},"DRUG_FREQUENCY_DISTRIBUTION":{"Y_NUM_PERSONS":[0,0,0,0],"X_COUNT":[1,2,3,4]},"QUANTITY_DISTRIBUTION":{"CATEGORY":"Quantity","MIN_VALUE":0,"P10_VALUE":0,"P25_VALUE":1,"MEDIAN_VALUE":1,"P75_VALUE":3,"P90_VALUE":300,"MAX_VALUE":1000},"REFILLS_DISTRIBUTION":{"CATEGORY":"Refills","MIN_VALUE":0,"P10_VALUE":0,"P25_VALUE":0,"MEDIAN_VALUE":0,"P75_VALUE":0,"P90_VALUE":3,"MAX_VALUE":12}}
