{"AGE_AT_FIRST_EXPOSURE":{"CATEGORY":["FEMALE","MALE"],"MIN_VALUE":[0,2],"P10_VALUE":[18,14],"P25_VALUE":[29,33],"MEDIAN_VALUE":[49,52],"P75_VALUE":[73,68],"P90_VALUE":[86,80],"MAX_VALUE":[98,93]},"DAYS_SUPPLY_DISTRIBUTION":{"CATEGORY":[],"MIN_VALUE":[],"P10_VALUE":[],"P25_VALUE":[],"MEDIAN_VALUE":[],"P75_VALUE":[],"P90_VALUE":[],"MAX_VALUE":[]},"DRUGS_BY_TYPE":{"CONCEPT_NAME":"Prescription written","COUNT_VALUE":681},"PREVALENCE_BY_GENDER_AGE_YEAR":{"TRELLIS_NAME":["70-79","60-69","0-9","30-39","80-89","70-79","50-59","60-69","30-39","40-49","20-29","60-69","30-39","80-89","50-59","60-69"],"SERIES_NAME":["MALE","MALE","MALE","FEMALE","FEMALE","MALE","FEMALE","MALE","MALE","FEMALE","FEMALE","MALE","MALE","FEMALE","MALE","FEMALE"],"X_CALENDAR_YEAR":[2005,2006,2007,2007,2007,2008,2008,2008,2008,2008,2008,2009,2009,2009,2010,2011],"Y_PREVALENCE_1000PP":[0.05065,0.0275,0.02237,0.01773,0.04331,0.03208,0.01734,0.02342,0.01466,0.01893,0.02062,0.01967,0.01475,0.05512,0.02184,0.02738]},"PREVALENCE_BY_MONTH":{"X_CALENDAR_MONTH":[200502,200506,200603,200606,200607,200610,200701,200704,200705,200706,200708,200709,200710,200711,200712,200801,200803,200804,200805,200806,200807,200808,200809,200810,200811,200812,200901,200902,200903,200904,200906,200907,200908,200909,200910,200911,201002,201003,201005,201006,201007,201008,201009,201010,201012,201101,201102,201103,201104,201105,201106,201107,201108,201109,201110,201111,201112,201202,201203,201204,201205,201206],"Y_PREVALENCE_1000PP":[0.00203,0.00202,0.0013,0.00192,0.0015,0.00148,0.00125,0.00186,0.00184,0.00162,0.00121,0.00159,0.00118,0.00215,0.00117,0.00155,0.00117,0.00194,0.00232,0.00134,0.00172,0.00249,0.0019,0.00114,0.00114,0.00132,0.00132,0.00132,0.00132,0.0017,0.00132,0.00207,0.0017,0.00169,0.00113,0.00113,0.00152,0.00114,0.00152,0.00248,0.00153,0.0021,0.00171,0.00151,0.00113,0.00206,0.00149,0.00167,0.00241,0.00166,0.00166,0.00184,0.00183,0.00237,0.002,0.00146,0.00146,0.00218,0.002,0.00164,0.002,0.00145]},"DRUG_FREQUENCY_DISTRIBUTION":{"Y_NUM_PERSONS":[0,0,0,0,0,0,0],"X_COUNT":[1,2,3,4,8,9,14]},"QUANTITY_DISTRIBUTION":{"CATEGORY":"Quantity","MIN_VALUE":1,"P10_VALUE":500,"P25_VALUE":1000,"MEDIAN_VALUE":1000,"P75_VALUE":1000,"P90_VALUE":1000,"MAX_VALUE":10000},"REFILLS_DISTRIBUTION":{"CATEGORY":"Refills","MIN_VALUE":0,"P10_VALUE":0,"P25_VALUE":0,"MEDIAN_VALUE":0,"P75_VALUE":2,"P90_VALUE":6,"MAX_VALUE":52}}
