{"AGE_AT_FIRST_EXPOSURE":{"CATEGORY":["FEMALE","MALE"],"MIN_VALUE":[12,11],"P10_VALUE":[23,33],"P25_VALUE":[37,46],"MEDIAN_VALUE":[54,59],"P75_VALUE":[69,71],"P90_VALUE":[78,78],"MAX_VALUE":[93,88]},"DAYS_SUPPLY_DISTRIBUTION":{"CATEGORY":"Days supply","MIN_VALUE":7,"P10_VALUE":28,"P25_VALUE":28,"MEDIAN_VALUE":30,"P75_VALUE":30,"P90_VALUE":56,"MAX_VALUE":56},"DRUGS_BY_TYPE":{"CONCEPT_NAME":"Prescription written","COUNT_VALUE":4158},"PREVALENCE_BY_GENDER_AGE_YEAR":{"TRELLIS_NAME":["50-59","70-79","70-79","80-89","60-69","60-69","80-89","40-49","70-79","10-19","70-79","50-59","30-39","60-69","70-79","60-69","80-89","10-19","50-59","40-49","30-39","80-89","70-79","60-69","70-79","40-49","50-59","30-39","60-69","70-79","10-19","80-89","30-39","50-59","50-59","60-69","40-49","70-79","40-49","20-29","60-69","80-89","70-79","50-59","80-89","30-39","50-59","20-29","70-79","40-49","60-69","70-79","60-69","40-49","70-79","80-89","50-59","60-69","30-39","50-59","40-49","70-79","60-69","70-79","40-49","40-49","60-69","50-59","70-79","30-39","60-69","60-69","40-49","70-79","60-69","50-59","50-59","50-59","70-79","60-69","60-69","50-59","40-49","60-69","50-59"],"SERIES_NAME":["FEMALE","FEMALE","MALE","FEMALE","FEMALE","FEMALE","FEMALE","FEMALE","FEMALE","FEMALE","MALE","FEMALE","FEMALE","FEMALE","MALE","MALE","FEMALE","FEMALE","FEMALE","FEMALE","FEMALE","MALE","FEMALE","MALE","FEMALE","FEMALE","FEMALE","FEMALE","FEMALE","MALE","FEMALE","FEMALE","FEMALE","MALE","FEMALE","FEMALE","FEMALE","MALE","MALE","FEMALE","MALE","FEMALE","FEMALE","MALE","FEMALE","FEMALE","FEMALE","FEMALE","MALE","FEMALE","MALE","FEMALE","FEMALE","MALE","MALE","FEMALE","MALE","MALE","FEMALE","FEMALE","FEMALE","FEMALE","FEMALE","FEMALE","MALE","FEMALE","MALE","FEMALE","MALE","FEMALE","FEMALE","FEMALE","FEMALE","FEMALE","MALE","FEMALE","FEMALE","MALE","FEMALE","FEMALE","MALE","FEMALE","FEMALE","FEMALE","FEMALE"],"X_CALENDAR_YEAR":[1996,1996,1996,1996,1996,1997,1997,1997,1997,1997,1997,1997,1997,1998,1998,1998,1998,1998,1998,1998,1998,1998,1998,1999,1999,1999,1999,1999,1999,1999,1999,1999,2000,2000,2000,2000,2000,2000,2000,2000,2000,2000,2000,2001,2001,2001,2001,2001,2001,2001,2001,2001,2001,2001,2002,2002,2002,2002,2002,2002,2002,2002,2002,2003,2003,2003,2003,2003,2003,2003,2003,2004,2004,2004,2004,2004,2005,2005,2005,2005,2005,2007,2007,2009,2013],"Y_PREVALENCE_1000PP":[0.16181,0.43732,0.3846,0.54645,0.32589,0.22344,0.24206,0.07834,0.34596,0.1451,0.26496,0.10343,0.12149,0.32424,0.15956,0.14698,0.32025,0.09048,0.09873,0.0901,0.09125,0.30883,0.26151,0.08122,0.23799,0.04115,0.04463,0.03367,0.16731,0.11112,0.08169,0.33965,0.03961,0.03351,0.05168,0.14673,0.03758,0.12113,0.03579,0.0324,0.10304,0.14214,0.20795,0.05171,0.11017,0.04502,0.03545,0.0259,0.06948,0.02488,0.07445,0.1527,0.15156,0.02371,0.06094,0.06752,0.04536,0.06472,0.03384,0.02724,0.0216,0.11168,0.09541,0.05949,0.02854,0.02666,0.02987,0.03296,0.04317,0.02647,0.06373,0.05695,0.02383,0.06042,0.04893,0.03042,0.0291,0.01884,0.05315,0.03751,0.02959,0.01775,0.01711,0.01937,0.01843]},"PREVALENCE_BY_MONTH":{"X_CALENDAR_MONTH":[199603,199604,199605,199606,199607,199608,199609,199610,199611,199612,199701,199702,199703,199704,199705,199706,199707,199708,199709,199710,199711,199712,199801,199802,199803,199804,199805,199806,199807,199808,199809,199810,199811,199812,199901,199902,199903,199904,199905,199906,199907,199908,199909,199910,199911,199912,200001,200002,200003,200004,200005,200006,200007,200008,200009,200010,200011,200012,200101,200102,200103,200104,200105,200106,200107,200108,200109,200110,200111,200112,200201,200202,200203,200204,200205,200206,200207,200208,200209,200210,200211,200212,200301,200302,200303,200304,200305,200306,200307,200308,200309,200310,200311,200312,200401,200402,200403,200404,200405,200406,200407,200408,200409,200410,200411,200412,200501,200502,200503,200504,200505,200506,200507,200508,200509,200510,200511,200512,200601,200602,200603,200604,200605,200606,200607,200608,200609,200610,200611,200612,200701,200702,200703,200704,200705,200706,200707,200708,200709,200710,200711,200712,200801,200802,200803,200804,200805,200806,200807,200808,200809,200810,200811,200812,200901,200902,200903,200904,200905,200907,200911,200912,201001,201003,201005,201009,201010,201011,201012,201102,201208,201211,201212,201301,201307,201312,201401],"Y_PREVALENCE_1000PP":[0.02825,0.02883,0.02226,0.02786,0.03547,0.03972,0.02954,0.04695,0.0288,0.03221,0.02691,0.03414,0.02122,0.04309,0.02111,0.02403,0.0264,0.01562,0.02654,0.02432,0.02356,0.02321,0.02443,0.02089,0.02811,0.02759,0.02595,0.02429,0.02939,0.02411,0.02056,0.01937,0.02133,0.02116,0.0193,0.01681,0.0239,0.01944,0.01914,0.01589,0.01928,0.01716,0.01924,0.01464,0.01226,0.01831,0.0153,0.01616,0.01674,0.01348,0.01763,0.01688,0.01874,0.01523,0.0137,0.0144,0.01346,0.0125,0.01546,0.01231,0.01268,0.01322,0.0113,0.01141,0.01025,0.01196,0.00697,0.00993,0.00982,0.00942,0.00997,0.00785,0.00833,0.00893,0.00804,0.00993,0.0096,0.00929,0.01031,0.00968,0.00751,0.00778,0.00903,0.00634,0.0092,0.00629,0.00757,0.00675,0.00695,0.0059,0.00613,0.00586,0.00634,0.00783,0.00469,0.00616,0.00507,0.00523,0.00426,0.00446,0.00443,0.00325,0.00555,0.00414,0.00573,0.00436,0.00408,0.00294,0.00497,0.00474,0.00473,0.00538,0.00467,0.00466,0.00395,0.00483,0.00481,0.00372,0.00325,0.00282,0.0026,0.00388,0.00236,0.00278,0.00192,0.00277,0.00191,0.0019,0.00189,0.00168,0.0027,0.00187,0.00207,0.00165,0.00225,0.00142,0.00241,0.00141,0.00219,0.00177,0.00273,0.00137,0.00174,0.00175,0.00214,0.00155,0.00116,0.00192,0.00172,0.00115,0.00152,0.00152,0.00171,0.00208,0.00132,0.00132,0.00226,0.00113,0.00189,0.00169,0.00151,0.00114,0.00114,0.00133,0.00152,0.0019,0.00132,0.00112,0.00113,0.00131,0.00145,0.00128,0.00129,0.0022,0.0013,0.00115,0.00115]},"DRUG_FREQUENCY_DISTRIBUTION":{"Y_NUM_PERSONS":[0,0,0,0,0,0,0,0,0,0,0,0,0,0,0,0,0,0,0,0,0,0,0,0,0,0,0,0,0,0,0,0,0,0,0,0,0,0,0,0,0,0,0,0,0,0],"X_COUNT":[1,2,3,4,5,6,7,8,9,10,11,12,13,14,15,16,17,18,19,20,22,23,24,25,26,27,28,29,32,34,35,36,37,38,40,41,43,44,45,47,49,50,51,59,60,65]},"QUANTITY_DISTRIBUTION":{"CATEGORY":"Quantity","MIN_VALUE":1,"P10_VALUE":42,"P25_VALUE":60,"MEDIAN_VALUE":84,"P75_VALUE":100,"P90_VALUE":168,"MAX_VALUE":504},"REFILLS_DISTRIBUTION":{"CATEGORY":"Refills","MIN_VALUE":0,"P10_VALUE":0,"P25_VALUE":2,"MEDIAN_VALUE":6,"P75_VALUE":12,"P90_VALUE":12,"MAX_VALUE":99}}
