{"AGE_AT_FIRST_EXPOSURE":{"CATEGORY":["MALE","FEMALE"],"MIN_VALUE":[34,20],"P10_VALUE":[44,30],"P25_VALUE":[57,46],"MEDIAN_VALUE":[69,59],"P75_VALUE":[78,77],"P90_VALUE":[85,86],"MAX_VALUE":[92,97]},"DAYS_SUPPLY_DISTRIBUTION":{"CATEGORY":[],"MIN_VALUE":[],"P10_VALUE":[],"P25_VALUE":[],"MEDIAN_VALUE":[],"P75_VALUE":[],"P90_VALUE":[],"MAX_VALUE":[]},"DRUGS_BY_TYPE":{"CONCEPT_NAME":"Prescription written","COUNT_VALUE":328},"PREVALENCE_BY_GENDER_AGE_YEAR":{"TRELLIS_NAME":["60-69","80-89","20-29","50-59","40-49","70-79","80-89","60-69","70-79","30-39","50-59"],"SERIES_NAME":["FEMALE","FEMALE","FEMALE","FEMALE","FEMALE","FEMALE","MALE","MALE","MALE","FEMALE","MALE"],"X_CALENDAR_YEAR":[2018,2018,2018,2018,2018,2018,2018,2018,2018,2018,2018],"Y_PREVALENCE_1000PP":[0.0542,0.25575,0.05719,0.13582,0.07167,0.16374,0.1849,0.08835,0.1139,0.041,0.04582]},"PREVALENCE_BY_MONTH":{"X_CALENDAR_MONTH":[201801,201802,201804,201806,201807,201809,201810,201811,201812,201901],"Y_PREVALENCE_1000PP":[0.00586,0.00402,0.00216,0.00527,0.00725,0.00192,0.00684,0.01117,0.03124,0.00623]},"DRUG_FREQUENCY_DISTRIBUTION":{"Y_NUM_PERSONS":[0,0,0,0,0],"X_COUNT":[1,2,3,4,5]},"QUANTITY_DISTRIBUTION":{"CATEGORY":"Quantity","MIN_VALUE":1,"P10_VALUE":1,"P25_VALUE":1,"MEDIAN_VALUE":1,"P75_VALUE":1,"P90_VALUE":1,"MAX_VALUE":1},"REFILLS_DISTRIBUTION":{"CATEGORY":"Refills","MIN_VALUE":0,"P10_VALUE":0,"P25_VALUE":0,"MEDIAN_VALUE":0,"P75_VALUE":0,"P90_VALUE":0,"MAX_VALUE":0}}
