{"AGE_AT_FIRST_EXPOSURE":{"CATEGORY":["MALE","FEMALE"],"MIN_VALUE":[17,26],"P10_VALUE":[35,43],"P25_VALUE":[53,54],"MEDIAN_VALUE":[63,62],"P75_VALUE":[74,73],"P90_VALUE":[75,78],"MAX_VALUE":[85,88]},"DAYS_SUPPLY_DISTRIBUTION":{"CATEGORY":"Days supply","MIN_VALUE":3,"P10_VALUE":28,"P25_VALUE":28,"MEDIAN_VALUE":28,"P75_VALUE":28,"P90_VALUE":56,"MAX_VALUE":56},"DRUGS_BY_TYPE":{"CONCEPT_NAME":"Prescription written","COUNT_VALUE":1790},"PREVALENCE_BY_GENDER_AGE_YEAR":{"TRELLIS_NAME":["70-79","60-69","70-79","50-59","70-79","60-69","50-59","50-59","70-79","60-69","60-69","70-79","60-69","70-79","60-69"],"SERIES_NAME":["FEMALE","FEMALE","FEMALE","FEMALE","FEMALE","FEMALE","FEMALE","FEMALE","FEMALE","FEMALE","FEMALE","FEMALE","FEMALE","FEMALE","FEMALE"],"X_CALENDAR_YEAR":[1998,1998,1999,1999,2000,2000,2000,2001,2001,2001,2002,2002,2003,2003,2004],"Y_PREVALENCE_1000PP":[0.0923,0.09868,0.06491,0.04463,0.08664,0.05406,0.0402,0.02659,0.04165,0.06062,0.06361,0.03723,0.03922,0.04164,0.03066]},"PREVALENCE_BY_MONTH":{"X_CALENDAR_MONTH":[199608,199610,199612,199702,199703,199704,199705,199706,199707,199708,199709,199711,199801,199802,199803,199804,199805,199807,199808,199809,199810,199811,199812,199902,199903,199904,199905,199906,199907,199908,199909,199910,199911,199912,200001,200002,200003,200004,200005,200006,200007,200008,200009,200010,200011,200012,200101,200102,200103,200104,200105,200106,200107,200108,200109,200110,200111,200112,200201,200202,200203,200204,200205,200206,200207,200208,200209,200210,200211,200212,200301,200302,200303,200304,200305,200306,200307,200308,200309,200310,200311,200312,200401,200402,200403,200404,200405,200406,200407,200408,200409,200410,200411,200412,200501,200502,200504,200506,200507,200508,200510,200512,200601,200603,200604,200605,200607,200609,200704,200705,200706,200710,200802,200803,200805,200806,200807,200808,200811],"Y_PREVALENCE_1000PP":[0.01135,0.01084,0.01187,0.00885,0.00749,0.00718,0.00704,0.00983,0.00739,0.00625,0.00714,0.00982,0.01095,0.00835,0.00744,0.00974,0.01136,0.00635,0.00622,0.00838,0.00596,0.00736,0.00657,0.00538,0.00863,0.00389,0.00447,0.00763,0.00435,0.00674,0.00758,0.00563,0.00533,0.00594,0.00585,0.00628,0.00617,0.00696,0.00645,0.00591,0.00666,0.00617,0.00483,0.0068,0.00673,0.00547,0.00589,0.00471,0.00493,0.00696,0.00582,0.00537,0.00628,0.00452,0.00412,0.0059,0.00399,0.00669,0.0044,0.00465,0.00488,0.00447,0.00443,0.00469,0.00411,0.00382,0.00434,0.0043,0.00322,0.00429,0.00345,0.0037,0.00316,0.00315,0.00339,0.00286,0.00283,0.00359,0.00307,0.00229,0.00253,0.00303,0.00321,0.00271,0.00266,0.00286,0.00213,0.00305,0.00257,0.00163,0.00208,0.00161,0.00138,0.0016,0.00136,0.00203,0.00135,0.00179,0.00156,0.00155,0.00154,0.00131,0.0013,0.00195,0.00129,0.0015,0.0015,0.00127,0.00124,0.00123,0.00122,0.00138,0.00116,0.00117,0.00136,0.00134,0.00134,0.00115,0.00133]},"DRUG_FREQUENCY_DISTRIBUTION":{"Y_NUM_PERSONS":[0,0,0,0,0,0,0,0,0,0,0,0,0,0,0,0,0,0,0,0,0,0,0,0,0,0,0,0,0,0,0,0],"X_COUNT":[1,2,3,4,5,6,7,8,9,10,15,16,17,18,20,21,22,23,24,27,28,34,35,37,39,40,41,43,46,48,55,78]},"QUANTITY_DISTRIBUTION":{"CATEGORY":"Quantity","MIN_VALUE":0,"P10_VALUE":28,"P25_VALUE":56,"MEDIAN_VALUE":100,"P75_VALUE":112,"P90_VALUE":168,"MAX_VALUE":300},"REFILLS_DISTRIBUTION":{"CATEGORY":"Refills","MIN_VALUE":0,"P10_VALUE":1,"P25_VALUE":4,"MEDIAN_VALUE":6,"P75_VALUE":12,"P90_VALUE":24,"MAX_VALUE":600}}
