{"AGE_AT_FIRST_EXPOSURE":{"CATEGORY":["MALE","FEMALE"],"MIN_VALUE":[1,3],"P10_VALUE":[18,15],"P25_VALUE":[37,27],"MEDIAN_VALUE":[55,44],"P75_VALUE":[63,62],"P90_VALUE":[75,76],"MAX_VALUE":[93,91]},"DAYS_SUPPLY_DISTRIBUTION":{"CATEGORY":[],"MIN_VALUE":[],"P10_VALUE":[],"P25_VALUE":[],"MEDIAN_VALUE":[],"P75_VALUE":[],"P90_VALUE":[],"MAX_VALUE":[]},"DRUGS_BY_TYPE":{"CONCEPT_NAME":"Prescription written","COUNT_VALUE":713},"PREVALENCE_BY_GENDER_AGE_YEAR":{"TRELLIS_NAME":["50-59","60-69"],"SERIES_NAME":["MALE","FEMALE"],"X_CALENDAR_YEAR":[2003,2004],"Y_PREVALENCE_1000PP":[0.02136,0.02628]},"PREVALENCE_BY_MONTH":{"X_CALENDAR_MONTH":[199711,199906,199908,200303,200309,200310,200312,200402,200403,200404,200405,200406,200407,200408,200409,200602,200608,200701,200807,200808,200903,200905,201105,201204],"Y_PREVALENCE_1000PP":[0.00589,0.00381,0.00368,0.00158,0.00179,0.00178,0.00177,0.00148,0.00193,0.0019,0.00189,0.00188,0.0021,0.00163,0.00208,0.0013,0.00149,0.00145,0.00153,0.00134,0.00188,0.00113,0.00148,0.00164]},"DRUG_FREQUENCY_DISTRIBUTION":{"Y_NUM_PERSONS":[0,0,0,0,0,0,0,0,0,0,0,0],"X_COUNT":[1,2,3,4,6,7,9,11,12,15,17,18]},"QUANTITY_DISTRIBUTION":{"CATEGORY":"Quantity","MIN_VALUE":1,"P10_VALUE":1,"P25_VALUE":200,"MEDIAN_VALUE":250,"P75_VALUE":500,"P90_VALUE":500,"MAX_VALUE":1000},"REFILLS_DISTRIBUTION":{"CATEGORY":"Refills","MIN_VALUE":0,"P10_VALUE":0,"P25_VALUE":0,"MEDIAN_VALUE":6,"P75_VALUE":6,"P90_VALUE":12,"MAX_VALUE":99}}
