{"AGE_AT_FIRST_EXPOSURE":{"CATEGORY":["FEMALE","MALE"],"MIN_VALUE":[11,13],"P10_VALUE":[30,37],"P25_VALUE":[44,49],"MEDIAN_VALUE":[65,66],"P75_VALUE":[78,76],"P90_VALUE":[88,86],"MAX_VALUE":[101,97]},"DAYS_SUPPLY_DISTRIBUTION":{"CATEGORY":"Days supply","MIN_VALUE":28,"P10_VALUE":28,"P25_VALUE":28,"MEDIAN_VALUE":28,"P75_VALUE":28,"P90_VALUE":28,"MAX_VALUE":30},"DRUGS_BY_TYPE":{"CONCEPT_NAME":"Prescription written","COUNT_VALUE":2110},"PREVALENCE_BY_GENDER_AGE_YEAR":{"TRELLIS_NAME":["70-79","70-79","20-29","30-39","60-69","50-59","50-59","60-69","70-79","80-89","60-69","30-39","40-49","80-89","60-69","50-59","50-59","70-79","60-69","30-39","40-49","60-69","80-89","70-79","40-49","50-59","70-79","80-89","60-69","50-59","60-69","60-69","70-79","80-89","30-39","50-59","90-99","70-79","80-89","40-49","40-49","70-79","90-99","40-49","60-69","50-59","30-39","70-79","60-69","80-89","50-59","30-39","60-69","80-89","40-49","40-49","90-99","70-79","60-69"],"SERIES_NAME":["FEMALE","FEMALE","FEMALE","FEMALE","FEMALE","FEMALE","FEMALE","FEMALE","FEMALE","FEMALE","MALE","FEMALE","FEMALE","FEMALE","FEMALE","FEMALE","MALE","FEMALE","MALE","FEMALE","FEMALE","MALE","FEMALE","FEMALE","FEMALE","FEMALE","MALE","MALE","FEMALE","FEMALE","FEMALE","MALE","MALE","FEMALE","FEMALE","MALE","FEMALE","FEMALE","MALE","MALE","FEMALE","FEMALE","FEMALE","MALE","MALE","FEMALE","FEMALE","MALE","FEMALE","FEMALE","FEMALE","FEMALE","MALE","FEMALE","MALE","FEMALE","FEMALE","FEMALE","FEMALE"],"X_CALENDAR_YEAR":[1999,2000,2000,2000,2000,2000,2001,2001,2001,2001,2001,2001,2001,2002,2002,2002,2002,2002,2002,2002,2002,2003,2003,2003,2003,2003,2003,2003,2003,2004,2004,2004,2004,2004,2004,2004,2004,2004,2004,2004,2004,2005,2005,2005,2005,2005,2005,2005,2005,2005,2006,2006,2006,2006,2006,2006,2006,2006,2006],"Y_PREVALENCE_1000PP":[0.10818,0.07798,0.0378,0.05721,0.05406,0.05168,0.03988,0.06669,0.07635,0.07712,0.04343,0.02771,0.02902,0.14468,0.05301,0.0428,0.03024,0.06825,0.03775,0.01846,0.0432,0.04979,0.12701,0.10708,0.03999,0.03296,0.07914,0.12799,0.05882,0.04394,0.05257,0.04003,0.0394,0.10123,0.02475,0.02954,0.25899,0.09887,0.13156,0.01983,0.03276,0.11693,0.2493,0.01597,0.02959,0.0291,0.02435,0.04432,0.08336,0.16999,0.02192,0.0185,0.02357,0.10091,0.02763,0.0318,0.18166,0.06128,0.02321]},"PREVALENCE_BY_MONTH":{"X_CALENDAR_MONTH":[199904,199905,199906,199907,199912,200001,200003,200004,200005,200006,200007,200008,200009,200010,200011,200012,200101,200102,200103,200104,200105,200106,200107,200108,200109,200110,200111,200112,200201,200202,200203,200204,200205,200206,200207,200208,200209,200210,200211,200212,200301,200302,200303,200304,200305,200306,200307,200308,200309,200310,200311,200312,200401,200402,200403,200404,200405,200406,200407,200408,200409,200410,200411,200412,200501,200502,200503,200504,200505,200506,200507,200508,200509,200510,200511,200512,200601,200602,200603,200604,200605,200606,200607,200608,200609],"Y_PREVALENCE_1000PP":[0.00389,0.00447,0.00572,0.00746,0.00297,0.0036,0.00441,0.00391,0.00387,0.00506,0.00416,0.00453,0.00806,0.0064,0.00475,0.00508,0.00405,0.00435,0.00458,0.00417,0.00377,0.00436,0.00331,0.00452,0.00317,0.00528,0.00491,0.00456,0.00587,0.00581,0.00488,0.00698,0.00582,0.00414,0.00658,0.00628,0.00597,0.00645,0.00616,0.0051,0.00584,0.00502,0.00657,0.00655,0.00705,0.00675,0.00824,0.00565,0.00588,0.00687,0.00558,0.00757,0.00618,0.00666,0.00749,0.00785,0.00591,0.00681,0.0063,0.00581,0.00578,0.00507,0.00527,0.00481,0.00476,0.00565,0.00565,0.00654,0.0072,0.00963,0.00689,0.00665,0.00659,0.0057,0.00744,0.00438,0.00736,0.00629,0.00693,0.00495,0.0073,0.0079,0.00727,0.00639,0.00361]},"DRUG_FREQUENCY_DISTRIBUTION":{"Y_NUM_PERSONS":[0,0,0,0,0,0,0,0,0,0,0,0,0,0,0,0,0,0,0,0,0,0,0,0,0,0,0],"X_COUNT":[1,2,3,4,5,6,7,8,9,10,11,12,13,14,15,16,18,19,20,23,24,25,26,27,29,32,35]},"QUANTITY_DISTRIBUTION":{"CATEGORY":"Quantity","MIN_VALUE":1,"P10_VALUE":30,"P25_VALUE":60,"MEDIAN_VALUE":60,"P75_VALUE":100,"P90_VALUE":168,"MAX_VALUE":240},"REFILLS_DISTRIBUTION":{"CATEGORY":"Refills","MIN_VALUE":0,"P10_VALUE":0,"P25_VALUE":0,"MEDIAN_VALUE":3,"P75_VALUE":6,"P90_VALUE":8,"MAX_VALUE":99}}
