{"AGE_AT_FIRST_EXPOSURE":{"CATEGORY":["FEMALE","MALE"],"MIN_VALUE":[0,0],"P10_VALUE":[2,1],"P25_VALUE":[8,3],"MEDIAN_VALUE":[36,15],"P75_VALUE":[62,60],"P90_VALUE":[76,77],"MAX_VALUE":[98,92]},"DAYS_SUPPLY_DISTRIBUTION":{"CATEGORY":"Days supply","MIN_VALUE":14,"P10_VALUE":28,"P25_VALUE":28,"MEDIAN_VALUE":28,"P75_VALUE":28,"P90_VALUE":28,"MAX_VALUE":56},"DRUGS_BY_TYPE":{"CONCEPT_NAME":"Prescription written","COUNT_VALUE":4739},"PREVALENCE_BY_GENDER_AGE_YEAR":{"TRELLIS_NAME":["0-9","0-9","0-9","0-9","10-19","0-9","40-49","50-59","60-69","60-69","0-9","70-79","0-9","60-69","0-9","10-19","20-29","70-79","50-59","10-19","80-89","60-69","10-19","10-19","0-9","50-59","70-79","0-9","60-69","10-19","0-9","60-69","80-89","10-19","0-9","80-89","70-79","10-19","0-9","0-9","10-19","10-19","0-9","10-19","0-9","50-59","70-79","50-59","70-79","60-69","0-9","0-9","10-19","40-49","50-59","70-79","10-19","10-19","0-9","50-59","0-9","60-69","40-49","10-19","40-49","30-39","70-79","80-89","0-9","10-19","40-49","70-79","0-9","50-59","70-79","10-19","0-9","0-9","60-69","40-49","0-9","0-9","70-79","50-59","0-9","40-49","30-39","0-9","60-69","50-59","0-9","0-9","0-9","40-49"],"SERIES_NAME":["MALE","MALE","MALE","FEMALE","MALE","MALE","FEMALE","FEMALE","FEMALE","MALE","FEMALE","FEMALE","MALE","FEMALE","FEMALE","MALE","FEMALE","FEMALE","FEMALE","FEMALE","FEMALE","FEMALE","MALE","FEMALE","FEMALE","FEMALE","FEMALE","MALE","MALE","MALE","FEMALE","FEMALE","MALE","FEMALE","MALE","FEMALE","MALE","FEMALE","FEMALE","MALE","MALE","FEMALE","MALE","MALE","FEMALE","FEMALE","MALE","MALE","MALE","FEMALE","FEMALE","MALE","FEMALE","FEMALE","FEMALE","FEMALE","MALE","MALE","FEMALE","MALE","MALE","FEMALE","FEMALE","FEMALE","MALE","MALE","MALE","FEMALE","MALE","MALE","FEMALE","MALE","FEMALE","MALE","MALE","MALE","FEMALE","MALE","MALE","FEMALE","MALE","FEMALE","MALE","MALE","MALE","FEMALE","MALE","MALE","FEMALE","MALE","FEMALE","MALE","FEMALE","MALE"],"X_CALENDAR_YEAR":[1998,1999,2000,2000,2001,2001,2001,2001,2001,2001,2001,2001,2002,2002,2002,2002,2002,2002,2002,2002,2003,2003,2003,2003,2003,2003,2003,2003,2003,2004,2004,2004,2004,2004,2004,2004,2005,2005,2005,2005,2005,2006,2006,2006,2006,2006,2006,2007,2007,2007,2007,2007,2007,2007,2007,2007,2007,2008,2008,2008,2008,2008,2008,2008,2008,2008,2008,2008,2009,2009,2009,2009,2009,2010,2010,2010,2010,2010,2010,2010,2011,2011,2011,2011,2012,2012,2012,2013,2013,2013,2013,2014,2014,2015],"Y_PREVALENCE_1000PP":[0.09378,0.07976,0.10063,0.06983,0.04691,0.17312,0.04561,0.03988,0.03637,0.05583,0.07023,0.04165,0.10991,0.0318,0.09062,0.03167,0.02297,0.04343,0.03113,0.04656,0.06351,0.03922,0.02942,0.0432,0.10236,0.03662,0.04164,0.16546,0.02987,0.0302,0.06834,0.03943,0.10233,0.04289,0.09775,0.05061,0.05065,0.02447,0.0268,0.07929,0.03246,0.04249,0.06171,0.02061,0.06152,0.01879,0.03624,0.02015,0.05551,0.03454,0.04029,0.05433,0.03579,0.022,0.02071,0.02842,0.0192,0.02479,0.04214,0.0197,0.0432,0.01982,0.01656,0.03783,0.01351,0.0171,0.04813,0.04168,0.03643,0.02458,0.01404,0.04741,0.04772,0.02184,0.03655,0.02759,0.04044,0.0208,0.01924,0.01855,0.04303,0.02098,0.03072,0.01854,0.0198,0.02074,0.01477,0.03652,0.02125,0.01551,0.01768,0.02677,0.02181,0.01926]},"PREVALENCE_BY_MONTH":{"X_CALENDAR_MONTH":[199906,199907,199908,199911,199912,200001,200002,200003,200004,200005,200006,200007,200008,200009,200010,200011,200012,200101,200102,200103,200104,200105,200106,200107,200108,200109,200110,200111,200112,200201,200202,200203,200204,200205,200206,200207,200208,200209,200210,200211,200212,200301,200302,200303,200304,200305,200306,200307,200308,200309,200310,200311,200312,200401,200402,200403,200404,200405,200406,200407,200408,200409,200410,200411,200412,200501,200502,200503,200504,200505,200506,200507,200508,200509,200510,200511,200512,200601,200602,200603,200604,200605,200606,200607,200608,200609,200610,200611,200612,200701,200702,200703,200704,200705,200706,200707,200708,200709,200710,200711,200712,200801,200802,200803,200804,200805,200806,200807,200808,200809,200810,200811,200812,200901,200902,200903,200904,200905,200906,200907,200908,200909,200910,200911,200912,201001,201002,201003,201004,201005,201006,201007,201008,201009,201010,201011,201012,201101,201102,201103,201104,201105,201106,201107,201108,201109,201110,201111,201112,201201,201202,201203,201204,201205,201206,201207,201208,201209,201210,201211,201212,201301,201302,201303,201304,201305,201306,201307,201308,201309,201310,201311,201312,201401,201402,201403,201404,201405,201406,201407,201408,201409,201410,201411,201412,201501,201502,201503,201504,201505,201506,201507,201508,201509,201510,201511,201512,201601,201602,201603,201604,201605,201606,201607,201608,201609,201610,201611,201612,201701,201702,201703,201704,201705,201706,201707,201708,201709,201711,201712,201801,201802,201803,201805,201810,201811,201812],"Y_PREVALENCE_1000PP":[0.00381,0.00435,0.00429,0.0032,0.00396,0.00315,0.00539,0.00485,0.00348,0.00387,0.0038,0.00458,0.0037,0.00443,0.0056,0.00436,0.00781,0.00773,0.00398,0.00669,0.01078,0.0113,0.0094,0.00694,0.00549,0.00824,0.00466,0.00737,0.0079,0.00645,0.00639,0.00718,0.00921,0.00748,0.00607,0.00521,0.00656,0.00651,0.00672,0.0059,0.00698,0.00557,0.00819,0.00789,0.00655,0.00783,0.00961,0.00721,0.00513,0.00613,0.00458,0.0038,0.00581,0.00568,0.00444,0.00652,0.00595,0.00426,0.00728,0.00606,0.00442,0.00416,0.00553,0.0055,0.0055,0.00566,0.0043,0.0052,0.00609,0.0045,0.00471,0.00378,0.00577,0.00461,0.00373,0.00372,0.00438,0.00519,0.00412,0.00433,0.00452,0.00537,0.0047,0.00342,0.0049,0.00403,0.00422,0.00441,0.00399,0.00603,0.00539,0.00663,0.00598,0.0043,0.00426,0.00724,0.00442,0.00438,0.00453,0.00624,0.0041,0.00503,0.00543,0.00642,0.00523,0.00387,0.0048,0.00497,0.00383,0.00456,0.00493,0.00436,0.00416,0.00471,0.00415,0.00508,0.00473,0.00547,0.00396,0.00451,0.00414,0.00469,0.0049,0.00396,0.00437,0.00341,0.00513,0.00514,0.00456,0.004,0.00573,0.00477,0.00362,0.00456,0.0049,0.00431,0.00525,0.00392,0.00355,0.00575,0.00296,0.00369,0.00295,0.00239,0.00366,0.00328,0.00291,0.00456,0.00438,0.004,0.00291,0.00327,0.00345,0.00346,0.00382,0.00383,0.00327,0.0029,0.00418,0.00366,0.00368,0.00459,0.00442,0.00518,0.00389,0.00427,0.00353,0.00408,0.00316,0.00352,0.0043,0.00339,0.00326,0.00306,0.00382,0.00325,0.00345,0.00307,0.00329,0.00333,0.00296,0.00297,0.00263,0.00306,0.00311,0.00353,0.00355,0.00302,0.00216,0.00281,0.00225,0.0027,0.00135,0.00247,0.00233,0.00284,0.00172,0.00247,0.00224,0.00274,0.00225,0.00253,0.00309,0.00289,0.0024,0.00322,0.00299,0.00383,0.00329,0.00301,0.00252,0.00198,0.00314,0.00314,0.00175,0.00263,0.00235,0.00177,0.00302,0.00244,0.00216,0.00185,0.00247,0.00185,0.00195,0.00197,0.0023]},"DRUG_FREQUENCY_DISTRIBUTION":{"Y_NUM_PERSONS":[0,0,0,0,0,0,0,0,0,0,0,0,0,0,0,0,0,0,0,0,0,0,0,0,0,0,0,0,0,0,0,0,0,0,0,0,0,0,0,0,0,0,0,0,0,0,0,0,0,0,0,0],"X_COUNT":[1,2,3,4,5,6,7,8,9,10,11,12,13,14,15,16,17,18,19,21,22,23,24,25,26,27,28,29,32,34,36,37,40,41,42,44,45,46,47,48,49,52,54,55,56,59,67,68,69,70,75,80]},"QUANTITY_DISTRIBUTION":{"CATEGORY":"Quantity","MIN_VALUE":1,"P10_VALUE":500,"P25_VALUE":500,"MEDIAN_VALUE":500,"P75_VALUE":500,"P90_VALUE":1000,"MAX_VALUE":2000},"REFILLS_DISTRIBUTION":{"CATEGORY":"Refills","MIN_VALUE":0,"P10_VALUE":0,"P25_VALUE":1,"MEDIAN_VALUE":4,"P75_VALUE":6,"P90_VALUE":12,"MAX_VALUE":500}}
