{"AGE_AT_FIRST_EXPOSURE":{"CATEGORY":["MALE","FEMALE"],"MIN_VALUE":[0,1],"P10_VALUE":[4,6],"P25_VALUE":[23,29],"MEDIAN_VALUE":[54,57],"P75_VALUE":[68,72],"P90_VALUE":[78,81],"MAX_VALUE":[96,95]},"DAYS_SUPPLY_DISTRIBUTION":{"CATEGORY":[],"MIN_VALUE":[],"P10_VALUE":[],"P25_VALUE":[],"MEDIAN_VALUE":[],"P75_VALUE":[],"P90_VALUE":[],"MAX_VALUE":[]},"DRUGS_BY_TYPE":{"CONCEPT_NAME":"Prescription written","COUNT_VALUE":1759},"PREVALENCE_BY_GENDER_AGE_YEAR":{"TRELLIS_NAME":["0-9","0-9","50-59","0-9","60-69","80-89","50-59","70-79","60-69","70-79"],"SERIES_NAME":["FEMALE","MALE","FEMALE","FEMALE","FEMALE","FEMALE","FEMALE","FEMALE","MALE","FEMALE"],"X_CALENDAR_YEAR":[2002,2006,2009,2009,2012,2013,2013,2013,2013,2014],"Y_PREVALENCE_1000PP":[0.02862,0.02057,0.0172,0.01909,0.0183,0.04177,0.0158,0.02623,0.02189,0.02692]},"PREVALENCE_BY_MONTH":{"X_CALENDAR_MONTH":[200105,200404,200406,200407,200408,200409,200502,200505,200508,200509,200510,200512,200606,200607,200609,200610,200611,200701,200703,200704,200705,200707,200708,200710,200712,200801,200804,200805,200806,200807,200809,200810,200811,200812,200901,200902,200903,200904,200905,200906,200907,200908,200909,200910,200911,200912,201001,201002,201003,201004,201005,201006,201007,201009,201010,201012,201101,201102,201103,201104,201105,201106,201107,201108,201109,201110,201112,201201,201202,201203,201204,201205,201206,201208,201209,201210,201211,201212,201301,201302,201303,201304,201305,201307,201308,201309,201310,201311,201312,201401,201403,201404,201405,201406,201407,201408,201409,201410,201411,201412,201501,201502,201503,201504,201505,201506,201507,201508,201509,201510,201512,201601,201604,201605,201608,201609,201612,201704,201705,201706,201708,201710,201801,201804,201805,201807,201901],"Y_PREVALENCE_1000PP":[0.00205,0.00143,0.00164,0.00163,0.00209,0.00139,0.00136,0.00135,0.00133,0.00198,0.00176,0.00131,0.00171,0.0015,0.0017,0.00169,0.00189,0.00249,0.00186,0.00144,0.00164,0.00161,0.00161,0.00177,0.00156,0.00116,0.00116,0.00116,0.00211,0.00134,0.00171,0.0019,0.00152,0.00189,0.00151,0.00207,0.00245,0.00208,0.00302,0.0017,0.00132,0.00207,0.00169,0.00113,0.00132,0.00247,0.0017,0.00209,0.0019,0.00266,0.00172,0.00115,0.00153,0.00171,0.0017,0.00169,0.00224,0.00149,0.00185,0.0013,0.00148,0.00203,0.00128,0.00165,0.00127,0.00127,0.00128,0.00127,0.00164,0.00145,0.00218,0.00164,0.00145,0.00182,0.00199,0.00163,0.00274,0.0011,0.00184,0.00147,0.00204,0.00185,0.00149,0.00241,0.00186,0.00167,0.00243,0.00207,0.0023,0.00229,0.00172,0.0023,0.00134,0.00213,0.00215,0.00197,0.00178,0.00162,0.00163,0.00228,0.00145,0.00209,0.00173,0.00173,0.00151,0.0027,0.00135,0.00135,0.00225,0.00186,0.00148,0.00198,0.002,0.00177,0.00187,0.00161,0.00192,0.002,0.00171,0.00175,0.00294,0.00178,0.00185,0.00278,0.00247,0.00221,0.0023]},"DRUG_FREQUENCY_DISTRIBUTION":{"Y_NUM_PERSONS":[0,0,0,0,0,0,0,0,0,0,0,0,0,0,0,0,0,0,0,0,0,0,0,0,0,0,0],"X_COUNT":[1,2,3,4,5,6,7,8,9,10,11,13,14,15,16,19,21,25,28,29,30,32,33,36,44,54,57]},"QUANTITY_DISTRIBUTION":{"CATEGORY":"Quantity","MIN_VALUE":0,"P10_VALUE":4,"P25_VALUE":150,"MEDIAN_VALUE":200,"P75_VALUE":500,"P90_VALUE":1000,"MAX_VALUE":4000},"REFILLS_DISTRIBUTION":{"CATEGORY":"Refills","MIN_VALUE":0,"P10_VALUE":0,"P25_VALUE":1,"MEDIAN_VALUE":6,"P75_VALUE":12,"P90_VALUE":12,"MAX_VALUE":999}}
