{"AGE_AT_FIRST_EXPOSURE":{"CATEGORY":"FEMALE","MIN_VALUE":19,"P10_VALUE":47,"P25_VALUE":51,"MEDIAN_VALUE":55,"P75_VALUE":59,"P90_VALUE":64,"MAX_VALUE":93},"DAYS_SUPPLY_DISTRIBUTION":{"CATEGORY":"Days supply","MIN_VALUE":28,"P10_VALUE":60,"P25_VALUE":84,"MEDIAN_VALUE":84,"P75_VALUE":84,"P90_VALUE":84,"MAX_VALUE":168},"DRUGS_BY_TYPE":{"CONCEPT_NAME":"Prescription written","COUNT_VALUE":44609},"PREVALENCE_BY_GENDER_AGE_YEAR":{"TRELLIS_NAME":["70-79","60-69","40-49","50-59","40-49","50-59","80-89","70-79","60-69","80-89","60-69","50-59","70-79","40-49","30-39","60-69","70-79","40-49","50-59","30-39","50-59","70-79","30-39","60-69","40-49","40-49","50-59","70-79","60-69","50-59","30-39","80-89","60-69","40-49","70-79","80-89","70-79","60-69","30-39","50-59","40-49","50-59","70-79","60-69","80-89","40-49","30-39","30-39","80-89","70-79","40-49","50-59","60-69","80-89","70-79","30-39","40-49","60-69","50-59","70-79","40-49","50-59","80-89","60-69","30-39","60-69","70-79","40-49","50-59","60-69","50-59","30-39","40-49","80-89","70-79","40-49","50-59","70-79","80-89","30-39","60-69","60-69","40-49","50-59","30-39","70-79"],"SERIES_NAME":["FEMALE","FEMALE","FEMALE","FEMALE","FEMALE","FEMALE","FEMALE","FEMALE","FEMALE","FEMALE","FEMALE","FEMALE","FEMALE","FEMALE","FEMALE","FEMALE","FEMALE","FEMALE","FEMALE","FEMALE","FEMALE","FEMALE","FEMALE","FEMALE","FEMALE","FEMALE","FEMALE","FEMALE","FEMALE","FEMALE","FEMALE","FEMALE","FEMALE","FEMALE","FEMALE","FEMALE","FEMALE","FEMALE","FEMALE","FEMALE","FEMALE","FEMALE","FEMALE","FEMALE","FEMALE","FEMALE","FEMALE","FEMALE","FEMALE","FEMALE","FEMALE","FEMALE","FEMALE","FEMALE","FEMALE","FEMALE","FEMALE","FEMALE","FEMALE","FEMALE","FEMALE","FEMALE","FEMALE","FEMALE","FEMALE","FEMALE","FEMALE","FEMALE","FEMALE","FEMALE","FEMALE","FEMALE","FEMALE","FEMALE","FEMALE","FEMALE","FEMALE","FEMALE","FEMALE","FEMALE","FEMALE","FEMALE","FEMALE","FEMALE","FEMALE","FEMALE"],"X_CALENDAR_YEAR":[2004,2004,2004,2004,2005,2005,2005,2005,2005,2006,2006,2006,2006,2006,2006,2007,2007,2007,2007,2007,2008,2008,2008,2008,2008,2009,2009,2009,2009,2010,2010,2010,2010,2010,2010,2011,2011,2011,2011,2011,2011,2012,2012,2012,2012,2012,2012,2013,2013,2013,2013,2013,2013,2014,2014,2014,2014,2014,2014,2015,2015,2015,2015,2015,2015,2016,2016,2016,2016,2017,2017,2017,2017,2017,2017,2018,2018,2018,2018,2018,2018,2019,2019,2019,2019,2019],"Y_PREVALENCE_1000PP":[0.17028,0.67023,0.17274,1.00056,0.47946,2.8578,0.05666,0.38798,1.95896,0.04657,1.57087,2.30765,0.41367,0.33387,0.0185,0.73216,0.21314,0.19308,1.21315,0.02026,2.14101,0.23468,0.0151,1.08006,0.39747,0.47747,2.60826,0.301,1.31699,2.60152,0.01506,0.04857,1.42679,0.49155,0.38561,0.0687,0.45146,1.52401,0.03223,2.83311,0.49112,2.88822,0.45029,1.47898,0.09654,0.59464,0.04478,0.02726,0.10442,0.47207,0.53038,2.84377,1.58173,0.09513,0.53398,0.0289,0.55579,1.55835,2.90777,0.46371,0.48165,2.67956,0.11995,1.43922,0.02014,0.60794,0.266,0.21371,1.31443,0.89519,2.02078,0.03306,0.44699,0.12968,0.49156,0.30461,1.46005,0.36159,0.09743,0.041,0.64499,0.26796,0.04996,0.49099,0.03282,0.12276]},"PREVALENCE_BY_MONTH":{"X_CALENDAR_MONTH":[200406,200407,200408,200409,200410,200411,200412,200501,200502,200503,200504,200505,200506,200507,200508,200509,200510,200511,200512,200601,200602,200603,200604,200605,200606,200607,200608,200609,200610,200611,200612,200701,200702,200703,200704,200705,200706,200707,200708,200709,200710,200711,200712,200801,200802,200803,200804,200805,200806,200807,200808,200809,200810,200811,200812,200901,200902,200903,200904,200905,200906,200907,200908,200909,200910,200911,200912,201001,201002,201003,201004,201005,201006,201007,201008,201009,201010,201011,201012,201101,201102,201103,201104,201105,201106,201107,201108,201109,201110,201111,201112,201201,201202,201203,201204,201205,201206,201207,201208,201209,201210,201211,201212,201301,201302,201303,201304,201305,201306,201307,201308,201309,201310,201311,201312,201401,201402,201403,201404,201405,201406,201407,201408,201409,201410,201411,201412,201501,201502,201503,201504,201505,201506,201507,201508,201509,201510,201511,201512,201601,201602,201603,201604,201605,201606,201607,201608,201609,201610,201611,201612,201701,201702,201703,201704,201705,201706,201707,201708,201709,201710,201711,201712,201801,201802,201803,201804,201805,201806,201807,201808,201809,201810,201811,201812,201901,201902,201903],"Y_PREVALENCE_1000PP":[0.01385,0.02029,0.0186,0.02683,0.02648,0.03532,0.03737,0.04687,0.03843,0.04996,0.05618,0.05561,0.06386,0.06246,0.06409,0.06456,0.07965,0.07156,0.06435,0.07875,0.05988,0.05805,0.03704,0.03758,0.02584,0.01731,0.01641,0.01783,0.01625,0.01469,0.00881,0.01371,0.01182,0.01243,0.01485,0.01064,0.00953,0.01046,0.01748,0.01713,0.02617,0.03064,0.02518,0.03466,0.03203,0.03172,0.04613,0.03736,0.04533,0.04859,0.04247,0.05819,0.05634,0.04586,0.0494,0.05525,0.04563,0.05477,0.05349,0.05091,0.05744,0.06035,0.05652,0.06723,0.06102,0.06665,0.05915,0.05791,0.0562,0.06012,0.06714,0.05566,0.06341,0.07067,0.06734,0.06493,0.05994,0.06802,0.06565,0.06411,0.05452,0.07548,0.0607,0.07063,0.07861,0.06625,0.07197,0.07558,0.06471,0.07333,0.06656,0.06695,0.07002,0.07433,0.06071,0.07301,0.07092,0.07343,0.07772,0.06636,0.07809,0.07407,0.0657,0.08369,0.06962,0.06499,0.07309,0.07222,0.0652,0.07839,0.07647,0.07095,0.07912,0.07212,0.07411,0.0827,0.06984,0.07197,0.07068,0.07912,0.08235,0.08559,0.07579,0.07732,0.07927,0.06865,0.07756,0.07928,0.06686,0.07509,0.07111,0.07242,0.07429,0.07532,0.06158,0.06499,0.04585,0.04471,0.03271,0.01979,0.01617,0.01769,0.02524,0.02428,0.02727,0.02599,0.03286,0.03217,0.03068,0.03449,0.01944,0.0419,0.04481,0.04905,0.04704,0.05049,0.04139,0.04914,0.04268,0.04577,0.05625,0.05156,0.04263,0.04937,0.03554,0.03738,0.03118,0.02838,0.03378,0.02743,0.02704,0.02396,0.02409,0.02135,0.01447,0.02658,0.01949,0.02675]},"DRUG_FREQUENCY_DISTRIBUTION":{"Y_NUM_PERSONS":[0,0,0,0,0,0,0,0,0,0,0,0,0,0,0,0,0,0,0,0,0,0,0,0,0,0,0,0,0,0,0,0,0,0,0,0,0,0,0,0,0,0,0,0,0,0,0],"X_COUNT":[1,2,3,4,5,6,7,8,9,10,11,12,13,14,15,16,17,18,19,20,21,22,23,24,25,26,27,28,29,30,31,32,33,34,35,36,37,38,39,40,41,43,45,46,47,48,50]},"QUANTITY_DISTRIBUTION":{"CATEGORY":"Quantity","MIN_VALUE":0,"P10_VALUE":84,"P25_VALUE":84,"MEDIAN_VALUE":84,"P75_VALUE":84,"P90_VALUE":168,"MAX_VALUE":8168},"REFILLS_DISTRIBUTION":{"CATEGORY":"Refills","MIN_VALUE":0,"P10_VALUE":0,"P25_VALUE":0,"MEDIAN_VALUE":0,"P75_VALUE":3,"P90_VALUE":5,"MAX_VALUE":9999}}
