{"AGE_AT_FIRST_EXPOSURE":{"CATEGORY":["MALE","FEMALE"],"MIN_VALUE":[14,13],"P10_VALUE":[38,45],"P25_VALUE":[54,57],"MEDIAN_VALUE":[66,68],"P75_VALUE":[76,78],"P90_VALUE":[83,85],"MAX_VALUE":[91,98]},"DAYS_SUPPLY_DISTRIBUTION":{"CATEGORY":"Days supply","MIN_VALUE":28,"P10_VALUE":28,"P25_VALUE":30,"MEDIAN_VALUE":50,"P75_VALUE":56,"P90_VALUE":56,"MAX_VALUE":56},"DRUGS_BY_TYPE":{"CONCEPT_NAME":"Prescription written","COUNT_VALUE":2091},"PREVALENCE_BY_GENDER_AGE_YEAR":{"TRELLIS_NAME":["50-59","70-79","80-89","60-69","60-69","60-69","60-69","80-89","50-59","70-79","60-69","40-49","50-59","60-69","80-89","70-79","60-69","80-89","70-79","70-79","50-59","60-69","50-59","60-69","70-79","80-89","60-69","60-69","70-79","60-69","80-89","80-89","50-59","60-69","70-79"],"SERIES_NAME":["FEMALE","FEMALE","FEMALE","MALE","FEMALE","FEMALE","MALE","FEMALE","FEMALE","FEMALE","MALE","FEMALE","FEMALE","FEMALE","FEMALE","FEMALE","FEMALE","FEMALE","MALE","FEMALE","FEMALE","MALE","FEMALE","MALE","FEMALE","FEMALE","FEMALE","MALE","FEMALE","FEMALE","FEMALE","FEMALE","FEMALE","FEMALE","FEMALE"],"X_CALENDAR_YEAR":[1998,1998,1998,1998,1998,1999,1999,1999,1999,1999,2000,2000,2000,2000,2000,2000,2001,2001,2001,2001,2001,2001,2002,2002,2002,2002,2002,2003,2003,2003,2003,2004,2004,2004,2004],"Y_PREVALENCE_1000PP":[0.08776,0.0923,0.16012,0.10289,0.15507,0.13778,0.06091,0.1887,0.05951,0.15145,0.04756,0.03222,0.04594,0.08495,0.18479,0.13863,0.09094,0.16526,0.06948,0.1527,0.04431,0.06204,0.03891,0.05394,0.09927,0.11575,0.03711,0.03485,0.07139,0.03431,0.15423,0.13497,0.02366,0.05257,0.07141]},"PREVALENCE_BY_MONTH":{"X_CALENDAR_MONTH":[199602,199603,199608,199610,199611,199612,199702,199703,199704,199705,199706,199707,199708,199710,199712,199802,199803,199804,199805,199806,199807,199808,199809,199810,199811,199812,199901,199902,199903,199904,199905,199906,199907,199908,199909,199910,199911,199912,200001,200002,200003,200004,200005,200006,200007,200008,200009,200010,200011,200012,200101,200102,200103,200104,200105,200106,200107,200108,200109,200110,200111,200112,200201,200202,200203,200204,200205,200206,200207,200208,200209,200210,200211,200212,200301,200302,200303,200304,200305,200306,200307,200308,200309,200310,200311,200312,200401,200402,200403,200404,200405,200406,200407,200408,200409,200410,200411,200412,200501],"Y_PREVALENCE_1000PP":[0.0291,0.02472,0.01324,0.01625,0.01186,0.01017,0.00759,0.00874,0.01197,0.01056,0.00983,0.00634,0.00625,0.01013,0.0058,0.00752,0.00579,0.01055,0.00892,0.00891,0.0135,0.01166,0.01447,0.00819,0.01103,0.01241,0.01241,0.0074,0.00929,0.00843,0.00893,0.0108,0.01119,0.0098,0.01108,0.00732,0.01013,0.00841,0.00855,0.00539,0.01057,0.00565,0.01075,0.00971,0.00708,0.0107,0.00806,0.0076,0.0095,0.00859,0.01031,0.00869,0.01127,0.00765,0.01164,0.00973,0.01124,0.00969,0.00729,0.00714,0.00982,0.00729,0.00763,0.0061,0.00661,0.00837,0.00915,0.008,0.00521,0.00738,0.00733,0.00726,0.00643,0.00725,0.00557,0.00555,0.00657,0.00629,0.00574,0.00623,0.00772,0.00488,0.00562,0.00738,0.00608,0.00783,0.00741,0.00887,0.00701,0.00619,0.00378,0.00516,0.0049,0.00511,0.00463,0.00253,0.00344,0.00344,0.00249]},"DRUG_FREQUENCY_DISTRIBUTION":{"Y_NUM_PERSONS":[0,0,0,0,0,0,0,0,0,0,0,0,0,0,0,0,0,0,0,0,0,0,0,0,0,0,0,0,0,0,0,0,0,0,0],"X_COUNT":[1,2,3,4,5,6,7,8,9,10,11,12,13,14,15,16,17,18,19,20,21,22,23,24,25,27,29,31,33,34,35,36,38,39,40]},"QUANTITY_DISTRIBUTION":{"CATEGORY":"Quantity","MIN_VALUE":0,"P10_VALUE":56,"P25_VALUE":100,"MEDIAN_VALUE":112,"P75_VALUE":180,"P90_VALUE":224,"MAX_VALUE":540},"REFILLS_DISTRIBUTION":{"CATEGORY":"Refills","MIN_VALUE":0,"P10_VALUE":0,"P25_VALUE":4,"MEDIAN_VALUE":6,"P75_VALUE":6,"P90_VALUE":12,"MAX_VALUE":100}}
