{"AGE_AT_FIRST_EXPOSURE":{"CATEGORY":"FEMALE","MIN_VALUE":11,"P10_VALUE":22,"P25_VALUE":28,"MEDIAN_VALUE":35,"P75_VALUE":45,"P90_VALUE":58,"MAX_VALUE":97},"DAYS_SUPPLY_DISTRIBUTION":{"CATEGORY":"Days supply","MIN_VALUE":1,"P10_VALUE":3,"P25_VALUE":3,"MEDIAN_VALUE":3,"P75_VALUE":3,"P90_VALUE":3,"MAX_VALUE":3},"DRUGS_BY_TYPE":{"CONCEPT_NAME":"Prescription written","COUNT_VALUE":4268},"PREVALENCE_BY_GENDER_AGE_YEAR":{"TRELLIS_NAME":["30-39","40-49","20-29","30-39","40-49","20-29","60-69","30-39","40-49","10-19","50-59","20-29","30-39","40-49","50-59","60-69","10-19","20-29","60-69","10-19","30-39","40-49","50-59","20-29","20-29","50-59","70-79","10-19","60-69","40-49","30-39","60-69","10-19","30-39","50-59","40-49","20-29","70-79","40-49","30-39","70-79","60-69","10-19","20-29","50-59","20-29","70-79","30-39","10-19","40-49","60-69","50-59","60-69","70-79","50-59","30-39","20-29","40-49","10-19","80-89","10-19","60-69","50-59","30-39","70-79","40-49","20-29","40-49","10-19","20-29","60-69","50-59","30-39","20-29","50-59","60-69","30-39","40-49"],"SERIES_NAME":["FEMALE","FEMALE","FEMALE","FEMALE","FEMALE","FEMALE","FEMALE","FEMALE","FEMALE","FEMALE","FEMALE","FEMALE","FEMALE","FEMALE","FEMALE","FEMALE","FEMALE","FEMALE","FEMALE","FEMALE","FEMALE","FEMALE","FEMALE","FEMALE","FEMALE","FEMALE","FEMALE","FEMALE","FEMALE","FEMALE","FEMALE","FEMALE","FEMALE","FEMALE","FEMALE","FEMALE","FEMALE","FEMALE","FEMALE","FEMALE","FEMALE","FEMALE","FEMALE","FEMALE","FEMALE","FEMALE","FEMALE","FEMALE","FEMALE","FEMALE","FEMALE","FEMALE","FEMALE","FEMALE","FEMALE","FEMALE","FEMALE","FEMALE","FEMALE","FEMALE","FEMALE","FEMALE","FEMALE","FEMALE","FEMALE","FEMALE","FEMALE","FEMALE","FEMALE","FEMALE","FEMALE","FEMALE","FEMALE","FEMALE","FEMALE","FEMALE","FEMALE","FEMALE"],"X_CALENDAR_YEAR":[1996,1996,1996,1997,1997,1997,1998,1998,1998,1998,1998,1998,1999,1999,1999,1999,1999,1999,2000,2000,2000,2000,2000,2000,2001,2001,2001,2001,2001,2001,2001,2002,2002,2002,2002,2002,2002,2002,2003,2003,2003,2003,2003,2003,2003,2004,2004,2004,2004,2004,2004,2004,2005,2005,2005,2005,2005,2005,2005,2006,2006,2006,2006,2006,2006,2006,2006,2007,2007,2007,2007,2007,2007,2008,2008,2008,2008,2008],"Y_PREVALENCE_1000PP":[0.36831,0.13462,0.30897,0.27612,0.19585,0.27117,0.14097,0.4065,0.16017,0.10556,0.15358,0.32272,0.43215,0.23318,0.17109,0.13778,0.15317,0.44329,0.10811,0.11847,0.52373,0.27383,0.22971,0.45355,0.36693,0.16837,0.06247,0.13766,0.16368,0.31511,0.45715,0.12722,0.09829,0.3815,0.12841,0.30239,0.43265,0.09927,0.3099,0.44412,0.08328,0.09314,0.0768,0.4063,0.17579,0.35319,0.06042,0.37393,0.10294,0.24422,0.14894,0.14873,0.1042,0.05846,0.13578,0.38694,0.31281,0.286,0.14685,0.04657,0.06567,0.09673,0.11585,0.33568,0.05107,0.25702,0.30085,0.13443,0.06084,0.13466,0.06216,0.07989,0.25576,0.06701,0.03756,0.02312,0.08809,0.07807]},"PREVALENCE_BY_MONTH":{"X_CALENDAR_MONTH":[199607,199608,199610,199701,199703,199704,199708,199709,199710,199711,199712,199801,199802,199803,199804,199805,199806,199807,199808,199809,199810,199811,199812,199901,199902,199903,199904,199905,199906,199907,199908,199909,199910,199911,199912,200001,200002,200003,200004,200005,200006,200007,200008,200009,200010,200011,200012,200101,200102,200103,200104,200105,200106,200107,200108,200109,200110,200111,200112,200201,200202,200203,200204,200205,200206,200207,200208,200209,200210,200211,200212,200301,200302,200303,200304,200305,200306,200307,200308,200309,200310,200311,200312,200401,200402,200403,200404,200405,200406,200407,200408,200409,200410,200411,200412,200501,200502,200503,200504,200505,200506,200507,200508,200509,200510,200511,200512,200601,200602,200603,200604,200605,200606,200607,200608,200609,200610,200611,200612,200701,200702,200703,200704,200705,200706,200707,200708,200709,200710,200711,200712,200801,200802,200803,200804,200805],"Y_PREVALENCE_1000PP":[0.01669,0.01513,0.01445,0.00807,0.00749,0.00718,0.01145,0.01225,0.00709,0.00785,0.01064,0.01011,0.00919,0.00827,0.01055,0.00649,0.00648,0.01271,0.01089,0.01142,0.00819,0.01471,0.00584,0.01379,0.00941,0.01527,0.01685,0.01212,0.01652,0.00746,0.01654,0.01807,0.01295,0.008,0.01385,0.01215,0.00763,0.01322,0.01478,0.01247,0.0173,0.01291,0.00782,0.01329,0.0116,0.01584,0.01445,0.01289,0.01267,0.01233,0.01078,0.01472,0.00872,0.01025,0.0139,0.01268,0.01211,0.01228,0.01033,0.01203,0.01075,0.0089,0.01144,0.01081,0.01214,0.01179,0.00847,0.00896,0.01318,0.00885,0.00832,0.01115,0.01426,0.01209,0.01075,0.01149,0.01117,0.00875,0.01078,0.01124,0.01095,0.00938,0.01035,0.00766,0.00715,0.00966,0.0119,0.00828,0.0115,0.00886,0.01093,0.0118,0.00921,0.0078,0.0094,0.01019,0.00995,0.00633,0.01151,0.01103,0.00986,0.01067,0.00843,0.00922,0.00965,0.00853,0.00919,0.00952,0.01041,0.00801,0.00646,0.00923,0.00662,0.00962,0.00916,0.00913,0.00718,0.00735,0.00755,0.00499,0.0058,0.00518,0.00412,0.00553,0.00345,0.00563,0.00482,0.00618,0.0061,0.0041,0.00605,0.00736,0.00563,0.0037,0.00543,0.00271]},"DRUG_FREQUENCY_DISTRIBUTION":{"Y_NUM_PERSONS":[0,0,0,0,0,0,0,0,0,0],"X_COUNT":[1,2,3,4,5,6,7,8,9,11]},"QUANTITY_DISTRIBUTION":{"CATEGORY":"Quantity","MIN_VALUE":1,"P10_VALUE":1,"P25_VALUE":1,"MEDIAN_VALUE":1,"P75_VALUE":1,"P90_VALUE":1,"MAX_VALUE":30},"REFILLS_DISTRIBUTION":{"CATEGORY":"Refills","MIN_VALUE":0,"P10_VALUE":0,"P25_VALUE":0,"MEDIAN_VALUE":0,"P75_VALUE":0,"P90_VALUE":0,"MAX_VALUE":12}}
