{"AGE_AT_FIRST_EXPOSURE":{"CATEGORY":["FEMALE","MALE"],"MIN_VALUE":[6,5],"P10_VALUE":[24,20],"P25_VALUE":[37,35],"MEDIAN_VALUE":[54,55],"P75_VALUE":[69,69],"P90_VALUE":[77,77],"MAX_VALUE":[96,93]},"DAYS_SUPPLY_DISTRIBUTION":{"CATEGORY":"Days supply","MIN_VALUE":28,"P10_VALUE":28,"P25_VALUE":28,"MEDIAN_VALUE":30,"P75_VALUE":30,"P90_VALUE":30,"MAX_VALUE":56},"DRUGS_BY_TYPE":{"CONCEPT_NAME":"Prescription written","COUNT_VALUE":18031},"PREVALENCE_BY_GENDER_AGE_YEAR":{"TRELLIS_NAME":["70-79","50-59","60-69","40-49","80-89","30-39","80-89","30-39","40-49","70-79","20-29","50-59","60-69","10-19","20-29","10-19","70-79","40-49","60-69","50-59","30-39","30-39","50-59","20-29","10-19","20-29","40-49","70-79","80-89","80-89","60-69","0-9","10-19","60-69","30-39","0-9","20-29","80-89","20-29","50-59","50-59","60-69","30-39","70-79","40-49","70-79","0-9","10-19","80-89","40-49","10-19","50-59","10-19","50-59","20-29","80-89","70-79","40-49","0-9","10-19","30-39","0-9","40-49","80-89","20-29","60-69","90-99","30-39","70-79","60-69","60-69","60-69","20-29","40-49","20-29","40-49","80-89","30-39","10-19","10-19","90-99","70-79","30-39","70-79","80-89","50-59","50-59","60-69","30-39"],"SERIES_NAME":["FEMALE","MALE","MALE","MALE","FEMALE","FEMALE","MALE","MALE","FEMALE","MALE","FEMALE","FEMALE","FEMALE","FEMALE","MALE","MALE","FEMALE","FEMALE","FEMALE","FEMALE","FEMALE","MALE","MALE","MALE","MALE","FEMALE","MALE","MALE","FEMALE","MALE","MALE","MALE","FEMALE","FEMALE","FEMALE","MALE","FEMALE","MALE","MALE","MALE","FEMALE","MALE","MALE","MALE","FEMALE","FEMALE","FEMALE","FEMALE","FEMALE","MALE","MALE","MALE","FEMALE","FEMALE","FEMALE","MALE","FEMALE","MALE","FEMALE","MALE","FEMALE","MALE","FEMALE","FEMALE","MALE","MALE","FEMALE","MALE","MALE","FEMALE","MALE","FEMALE","MALE","FEMALE","FEMALE","MALE","MALE","FEMALE","MALE","FEMALE","FEMALE","FEMALE","MALE","MALE","FEMALE","FEMALE","MALE","MALE","FEMALE"],"X_CALENDAR_YEAR":[1997,1997,1997,1997,1997,1997,1997,1997,1997,1997,1997,1997,1997,1997,1997,1997,1998,1998,1998,1998,1998,1998,1998,1998,1998,1998,1998,1998,1998,1998,1998,1998,1998,1999,1999,1999,1999,1999,1999,1999,1999,1999,1999,1999,1999,1999,1999,1999,1999,1999,1999,2000,2000,2000,2000,2000,2000,2000,2000,2000,2000,2000,2000,2000,2000,2000,2000,2000,2000,2000,2001,2001,2001,2001,2001,2001,2001,2001,2001,2001,2001,2001,2001,2001,2001,2001,2001,2002,2002],"Y_PREVALENCE_1000PP":[0.85474,0.44524,0.86109,0.18851,0.41495,0.27612,1.14232,0.25155,0.37864,0.7419,0.28408,0.69444,0.68894,0.33165,0.17768,0.28842,1.4614,0.72078,1.18417,1.04212,0.62219,0.48471,0.78096,0.41674,0.56662,0.47919,0.47167,1.47593,0.88068,1.33827,1.08766,0.08206,0.51272,1.68291,0.6791,0.10369,0.5524,1.51625,0.57959,0.83753,1.1158,1.22845,0.50196,1.45839,0.89843,1.56857,0.14285,0.51056,1.28314,0.4995,0.54881,0.89361,0.46597,1.07963,0.60474,1.84541,1.86286,0.52153,0.04888,0.4574,0.66016,0.05031,0.92888,1.26509,0.45096,1.37125,0.76637,0.52058,1.80601,1.93062,0.63279,0.86692,0.158,0.30267,0.18562,0.18571,0.96098,0.2355,0.16677,0.11372,0.40844,0.73573,0.14539,0.85117,0.5729,0.46525,0.30163,0.03775,0.02154]},"PREVALENCE_BY_MONTH":{"X_CALENDAR_MONTH":[199601,199602,199604,199606,199607,199608,199609,199610,199611,199612,199701,199702,199703,199704,199705,199709,199710,199711,199712,199801,199802,199803,199804,199805,199806,199807,199808,199809,199810,199811,199812,199901,199902,199903,199904,199905,199906,199907,199908,199909,199910,199911,199912,200001,200002,200003,200004,200005,200006,200007,200008,200009,200010,200011,200012,200101,200102,200103,200104,200105,200106,200107,200108,200109,200110,200111,200112,200201,200204,200208],"Y_PREVALENCE_1000PP":[0.04222,0.04157,0.02883,0.02786,0.01878,0.01702,0.01477,0.01264,0.01525,0.01187,0.01884,0.01138,0.01498,0.01556,0.00704,0.03572,0.17329,0.16002,0.18859,0.19712,0.1629,0.20919,0.1842,0.20115,0.21697,0.20014,0.17186,0.2003,0.20858,0.20815,0.21017,0.20201,0.18225,0.24693,0.23202,0.2239,0.26567,0.25867,0.21998,0.24488,0.24097,0.25378,0.2761,0.23308,0.22174,0.24453,0.2274,0.25119,0.25155,0.25441,0.25111,0.23526,0.25279,0.23443,0.23362,0.22311,0.1195,0.0775,0.04557,0.03526,0.02181,0.01025,0.00614,0.00666,0.00559,0.00491,0.00243,0.00264,0.00195,0.00164]},"DRUG_FREQUENCY_DISTRIBUTION":{"Y_NUM_PERSONS":[0,0,0,0,0,0,0,0,0,0,0,0,0,0,0,0,0,0,0,0,0,0,0,0,0,0,0,0,0,0,0,0,0,0,0,0,0,0],"X_COUNT":[1,2,3,4,5,6,7,8,9,10,11,12,13,14,15,16,17,18,19,20,21,22,23,24,25,26,27,28,29,30,31,32,33,34,36,37,40,41]},"QUANTITY_DISTRIBUTION":{"CATEGORY":"Quantity","MIN_VALUE":0,"P10_VALUE":1,"P25_VALUE":1,"MEDIAN_VALUE":1,"P75_VALUE":1,"P90_VALUE":2,"MAX_VALUE":200},"REFILLS_DISTRIBUTION":{"CATEGORY":"Refills","MIN_VALUE":0,"P10_VALUE":0,"P25_VALUE":5,"MEDIAN_VALUE":6,"P75_VALUE":6,"P90_VALUE":12,"MAX_VALUE":245}}
