{"AGE_AT_FIRST_EXPOSURE":{"CATEGORY":["FEMALE","MALE"],"MIN_VALUE":[12,4],"P10_VALUE":[23,24],"P25_VALUE":[28,32],"MEDIAN_VALUE":[37,45],"P75_VALUE":[51,55],"P90_VALUE":[61,63],"MAX_VALUE":[78,73]},"DAYS_SUPPLY_DISTRIBUTION":{"CATEGORY":"Days supply","MIN_VALUE":56,"P10_VALUE":56,"P25_VALUE":56,"MEDIAN_VALUE":56,"P75_VALUE":56,"P90_VALUE":56,"MAX_VALUE":56},"DRUGS_BY_TYPE":{"CONCEPT_NAME":"Prescription written","COUNT_VALUE":3961},"PREVALENCE_BY_GENDER_AGE_YEAR":{"TRELLIS_NAME":["40-49","50-59","60-69","30-39","20-29","30-39","40-49","60-69","20-29","50-59","10-19","30-39","60-69","50-59","40-49","70-79","70-79","40-49","50-59","10-19","30-39","20-29","20-29","60-69","70-79","20-29","60-69","40-49","50-59","50-59","10-19","60-69","20-29","30-39","40-49","30-39","70-79"],"SERIES_NAME":["FEMALE","FEMALE","FEMALE","FEMALE","MALE","MALE","MALE","MALE","FEMALE","MALE","FEMALE","MALE","FEMALE","MALE","FEMALE","MALE","FEMALE","MALE","FEMALE","MALE","FEMALE","FEMALE","MALE","MALE","FEMALE","MALE","FEMALE","MALE","MALE","FEMALE","MALE","MALE","FEMALE","FEMALE","FEMALE","MALE","MALE"],"X_CALENDAR_YEAR":[2017,2017,2017,2017,2017,2017,2017,2017,2017,2017,2018,2018,2018,2018,2018,2018,2018,2018,2018,2018,2018,2018,2018,2018,2019,2019,2019,2019,2019,2019,2019,2019,2019,2019,2019,2019,2019],"Y_PREVALENCE_1000PP":[0.03921,0.04533,0.03351,0.08081,0.03242,0.05908,0.05291,0.02947,0.06617,0.07444,0.0481,0.1847,0.10298,0.25408,0.16126,0.06075,0.0614,0.22348,0.19524,0.05684,0.31978,0.28156,0.1385,0.18775,0.1011,0.18663,0.10485,0.24569,0.29986,0.20649,0.05674,0.21386,0.28347,0.31415,0.19985,0.2296,0.06402]},"PREVALENCE_BY_MONTH":{"X_CALENDAR_MONTH":[201705,201706,201707,201708,201709,201710,201711,201712,201801,201802,201803,201804,201805,201806,201807,201808,201809,201810,201811,201812,201901,201902,201903],"Y_PREVALENCE_1000PP":[0.00314,0.00612,0.00731,0.01089,0.01476,0.01836,0.02412,0.02253,0.03456,0.03183,0.04633,0.04568,0.04874,0.05052,0.0618,0.06681,0.05782,0.07814,0.07621,0.08913,0.10302,0.10438,0.10667]},"DRUG_FREQUENCY_DISTRIBUTION":{"Y_NUM_PERSONS":[0,0,0,0,0,0,0,0,0,0,0,0,0,0,0,0,0,0,0,0,0,0,0,0],"X_COUNT":[1,2,3,4,5,6,7,8,9,10,11,12,13,14,15,16,17,18,19,20,21,22,23,24]},"QUANTITY_DISTRIBUTION":{"CATEGORY":"Quantity","MIN_VALUE":1,"P10_VALUE":5,"P25_VALUE":5,"MEDIAN_VALUE":5,"P75_VALUE":5,"P90_VALUE":10,"MAX_VALUE":30},"REFILLS_DISTRIBUTION":{"CATEGORY":"Refills","MIN_VALUE":0,"P10_VALUE":3,"P25_VALUE":3,"MEDIAN_VALUE":6,"P75_VALUE":9,"P90_VALUE":12,"MAX_VALUE":999}}
