{"AGE_AT_FIRST_EXPOSURE":{"CATEGORY":["FEMALE","MALE"],"MIN_VALUE":[4,3],"P10_VALUE":[42,23],"P25_VALUE":[65,68],"MEDIAN_VALUE":[81,78],"P75_VALUE":[89,84],"P90_VALUE":[93,89],"MAX_VALUE":[100,100]},"DAYS_SUPPLY_DISTRIBUTION":{"CATEGORY":[],"MIN_VALUE":[],"P10_VALUE":[],"P25_VALUE":[],"MEDIAN_VALUE":[],"P75_VALUE":[],"P90_VALUE":[],"MAX_VALUE":[]},"DRUGS_BY_TYPE":{"CONCEPT_NAME":"Prescription written","COUNT_VALUE":376},"PREVALENCE_BY_GENDER_AGE_YEAR":{"TRELLIS_NAME":["80-89","70-79","90-99","80-89","70-79","90-99","70-79","80-89"],"SERIES_NAME":["FEMALE","MALE","FEMALE","MALE","FEMALE","FEMALE","FEMALE","FEMALE"],"X_CALENDAR_YEAR":[2018,2018,2018,2018,2018,2019,2019,2019],"Y_PREVALENCE_1000PP":[0.30447,0.1063,0.59855,0.28575,0.07505,0.43282,0.05777,0.13298]},"PREVALENCE_BY_MONTH":{"X_CALENDAR_MONTH":[201712,201801,201802,201803,201804,201805,201806,201807,201808,201809,201810,201811,201812,201901,201902,201903],"Y_PREVALENCE_1000PP":[0.00274,0.00339,0.0034,0.00432,0.0034,0.00308,0.00434,0.00568,0.00636,0.00607,0.01009,0.00985,0.01052,0.00755,0.00859,0.0109]},"DRUG_FREQUENCY_DISTRIBUTION":{"Y_NUM_PERSONS":[0,0,0,0,0,0,0,0,0],"X_COUNT":[1,2,3,4,5,6,7,8,11]},"QUANTITY_DISTRIBUTION":{"CATEGORY":"Quantity","MIN_VALUE":1,"P10_VALUE":20,"P25_VALUE":60,"MEDIAN_VALUE":150,"P75_VALUE":150,"P90_VALUE":150,"MAX_VALUE":450},"REFILLS_DISTRIBUTION":{"CATEGORY":"Refills","MIN_VALUE":0,"P10_VALUE":0,"P25_VALUE":0,"MEDIAN_VALUE":3,"P75_VALUE":6,"P90_VALUE":12,"MAX_VALUE":16}}
