{"AGE_AT_FIRST_EXPOSURE":{"CATEGORY":["MALE","FEMALE"],"MIN_VALUE":[29,24],"P10_VALUE":[43,36],"P25_VALUE":[53,44],"MEDIAN_VALUE":[64,61],"P75_VALUE":[71,77],"P90_VALUE":[76,86],"MAX_VALUE":[93,91]},"DAYS_SUPPLY_DISTRIBUTION":{"CATEGORY":"Days supply","MIN_VALUE":28,"P10_VALUE":30,"P25_VALUE":30,"MEDIAN_VALUE":30,"P75_VALUE":33,"P90_VALUE":33,"MAX_VALUE":33},"DRUGS_BY_TYPE":{"CONCEPT_NAME":"Prescription written","COUNT_VALUE":1019},"PREVALENCE_BY_GENDER_AGE_YEAR":{"TRELLIS_NAME":["70-79","50-59","80-89","70-79","50-59","80-89","30-39","70-79","60-69","80-89","60-69","70-79","80-89"],"SERIES_NAME":["FEMALE","FEMALE","FEMALE","FEMALE","FEMALE","FEMALE","FEMALE","FEMALE","FEMALE","FEMALE","FEMALE","FEMALE","FEMALE"],"X_CALENDAR_YEAR":[1997,1997,1997,1998,1998,1998,1998,1999,1999,1999,2000,2000,2000],"Y_PREVALENCE_1000PP":[0.12211,0.08865,0.20748,0.13845,0.06582,0.24019,0.04978,0.09736,0.06889,0.13209,0.04633,0.06065,0.11372]},"PREVALENCE_BY_MONTH":{"X_CALENDAR_MONTH":[199606,199607,199608,199609,199610,199611,199612,199701,199703,199704,199705,199706,199707,199708,199709,199710,199711,199712,199801,199802,199803,199804,199805,199806,199807,199808,199809,199810,199811,199812,199901,199902,199903,199904,199905,199906,199907,199908,199909,199910,199911,199912,200001,200002,200003,200004,200005,200006,200007,200008,200009,200010,200011,200101],"Y_PREVALENCE_1000PP":[0.01625,0.01252,0.01513,0.01662,0.01986,0.01186,0.01356,0.00942,0.01373,0.01317,0.01173,0.01202,0.01267,0.01145,0.01123,0.0152,0.00982,0.01064,0.01179,0.01002,0.01571,0.01623,0.01541,0.01781,0.01906,0.01244,0.02285,0.0149,0.01618,0.01678,0.0131,0.0121,0.01593,0.01167,0.0134,0.01335,0.01306,0.0098,0.01108,0.0107,0.01013,0.0099,0.0099,0.00987,0.00881,0.00913,0.0086,0.00886,0.00833,0.00782,0.00765,0.008,0.00396,0.00221]},"DRUG_FREQUENCY_DISTRIBUTION":{"Y_NUM_PERSONS":[0,0,0,0,0,0,0,0,0,0,0,0,0,0,0,0,0,0,0,0,0,0,0,0,0,0,0],"X_COUNT":[1,2,3,4,5,6,7,8,10,11,12,13,14,15,16,18,19,20,21,22,26,28,31,33,34,35,36]},"QUANTITY_DISTRIBUTION":{"CATEGORY":"Quantity","MIN_VALUE":1,"P10_VALUE":28,"P25_VALUE":30,"MEDIAN_VALUE":56,"P75_VALUE":84,"P90_VALUE":100,"MAX_VALUE":252},"REFILLS_DISTRIBUTION":{"CATEGORY":"Refills","MIN_VALUE":0,"P10_VALUE":0,"P25_VALUE":6,"MEDIAN_VALUE":6,"P75_VALUE":12,"P90_VALUE":12,"MAX_VALUE":30}}
