{"AGE_AT_FIRST_EXPOSURE":{"CATEGORY":["FEMALE","MALE"],"MIN_VALUE":[17,28],"P10_VALUE":[35,39],"P25_VALUE":[46,49],"MEDIAN_VALUE":[57,63],"P75_VALUE":[70,71],"P90_VALUE":[79,78],"MAX_VALUE":[89,91]},"DAYS_SUPPLY_DISTRIBUTION":{"CATEGORY":"Days supply","MIN_VALUE":15,"P10_VALUE":28,"P25_VALUE":28,"MEDIAN_VALUE":30,"P75_VALUE":30,"P90_VALUE":56,"MAX_VALUE":84},"DRUGS_BY_TYPE":{"CONCEPT_NAME":"Prescription written","COUNT_VALUE":4109},"PREVALENCE_BY_GENDER_AGE_YEAR":{"TRELLIS_NAME":["70-79","60-69","40-49","60-69","60-69","40-49","70-79","60-69","70-79","80-89","50-59","80-89","70-79","50-59","60-69","60-69","40-49","70-79","30-39","60-69","50-59","40-49","40-49","60-69","80-89","80-89","50-59","70-79","70-79","70-79","80-89","60-69","40-49","60-69","50-59","40-49","50-59","70-79","40-49","80-89","60-69","40-49","70-79","50-59","30-39","60-69","70-79","80-89","50-59","60-69","50-59","40-49","70-79","60-69","50-59","70-79","80-89","80-89","30-39","70-79","50-59","80-89","70-79","50-59","60-69","50-59","40-49","70-79","60-69","30-39","50-59","60-69","70-79","50-59","70-79","70-79","50-59","70-79","50-59","50-59","60-69"],"SERIES_NAME":["FEMALE","FEMALE","FEMALE","MALE","FEMALE","FEMALE","MALE","MALE","FEMALE","FEMALE","FEMALE","FEMALE","FEMALE","FEMALE","MALE","FEMALE","FEMALE","MALE","FEMALE","MALE","MALE","MALE","FEMALE","FEMALE","FEMALE","MALE","FEMALE","FEMALE","MALE","FEMALE","FEMALE","MALE","FEMALE","FEMALE","FEMALE","MALE","MALE","MALE","MALE","MALE","MALE","FEMALE","FEMALE","FEMALE","FEMALE","FEMALE","MALE","FEMALE","MALE","MALE","FEMALE","MALE","MALE","FEMALE","MALE","FEMALE","FEMALE","MALE","FEMALE","FEMALE","MALE","FEMALE","MALE","FEMALE","FEMALE","MALE","FEMALE","FEMALE","FEMALE","FEMALE","FEMALE","FEMALE","FEMALE","MALE","FEMALE","FEMALE","MALE","FEMALE","MALE","MALE","MALE"],"X_CALENDAR_YEAR":[1996,1996,1996,1996,1997,1997,1997,1997,1997,1997,1997,1998,1998,1998,1998,1998,1998,1998,1998,1999,1999,1999,1999,1999,1999,1999,1999,1999,1999,2000,2000,2000,2000,2000,2000,2000,2000,2000,2001,2001,2001,2001,2001,2001,2001,2001,2001,2001,2001,2002,2002,2002,2002,2002,2002,2002,2002,2002,2002,2003,2003,2003,2003,2003,2003,2004,2004,2004,2004,2004,2004,2005,2005,2006,2006,2007,2007,2008,2008,2009,2012],"Y_PREVALENCE_1000PP":[0.21866,0.45625,0.15705,0.24132,0.33516,0.11751,0.29146,0.23484,0.30526,0.38037,0.26596,0.18681,0.26151,0.19746,0.20577,0.19736,0.07008,0.15956,0.04978,0.08122,0.04332,0.03943,0.04801,0.14762,0.11322,0.21661,0.14877,0.17308,0.13889,0.13863,0.12793,0.08719,0.05369,0.10039,0.07466,0.03068,0.04468,0.0881,0.03556,0.14014,0.04963,0.03317,0.13882,0.06646,0.02078,0.07275,0.1216,0.0661,0.0474,0.03775,0.0428,0.02056,0.06856,0.06891,0.03024,0.09927,0.05787,0.13776,0.02769,0.05354,0.02136,0.06351,0.06475,0.03296,0.04902,0.01969,0.01787,0.05493,0.03066,0.0165,0.02366,0.02918,0.05315,0.02129,0.03064,0.03316,0.02879,0.02761,0.02252,0.01671,0.01882]},"PREVALENCE_BY_MONTH":{"X_CALENDAR_MONTH":[199510,199512,199601,199602,199603,199604,199605,199606,199607,199608,199609,199610,199611,199612,199701,199702,199703,199704,199705,199706,199707,199708,199709,199710,199711,199712,199801,199802,199803,199804,199805,199806,199807,199808,199809,199810,199811,199812,199901,199902,199903,199904,199905,199906,199907,199908,199909,199910,199911,199912,200001,200002,200003,200004,200005,200006,200007,200008,200009,200010,200011,200012,200101,200102,200103,200104,200105,200106,200107,200108,200109,200110,200111,200112,200201,200202,200203,200204,200205,200206,200207,200208,200209,200210,200211,200212,200301,200302,200303,200304,200305,200306,200307,200308,200309,200310,200311,200312,200401,200402,200403,200404,200405,200406,200407,200408,200409,200410,200411,200412,200501,200502,200503,200504,200505,200506,200507,200508,200509,200510,200511,200512,200601,200602,200604,200605,200606,200607,200608,200609,200610,200611,200612,200701,200702,200703,200704,200705,200706,200707,200708,200709,200710,200711,200712,200801,200802,200803,200804,200805,200806,200807,200809,200810,200811,200812,200901,200902,200904,200906,200907,200909,200911,200912,201001,201003,201004,201007,201009,201010,201012,201101,201102,201104,201105,201106,201109,201112,201201,201203,201204,201305,201306,201307,201309,201311,201312,201401,201402],"Y_PREVALENCE_1000PP":[0.05571,0.04701,0.02815,0.02494,0.02825,0.02883,0.04174,0.04643,0.04799,0.03405,0.04062,0.0307,0.03728,0.0356,0.03768,0.02908,0.03495,0.0395,0.03753,0.0295,0.0359,0.03436,0.04082,0.03851,0.02945,0.03772,0.03285,0.02339,0.02894,0.0284,0.02352,0.02753,0.03018,0.01944,0.03123,0.01862,0.01986,0.02262,0.01999,0.02286,0.02722,0.01555,0.01977,0.02225,0.01617,0.01593,0.01633,0.01576,0.01386,0.01682,0.0135,0.01481,0.01366,0.00609,0.01591,0.01182,0.01041,0.01235,0.01209,0.0124,0.01188,0.01172,0.01252,0.00905,0.01057,0.01183,0.01095,0.00973,0.00992,0.01066,0.01014,0.00869,0.00767,0.01124,0.00792,0.00843,0.00747,0.00893,0.0097,0.00662,0.00932,0.00765,0.00733,0.00672,0.00724,0.00671,0.00717,0.00581,0.0071,0.00524,0.00627,0.00623,0.00541,0.00565,0.00511,0.00509,0.00456,0.00505,0.00395,0.00468,0.00459,0.00357,0.00378,0.00469,0.0035,0.00325,0.00301,0.00345,0.00413,0.00367,0.00249,0.00362,0.00407,0.00248,0.00315,0.00336,0.00333,0.00266,0.00198,0.00285,0.00284,0.00197,0.00151,0.0026,0.00215,0.00344,0.00235,0.00192,0.00341,0.00234,0.0019,0.00189,0.00189,0.00229,0.00145,0.00145,0.00227,0.00143,0.00203,0.00181,0.00161,0.00179,0.00236,0.00176,0.00176,0.00116,0.00194,0.00156,0.00174,0.00155,0.00154,0.00115,0.00171,0.00133,0.00114,0.00208,0.00132,0.00132,0.00208,0.00151,0.00188,0.00225,0.00132,0.00114,0.00151,0.00133,0.00114,0.00153,0.00152,0.00132,0.00169,0.00168,0.00131,0.0013,0.00129,0.00184,0.00127,0.00109,0.00146,0.00145,0.00109,0.00149,0.0013,0.00111,0.0013,0.00169,0.00134,0.00134,0.00134]},"DRUG_FREQUENCY_DISTRIBUTION":{"Y_NUM_PERSONS":[0,0,0,0,0,0,0,0,0,0,0,0,0,0,0,0,0,0,0,0,0,0,0,0,0,0,0,0,0,0,0,0,0,0,0,0,0,0,0,0,0,0,0,0,0,0,0,0,0],"X_COUNT":[1,2,3,4,5,6,7,8,9,10,11,12,13,14,15,16,17,18,19,20,21,22,23,24,26,27,28,29,30,31,33,34,35,36,38,39,40,41,42,43,44,45,46,49,53,85,86,88,92]},"QUANTITY_DISTRIBUTION":{"CATEGORY":"Quantity","MIN_VALUE":0,"P10_VALUE":21,"P25_VALUE":56,"MEDIAN_VALUE":100,"P75_VALUE":112,"P90_VALUE":168,"MAX_VALUE":300},"REFILLS_DISTRIBUTION":{"CATEGORY":"Refills","MIN_VALUE":0,"P10_VALUE":0,"P25_VALUE":4,"MEDIAN_VALUE":6,"P75_VALUE":8,"P90_VALUE":12,"MAX_VALUE":600}}
