{"AGE_AT_FIRST_EXPOSURE":{"CATEGORY":["FEMALE","MALE"],"MIN_VALUE":[38,6],"P10_VALUE":[64,55],"P25_VALUE":[72,64],"MEDIAN_VALUE":[79,72],"P75_VALUE":[85,79],"P90_VALUE":[89,88],"MAX_VALUE":[97,96]},"DAYS_SUPPLY_DISTRIBUTION":{"CATEGORY":[],"MIN_VALUE":[],"P10_VALUE":[],"P25_VALUE":[],"MEDIAN_VALUE":[],"P75_VALUE":[],"P90_VALUE":[],"MAX_VALUE":[]},"DRUGS_BY_TYPE":{"CONCEPT_NAME":"Prescription written","COUNT_VALUE":1215},"PREVALENCE_BY_GENDER_AGE_YEAR":{"TRELLIS_NAME":["70-79","80-89","70-79","60-69","80-89","50-59","70-79","60-69","70-79","80-89","80-89"],"SERIES_NAME":["FEMALE","MALE","MALE","MALE","FEMALE","MALE","FEMALE","MALE","MALE","MALE","FEMALE"],"X_CALENDAR_YEAR":[2011,2011,2011,2011,2011,2011,2012,2012,2012,2012,2012],"Y_PREVALENCE_1000PP":[0.09387,0.15776,0.1331,0.04679,0.12366,0.01854,0.0535,0.04077,0.07117,0.1345,0.07585]},"PREVALENCE_BY_MONTH":{"X_CALENDAR_MONTH":[200601,200602,201104,201105,201106,201107,201108,201109,201110,201111,201112,201201,201202,201203,201204,201205,201207,201210,201211,201302,201303,201304,201305,201306,201308,201309,201310,201311,201401,201402,201404,201405,201406,201407,201409,201410,201502,201503,201505,201507,201509,201512,201603,201608,201611,201612,201701,201703,201704,201706,201707,201708,201711,201712,201802,201803,201806,201809,201812,201903],"Y_PREVALENCE_1000PP":[0.0013,0.0013,0.0074,0.00904,0.00902,0.00881,0.00897,0.00783,0.00636,0.00766,0.00711,0.008,0.00582,0.00309,0.00145,0.00164,0.00219,0.00145,0.00146,0.00129,0.0013,0.0013,0.00149,0.00149,0.00111,0.00111,0.00168,0.00188,0.00172,0.00172,0.00268,0.00134,0.00194,0.00196,0.00178,0.00162,0.00146,0.00129,0.0013,0.00225,0.00157,0.00172,0.00199,0.0016,0.00192,0.00219,0.00164,0.0017,0.002,0.00233,0.00205,0.00177,0.00241,0.00213,0.00247,0.00216,0.00186,0.00192,0.00197,0.00198]},"DRUG_FREQUENCY_DISTRIBUTION":{"Y_NUM_PERSONS":[0,0,0,0,0,0,0,0,0,0,0,0,0,0,0,0,0,0,0,0,0,0,0,0],"X_COUNT":[1,2,3,4,5,6,7,8,9,10,11,12,13,14,21,22,24,27,28,29,31,34,40,41]},"QUANTITY_DISTRIBUTION":{"CATEGORY":"Quantity","MIN_VALUE":28,"P10_VALUE":56,"P25_VALUE":56,"MEDIAN_VALUE":96,"P75_VALUE":112,"P90_VALUE":112,"MAX_VALUE":200},"REFILLS_DISTRIBUTION":{"CATEGORY":"Refills","MIN_VALUE":0,"P10_VALUE":6,"P25_VALUE":6,"MEDIAN_VALUE":12,"P75_VALUE":14,"P90_VALUE":18,"MAX_VALUE":63}}
