{"AGE_AT_FIRST_EXPOSURE":{"CATEGORY":["FEMALE","MALE"],"MIN_VALUE":[4,2],"P10_VALUE":[9,7],"P25_VALUE":[17,11],"MEDIAN_VALUE":[42,23],"P75_VALUE":[61,50],"P90_VALUE":[77,73],"MAX_VALUE":[95,99]},"DAYS_SUPPLY_DISTRIBUTION":{"CATEGORY":"Days supply","MIN_VALUE":7,"P10_VALUE":28,"P25_VALUE":28,"MEDIAN_VALUE":28,"P75_VALUE":28,"P90_VALUE":56,"MAX_VALUE":56},"DRUGS_BY_TYPE":{"CONCEPT_NAME":"Prescription written","COUNT_VALUE":6912},"PREVALENCE_BY_GENDER_AGE_YEAR":{"TRELLIS_NAME":["10-19","0-9","10-19","10-19","0-9","10-19","10-19","20-29","10-19","60-69","20-29","10-19","60-69","10-19","10-19","20-29","10-19","30-39","20-29","20-29","40-49","10-19","40-49","30-39","30-39","20-29","10-19","0-9","10-19","30-39","40-49","20-29","30-39","10-19","30-39","20-29","40-49","40-49","0-9","30-39","40-49","10-19","20-29","10-19","20-29","30-39","40-49","50-59","10-19","10-19","60-69","0-9","10-19","50-59","10-19","10-19","60-69","30-39","10-19"],"SERIES_NAME":["MALE","MALE","MALE","MALE","MALE","FEMALE","FEMALE","MALE","MALE","MALE","MALE","MALE","MALE","MALE","FEMALE","MALE","MALE","FEMALE","MALE","FEMALE","FEMALE","MALE","FEMALE","FEMALE","MALE","MALE","MALE","MALE","MALE","MALE","FEMALE","MALE","FEMALE","MALE","MALE","MALE","MALE","FEMALE","MALE","MALE","MALE","MALE","MALE","MALE","MALE","MALE","MALE","FEMALE","MALE","FEMALE","FEMALE","MALE","MALE","FEMALE","FEMALE","FEMALE","FEMALE","MALE","MALE"],"X_CALENDAR_YEAR":[1998,2001,2001,2002,2002,2002,2003,2003,2003,2003,2004,2004,2005,2005,2005,2005,2006,2007,2007,2007,2007,2007,2008,2008,2008,2008,2008,2008,2009,2009,2009,2009,2009,2010,2010,2010,2010,2010,2011,2011,2011,2011,2011,2012,2012,2012,2012,2013,2013,2013,2014,2014,2014,2014,2014,2015,2015,2015,2015],"Y_PREVALENCE_1000PP":[0.07906,0.02968,0.04169,0.03619,0.02638,0.03621,0.0288,0.03024,0.02942,0.04481,0.03082,0.0302,0.03382,0.03607,0.02447,0.02266,0.05495,0.01519,0.01955,0.01885,0.01466,0.04799,0.01656,0.01762,0.01466,0.02404,0.04029,0.01852,0.0338,0.0295,0.01638,0.03423,0.01514,0.03985,0.02213,0.02892,0.01554,0.01391,0.02008,0.01461,0.01312,0.03027,0.02056,0.02141,0.01798,0.01477,0.01782,0.0158,0.02141,0.02595,0.01928,0.02677,0.0259,0.02446,0.0308,0.04086,0.02445,0.0288,0.02826]},"PREVALENCE_BY_MONTH":{"X_CALENDAR_MONTH":[199805,199808,199812,199901,199906,199908,199912,200003,200004,200005,200006,200007,200008,200009,200011,200012,200101,200102,200103,200104,200105,200106,200107,200108,200109,200110,200111,200112,200201,200202,200203,200204,200205,200206,200207,200208,200209,200210,200211,200212,200301,200302,200303,200304,200305,200306,200307,200308,200309,200310,200311,200312,200401,200402,200403,200404,200405,200406,200407,200408,200409,200410,200411,200412,200501,200502,200503,200504,200505,200506,200507,200508,200509,200510,200511,200512,200601,200602,200603,200604,200605,200606,200607,200608,200609,200610,200611,200612,200701,200702,200703,200704,200705,200706,200707,200708,200709,200710,200711,200712,200801,200802,200803,200804,200805,200806,200807,200808,200809,200810,200811,200812,200901,200902,200903,200904,200905,200906,200907,200908,200909,200910,200911,200912,201001,201002,201003,201004,201005,201006,201007,201008,201009,201010,201011,201012,201101,201102,201103,201104,201105,201106,201107,201108,201109,201110,201111,201112,201201,201202,201203,201204,201205,201206,201207,201208,201209,201210,201211,201212,201301,201302,201303,201304,201305,201306,201307,201308,201309,201310,201311,201312,201401,201402,201403,201404,201405,201406,201407,201408,201409,201410,201411,201412,201501,201502,201503,201504,201505,201506,201507,201508,201510],"Y_PREVALENCE_1000PP":[0.00568,0.00467,0.00438,0.00414,0.00381,0.00429,0.00297,0.00397,0.00304,0.00516,0.00549,0.0025,0.00412,0.00483,0.00277,0.00352,0.00295,0.00543,0.00387,0.00348,0.00342,0.00336,0.00463,0.00517,0.00444,0.00404,0.00553,0.00456,0.00499,0.00552,0.00517,0.00558,0.00527,0.00414,0.00658,0.00656,0.00434,0.00565,0.00616,0.0051,0.00637,0.00634,0.00657,0.00603,0.00705,0.00623,0.00669,0.0059,0.00613,0.00637,0.00532,0.00581,0.00716,0.0069,0.00701,0.00666,0.00615,0.00681,0.00606,0.00628,0.00694,0.00645,0.0055,0.00688,0.00589,0.00497,0.00588,0.00519,0.00495,0.00471,0.00378,0.00421,0.00549,0.00505,0.00657,0.00591,0.00606,0.00629,0.00606,0.00517,0.00601,0.00683,0.00598,0.00724,0.00722,0.00612,0.00693,0.00693,0.00706,0.0056,0.00704,0.00577,0.00655,0.00669,0.00583,0.00623,0.00677,0.00689,0.00839,0.00703,0.00813,0.00699,0.0072,0.00717,0.00697,0.00557,0.00746,0.00593,0.00627,0.00664,0.0055,0.00681,0.00641,0.00792,0.0079,0.00832,0.00773,0.0081,0.00714,0.00546,0.00845,0.00716,0.00717,0.00742,0.00738,0.00722,0.00723,0.00685,0.00801,0.00802,0.00726,0.00839,0.00835,0.00697,0.00787,0.0075,0.00654,0.00616,0.00853,0.00796,0.00774,0.00755,0.00752,0.00824,0.00747,0.00763,0.00748,0.00675,0.00691,0.00637,0.00636,0.00654,0.00765,0.00636,0.00674,0.00654,0.00653,0.00708,0.00585,0.0057,0.00642,0.00571,0.00537,0.00611,0.00538,0.00502,0.00519,0.00538,0.00611,0.00655,0.00508,0.00538,0.00592,0.00515,0.00766,0.00709,0.00575,0.00678,0.00627,0.0073,0.00575,0.00829,0.00572,0.00767,0.00685,0.00731,0.00755,0.008,0.00757,0.0045,0.00247,0.0018,0.0014]},"DRUG_FREQUENCY_DISTRIBUTION":{"Y_NUM_PERSONS":[0,0,0,0,0,0,0,0,0,0,0,0,0,0,0,0,0,0,0,0,0,0,0,0,0,0,0,0,0,0,0,0,0,0,0,0,0,0,0,0,0,0,0,0,0,0,0,0,0,0,0,0,0,0,0,0,0,0,0,0,0,0,0,0,0,0],"X_COUNT":[1,2,3,4,5,6,7,8,9,10,11,12,13,14,15,16,17,18,19,20,21,22,23,24,25,26,27,28,29,30,32,33,34,35,37,38,39,41,42,43,44,47,50,54,55,58,59,60,61,64,65,68,73,78,84,85,90,100,104,110,113,115,135,139,157,180]},"QUANTITY_DISTRIBUTION":{"CATEGORY":"Quantity","MIN_VALUE":0,"P10_VALUE":14,"P25_VALUE":42,"MEDIAN_VALUE":56,"P75_VALUE":112,"P90_VALUE":168,"MAX_VALUE":560},"REFILLS_DISTRIBUTION":{"CATEGORY":"Refills","MIN_VALUE":0,"P10_VALUE":2,"P25_VALUE":6,"MEDIAN_VALUE":6,"P75_VALUE":12,"P90_VALUE":12,"MAX_VALUE":999}}
