{"AGE_AT_FIRST_EXPOSURE":{"CATEGORY":["MALE","FEMALE"],"MIN_VALUE":[13,17],"P10_VALUE":[25,30],"P25_VALUE":[33,34],"MEDIAN_VALUE":[42,43],"P75_VALUE":[49,56],"P90_VALUE":[58,64],"MAX_VALUE":[75,74]},"DAYS_SUPPLY_DISTRIBUTION":{"CATEGORY":[],"MIN_VALUE":[],"P10_VALUE":[],"P25_VALUE":[],"MEDIAN_VALUE":[],"P75_VALUE":[],"P90_VALUE":[],"MAX_VALUE":[]},"DRUGS_BY_TYPE":{"CONCEPT_NAME":"Prescription written","COUNT_VALUE":838},"PREVALENCE_BY_GENDER_AGE_YEAR":{"TRELLIS_NAME":["50-59","50-59","30-39","40-49","30-39","40-49","40-49","40-49","60-69","60-69"],"SERIES_NAME":["FEMALE","FEMALE","FEMALE","MALE","MALE","FEMALE","FEMALE","MALE","FEMALE","FEMALE"],"X_CALENDAR_YEAR":[2014,2015,2016,2016,2016,2016,2017,2017,2018,2019],"Y_PREVALENCE_1000PP":[0.01631,0.02045,0.03374,0.03671,0.02031,0.04136,0.03137,0.02268,0.03794,0.04078]},"PREVALENCE_BY_MONTH":{"X_CALENDAR_MONTH":[201301,201306,201401,201405,201406,201412,201501,201503,201506,201507,201512,201601,201602,201603,201604,201605,201606,201607,201608,201609,201610,201611,201612,201701,201702,201703,201704,201705,201706,201707,201708,201709,201710,201711,201712,201801,201802,201803,201804,201805,201806,201807,201808,201809,201810,201811,201812,201901,201902,201903],"Y_PREVALENCE_1000PP":[0.00128,0.00111,0.00115,0.00134,0.00136,0.00145,0.00145,0.00237,0.00135,0.00135,0.00148,0.00272,0.00299,0.00399,0.0035,0.00455,0.0036,0.00394,0.00427,0.00402,0.00272,0.00301,0.00383,0.00301,0.0042,0.00369,0.00228,0.00428,0.0035,0.00409,0.00353,0.00266,0.00266,0.00211,0.00304,0.00278,0.00247,0.00278,0.00278,0.00216,0.00341,0.00284,0.00477,0.00351,0.00358,0.00296,0.00362,0.00459,0.00198,0.00264]},"DRUG_FREQUENCY_DISTRIBUTION":{"Y_NUM_PERSONS":[0,0,0,0,0,0,0,0,0,0,0,0,0,0,0,0,0,0,0,0,0,0,0],"X_COUNT":[1,2,3,4,5,6,7,8,9,10,11,12,13,14,15,17,19,20,25,26,28,29,31]},"QUANTITY_DISTRIBUTION":{"CATEGORY":"Quantity","MIN_VALUE":1,"P10_VALUE":2,"P25_VALUE":2,"MEDIAN_VALUE":4,"P75_VALUE":6,"P90_VALUE":8,"MAX_VALUE":28},"REFILLS_DISTRIBUTION":{"CATEGORY":"Refills","MIN_VALUE":0,"P10_VALUE":0,"P25_VALUE":2,"MEDIAN_VALUE":6,"P75_VALUE":6,"P90_VALUE":12,"MAX_VALUE":99}}
