{"AGE_AT_FIRST_EXPOSURE":{"CATEGORY":["MALE","FEMALE"],"MIN_VALUE":[53,18],"P10_VALUE":[56,24],"P25_VALUE":[64,29],"MEDIAN_VALUE":[67,34],"P75_VALUE":[71,39],"P90_VALUE":[72,49],"MAX_VALUE":[77,85]},"DAYS_SUPPLY_DISTRIBUTION":{"CATEGORY":"Days supply","MIN_VALUE":28,"P10_VALUE":28,"P25_VALUE":28,"MEDIAN_VALUE":28,"P75_VALUE":28,"P90_VALUE":56,"MAX_VALUE":90},"DRUGS_BY_TYPE":{"CONCEPT_NAME":"Prescription written","COUNT_VALUE":936},"PREVALENCE_BY_GENDER_AGE_YEAR":{"TRELLIS_NAME":["30-39","30-39","30-39","30-39","30-39","30-39","20-29","30-39","30-39"],"SERIES_NAME":["FEMALE","FEMALE","FEMALE","FEMALE","FEMALE","FEMALE","FEMALE","FEMALE","FEMALE"],"X_CALENDAR_YEAR":[1997,1999,2000,2001,2003,2004,2005,2007,2009],"Y_PREVALENCE_1000PP":[0.07731,0.0449,0.04401,0.02078,0.02353,0.022,0.01877,0.01773,0.01514]},"PREVALENCE_BY_MONTH":{"X_CALENDAR_MONTH":[199904,199905,199912,200003,200007,200009,200010,200011,200101,200104,200105,200106,200108,200109,200110,200111,200201,200203,200204,200205,200207,200208,200209,200210,200211,200301,200303,200307,200310,200312,200401,200403,200405,200406,200408,200409,200410,200411,200501,200503,200505,200506,200507,200508,200509,200510,200512,200601,200602,200604,200606,200607,200611,200702,200703,200704,200707,200708,200709,200710,200711,200712,200801,200803,200804,200805,200806,200807,200808,200809,200901,200903,200904],"Y_PREVALENCE_1000PP":[0.00454,0.00383,0.00346,0.00264,0.0025,0.00282,0.0028,0.00396,0.00221,0.00244,0.0024,0.00268,0.00259,0.00222,0.00248,0.00246,0.00205,0.0023,0.00167,0.00249,0.00192,0.00219,0.00163,0.00161,0.00188,0.00186,0.00316,0.00206,0.00204,0.00151,0.00247,0.0029,0.00142,0.00164,0.00163,0.00139,0.00207,0.00138,0.00159,0.00203,0.00158,0.00202,0.00178,0.00155,0.00154,0.00176,0.00131,0.0013,0.00174,0.00129,0.0015,0.00128,0.00126,0.00124,0.00124,0.00144,0.00181,0.00181,0.00139,0.00157,0.00137,0.00156,0.00155,0.00156,0.00136,0.00136,0.00154,0.00191,0.00134,0.00133,0.00132,0.00132,0.0017]},"DRUG_FREQUENCY_DISTRIBUTION":{"Y_NUM_PERSONS":[0,0,0,0,0,0,0,0,0,0,0,0,0,0,0,0,0,0,0],"X_COUNT":[1,2,3,4,5,6,7,8,10,11,13,14,15,16,18,23,35,36,37]},"QUANTITY_DISTRIBUTION":{"CATEGORY":"Quantity","MIN_VALUE":0,"P10_VALUE":28,"P25_VALUE":30,"MEDIAN_VALUE":84,"P75_VALUE":100,"P90_VALUE":120,"MAX_VALUE":224},"REFILLS_DISTRIBUTION":{"CATEGORY":"Refills","MIN_VALUE":0,"P10_VALUE":0,"P25_VALUE":1,"MEDIAN_VALUE":6,"P75_VALUE":6,"P90_VALUE":12,"MAX_VALUE":40}}
