{"AGE_AT_FIRST_EXPOSURE":{"CATEGORY":["FEMALE","MALE"],"MIN_VALUE":[2,0],"P10_VALUE":[9,12],"P25_VALUE":[26,33],"MEDIAN_VALUE":[50,48],"P75_VALUE":[63,62],"P90_VALUE":[70,72],"MAX_VALUE":[89,88]},"DAYS_SUPPLY_DISTRIBUTION":{"CATEGORY":[],"MIN_VALUE":[],"P10_VALUE":[],"P25_VALUE":[],"MEDIAN_VALUE":[],"P75_VALUE":[],"P90_VALUE":[],"MAX_VALUE":[]},"DRUGS_BY_TYPE":{"CONCEPT_NAME":"Prescription written","COUNT_VALUE":2475},"PREVALENCE_BY_GENDER_AGE_YEAR":{"TRELLIS_NAME":["60-69","60-69","60-69","30-39","60-69","40-49","60-69","60-69","50-59"],"SERIES_NAME":["MALE","MALE","MALE","MALE","MALE","MALE","FEMALE","FEMALE","MALE"],"X_CALENDAR_YEAR":[2008,2009,2010,2010,2011,2011,2011,2012,2013],"Y_PREVALENCE_1000PP":[0.02342,0.02623,0.02886,0.01475,0.02184,0.0153,0.01825,0.0183,0.0181]},"PREVALENCE_BY_MONTH":{"X_CALENDAR_MONTH":[199810,199901,200001,200008,200009,200101,200104,200112,200202,200203,200204,200205,200206,200207,200208,200209,200210,200211,200301,200302,200303,200305,200306,200308,200309,200310,200311,200312,200401,200402,200403,200404,200405,200407,200408,200409,200410,200411,200412,200501,200502,200503,200504,200505,200506,200507,200508,200509,200510,200511,200512,200601,200602,200603,200604,200605,200606,200607,200608,200609,200610,200611,200612,200701,200702,200703,200704,200705,200706,200707,200708,200709,200710,200711,200712,200801,200802,200803,200804,200805,200806,200807,200808,200809,200810,200811,200812,200901,200902,200903,200904,200905,200906,200907,200908,200909,200910,200911,200912,201001,201002,201003,201004,201005,201006,201007,201008,201009,201010,201011,201012,201101,201102,201103,201104,201105,201106,201107,201108,201109,201110,201111,201112,201201,201202,201203,201204,201205,201207,201208,201209,201210,201211,201212,201301,201302,201303,201304,201305,201306,201307,201308,201309,201310,201311,201312,201401,201402,201403,201404,201405,201406,201407,201408,201409,201411,201412,201501,201503,201602],"Y_PREVALENCE_1000PP":[0.00447,0.00552,0.00315,0.00247,0.00242,0.00221,0.00209,0.00182,0.00262,0.00172,0.00251,0.00166,0.00248,0.00247,0.00219,0.00163,0.00242,0.00188,0.00186,0.00185,0.00237,0.00261,0.00208,0.00205,0.00179,0.0028,0.00228,0.00151,0.00321,0.00246,0.00169,0.0019,0.00213,0.0021,0.00232,0.00278,0.00299,0.00252,0.00229,0.00204,0.00271,0.00203,0.00293,0.0018,0.00202,0.002,0.00133,0.00242,0.00154,0.00241,0.00175,0.00325,0.00174,0.0026,0.00237,0.0015,0.00299,0.00299,0.00256,0.00234,0.00253,0.0021,0.00168,0.00229,0.00207,0.00207,0.00186,0.00205,0.00223,0.00201,0.00181,0.00139,0.00315,0.00215,0.00273,0.00271,0.00272,0.00253,0.00329,0.00155,0.00192,0.0023,0.0023,0.00247,0.00304,0.00208,0.00189,0.00189,0.00245,0.00226,0.00246,0.00283,0.00132,0.00338,0.00151,0.00207,0.0032,0.00283,0.00285,0.00303,0.00228,0.00323,0.00209,0.00343,0.00325,0.00344,0.00401,0.00323,0.00339,0.003,0.00394,0.00318,0.00205,0.00389,0.00296,0.0035,0.00295,0.00275,0.00348,0.00273,0.00345,0.00365,0.00328,0.00255,0.00273,0.00309,0.00291,0.00364,0.0031,0.00327,0.00163,0.00327,0.00274,0.00313,0.00275,0.00239,0.00222,0.00296,0.00241,0.00316,0.00278,0.00353,0.00204,0.00299,0.00301,0.00288,0.00286,0.00172,0.00325,0.00287,0.00307,0.00233,0.00274,0.00237,0.00178,0.00143,0.00166,0.00187,0.00129,0.00149]},"DRUG_FREQUENCY_DISTRIBUTION":{"Y_NUM_PERSONS":[0,0,0,0,0,0,0,0,0,0,0,0,0,0,0,0,0,0,0,0,0,0,0,0,0,0,0,0,0,0,0,0,0,0,0,0,0,0,0],"X_COUNT":[1,2,3,4,5,6,7,8,9,10,11,12,14,15,16,18,19,20,21,22,25,26,28,29,31,32,33,37,38,40,42,44,46,51,59,61,67,71,78]},"QUANTITY_DISTRIBUTION":{"CATEGORY":"Quantity","MIN_VALUE":1,"P10_VALUE":28,"P25_VALUE":28,"MEDIAN_VALUE":56,"P75_VALUE":84,"P90_VALUE":168,"MAX_VALUE":360},"REFILLS_DISTRIBUTION":{"CATEGORY":"Refills","MIN_VALUE":0,"P10_VALUE":2,"P25_VALUE":3,"MEDIAN_VALUE":6,"P75_VALUE":6,"P90_VALUE":12,"MAX_VALUE":28}}
