{"AGE_AT_FIRST_EXPOSURE":{"CATEGORY":["FEMALE","MALE"],"MIN_VALUE":[1,1],"P10_VALUE":[2,2],"P25_VALUE":[4,4],"MEDIAN_VALUE":[7,6],"P75_VALUE":[10,9],"P90_VALUE":[27,12],"MAX_VALUE":[69,71]},"DAYS_SUPPLY_DISTRIBUTION":{"CATEGORY":[],"MIN_VALUE":[],"P10_VALUE":[],"P25_VALUE":[],"MEDIAN_VALUE":[],"P75_VALUE":[],"P90_VALUE":[],"MAX_VALUE":[]},"DRUGS_BY_TYPE":{"CONCEPT_NAME":"Prescription written","COUNT_VALUE":477},"PREVALENCE_BY_GENDER_AGE_YEAR":{"TRELLIS_NAME":["10-19","0-9","0-9","10-19","0-9","10-19","0-9","10-19","10-19","0-9","0-9","0-9","10-19","0-9"],"SERIES_NAME":["MALE","FEMALE","MALE","FEMALE","MALE","MALE","FEMALE","FEMALE","MALE","MALE","FEMALE","MALE","MALE","FEMALE"],"X_CALENDAR_YEAR":[2010,2010,2010,2011,2011,2011,2011,2012,2012,2012,2012,2013,2013,2013],"Y_PREVALENCE_1000PP":[0.02452,0.04978,0.06536,0.03929,0.22375,0.05147,0.12585,0.01962,0.04281,0.11597,0.04439,0.03371,0.02141,0.01768]},"PREVALENCE_BY_MONTH":{"X_CALENDAR_MONTH":[201006,201007,201009,201010,201012,201101,201102,201103,201104,201105,201106,201107,201108,201109,201110,201111,201112,201201,201202,201204,201205,201206,201207,201208,201209,201212,201302],"Y_PREVALENCE_1000PP":[0.00191,0.00134,0.00152,0.0017,0.00244,0.00505,0.00355,0.00668,0.00222,0.00277,0.00276,0.00294,0.00201,0.00437,0.00236,0.00128,0.00146,0.00164,0.00273,0.00218,0.00291,0.00109,0.00128,0.00145,0.00163,0.00147,0.00111]},"DRUG_FREQUENCY_DISTRIBUTION":{"Y_NUM_PERSONS":[0,0,0,0,0,0,0],"X_COUNT":[1,2,3,4,5,6,7]},"QUANTITY_DISTRIBUTION":{"CATEGORY":"Quantity","MIN_VALUE":1,"P10_VALUE":1,"P25_VALUE":1,"MEDIAN_VALUE":2,"P75_VALUE":2,"P90_VALUE":4,"MAX_VALUE":6},"REFILLS_DISTRIBUTION":{"CATEGORY":"Refills","MIN_VALUE":0,"P10_VALUE":0,"P25_VALUE":0,"MEDIAN_VALUE":1,"P75_VALUE":3,"P90_VALUE":6,"MAX_VALUE":12}}
