{"AGE_AT_FIRST_EXPOSURE":{"CATEGORY":["MALE","FEMALE"],"MIN_VALUE":[19,50],"P10_VALUE":[54,63],"P25_VALUE":[62,72],"MEDIAN_VALUE":[70,76],"P75_VALUE":[78,81],"P90_VALUE":[82,86],"MAX_VALUE":[96,93]},"DAYS_SUPPLY_DISTRIBUTION":{"CATEGORY":"Days supply","MIN_VALUE":28,"P10_VALUE":28,"P25_VALUE":28,"MEDIAN_VALUE":28,"P75_VALUE":28,"P90_VALUE":28,"MAX_VALUE":28},"DRUGS_BY_TYPE":{"CONCEPT_NAME":"Prescription written","COUNT_VALUE":3770},"PREVALENCE_BY_GENDER_AGE_YEAR":{"TRELLIS_NAME":["60-69","60-69","50-59","70-79","70-79","80-89","80-89","70-79","70-79","60-69","60-69","80-89","80-89","50-59","50-59","70-79","60-69","70-79","80-89","60-69","80-89","70-79","80-89","60-69","60-69","70-79","80-89","60-69","70-79","80-89","60-69","70-79","80-89","80-89","70-79","60-69","80-89","70-79","80-89","70-79","60-69","80-89","60-69","80-89","70-79"],"SERIES_NAME":["MALE","FEMALE","MALE","MALE","FEMALE","MALE","FEMALE","FEMALE","MALE","FEMALE","MALE","MALE","FEMALE","MALE","MALE","MALE","MALE","FEMALE","FEMALE","FEMALE","MALE","FEMALE","MALE","MALE","FEMALE","MALE","FEMALE","MALE","FEMALE","FEMALE","FEMALE","MALE","MALE","FEMALE","FEMALE","MALE","MALE","MALE","FEMALE","FEMALE","MALE","MALE","MALE","FEMALE","FEMALE"],"X_CALENDAR_YEAR":[2003,2003,2003,2003,2003,2003,2003,2004,2004,2004,2004,2004,2004,2004,2005,2005,2005,2005,2005,2005,2005,2006,2006,2006,2006,2006,2006,2007,2007,2007,2007,2007,2007,2008,2008,2008,2008,2008,2009,2009,2009,2009,2010,2010,2010],"Y_PREVALENCE_1000PP":[0.10953,0.03431,0.04271,0.15108,0.16062,0.14399,0.0998,0.10986,0.19041,0.03504,0.10675,0.26312,0.14341,0.04267,0.01884,0.16461,0.07187,0.08504,0.09714,0.02501,0.15176,0.06639,0.12968,0.04321,0.02321,0.10267,0.07762,0.04559,0.07578,0.08661,0.02072,0.07216,0.10725,0.09031,0.04602,0.0368,0.11284,0.05347,0.0689,0.04105,0.03278,0.07712,0.02565,0.05551,0.02722]},"PREVALENCE_BY_MONTH":{"X_CALENDAR_MONTH":[200303,200304,200305,200306,200307,200308,200309,200310,200311,200312,200401,200402,200403,200404,200405,200406,200407,200408,200409,200410,200411,200412,200501,200502,200503,200504,200505,200506,200507,200508,200509,200510,200511,200512,200601,200602,200603,200604,200605,200606,200607,200608,200609,200610,200611,200612,200701,200702,200703,200704,200705,200706,200707,200708,200709,200710,200711,200712,200801,200802,200803,200804,200805,200806,200807,200808,200809,200810,200811,200812,200901,200902,200903,200904,200905,200906,200907,200908,200909,200910,200911,200912,201001,201002,201003,201004,201005,201006,201007,201008,201009,201010,201011,201012,201101,201102,201103,201104,201105,201106,201107,201108,201109,201110,201111,201112,201201,201202,201203,201204,201205,201206,201207,201208],"Y_PREVALENCE_1000PP":[0.00631,0.00891,0.01071,0.01065,0.01338,0.01155,0.01303,0.01248,0.01039,0.01338,0.01606,0.01282,0.01619,0.01332,0.01372,0.01455,0.01003,0.01372,0.01272,0.01128,0.01055,0.01078,0.01042,0.00882,0.01062,0.00902,0.00766,0.01053,0.00867,0.00798,0.00966,0.00658,0.00919,0.00635,0.00779,0.00651,0.00736,0.00625,0.00709,0.00598,0.00684,0.00597,0.00722,0.00675,0.00714,0.00651,0.00686,0.0058,0.00559,0.00722,0.0043,0.00649,0.00543,0.00763,0.00478,0.00827,0.00605,0.00605,0.00697,0.00563,0.00506,0.00465,0.00581,0.0048,0.00536,0.0044,0.00437,0.0055,0.00493,0.00435,0.00471,0.00434,0.00452,0.00473,0.00339,0.00433,0.00395,0.00283,0.00394,0.0032,0.00359,0.00399,0.0036,0.00323,0.00285,0.00418,0.00324,0.00306,0.00248,0.00324,0.00266,0.00226,0.00244,0.00225,0.00243,0.00224,0.00204,0.00167,0.00166,0.00221,0.00239,0.00256,0.002,0.00182,0.00219,0.00146,0.00164,0.00218,0.00145,0.00164,0.00182,0.00182,0.00128,0.00182]},"DRUG_FREQUENCY_DISTRIBUTION":{"Y_NUM_PERSONS":[0,0,0,0,0,0,0,0,0,0,0,0,0,0,0,0,0,0,0,0,0,0,0,0,0,0,0,0,0,0,0,0,0,0,0,0,0,0,0,0,0,0,0,0,0,0,0,0],"X_COUNT":[1,2,3,4,5,6,7,8,9,10,11,12,13,14,15,16,18,19,20,21,22,23,24,25,26,27,28,29,30,31,32,33,34,35,37,38,39,40,41,42,45,47,53,56,57,58,60,63]},"QUANTITY_DISTRIBUTION":{"CATEGORY":"Quantity","MIN_VALUE":4,"P10_VALUE":7,"P25_VALUE":28,"MEDIAN_VALUE":56,"P75_VALUE":60,"P90_VALUE":100,"MAX_VALUE":360},"REFILLS_DISTRIBUTION":{"CATEGORY":"Refills","MIN_VALUE":0,"P10_VALUE":3,"P25_VALUE":6,"MEDIAN_VALUE":6,"P75_VALUE":10,"P90_VALUE":24,"MAX_VALUE":99}}
