{"AGE_AT_FIRST_EXPOSURE":{"CATEGORY":["FEMALE","MALE"],"MIN_VALUE":[27,24],"P10_VALUE":[33,30],"P25_VALUE":[45,38],"MEDIAN_VALUE":[54,46],"P75_VALUE":[64,54],"P90_VALUE":[67,71],"MAX_VALUE":[74,84]},"DAYS_SUPPLY_DISTRIBUTION":{"CATEGORY":[],"MIN_VALUE":[],"P10_VALUE":[],"P25_VALUE":[],"MEDIAN_VALUE":[],"P75_VALUE":[],"P90_VALUE":[],"MAX_VALUE":[]},"DRUGS_BY_TYPE":{"CONCEPT_NAME":"Prescription written","COUNT_VALUE":628},"PREVALENCE_BY_GENDER_AGE_YEAR":{"TRELLIS_NAME":[],"SERIES_NAME":[],"X_CALENDAR_YEAR":[],"Y_PREVALENCE_1000PP":[]},"PREVALENCE_BY_MONTH":{"X_CALENDAR_MONTH":[201103,201105,201111,201112,201202,201410,201411,201501,201504,201507,201508,201509,201511,201512,201601,201602,201603,201605,201606,201607,201608,201610,201611,201612,201702,201704,201710,201712,201801,201805,201807,201808,201810,201903],"Y_PREVALENCE_1000PP":[0.00111,0.00129,0.00128,0.00128,0.00109,0.00121,0.00123,0.00125,0.0013,0.00225,0.00135,0.0018,0.00166,0.00148,0.00173,0.00199,0.00174,0.00152,0.00232,0.00158,0.0024,0.0019,0.00164,0.00219,0.00196,0.002,0.00237,0.00183,0.00185,0.00185,0.00221,0.00191,0.00195,0.00198]},"DRUG_FREQUENCY_DISTRIBUTION":{"Y_NUM_PERSONS":[0,0,0,0,0,0,0,0,0,0,0,0,0,0,0,0],"X_COUNT":[1,2,3,4,5,7,8,9,10,11,12,14,15,21,24,30]},"QUANTITY_DISTRIBUTION":{"CATEGORY":"Quantity","MIN_VALUE":1,"P10_VALUE":28,"P25_VALUE":30,"MEDIAN_VALUE":30,"P75_VALUE":56,"P90_VALUE":60,"MAX_VALUE":184},"REFILLS_DISTRIBUTION":{"CATEGORY":"Refills","MIN_VALUE":0,"P10_VALUE":1,"P25_VALUE":3,"MEDIAN_VALUE":6,"P75_VALUE":6,"P90_VALUE":12,"MAX_VALUE":13}}
