{"AGE_AT_FIRST_EXPOSURE":{"CATEGORY":["MALE","FEMALE"],"MIN_VALUE":[0,0],"P10_VALUE":[0,0],"P25_VALUE":[0,0],"MEDIAN_VALUE":[0,0],"P75_VALUE":[1,1],"P90_VALUE":[4,1],"MAX_VALUE":[62,10]},"DAYS_SUPPLY_DISTRIBUTION":{"CATEGORY":[],"MIN_VALUE":[],"P10_VALUE":[],"P25_VALUE":[],"MEDIAN_VALUE":[],"P75_VALUE":[],"P90_VALUE":[],"MAX_VALUE":[]},"DRUGS_BY_TYPE":{"CONCEPT_NAME":"Prescription written","COUNT_VALUE":1954},"PREVALENCE_BY_GENDER_AGE_YEAR":{"TRELLIS_NAME":["0-9","0-9","0-9","0-9","0-9","0-9","0-9","0-9","0-9","0-9","0-9","0-9","0-9","0-9","0-9","10-19","0-9","0-9","0-9","0-9","0-9","0-9","0-9","0-9","0-9","0-9","0-9"],"SERIES_NAME":["MALE","FEMALE","FEMALE","MALE","FEMALE","MALE","FEMALE","MALE","FEMALE","MALE","MALE","FEMALE","FEMALE","MALE","MALE","MALE","FEMALE","FEMALE","MALE","FEMALE","MALE","MALE","FEMALE","FEMALE","MALE","FEMALE","FEMALE"],"X_CALENDAR_YEAR":[2004,2004,2005,2005,2006,2006,2007,2007,2008,2008,2009,2009,2010,2010,2011,2011,2011,2012,2012,2013,2013,2014,2014,2015,2015,2016,2017],"Y_PREVALENCE_1000PP":[0.04136,0.03216,0.02297,0.05406,0.03257,0.03771,0.03358,0.05113,0.03565,0.05246,0.05464,0.03499,0.04666,0.06834,0.05737,0.01816,0.05693,0.05327,0.05657,0.04715,0.05618,0.0714,0.04363,0.02051,0.06841,0.02439,0.03172]},"PREVALENCE_BY_MONTH":{"X_CALENDAR_MONTH":[200408,200412,200503,200504,200505,200506,200507,200508,200509,200510,200511,200512,200601,200602,200603,200604,200605,200606,200608,200609,200610,200611,200612,200701,200702,200703,200704,200705,200706,200707,200708,200709,200710,200711,200712,200802,200803,200804,200805,200806,200807,200808,200809,200810,200811,200812,200901,200902,200903,200904,200905,200906,200907,200908,200909,200910,200911,200912,201001,201002,201003,201004,201005,201006,201007,201008,201009,201010,201011,201012,201101,201102,201103,201104,201105,201106,201107,201108,201109,201110,201111,201112,201201,201202,201203,201204,201205,201206,201207,201208,201209,201210,201211,201212,201301,201302,201303,201304,201305,201306,201307,201308,201309,201310,201311,201312,201401,201402,201403,201404,201405,201406,201407,201408,201409,201410,201411,201412,201501,201502,201503,201504,201505,201506,201507,201508,201509,201510,201511,201512,201601,201603,201605,201606,201609,201701,201702,201703,201705,201708,201803,201809],"Y_PREVALENCE_1000PP":[0.00139,0.0016,0.00203,0.00135,0.00225,0.00202,0.00178,0.00244,0.00154,0.00154,0.00153,0.00153,0.00173,0.00152,0.00152,0.00172,0.00215,0.00171,0.0017,0.00149,0.00169,0.00147,0.00147,0.00166,0.00187,0.00207,0.00247,0.00184,0.00203,0.00261,0.00201,0.00199,0.00177,0.00176,0.00156,0.00252,0.00136,0.00174,0.00136,0.00134,0.0021,0.00153,0.00209,0.00171,0.00171,0.00227,0.0017,0.00226,0.00207,0.00189,0.0017,0.00264,0.00207,0.00188,0.00188,0.00188,0.00151,0.00266,0.00189,0.00285,0.0019,0.0019,0.00267,0.0021,0.00172,0.00286,0.00285,0.00245,0.00225,0.00225,0.00374,0.0028,0.00278,0.00259,0.0024,0.00221,0.00294,0.00201,0.00237,0.00254,0.0031,0.00274,0.00273,0.002,0.002,0.00236,0.00218,0.00218,0.002,0.00163,0.00163,0.00163,0.00165,0.00166,0.00349,0.00295,0.00241,0.00296,0.00278,0.00316,0.00241,0.00241,0.00259,0.00243,0.00207,0.00269,0.00306,0.00286,0.00249,0.00306,0.00249,0.00271,0.00274,0.00257,0.00278,0.00263,0.00266,0.0027,0.0027,0.0023,0.00216,0.00238,0.00281,0.00248,0.00225,0.00247,0.0018,0.0014,0.00142,0.00221,0.00223,0.0015,0.00228,0.0018,0.00161,0.00192,0.00196,0.00227,0.00171,0.00177,0.00185,0.00192]},"DRUG_FREQUENCY_DISTRIBUTION":{"Y_NUM_PERSONS":[0,0,0,0,0,0,0,0,0,0,0,0,0,0,0,0,0,0,0,0,0,0,0,0,0,0,0,0,0,0,0],"X_COUNT":[1,2,3,4,5,6,7,8,9,10,11,12,13,14,15,16,17,18,20,26,27,31,33,34,39,47,52,55,57,73,88]},"QUANTITY_DISTRIBUTION":{"CATEGORY":"Quantity","MIN_VALUE":0,"P10_VALUE":50,"P25_VALUE":60,"MEDIAN_VALUE":100,"P75_VALUE":237,"P90_VALUE":280,"MAX_VALUE":600},"REFILLS_DISTRIBUTION":{"CATEGORY":"Refills","MIN_VALUE":0,"P10_VALUE":1,"P25_VALUE":3,"MEDIAN_VALUE":4,"P75_VALUE":6,"P90_VALUE":12,"MAX_VALUE":99}}
