{"AGE_AT_FIRST_EXPOSURE":{"CATEGORY":["MALE","FEMALE"],"MIN_VALUE":[17,6],"P10_VALUE":[30,26],"P25_VALUE":[41,32],"MEDIAN_VALUE":[60,48],"P75_VALUE":[71,68],"P90_VALUE":[81,81],"MAX_VALUE":[92,95]},"DAYS_SUPPLY_DISTRIBUTION":{"CATEGORY":[],"MIN_VALUE":[],"P10_VALUE":[],"P25_VALUE":[],"MEDIAN_VALUE":[],"P75_VALUE":[],"P90_VALUE":[],"MAX_VALUE":[]},"DRUGS_BY_TYPE":{"CONCEPT_NAME":"Prescription written","COUNT_VALUE":647},"PREVALENCE_BY_GENDER_AGE_YEAR":{"TRELLIS_NAME":"30-39","SERIES_NAME":"FEMALE","X_CALENDAR_YEAR":2001,"Y_PREVALENCE_1000PP":0.02078},"PREVALENCE_BY_MONTH":{"X_CALENDAR_MONTH":[199708,199709,199806,199809,200008,200102,200103,200105,200108,200109,200111,200112,200209,200403,201205],"Y_PREVALENCE_1000PP":[0.00625,0.00612,0.00567,0.00533,0.00329,0.00217,0.00247,0.00274,0.00291,0.0019,0.00184,0.00213,0.00163,0.00145,0.00127]},"DRUG_FREQUENCY_DISTRIBUTION":{"Y_NUM_PERSONS":[0,0,0,0,0,0,0,0,0,0,0,0,0,0,0],"X_COUNT":[1,2,3,4,5,6,7,9,10,13,15,16,19,28,29]},"QUANTITY_DISTRIBUTION":{"CATEGORY":"Quantity","MIN_VALUE":1,"P10_VALUE":2,"P25_VALUE":12,"MEDIAN_VALUE":12,"P75_VALUE":24,"P90_VALUE":48,"MAX_VALUE":60},"REFILLS_DISTRIBUTION":{"CATEGORY":"Refills","MIN_VALUE":0,"P10_VALUE":0,"P25_VALUE":0,"MEDIAN_VALUE":3,"P75_VALUE":6,"P90_VALUE":12,"MAX_VALUE":25}}
