{"AGE_AT_FIRST_EXPOSURE":{"CATEGORY":["FEMALE","MALE"],"MIN_VALUE":[20,15],"P10_VALUE":[33,29],"P25_VALUE":[42,36],"MEDIAN_VALUE":[57,48],"P75_VALUE":[69,63],"P90_VALUE":[79,72],"MAX_VALUE":[91,88]},"DAYS_SUPPLY_DISTRIBUTION":{"CATEGORY":"Days supply","MIN_VALUE":7,"P10_VALUE":28,"P25_VALUE":30,"MEDIAN_VALUE":30,"P75_VALUE":30,"P90_VALUE":30,"MAX_VALUE":100},"DRUGS_BY_TYPE":{"CONCEPT_NAME":"Prescription written","COUNT_VALUE":4092},"PREVALENCE_BY_GENDER_AGE_YEAR":{"TRELLIS_NAME":["40-49","70-79","50-59","60-69","30-39","40-49","40-49","40-49","50-59","30-39","50-59","60-69","70-79","60-69","50-59","40-49","40-49","70-79","60-69","30-39","20-29","50-59","60-69","30-39","50-59","60-69","60-69","70-79","70-79","50-59","40-49","30-39","40-49","50-59","50-59","30-39","70-79","40-49","60-69","70-79","60-69","30-39","60-69","70-79","50-59","80-89","60-69","50-59","40-49"],"SERIES_NAME":["MALE","FEMALE","MALE","MALE","MALE","FEMALE","MALE","FEMALE","FEMALE","MALE","MALE","MALE","FEMALE","FEMALE","FEMALE","MALE","FEMALE","FEMALE","MALE","FEMALE","MALE","MALE","FEMALE","MALE","FEMALE","FEMALE","MALE","MALE","FEMALE","MALE","MALE","MALE","FEMALE","MALE","FEMALE","MALE","MALE","MALE","FEMALE","FEMALE","MALE","MALE","FEMALE","FEMALE","MALE","FEMALE","MALE","FEMALE","MALE"],"X_CALENDAR_YEAR":[1998,1998,1998,1998,1998,1998,1999,1999,1999,1999,1999,1999,1999,1999,2000,2000,2000,2000,2000,2000,2000,2000,2000,2000,2001,2001,2001,2001,2001,2001,2001,2001,2001,2002,2002,2002,2002,2002,2002,2002,2002,2003,2003,2003,2003,2003,2003,2003,2003],"Y_PREVALENCE_1000PP":[0.07701,0.10768,0.10698,0.10289,0.05751,0.06006,0.0723,0.06172,0.05207,0.06068,0.0722,0.12183,0.10818,0.08857,0.04594,0.0409,0.04295,0.09531,0.09512,0.03081,0.03425,0.06702,0.12356,0.05593,0.04431,0.07881,0.07445,0.0608,0.06941,0.0474,0.04346,0.04395,0.03732,0.0567,0.05059,0.03605,0.06856,0.05141,0.04241,0.05584,0.05933,0.02008,0.02941,0.04164,0.04627,0.05443,0.05975,0.04395,0.04122]},"PREVALENCE_BY_MONTH":{"X_CALENDAR_MONTH":[199510,199512,199601,199602,199603,199604,199605,199606,199607,199608,199609,199610,199611,199612,199701,199702,199703,199704,199705,199706,199707,199708,199709,199710,199711,199712,199801,199802,199803,199804,199805,199806,199807,199808,199809,199810,199811,199812,199901,199902,199903,199904,199905,199906,199907,199908,199909,199910,199911,199912,200001,200002,200003,200004,200005,200006,200007,200008,200009,200010,200011,200012,200101,200102,200103,200104,200105,200106,200107,200108,200109,200110,200111,200112,200201,200202,200203,200204,200205,200206,200207,200208,200209,200210,200211,200212,200301,200302,200303,200304,200305,200306,200307,200308,200309],"Y_PREVALENCE_1000PP":[0.06367,0.06044,0.03753,0.03326,0.02472,0.03523,0.02226,0.01857,0.02712,0.0227,0.02031,0.02528,0.02203,0.01865,0.01346,0.01391,0.01498,0.01436,0.0129,0.01092,0.01795,0.00937,0.01531,0.01013,0.01178,0.00677,0.02022,0.01253,0.02232,0.01866,0.01784,0.01781,0.01986,0.01633,0.02818,0.02384,0.03163,0.02846,0.02896,0.02892,0.02589,0.02592,0.02552,0.02924,0.02239,0.0239,0.02507,0.02308,0.02719,0.02721,0.02475,0.02424,0.02379,0.02391,0.02366,0.0249,0.02373,0.02593,0.02256,0.0216,0.02218,0.01992,0.02246,0.02028,0.01832,0.02192,0.01917,0.01913,0.01852,0.01745,0.0168,0.01863,0.0175,0.01702,0.01613,0.01657,0.01752,0.01926,0.01691,0.01627,0.01837,0.01776,0.01438,0.01748,0.01635,0.01717,0.01699,0.01637,0.01683,0.0152,0.01541,0.00961,0.00412,0.00231,0.00204]},"DRUG_FREQUENCY_DISTRIBUTION":{"Y_NUM_PERSONS":[0,0,0,0,0,0,0,0,0,0,0,0,0,0,0,0,0,0,0,0,0,0,0,0,0,0,0,0,0,0,0,0,0,0,0,0,0,0,0,0,0,0,0,0,0,0,0,0,0,0,0,0,0,0,0],"X_COUNT":[1,2,3,4,5,6,7,8,9,10,11,12,13,14,15,16,17,19,20,21,22,23,24,25,26,27,28,29,31,32,34,35,37,38,39,40,41,42,43,44,46,48,50,51,54,57,58,60,61,62,63,65,66,71,74]},"QUANTITY_DISTRIBUTION":{"CATEGORY":"Quantity","MIN_VALUE":0,"P10_VALUE":28,"P25_VALUE":30,"MEDIAN_VALUE":56,"P75_VALUE":60,"P90_VALUE":100,"MAX_VALUE":504},"REFILLS_DISTRIBUTION":{"CATEGORY":"Refills","MIN_VALUE":0,"P10_VALUE":3,"P25_VALUE":6,"MEDIAN_VALUE":6,"P75_VALUE":12,"P90_VALUE":30,"MAX_VALUE":611}}
