{"AGE_AT_FIRST_EXPOSURE":{"CATEGORY":["FEMALE","MALE"],"MIN_VALUE":[5,5],"P10_VALUE":[8,8],"P25_VALUE":[9,9],"MEDIAN_VALUE":[12,11],"P75_VALUE":[16,14],"P90_VALUE":[25,17],"MAX_VALUE":[66,60]},"DAYS_SUPPLY_DISTRIBUTION":{"CATEGORY":"Days supply","MIN_VALUE":7,"P10_VALUE":7,"P25_VALUE":28,"MEDIAN_VALUE":28,"P75_VALUE":28,"P90_VALUE":28,"MAX_VALUE":28},"DRUGS_BY_TYPE":{"CONCEPT_NAME":"Prescription written","COUNT_VALUE":15423},"PREVALENCE_BY_GENDER_AGE_YEAR":{"TRELLIS_NAME":["0-9","10-19","10-19","10-19","0-9","0-9","0-9","10-19","10-19","10-19","0-9","10-19","0-9","10-19","0-9","10-19","0-9","0-9","20-29","10-19","10-19","0-9","10-19","10-19","0-9","0-9","0-9","10-19","20-29","10-19","0-9","0-9","20-29","10-19","10-19","10-19","10-19","0-9","0-9","20-29","0-9","20-29","10-19","20-29","10-19","0-9","20-29","0-9","10-19","10-19","20-29","0-9","10-19","0-9","20-29","20-29","10-19","0-9","0-9","10-19","10-19","20-29","0-9","20-29","10-19","0-9","20-29","10-19","10-19","20-29","0-9","10-19"],"SERIES_NAME":["MALE","MALE","MALE","FEMALE","MALE","FEMALE","MALE","MALE","FEMALE","FEMALE","FEMALE","MALE","MALE","FEMALE","FEMALE","MALE","MALE","MALE","MALE","FEMALE","MALE","FEMALE","FEMALE","MALE","MALE","MALE","FEMALE","MALE","MALE","FEMALE","FEMALE","MALE","MALE","FEMALE","MALE","FEMALE","MALE","MALE","FEMALE","MALE","FEMALE","FEMALE","MALE","MALE","FEMALE","MALE","FEMALE","FEMALE","FEMALE","MALE","MALE","MALE","MALE","FEMALE","MALE","FEMALE","FEMALE","MALE","FEMALE","FEMALE","MALE","MALE","MALE","FEMALE","MALE","MALE","MALE","FEMALE","FEMALE","MALE","MALE","MALE"],"X_CALENDAR_YEAR":[2004,2004,2005,2005,2005,2005,2006,2006,2006,2007,2007,2007,2007,2008,2008,2008,2008,2009,2009,2009,2009,2010,2010,2010,2010,2011,2011,2011,2011,2011,2012,2012,2012,2012,2012,2013,2013,2013,2013,2013,2014,2014,2014,2014,2014,2014,2015,2015,2015,2015,2015,2015,2016,2016,2016,2016,2016,2016,2017,2017,2017,2017,2017,2017,2018,2018,2018,2018,2019,2019,2019,2019],"Y_PREVALENCE_1000PP":[0.05639,0.08304,0.19116,0.05303,0.15497,0.03446,0.13371,0.27476,0.03477,0.07158,0.02686,0.36154,0.16618,0.06878,0.02917,0.37187,0.16664,0.11536,0.01843,0.08793,0.4456,0.03422,0.10738,0.44138,0.13073,0.11761,0.02697,0.4753,0.02056,0.12768,0.04439,0.09334,0.02312,0.1341,0.48621,0.10704,0.44343,0.15169,0.03536,0.03353,0.03428,0.02098,0.49216,0.05515,0.11637,0.11602,0.02031,0.03419,0.14857,0.55102,0.04864,0.10424,0.51991,0.03659,0.04366,0.02087,0.14021,0.13947,0.02719,0.15371,0.55063,0.05674,0.13405,0.02725,0.60456,0.1391,0.06925,0.12292,0.05319,0.05332,0.06066,0.34045]},"PREVALENCE_BY_MONTH":{"X_CALENDAR_MONTH":[200409,200410,200411,200412,200501,200502,200503,200504,200505,200506,200507,200508,200509,200510,200511,200512,200601,200602,200603,200604,200605,200606,200607,200608,200609,200610,200611,200612,200701,200702,200703,200704,200705,200706,200707,200708,200709,200710,200711,200712,200801,200802,200803,200804,200805,200806,200807,200808,200809,200810,200811,200812,200901,200902,200903,200904,200905,200906,200907,200908,200909,200910,200911,200912,201001,201002,201003,201004,201005,201006,201007,201008,201009,201010,201011,201012,201101,201102,201103,201104,201105,201106,201107,201108,201109,201110,201111,201112,201201,201202,201203,201204,201205,201206,201207,201208,201209,201210,201211,201212,201301,201302,201303,201304,201305,201306,201307,201308,201309,201310,201311,201312,201401,201402,201403,201404,201405,201406,201407,201408,201409,201410,201411,201412,201501,201502,201503,201504,201505,201506,201507,201508,201509,201510,201511,201512,201601,201602,201603,201604,201605,201606,201607,201608,201609,201610,201611,201612,201701,201702,201703,201704,201705,201706,201707,201708,201709,201710,201711,201712,201801,201802,201803,201804,201805,201806,201807,201808,201809,201810,201811,201812,201901,201902,201903],"Y_PREVALENCE_1000PP":[0.00278,0.00207,0.0039,0.00688,0.00521,0.00678,0.00543,0.00699,0.00675,0.00762,0.00911,0.0071,0.00856,0.00614,0.00941,0.00766,0.00887,0.00651,0.00888,0.00517,0.00859,0.00983,0.00898,0.01001,0.00828,0.01013,0.01218,0.01091,0.01101,0.0114,0.0118,0.01402,0.01371,0.01379,0.01528,0.01728,0.01375,0.01515,0.01659,0.01405,0.01646,0.01417,0.01459,0.01318,0.01529,0.01364,0.01626,0.01416,0.01654,0.01688,0.01686,0.01571,0.01565,0.01509,0.01694,0.01626,0.01697,0.01639,0.01655,0.01545,0.01596,0.01337,0.01586,0.01464,0.0159,0.01671,0.01655,0.01579,0.01487,0.01604,0.01432,0.01373,0.01614,0.01527,0.01855,0.01651,0.01776,0.01681,0.01855,0.01721,0.02194,0.01896,0.01908,0.02033,0.02113,0.0189,0.0197,0.01933,0.01765,0.01728,0.0209,0.01963,0.02112,0.01637,0.01877,0.0187,0.01831,0.01762,0.01939,0.01748,0.0178,0.01768,0.01907,0.01647,0.02024,0.02043,0.02168,0.01986,0.01927,0.01889,0.02165,0.01862,0.02082,0.01794,0.01991,0.02011,0.01973,0.02034,0.02213,0.01974,0.02121,0.02063,0.02063,0.02261,0.01992,0.01776,0.02179,0.01989,0.02183,0.02296,0.02158,0.01978,0.02069,0.02211,0.02153,0.02115,0.0183,0.02388,0.02293,0.02274,0.0215,0.02367,0.02415,0.02404,0.0252,0.02281,0.02464,0.02738,0.02602,0.0252,0.02495,0.02595,0.02482,0.02652,0.02369,0.02649,0.02569,0.02546,0.02382,0.02314,0.02499,0.02503,0.0244,0.02346,0.02252,0.02479,0.02018,0.02036,0.01853,0.02051,0.02332,0.02236,0.02198,0.02213,0.02015]},"DRUG_FREQUENCY_DISTRIBUTION":{"Y_NUM_PERSONS":[0,0,0,0,0,0,0,0,0,0,0,0,0,0,0,0,0,0,0,0,0,0,0,0,0,0,0,0,0,0,0,0,0,0,0,0,0,0,0,0,0,0,0,0,0,0,0,0,0,0,0,0,0,0,0,0,0,0,0,0,0,0,0,0,0,0,0,0,0,0,0],"X_COUNT":[1,2,3,4,5,6,7,8,9,10,11,12,13,14,15,16,17,18,19,20,21,22,23,24,25,26,27,28,29,30,31,32,33,34,35,36,37,39,40,41,42,43,44,45,46,47,48,49,50,51,52,53,55,56,57,58,59,60,63,65,67,71,73,76,77,78,79,80,81,84,90]},"QUANTITY_DISTRIBUTION":{"CATEGORY":"Quantity","MIN_VALUE":0,"P10_VALUE":28,"P25_VALUE":28,"MEDIAN_VALUE":28,"P75_VALUE":56,"P90_VALUE":56,"MAX_VALUE":224},"REFILLS_DISTRIBUTION":{"CATEGORY":"Refills","MIN_VALUE":0,"P10_VALUE":0,"P25_VALUE":2,"MEDIAN_VALUE":4,"P75_VALUE":6,"P90_VALUE":12,"MAX_VALUE":9999}}
