{"AGE_AT_FIRST_EXPOSURE":{"CATEGORY":["MALE","FEMALE"],"MIN_VALUE":[14,13],"P10_VALUE":[24,26],"P25_VALUE":[38,35],"MEDIAN_VALUE":[52,49],"P75_VALUE":[65,64],"P90_VALUE":[81,79],"MAX_VALUE":[92,100]},"DAYS_SUPPLY_DISTRIBUTION":{"CATEGORY":[],"MIN_VALUE":[],"P10_VALUE":[],"P25_VALUE":[],"MEDIAN_VALUE":[],"P75_VALUE":[],"P90_VALUE":[],"MAX_VALUE":[]},"DRUGS_BY_TYPE":{"CONCEPT_NAME":"Prescription written","COUNT_VALUE":1371},"PREVALENCE_BY_GENDER_AGE_YEAR":{"TRELLIS_NAME":["20-29","50-59","40-49","30-39","70-79","50-59","40-49","60-69","80-89","10-19","50-59","70-79","90-99","80-89","70-79","50-59","20-29","10-19","80-89","30-39","20-29","30-39","60-69","60-69","40-49","40-49","40-49","80-89","30-39","60-69","60-69","20-29","50-59","50-59","70-79","40-49","70-79","40-49","20-29","70-79","50-59","30-39","80-89","60-69","20-29","60-69","40-49","50-59","40-49","40-49","50-59","50-59"],"SERIES_NAME":["FEMALE","FEMALE","FEMALE","FEMALE","FEMALE","MALE","MALE","FEMALE","FEMALE","FEMALE","FEMALE","MALE","FEMALE","FEMALE","FEMALE","MALE","MALE","MALE","MALE","MALE","FEMALE","FEMALE","MALE","FEMALE","FEMALE","MALE","FEMALE","FEMALE","FEMALE","FEMALE","MALE","FEMALE","MALE","FEMALE","FEMALE","MALE","MALE","MALE","FEMALE","FEMALE","FEMALE","FEMALE","FEMALE","MALE","MALE","FEMALE","FEMALE","MALE","MALE","FEMALE","FEMALE","MALE"],"X_CALENDAR_YEAR":[2012,2012,2012,2012,2012,2012,2012,2012,2012,2013,2013,2013,2013,2013,2013,2013,2013,2013,2013,2013,2013,2013,2013,2013,2013,2013,2014,2014,2014,2014,2014,2014,2014,2014,2014,2014,2014,2015,2015,2015,2015,2015,2015,2015,2015,2015,2015,2015,2016,2016,2016,2016],"Y_PREVALENCE_1000PP":[0.02709,0.051,0.07836,0.03234,0.04904,0.02366,0.01337,0.03964,0.07585,0.02919,0.15272,0.0496,0.14188,0.11835,0.09616,0.04913,0.01805,0.02141,0.16374,0.04444,0.09866,0.1363,0.06253,0.12447,0.1472,0.04292,0.10105,0.08781,0.06569,0.08675,0.01988,0.05769,0.03211,0.08153,0.07628,0.01468,0.05077,0.02752,0.02902,0.03905,0.0526,0.06331,0.06398,0.02525,0.02128,0.03493,0.05383,0.04029,0.02002,0.03102,0.03081,0.02697]},"PREVALENCE_BY_MONTH":{"X_CALENDAR_MONTH":[201204,201205,201206,201207,201208,201209,201210,201211,201212,201301,201302,201303,201304,201305,201306,201307,201308,201309,201310,201311,201312,201401,201402,201403,201404,201405,201406,201407,201408,201409,201410,201411,201412,201501,201502,201503,201504,201505,201506,201507,201508,201509,201510,201511,201512,201601,201602,201603,201604,201605,201607,201611],"Y_PREVALENCE_1000PP":[0.00182,0.00419,0.00145,0.00146,0.00472,0.00272,0.00363,0.00311,0.00589,0.00532,0.01031,0.00926,0.01203,0.00854,0.00706,0.00704,0.0039,0.00685,0.00673,0.00998,0.00634,0.00802,0.00592,0.00593,0.00728,0.00536,0.00581,0.00392,0.00237,0.00238,0.00263,0.00388,0.00394,0.00457,0.00397,0.00475,0.00346,0.00303,0.0036,0.00292,0.00157,0.00157,0.00209,0.00402,0.00394,0.00223,0.00174,0.00199,0.003,0.00177,0.00158,0.00164]},"DRUG_FREQUENCY_DISTRIBUTION":{"Y_NUM_PERSONS":[0,0,0,0,0,0,0,0,0,0,0],"X_COUNT":[1,2,3,4,5,6,7,8,9,10,13]},"QUANTITY_DISTRIBUTION":{"CATEGORY":"Quantity","MIN_VALUE":1,"P10_VALUE":1,"P25_VALUE":8,"MEDIAN_VALUE":10,"P75_VALUE":12,"P90_VALUE":20,"MAX_VALUE":60},"REFILLS_DISTRIBUTION":{"CATEGORY":"Refills","MIN_VALUE":0,"P10_VALUE":0,"P25_VALUE":0,"MEDIAN_VALUE":0,"P75_VALUE":2,"P90_VALUE":5,"MAX_VALUE":99}}
