{"AGE_AT_FIRST_EXPOSURE":{"CATEGORY":["MALE","FEMALE"],"MIN_VALUE":[20,17],"P10_VALUE":[35,34],"P25_VALUE":[42,45],"MEDIAN_VALUE":[54,60],"P75_VALUE":[70,77],"P90_VALUE":[79,84],"MAX_VALUE":[94,98]},"DAYS_SUPPLY_DISTRIBUTION":{"CATEGORY":"Days supply","MIN_VALUE":14,"P10_VALUE":28,"P25_VALUE":28,"MEDIAN_VALUE":28,"P75_VALUE":28,"P90_VALUE":60,"MAX_VALUE":60},"DRUGS_BY_TYPE":{"CONCEPT_NAME":"Prescription written","COUNT_VALUE":5967},"PREVALENCE_BY_GENDER_AGE_YEAR":{"TRELLIS_NAME":["40-49","50-59","80-89","80-89","70-79","40-49","70-79","80-89","40-49","60-69","40-49","50-59","70-79","70-79","60-69","80-89","80-89","60-69","70-79","50-59","70-79","60-69","30-39","40-49","70-79","60-69","30-39","50-59","60-69","40-49","80-89","70-79","80-89","60-69","50-59","60-69","40-49","60-69","70-79","50-59","60-69","60-69","50-59","40-49","50-59","70-79","50-59","70-79","80-89","60-69","40-49","40-49","60-69","50-59","60-69","70-79","30-39","40-49","80-89","50-59","80-89","70-79","40-49","50-59","70-79","80-89","70-79"],"SERIES_NAME":["FEMALE","FEMALE","FEMALE","FEMALE","FEMALE","FEMALE","FEMALE","FEMALE","FEMALE","MALE","MALE","FEMALE","FEMALE","MALE","FEMALE","FEMALE","FEMALE","MALE","FEMALE","FEMALE","MALE","FEMALE","FEMALE","MALE","FEMALE","MALE","FEMALE","FEMALE","FEMALE","FEMALE","FEMALE","FEMALE","FEMALE","MALE","FEMALE","FEMALE","FEMALE","MALE","FEMALE","FEMALE","FEMALE","FEMALE","FEMALE","FEMALE","MALE","FEMALE","FEMALE","FEMALE","FEMALE","FEMALE","FEMALE","MALE","FEMALE","FEMALE","MALE","MALE","FEMALE","FEMALE","FEMALE","MALE","FEMALE","FEMALE","FEMALE","FEMALE","FEMALE","FEMALE","FEMALE"],"X_CALENDAR_YEAR":[1997,1997,1997,1998,1998,1998,1999,1999,2000,2000,2000,2000,2000,2000,2000,2000,2001,2001,2001,2001,2001,2001,2001,2001,2002,2002,2002,2002,2002,2002,2002,2003,2003,2003,2003,2003,2004,2004,2004,2004,2004,2005,2005,2005,2005,2005,2006,2006,2006,2006,2006,2007,2007,2007,2007,2007,2007,2007,2007,2007,2008,2008,2008,2008,2009,2009,2010],"Y_PREVALENCE_1000PP":[0.0914,0.10343,0.31121,0.18681,0.10768,0.06006,0.09736,0.16983,0.03222,0.06341,0.0409,0.05743,0.10397,0.06607,0.06178,0.18479,0.14322,0.06204,0.07635,0.03988,0.05211,0.07881,0.02424,0.02371,0.06825,0.03236,0.02154,0.03502,0.05831,0.0216,0.08681,0.06544,0.09072,0.03983,0.04761,0.02941,0.01787,0.03558,0.07141,0.03718,0.02628,0.02918,0.0291,0.02804,0.01884,0.05846,0.02818,0.03064,0.0621,0.03095,0.0212,0.01625,0.03108,0.02959,0.02455,0.04996,0.01519,0.03911,0.07218,0.02303,0.06252,0.03681,0.02366,0.02023,0.02736,0.04134,0.02722]},"PREVALENCE_BY_MONTH":{"X_CALENDAR_MONTH":[199605,199606,199607,199608,199609,199610,199611,199701,199702,199703,199704,199705,199706,199707,199708,199709,199710,199711,199712,199801,199802,199803,199804,199805,199806,199807,199808,199809,199810,199811,199812,199901,199902,199903,199904,199905,199906,199907,199908,199909,199910,199911,199912,200001,200002,200003,200004,200005,200006,200007,200008,200009,200010,200011,200012,200101,200102,200103,200104,200105,200106,200107,200108,200109,200110,200111,200112,200201,200202,200203,200204,200205,200206,200207,200208,200209,200210,200211,200212,200301,200302,200303,200304,200305,200306,200307,200308,200309,200310,200311,200312,200401,200402,200403,200404,200405,200406,200407,200408,200409,200410,200411,200412,200501,200502,200503,200504,200505,200506,200507,200508,200509,200510,200511,200512,200601,200602,200603,200604,200605,200606,200607,200608,200609,200610,200611,200612,200701,200702,200703,200704,200705,200706,200707,200708,200709,200710,200711,200712,200801,200802,200803,200804,200805,200806,200807,200808,200809,200810,200811,200812,200901,200902,200903,200904,200905,200906,200907,200908,200909,200910,200911,200912,201001,201002,201003,201004,201005,201006,201007,201008,201009,201010,201011,201012,201101,201102,201103,201104,201105,201106,201107,201108,201109,201110,201111,201112,201201,201202,201203,201204,201205,201206,201208,201209,201211,201212,201301,201302,201304],"Y_PREVALENCE_1000PP":[0.0167,0.01393,0.02504,0.01513,0.01477,0.01625,0.01356,0.0148,0.01012,0.01373,0.01077,0.01407,0.00765,0.01373,0.01354,0.01837,0.01723,0.01571,0.01547,0.01601,0.01253,0.01571,0.01217,0.01379,0.01457,0.01191,0.01322,0.01219,0.01341,0.01324,0.01168,0.01103,0.01479,0.01261,0.01102,0.01276,0.01271,0.01181,0.01042,0.01166,0.01239,0.0112,0.01089,0.01305,0.01526,0.01542,0.01304,0.0172,0.01477,0.01832,0.01605,0.0145,0.0152,0.01663,0.0168,0.0173,0.00941,0.01374,0.00974,0.01232,0.00973,0.0119,0.01228,0.01173,0.01024,0.01044,0.01003,0.01203,0.00959,0.01091,0.00977,0.01192,0.01021,0.01015,0.00901,0.00923,0.00995,0.00992,0.00939,0.00903,0.00819,0.00999,0.0097,0.00836,0.00831,0.00849,0.0077,0.00767,0.00891,0.00786,0.00934,0.00815,0.00739,0.00894,0.00809,0.00662,0.00775,0.00746,0.00744,0.00856,0.00553,0.00849,0.00711,0.0077,0.00701,0.00836,0.00745,0.00585,0.00784,0.00667,0.00909,0.00725,0.00768,0.00832,0.00766,0.00606,0.00759,0.0065,0.00732,0.00494,0.00705,0.00449,0.00597,0.00488,0.00549,0.00546,0.00567,0.00603,0.00643,0.00746,0.00701,0.00757,0.00974,0.00865,0.01065,0.00797,0.00866,0.00664,0.00644,0.00697,0.00679,0.00681,0.00562,0.00465,0.00538,0.00497,0.00497,0.00418,0.00474,0.00398,0.00416,0.00396,0.00377,0.00452,0.00359,0.00358,0.00396,0.0047,0.00283,0.00338,0.00377,0.00283,0.00304,0.0036,0.00285,0.00247,0.00266,0.0021,0.00267,0.00191,0.00267,0.00171,0.00226,0.00169,0.00206,0.00224,0.00187,0.00185,0.00222,0.00184,0.00184,0.00202,0.00183,0.00182,0.00145,0.00146,0.00164,0.00127,0.00127,0.00127,0.00127,0.00109,0.00164,0.00127,0.00127,0.00128,0.00147,0.0011,0.00111,0.00204]},"DRUG_FREQUENCY_DISTRIBUTION":{"Y_NUM_PERSONS":[0,0,0,0,0,0,0,0,0,0,0,0,0,0,0,0,0,0,0,0,0,0,0,0,0,0,0,0,0,0,0,0,0,0,0,0,0,0,0,0,0,0,0,0,0,0,0,0,0,0,0,0,0,0,0,0,0,0,0,0,0,0,0],"X_COUNT":[1,2,3,4,5,6,7,8,9,10,11,12,13,14,15,16,17,18,19,20,21,22,23,24,25,26,27,28,29,30,31,33,34,35,37,39,40,43,45,46,47,48,49,52,54,57,58,59,61,67,69,70,71,72,75,83,86,89,92,98,101,113,115]},"QUANTITY_DISTRIBUTION":{"CATEGORY":"Quantity","MIN_VALUE":0,"P10_VALUE":28,"P25_VALUE":28,"MEDIAN_VALUE":30,"P75_VALUE":56,"P90_VALUE":84,"MAX_VALUE":196},"REFILLS_DISTRIBUTION":{"CATEGORY":"Refills","MIN_VALUE":0,"P10_VALUE":0,"P25_VALUE":3,"MEDIAN_VALUE":6,"P75_VALUE":12,"P90_VALUE":15,"MAX_VALUE":122}}
