{"AGE_AT_FIRST_EXPOSURE":{"CATEGORY":["FEMALE","MALE"],"MIN_VALUE":[14,14],"P10_VALUE":[26,22],"P25_VALUE":[35,28],"MEDIAN_VALUE":[43,37],"P75_VALUE":[54,47],"P90_VALUE":[64,59],"MAX_VALUE":[87,74]},"DAYS_SUPPLY_DISTRIBUTION":{"CATEGORY":[],"MIN_VALUE":[],"P10_VALUE":[],"P25_VALUE":[],"MEDIAN_VALUE":[],"P75_VALUE":[],"P90_VALUE":[],"MAX_VALUE":[]},"DRUGS_BY_TYPE":{"CONCEPT_NAME":"Prescription written","COUNT_VALUE":5445},"PREVALENCE_BY_GENDER_AGE_YEAR":{"TRELLIS_NAME":["30-39","30-39","60-69","20-29","30-39","40-49","30-39","60-69","40-49","40-49","50-59","20-29","30-39","30-39","40-49","40-49","60-69","40-49","30-39","40-49","50-59","50-59","50-59","40-49","40-49","30-39","40-49","40-49","50-59","30-39","60-69","20-29","50-59","50-59","30-39","40-49","60-69","40-49","20-29","50-59","60-69","40-49","20-29","40-49","30-39","40-49","30-39","20-29","40-49","20-29","40-49","30-39","40-49","40-49","40-49"],"SERIES_NAME":["MALE","FEMALE","MALE","MALE","MALE","FEMALE","MALE","FEMALE","MALE","FEMALE","FEMALE","MALE","FEMALE","MALE","MALE","FEMALE","FEMALE","MALE","MALE","FEMALE","MALE","FEMALE","FEMALE","FEMALE","MALE","MALE","MALE","FEMALE","FEMALE","MALE","FEMALE","MALE","MALE","MALE","MALE","MALE","FEMALE","FEMALE","MALE","FEMALE","FEMALE","MALE","MALE","FEMALE","MALE","MALE","MALE","MALE","FEMALE","MALE","FEMALE","MALE","MALE","FEMALE","MALE"],"X_CALENDAR_YEAR":[2000,2001,2001,2001,2001,2001,2002,2002,2002,2002,2003,2003,2003,2003,2003,2003,2004,2004,2004,2004,2004,2004,2005,2005,2005,2005,2006,2006,2006,2006,2006,2006,2006,2007,2007,2007,2007,2007,2007,2008,2008,2008,2008,2008,2008,2009,2009,2009,2009,2010,2010,2010,2010,2011,2011],"Y_PREVALENCE_1000PP":[0.03442,0.02078,0.04343,0.0316,0.03719,0.03317,0.03305,0.03711,0.02742,0.0468,0.02197,0.02268,0.02647,0.02868,0.03805,0.04665,0.03504,0.03682,0.03745,0.02978,0.02298,0.02366,0.02263,0.01963,0.02928,0.03415,0.02261,0.01855,0.01879,0.02306,0.02708,0.01821,0.01825,0.01727,0.02457,0.02089,0.02418,0.01955,0.02793,0.01734,0.02312,0.02251,0.02137,0.01656,0.0171,0.01789,0.02212,0.01843,0.01872,0.01578,0.01855,0.01475,0.01554,0.01364,0.01749]},"PREVALENCE_BY_MONTH":{"X_CALENDAR_MONTH":[199804,199805,199806,199807,199808,199809,199810,199811,199812,199901,199902,199903,199904,199905,199906,199907,199908,199909,199910,199911,199912,200001,200002,200003,200004,200005,200006,200007,200008,200009,200010,200011,200012,200101,200102,200103,200104,200105,200106,200107,200108,200109,200110,200111,200112,200201,200202,200203,200204,200205,200206,200207,200208,200209,200210,200211,200212,200301,200302,200303,200304,200305,200306,200307,200308,200309,200310,200311,200312,200401,200402,200403,200404,200405,200406,200407,200408,200409,200410,200411,200412,200501,200502,200503,200504,200505,200506,200507,200508,200509,200510,200511,200512,200601,200602,200603,200604,200605,200606,200607,200608,200609,200610,200611,200612,200701,200702,200703,200704,200705,200706,200707,200708,200709,200710,200711,200712,200801,200802,200803,200804,200805,200806,200807,200808,200809,200810,200811,200812,200901,200902,200903,200904,200905,200906,200907,200908,200909,200910,200911,200912,201001,201002,201003,201004,201005,201006,201007,201008,201009,201010,201011,201012,201101,201102,201103,201104,201105,201106,201107,201108,201109,201110,201111,201112,201201,201202,201203,201204,201205,201206,201207,201208,201209,201210,201211,201212,201301,201302,201303,201304,201305,201306,201307,201308,201310,201404,201407,201411,201506],"Y_PREVALENCE_1000PP":[0.00568,0.00811,0.00729,0.0135,0.00855,0.00762,0.00745,0.00662,0.01022,0.00758,0.00672,0.00797,0.00648,0.00893,0.00699,0.00622,0.00613,0.00641,0.00845,0.008,0.00792,0.0081,0.00494,0.00661,0.00609,0.00688,0.00549,0.00541,0.00494,0.00483,0.0056,0.00554,0.00469,0.00552,0.00507,0.00564,0.00626,0.00582,0.00805,0.00727,0.00743,0.00824,0.00745,0.00675,0.00638,0.00675,0.00756,0.00632,0.00726,0.00776,0.00772,0.00932,0.00901,0.0095,0.00834,0.00804,0.00859,0.0077,0.00819,0.00947,0.00812,0.00809,0.00649,0.00875,0.00821,0.00715,0.00815,0.00836,0.00884,0.0084,0.00838,0.0087,0.00952,0.00781,0.00822,0.007,0.00883,0.00786,0.00806,0.00757,0.00711,0.00702,0.0061,0.00678,0.00541,0.0063,0.00672,0.00711,0.0071,0.00703,0.00746,0.00678,0.007,0.00627,0.00607,0.0065,0.00646,0.00752,0.00769,0.00641,0.0081,0.00764,0.0076,0.00651,0.0063,0.00831,0.00663,0.00766,0.00701,0.00635,0.00649,0.00523,0.00563,0.00538,0.0061,0.00546,0.00527,0.0062,0.00563,0.00525,0.00601,0.00619,0.00615,0.00574,0.00593,0.00456,0.00474,0.00512,0.00492,0.00471,0.00509,0.00471,0.00435,0.00396,0.00452,0.0047,0.0049,0.00432,0.00395,0.00396,0.00399,0.00378,0.00437,0.00476,0.00361,0.00362,0.0042,0.00439,0.00362,0.00361,0.00358,0.00337,0.00263,0.00318,0.0028,0.00371,0.00315,0.00295,0.00239,0.00239,0.00293,0.00255,0.00273,0.00219,0.00237,0.00218,0.00255,0.00273,0.00254,0.00273,0.00236,0.00146,0.002,0.00145,0.00163,0.00201,0.00147,0.00165,0.00166,0.00167,0.00185,0.00167,0.00167,0.00148,0.00148,0.00112,0.00115,0.00137,0.00123,0.00135]},"DRUG_FREQUENCY_DISTRIBUTION":{"Y_NUM_PERSONS":[0,0,0,0,0,0,0,0,0,0,0,0,0,0,0,0,0,0,0,0,0,0,0,0,0,0,0,0,0,0,0,0,0,0,0,0,0,0,0,0,0,0,0,0,0,0,0,0,0,0,0,0,0,0,0,0,0,0,0,0,0,0,0,0],"X_COUNT":[1,2,3,4,5,6,7,8,9,10,11,12,13,14,15,16,17,19,20,21,22,23,24,25,26,27,28,29,30,31,33,34,35,36,38,39,41,43,44,45,46,48,50,53,54,55,56,59,61,62,63,64,65,67,69,71,73,74,76,77,78,79,81,89]},"QUANTITY_DISTRIBUTION":{"CATEGORY":"Quantity","MIN_VALUE":1,"P10_VALUE":14,"P25_VALUE":28,"MEDIAN_VALUE":56,"P75_VALUE":56,"P90_VALUE":60,"MAX_VALUE":180},"REFILLS_DISTRIBUTION":{"CATEGORY":"Refills","MIN_VALUE":0,"P10_VALUE":3,"P25_VALUE":6,"MEDIAN_VALUE":6,"P75_VALUE":12,"P90_VALUE":12,"MAX_VALUE":99}}
