{"AGE_AT_FIRST_EXPOSURE":{"CATEGORY":["MALE","FEMALE"],"MIN_VALUE":[1,13],"P10_VALUE":[20,31],"P25_VALUE":[48,49],"MEDIAN_VALUE":[63,63],"P75_VALUE":[72,75],"P90_VALUE":[80,83],"MAX_VALUE":[91,99]},"DAYS_SUPPLY_DISTRIBUTION":{"CATEGORY":[],"MIN_VALUE":[],"P10_VALUE":[],"P25_VALUE":[],"MEDIAN_VALUE":[],"P75_VALUE":[],"P90_VALUE":[],"MAX_VALUE":[]},"DRUGS_BY_TYPE":{"CONCEPT_NAME":"Prescription written","COUNT_VALUE":3017},"PREVALENCE_BY_GENDER_AGE_YEAR":{"TRELLIS_NAME":["70-79","60-69","50-59","50-59","70-79","60-69","50-59","80-89","50-59","60-69","80-89","60-69","50-59","70-79","70-79","60-69","40-49","50-59","40-49","50-59","70-79","20-29","80-89","50-59","60-69","40-49","80-89","70-79","60-69","30-39","50-59","70-79","60-69","40-49","80-89","20-29","50-59","60-69","70-79","40-49","30-39","80-89","60-69","70-79","50-59","50-59"],"SERIES_NAME":["FEMALE","FEMALE","FEMALE","FEMALE","FEMALE","FEMALE","FEMALE","FEMALE","FEMALE","FEMALE","FEMALE","FEMALE","FEMALE","FEMALE","MALE","MALE","FEMALE","MALE","MALE","MALE","FEMALE","FEMALE","FEMALE","FEMALE","MALE","FEMALE","MALE","MALE","FEMALE","FEMALE","MALE","MALE","FEMALE","FEMALE","FEMALE","FEMALE","FEMALE","MALE","FEMALE","FEMALE","FEMALE","FEMALE","FEMALE","FEMALE","MALE","FEMALE"],"X_CALENDAR_YEAR":[2006,2008,2008,2009,2010,2010,2010,2011,2011,2011,2012,2012,2012,2012,2012,2012,2012,2012,2013,2013,2013,2013,2013,2013,2013,2013,2013,2013,2013,2014,2014,2014,2014,2014,2014,2014,2014,2014,2014,2015,2015,2015,2015,2015,2015,2015],"Y_PREVALENCE_1000PP":[0.03064,0.01982,0.01734,0.0172,0.02722,0.022,0.01964,0.04122,0.02438,0.03042,0.08275,0.06099,0.01879,0.06687,0.03559,0.03763,0.01844,0.0184,0.01581,0.0362,0.11802,0.0148,0.10442,0.0474,0.06253,0.03271,0.0614,0.03968,0.09108,0.02365,0.03211,0.06093,0.10603,0.03789,0.10245,0.02098,0.03533,0.04639,0.10769,0.01983,0.01727,0.05598,0.05939,0.06345,0.02303,0.01753]},"PREVALENCE_BY_MONTH":{"X_CALENDAR_MONTH":[200412,200603,200606,200609,200701,200702,200703,200706,200707,200708,200709,200710,200711,200712,200801,200802,200803,200804,200805,200806,200807,200808,200809,200810,200811,200812,200901,200902,200903,200904,200905,200906,200907,200908,200909,200910,200911,200912,201001,201002,201003,201004,201005,201006,201007,201008,201009,201010,201011,201012,201101,201102,201103,201104,201105,201106,201107,201108,201109,201110,201111,201112,201201,201202,201203,201204,201205,201206,201207,201208,201209,201210,201211,201212,201301,201302,201303,201304,201305,201306,201307,201308,201309,201310,201311,201312,201401,201402,201403,201404,201405,201406,201407,201408,201409,201410,201411,201412,201501,201502,201503,201504,201505,201506,201507,201508,201509,201510,201511,201512,201601,201603,201604],"Y_PREVALENCE_1000PP":[0.00138,0.00173,0.00192,0.00127,0.00166,0.00124,0.00166,0.00203,0.00201,0.00201,0.00159,0.00157,0.00156,0.00117,0.00116,0.00136,0.00136,0.00155,0.00155,0.00154,0.00191,0.00115,0.0019,0.00152,0.00152,0.00189,0.00207,0.00151,0.00188,0.00132,0.00245,0.00207,0.00301,0.00207,0.00225,0.00169,0.00302,0.00171,0.00246,0.0019,0.00133,0.00209,0.00191,0.00172,0.00115,0.00267,0.00209,0.00151,0.00206,0.00244,0.00299,0.00243,0.00297,0.00204,0.00277,0.00166,0.00275,0.00201,0.002,0.00254,0.00255,0.00255,0.00291,0.00236,0.00236,0.00273,0.00237,0.00218,0.00401,0.00472,0.00653,0.00599,0.00878,0.00754,0.00826,0.00884,0.00778,0.00833,0.01058,0.0091,0.00908,0.00928,0.01019,0.00954,0.00904,0.01075,0.01012,0.01107,0.01034,0.00977,0.00996,0.01163,0.01175,0.01066,0.0111,0.01072,0.01042,0.00975,0.00809,0.00585,0.00842,0.00843,0.00627,0.00855,0.00764,0.00674,0.00405,0.00233,0.0026,0.00221,0.00223,0.00199,0.0015]},"DRUG_FREQUENCY_DISTRIBUTION":{"Y_NUM_PERSONS":[0,0,0,0,0,0,0,0,0,0,0,0,0,0,0,0,0,0,0,0,0,0,0,0,0,0,0,0,0,0,0,0,0,0,0,0,0,0,0],"X_COUNT":[1,2,3,4,5,6,7,8,9,10,11,12,14,15,16,17,18,19,20,21,22,23,24,26,27,28,29,30,31,32,34,35,36,38,42,44,45,48,55]},"QUANTITY_DISTRIBUTION":{"CATEGORY":"Quantity","MIN_VALUE":0,"P10_VALUE":12,"P25_VALUE":18,"MEDIAN_VALUE":30,"P75_VALUE":56,"P90_VALUE":120,"MAX_VALUE":900},"REFILLS_DISTRIBUTION":{"CATEGORY":"Refills","MIN_VALUE":0,"P10_VALUE":0,"P25_VALUE":1,"MEDIAN_VALUE":6,"P75_VALUE":7,"P90_VALUE":12,"MAX_VALUE":99}}
