{"AGE_AT_FIRST_EXPOSURE":{"CATEGORY":["MALE","FEMALE"],"MIN_VALUE":[2,1],"P10_VALUE":[13,17],"P25_VALUE":[29,30],"MEDIAN_VALUE":[45,48],"P75_VALUE":[65,67],"P90_VALUE":[75,80],"MAX_VALUE":[98,95]},"DAYS_SUPPLY_DISTRIBUTION":{"CATEGORY":[],"MIN_VALUE":[],"P10_VALUE":[],"P25_VALUE":[],"MEDIAN_VALUE":[],"P75_VALUE":[],"P90_VALUE":[],"MAX_VALUE":[]},"DRUGS_BY_TYPE":{"CONCEPT_NAME":"Prescription written","COUNT_VALUE":624},"PREVALENCE_BY_GENDER_AGE_YEAR":{"TRELLIS_NAME":"40-49","SERIES_NAME":"MALE","X_CALENDAR_YEAR":2011,"Y_PREVALENCE_1000PP":0.01312},"PREVALENCE_BY_MONTH":{"X_CALENDAR_MONTH":[200602,200610,200706,200808,201004,201005,201006,201010,201103,201104,201105,201106,201107,201109,201111,201201,201202,201203,201204,201205,201207],"Y_PREVALENCE_1000PP":[0.00152,0.00127,0.00122,0.00134,0.00114,0.00133,0.00115,0.00132,0.00148,0.00148,0.00111,0.00129,0.00128,0.00109,0.00146,0.00127,0.00109,0.00127,0.00164,0.00146,0.00109]},"DRUG_FREQUENCY_DISTRIBUTION":{"Y_NUM_PERSONS":[0,0,0,0,0,0,0,0,0,0,0,0],"X_COUNT":[1,2,3,4,5,6,7,8,11,12,13,15]},"QUANTITY_DISTRIBUTION":{"CATEGORY":"Quantity","MIN_VALUE":1,"P10_VALUE":70,"P25_VALUE":70,"MEDIAN_VALUE":70,"P75_VALUE":70,"P90_VALUE":70,"MAX_VALUE":280},"REFILLS_DISTRIBUTION":{"CATEGORY":"Refills","MIN_VALUE":0,"P10_VALUE":0,"P25_VALUE":0,"MEDIAN_VALUE":0,"P75_VALUE":6,"P90_VALUE":6,"MAX_VALUE":12}}
