{"AGE_AT_FIRST_EXPOSURE":{"CATEGORY":"MALE","MIN_VALUE":29,"P10_VALUE":45,"P25_VALUE":54,"MEDIAN_VALUE":63,"P75_VALUE":69,"P90_VALUE":76,"MAX_VALUE":84},"DAYS_SUPPLY_DISTRIBUTION":{"CATEGORY":[],"MIN_VALUE":[],"P10_VALUE":[],"P25_VALUE":[],"MEDIAN_VALUE":[],"P75_VALUE":[],"P90_VALUE":[],"MAX_VALUE":[]},"DRUGS_BY_TYPE":{"CONCEPT_NAME":"Prescription written","COUNT_VALUE":384},"PREVALENCE_BY_GENDER_AGE_YEAR":{"TRELLIS_NAME":["60-69","70-79","50-59","40-49","60-69","70-79","70-79","60-69","60-69","50-59","70-79","50-59","70-79","60-69","50-59","60-69"],"SERIES_NAME":["MALE","MALE","MALE","MALE","MALE","MALE","MALE","MALE","MALE","MALE","MALE","MALE","MALE","MALE","MALE","MALE"],"X_CALENDAR_YEAR":[1998,1998,1998,1998,1999,1999,2000,2000,2001,2001,2001,2002,2002,2004,2005,2010],"Y_PREVALENCE_1000PP":[0.16168,0.11967,0.09628,0.05776,0.15229,0.13889,0.06607,0.10304,0.06824,0.03447,0.07817,0.02268,0.07617,0.04003,0.02198,0.02565]},"PREVALENCE_BY_MONTH":{"X_CALENDAR_MONTH":[199809,199810,199909,199910,199911,200010,200012,200102,200105,200203,200301],"Y_PREVALENCE_1000PP":[0.00609,0.00596,0.00466,0.00338,0.00427,0.0024,0.00234,0.00217,0.0024,0.00172,0.00159]},"DRUG_FREQUENCY_DISTRIBUTION":{"Y_NUM_PERSONS":[0,0,0,0,0],"X_COUNT":[1,2,3,4,5]},"QUANTITY_DISTRIBUTION":{"CATEGORY":"Quantity","MIN_VALUE":1,"P10_VALUE":1,"P25_VALUE":2,"MEDIAN_VALUE":4,"P75_VALUE":6,"P90_VALUE":6,"MAX_VALUE":28},"REFILLS_DISTRIBUTION":{"CATEGORY":"Refills","MIN_VALUE":0,"P10_VALUE":0,"P25_VALUE":0,"MEDIAN_VALUE":0,"P75_VALUE":6,"P90_VALUE":12,"MAX_VALUE":50}}
