{"AGE_AT_FIRST_EXPOSURE":{"CATEGORY":["MALE","FEMALE"],"MIN_VALUE":[8,8],"P10_VALUE":[16,14],"P25_VALUE":[39,38],"MEDIAN_VALUE":[50,54],"P75_VALUE":[61,62],"P90_VALUE":[70,68],"MAX_VALUE":[76,77]},"DAYS_SUPPLY_DISTRIBUTION":{"CATEGORY":"Days supply","MIN_VALUE":28,"P10_VALUE":28,"P25_VALUE":28,"MEDIAN_VALUE":28,"P75_VALUE":28,"P90_VALUE":28,"MAX_VALUE":28},"DRUGS_BY_TYPE":{"CONCEPT_NAME":"Prescription written","COUNT_VALUE":475},"PREVALENCE_BY_GENDER_AGE_YEAR":{"TRELLIS_NAME":[],"SERIES_NAME":[],"X_CALENDAR_YEAR":[],"Y_PREVALENCE_1000PP":[]},"PREVALENCE_BY_MONTH":{"X_CALENDAR_MONTH":[201205,201208,201209,201210,201211,201212,201301,201302,201303,201304,201305,201306,201307,201308,201309,201310,201312,201401,201403,201505,201701],"Y_PREVALENCE_1000PP":[0.00109,0.00127,0.00109,0.00182,0.00165,0.00221,0.00128,0.00147,0.00148,0.00167,0.0013,0.00241,0.0013,0.00186,0.00185,0.00168,0.00154,0.00153,0.00172,0.0013,0.00164]},"DRUG_FREQUENCY_DISTRIBUTION":{"Y_NUM_PERSONS":[0,0,0,0,0,0,0,0,0,0,0,0,0,0,0,0,0,0],"X_COUNT":[1,2,3,4,5,6,7,8,11,12,13,15,17,18,19,20,22,23]},"QUANTITY_DISTRIBUTION":{"CATEGORY":"Quantity","MIN_VALUE":7,"P10_VALUE":28,"P25_VALUE":28,"MEDIAN_VALUE":30,"P75_VALUE":56,"P90_VALUE":84,"MAX_VALUE":180},"REFILLS_DISTRIBUTION":{"CATEGORY":"Refills","MIN_VALUE":0,"P10_VALUE":1,"P25_VALUE":3,"MEDIAN_VALUE":6,"P75_VALUE":12,"P90_VALUE":24,"MAX_VALUE":99}}
