{"AGE_AT_FIRST_EXPOSURE":{"CATEGORY":["MALE","FEMALE"],"MIN_VALUE":[5,10],"P10_VALUE":[14,16],"P25_VALUE":[26,29],"MEDIAN_VALUE":[37,44],"P75_VALUE":[55,62],"P90_VALUE":[71,76],"MAX_VALUE":[91,93]},"DAYS_SUPPLY_DISTRIBUTION":{"CATEGORY":"Days supply","MIN_VALUE":28,"P10_VALUE":28,"P25_VALUE":28,"MEDIAN_VALUE":28,"P75_VALUE":56,"P90_VALUE":56,"MAX_VALUE":56},"DRUGS_BY_TYPE":{"CONCEPT_NAME":"Prescription written","COUNT_VALUE":3481},"PREVALENCE_BY_GENDER_AGE_YEAR":{"TRELLIS_NAME":["30-39","40-49","30-39","40-49","10-19","70-79","40-49","70-79","60-69","30-39","70-79","50-59","70-79","60-69","30-39","10-19","50-59","10-19","30-39","50-59","10-19","20-29","70-79","30-39","50-59","30-39","50-59","30-39","20-29","30-39","50-59","20-29","60-69","70-79","10-19","50-59","30-39","50-59","30-39","70-79"],"SERIES_NAME":["FEMALE","MALE","FEMALE","MALE","FEMALE","FEMALE","MALE","FEMALE","MALE","FEMALE","FEMALE","MALE","MALE","MALE","MALE","MALE","FEMALE","MALE","MALE","MALE","FEMALE","MALE","MALE","FEMALE","MALE","MALE","MALE","FEMALE","FEMALE","MALE","FEMALE","MALE","MALE","FEMALE","FEMALE","FEMALE","MALE","FEMALE","MALE","FEMALE"],"X_CALENDAR_YEAR":[2009,2010,2010,2011,2012,2012,2012,2013,2013,2013,2014,2014,2014,2014,2014,2014,2015,2015,2015,2015,2015,2016,2016,2016,2016,2016,2017,2017,2017,2017,2017,2018,2018,2018,2018,2018,2018,2019,2019,2019],"Y_PREVALENCE_1000PP":[0.01766,0.01332,0.01757,0.0153,0.01962,0.03121,0.01559,0.0306,0.02189,0.01487,0.02692,0.02141,0.03046,0.0232,0.01841,0.01943,0.02045,0.02473,0.03169,0.0259,0.02229,0.02183,0.03808,0.02024,0.03371,0.03724,0.02233,0.03673,0.02335,0.04062,0.02644,0.03693,0.03865,0.0614,0.03741,0.04244,0.05746,0.02753,0.04217,0.04333]},"PREVALENCE_BY_MONTH":{"X_CALENDAR_MONTH":[200707,200709,200711,200801,200804,200805,200806,200807,200808,200809,200810,200811,200812,200901,200902,200903,200904,200905,200906,200907,200908,200909,200910,200911,200912,201001,201002,201003,201004,201005,201006,201007,201008,201009,201010,201011,201012,201101,201102,201103,201104,201105,201106,201107,201108,201109,201110,201111,201112,201201,201202,201203,201204,201205,201206,201207,201208,201209,201210,201211,201212,201301,201302,201303,201304,201305,201306,201307,201308,201309,201310,201311,201312,201401,201402,201403,201404,201405,201406,201407,201408,201409,201410,201411,201412,201501,201502,201503,201504,201505,201506,201507,201508,201509,201510,201511,201512,201601,201602,201603,201604,201605,201606,201607,201608,201609,201610,201611,201612,201701,201702,201703,201704,201705,201706,201707,201708,201709,201710,201711,201712,201801,201802,201803,201804,201805,201806,201807,201808,201809,201810,201811,201812,201901,201902,201903],"Y_PREVALENCE_1000PP":[0.00121,0.00179,0.00117,0.00136,0.00136,0.00116,0.0025,0.00191,0.00172,0.00171,0.0019,0.00246,0.00265,0.00207,0.00113,0.00169,0.00265,0.00226,0.00245,0.0032,0.00245,0.003,0.00226,0.00283,0.00247,0.00284,0.00228,0.00266,0.00247,0.00267,0.00401,0.00248,0.00267,0.0038,0.00339,0.00319,0.00413,0.00336,0.00336,0.00464,0.00352,0.00516,0.0035,0.0033,0.00476,0.00346,0.00436,0.00438,0.00346,0.00418,0.00418,0.00309,0.00418,0.00382,0.00418,0.00346,0.00381,0.00272,0.00454,0.00421,0.00478,0.00404,0.0046,0.00444,0.00333,0.00427,0.00409,0.00463,0.00427,0.00482,0.0058,0.00358,0.0048,0.00477,0.0042,0.00632,0.00536,0.00536,0.00639,0.00627,0.00572,0.00654,0.00566,0.00592,0.00622,0.00643,0.00669,0.00647,0.00648,0.00584,0.0072,0.00742,0.00764,0.00832,0.00675,0.00686,0.00762,0.00717,0.00796,0.00748,0.00625,0.00835,0.0072,0.00893,0.00801,0.00697,0.00706,0.00821,0.00931,0.0063,0.007,0.00907,0.00684,0.00884,0.0067,0.00965,0.00706,0.00827,0.0077,0.00935,0.00761,0.01049,0.0102,0.01112,0.00988,0.0108,0.00775,0.00883,0.00891,0.00639,0.00944,0.00854,0.01052,0.00886,0.00958,0.0109]},"DRUG_FREQUENCY_DISTRIBUTION":{"Y_NUM_PERSONS":[0,0,0,0,0,0,0,0,0,0,0,0,0,0,0,0,0,0,0,0,0,0,0,0,0,0,0,0,0,0,0,0,0,0,0,0,0,0,0,0,0,0,0,0,0,0,0,0],"X_COUNT":[1,2,3,4,5,6,7,8,9,10,11,12,13,14,15,16,17,18,19,20,21,22,23,24,25,26,27,28,29,30,31,32,33,34,35,36,40,41,42,43,45,46,47,53,56,59,64,65]},"QUANTITY_DISTRIBUTION":{"CATEGORY":"Quantity","MIN_VALUE":0,"P10_VALUE":50,"P25_VALUE":56,"MEDIAN_VALUE":100,"P75_VALUE":112,"P90_VALUE":168,"MAX_VALUE":300},"REFILLS_DISTRIBUTION":{"CATEGORY":"Refills","MIN_VALUE":0,"P10_VALUE":0,"P25_VALUE":3,"MEDIAN_VALUE":6,"P75_VALUE":6,"P90_VALUE":12,"MAX_VALUE":999}}
