{"AGE_AT_FIRST_EXPOSURE":{"CATEGORY":["MALE","FEMALE"],"MIN_VALUE":[48,41],"P10_VALUE":[54,41],"P25_VALUE":[64,61],"MEDIAN_VALUE":[73,69],"P75_VALUE":[77,78],"P90_VALUE":[79,85],"MAX_VALUE":[84,88]},"DAYS_SUPPLY_DISTRIBUTION":{"CATEGORY":[],"MIN_VALUE":[],"P10_VALUE":[],"P25_VALUE":[],"MEDIAN_VALUE":[],"P75_VALUE":[],"P90_VALUE":[],"MAX_VALUE":[]},"DRUGS_BY_TYPE":{"CONCEPT_NAME":"Prescription written","COUNT_VALUE":450},"PREVALENCE_BY_GENDER_AGE_YEAR":{"TRELLIS_NAME":[],"SERIES_NAME":[],"X_CALENDAR_YEAR":[],"Y_PREVALENCE_1000PP":[]},"PREVALENCE_BY_MONTH":{"X_CALENDAR_MONTH":[201209,201210,201211,201212,201302,201303,201304,201305,201306,201307,201308,201309,201310,201311,201312,201401,201402,201403,201404,201405,201406,201407,201408,201409,201410,201411,201412,201501,201502,201503,201504,201505,201506,201507,201508],"Y_PREVALENCE_1000PP":[0.00127,0.00109,0.00128,0.00129,0.00111,0.0013,0.0013,0.00111,0.00186,0.00148,0.00186,0.00185,0.00131,0.00226,0.00173,0.00229,0.0021,0.00191,0.00172,0.00211,0.00233,0.00176,0.00178,0.00159,0.00162,0.00123,0.00145,0.00187,0.00188,0.00173,0.00151,0.00151,0.0018,0.0018,0.00135]},"DRUG_FREQUENCY_DISTRIBUTION":{"Y_NUM_PERSONS":[0,0,0,0,0,0,0,0,0,0,0,0,0,0,0,0,0,0],"X_COUNT":[1,3,4,5,6,7,9,10,11,14,15,16,17,19,22,24,26,27]},"QUANTITY_DISTRIBUTION":{"CATEGORY":"Quantity","MIN_VALUE":7,"P10_VALUE":28,"P25_VALUE":28,"MEDIAN_VALUE":28,"P75_VALUE":28,"P90_VALUE":28,"MAX_VALUE":56},"REFILLS_DISTRIBUTION":{"CATEGORY":"Refills","MIN_VALUE":0,"P10_VALUE":3,"P25_VALUE":6,"MEDIAN_VALUE":12,"P75_VALUE":12,"P90_VALUE":12,"MAX_VALUE":24}}
