{"AGE_AT_FIRST_EXPOSURE":{"CATEGORY":["MALE","FEMALE"],"MIN_VALUE":[39,30],"P10_VALUE":[51,50],"P25_VALUE":[59,59],"MEDIAN_VALUE":[66,66],"P75_VALUE":[77,77],"P90_VALUE":[82,83],"MAX_VALUE":[89,89]},"DAYS_SUPPLY_DISTRIBUTION":{"CATEGORY":"Days supply","MIN_VALUE":28,"P10_VALUE":28,"P25_VALUE":28,"MEDIAN_VALUE":28,"P75_VALUE":50,"P90_VALUE":60,"MAX_VALUE":84},"DRUGS_BY_TYPE":{"CONCEPT_NAME":"Prescription written","COUNT_VALUE":635},"PREVALENCE_BY_GENDER_AGE_YEAR":{"TRELLIS_NAME":["60-69","60-69","50-59","70-79","50-59","80-89","60-69","60-69"],"SERIES_NAME":["MALE","FEMALE","MALE","MALE","FEMALE","MALE","FEMALE","MALE"],"X_CALENDAR_YEAR":[1996,1996,1997,1997,1997,1997,1997,1997],"Y_PREVALENCE_1000PP":[0.34474,0.26071,0.10054,0.31796,0.08865,0.47037,0.22344,0.25441]},"PREVALENCE_BY_MONTH":{"X_CALENDAR_MONTH":[199601,199602,199603,199604,199605,199606,199607,199608,199609,199610,199611,199612,199701,199702,199703,199704,199705,199706,199707,199708,199709,199710,199711,199712,199801],"Y_PREVALENCE_1000PP":[0.04222,0.05405,0.04591,0.04804,0.05287,0.04179,0.05634,0.04351,0.03877,0.03973,0.03389,0.03899,0.03364,0.03035,0.0362,0.03591,0.03636,0.0295,0.02851,0.0302,0.0296,0.02432,0.01767,0.01547,0.00674]},"DRUG_FREQUENCY_DISTRIBUTION":{"Y_NUM_PERSONS":[0,0,0,0,0,0,0,0,0,0,0,0,0,0,0,0],"X_COUNT":[1,2,3,4,5,6,7,8,9,10,11,12,14,15,16,17]},"QUANTITY_DISTRIBUTION":{"CATEGORY":"Quantity","MIN_VALUE":0,"P10_VALUE":30,"P25_VALUE":60,"MEDIAN_VALUE":84,"P75_VALUE":120,"P90_VALUE":200,"MAX_VALUE":336},"REFILLS_DISTRIBUTION":{"CATEGORY":"Refills","MIN_VALUE":0,"P10_VALUE":0,"P25_VALUE":6,"MEDIAN_VALUE":6,"P75_VALUE":12,"P90_VALUE":12,"MAX_VALUE":99}}
