{"AGE_AT_FIRST_EXPOSURE":{"CATEGORY":["MALE","FEMALE"],"MIN_VALUE":[17,10],"P10_VALUE":[35,37],"P25_VALUE":[53,54],"MEDIAN_VALUE":[66,65],"P75_VALUE":[76,75],"P90_VALUE":[85,80],"MAX_VALUE":[89,88]},"DAYS_SUPPLY_DISTRIBUTION":{"CATEGORY":[],"MIN_VALUE":[],"P10_VALUE":[],"P25_VALUE":[],"MEDIAN_VALUE":[],"P75_VALUE":[],"P90_VALUE":[],"MAX_VALUE":[]},"DRUGS_BY_TYPE":{"CONCEPT_NAME":"Prescription written","COUNT_VALUE":476},"PREVALENCE_BY_GENDER_AGE_YEAR":{"TRELLIS_NAME":["60-69","70-79","60-69","60-69"],"SERIES_NAME":["FEMALE","FEMALE","FEMALE","FEMALE"],"X_CALENDAR_YEAR":[2016,2016,2017,2018],"Y_PREVALENCE_1000PP":[0.02516,0.03962,0.03351,0.04878]},"PREVALENCE_BY_MONTH":{"X_CALENDAR_MONTH":[201112,201201,201202,201203,201204,201205,201206,201207,201603,201604,201605,201606,201607,201608,201609,201610,201611,201701,201703,201705,201707,201709,201710,201711,201712,201801,201803,201804,201805,201806,201807,201808,201809,201810,201811,201812,201901,201902,201903],"Y_PREVALENCE_1000PP":[0.00164,0.00164,0.00182,0.00273,0.00164,0.002,0.00127,0.002,0.0015,0.00275,0.00202,0.00154,0.00184,0.0016,0.00295,0.00217,0.00164,0.00219,0.0017,0.002,0.00263,0.00177,0.00207,0.00211,0.00183,0.00278,0.00278,0.00216,0.00247,0.00279,0.00284,0.00573,0.00192,0.00326,0.0023,0.00428,0.00459,0.00396,0.00264]},"DRUG_FREQUENCY_DISTRIBUTION":{"Y_NUM_PERSONS":[0,0,0,0,0,0,0,0,0,0,0,0,0,0,0],"X_COUNT":[1,2,3,4,5,6,7,8,9,10,11,13,17,19,21]},"QUANTITY_DISTRIBUTION":{"CATEGORY":"Quantity","MIN_VALUE":10,"P10_VALUE":20,"P25_VALUE":20,"MEDIAN_VALUE":40,"P75_VALUE":100,"P90_VALUE":180,"MAX_VALUE":560},"REFILLS_DISTRIBUTION":{"CATEGORY":"Refills","MIN_VALUE":0,"P10_VALUE":0,"P25_VALUE":6,"MEDIAN_VALUE":12,"P75_VALUE":60,"P90_VALUE":99,"MAX_VALUE":99}}
