{"AGE_AT_FIRST_EXPOSURE":{"CATEGORY":["FEMALE","MALE"],"MIN_VALUE":[1,5],"P10_VALUE":[5,9],"P25_VALUE":[14,19],"MEDIAN_VALUE":[52,43],"P75_VALUE":[76,55],"P90_VALUE":[90,77],"MAX_VALUE":[97,92]},"DAYS_SUPPLY_DISTRIBUTION":{"CATEGORY":[],"MIN_VALUE":[],"P10_VALUE":[],"P25_VALUE":[],"MEDIAN_VALUE":[],"P75_VALUE":[],"P90_VALUE":[],"MAX_VALUE":[]},"DRUGS_BY_TYPE":{"CONCEPT_NAME":"Prescription written","COUNT_VALUE":907},"PREVALENCE_BY_GENDER_AGE_YEAR":{"TRELLIS_NAME":["0-9","0-9"],"SERIES_NAME":["FEMALE","FEMALE"],"X_CALENDAR_YEAR":[2013,2014],"Y_PREVALENCE_1000PP":[0.01768,0.0187]},"PREVALENCE_BY_MONTH":{"X_CALENDAR_MONTH":[201106,201109,201212,201302,201305,201306,201307,201308,201309,201310,201311,201312,201401,201402,201403,201404,201405,201406,201407,201408,201409,201410,201411,201412,201501,201502,201503,201504,201505,201506,201507,201509,201510,201512,201601,201602,201603,201605,201606,201708,201710,201712,201801,201802,201803,201804,201805,201806,201807,201808,201810,201811,201812,201902],"Y_PREVALENCE_1000PP":[0.00147,0.00109,0.0011,0.00129,0.00111,0.0013,0.0013,0.00167,0.00167,0.00187,0.00188,0.00134,0.00306,0.00153,0.0023,0.00287,0.00326,0.00213,0.00215,0.00178,0.00218,0.00243,0.00266,0.0027,0.00291,0.00313,0.00281,0.00281,0.00151,0.00248,0.00157,0.00247,0.00163,0.00197,0.00198,0.00174,0.0015,0.00152,0.00154,0.00177,0.00207,0.00183,0.00247,0.00185,0.00247,0.00247,0.00247,0.00217,0.00189,0.00191,0.00293,0.00197,0.00263,0.00231]},"DRUG_FREQUENCY_DISTRIBUTION":{"Y_NUM_PERSONS":[0,0,0,0,0,0,0,0,0,0,0,0,0,0,0,0,0,0,0,0,0,0,0,0,0,0],"X_COUNT":[1,2,3,4,5,6,7,8,9,10,11,13,14,15,17,18,20,21,22,23,25,26,27,28,32,35]},"QUANTITY_DISTRIBUTION":{"CATEGORY":"Quantity","MIN_VALUE":4,"P10_VALUE":14,"P25_VALUE":28,"MEDIAN_VALUE":56,"P75_VALUE":60,"P90_VALUE":120,"MAX_VALUE":224},"REFILLS_DISTRIBUTION":{"CATEGORY":"Refills","MIN_VALUE":0,"P10_VALUE":0,"P25_VALUE":3,"MEDIAN_VALUE":6,"P75_VALUE":7,"P90_VALUE":23,"MAX_VALUE":42}}
