{"AGE_AT_FIRST_EXPOSURE":{"CATEGORY":["FEMALE","MALE"],"MIN_VALUE":[28,18],"P10_VALUE":[45,43],"P25_VALUE":[57,53],"MEDIAN_VALUE":[69,62],"P75_VALUE":[76,72],"P90_VALUE":[83,80],"MAX_VALUE":[96,88]},"DAYS_SUPPLY_DISTRIBUTION":{"CATEGORY":[],"MIN_VALUE":[],"P10_VALUE":[],"P25_VALUE":[],"MEDIAN_VALUE":[],"P75_VALUE":[],"P90_VALUE":[],"MAX_VALUE":[]},"DRUGS_BY_TYPE":{"CONCEPT_NAME":"Prescription written","COUNT_VALUE":3062},"PREVALENCE_BY_GENDER_AGE_YEAR":{"TRELLIS_NAME":["70-79","50-59","50-59","50-59","60-69","60-69","70-79","50-59","50-59","60-69","60-69","40-49","70-79","60-69","50-59","80-89","60-69","40-49","40-49","70-79","70-79","70-79","60-69","40-49","50-59","70-79","60-69","60-69","70-79","70-79","60-69","60-69"],"SERIES_NAME":["FEMALE","MALE","FEMALE","MALE","FEMALE","MALE","FEMALE","MALE","FEMALE","FEMALE","MALE","MALE","FEMALE","MALE","FEMALE","MALE","FEMALE","FEMALE","MALE","FEMALE","FEMALE","MALE","MALE","FEMALE","FEMALE","FEMALE","MALE","FEMALE","FEMALE","FEMALE","MALE","FEMALE"],"X_CALENDAR_YEAR":[2004,2004,2005,2005,2005,2005,2005,2006,2006,2006,2006,2006,2006,2007,2007,2007,2007,2007,2007,2007,2008,2008,2008,2008,2008,2009,2009,2010,2010,2011,2012,2014],"Y_PREVALENCE_1000PP":[0.06042,0.01969,0.0194,0.02512,0.02501,0.03805,0.0372,0.0365,0.01879,0.02321,0.03143,0.01507,0.06639,0.03857,0.02367,0.0715,0.02763,0.01711,0.01625,0.03316,0.04602,0.04278,0.03011,0.0142,0.02889,0.05017,0.01967,0.01886,0.0499,0.03576,0.01882,0.0257]},"PREVALENCE_BY_MONTH":{"X_CALENDAR_MONTH":[200311,200312,200401,200402,200403,200404,200405,200406,200407,200408,200409,200410,200411,200412,200501,200502,200503,200504,200505,200506,200507,200508,200509,200510,200511,200512,200601,200602,200603,200604,200605,200606,200607,200608,200609,200610,200611,200612,200701,200702,200703,200704,200705,200706,200707,200708,200709,200710,200711,200712,200801,200802,200803,200804,200805,200806,200807,200808,200809,200810,200811,200812,200901,200902,200903,200904,200905,200906,200907,200908,200909,200910,200911,200912,201001,201002,201003,201004,201005,201006,201007,201008,201009,201010,201011,201012,201101,201102,201103,201104,201105,201106,201107,201108,201109,201110,201111,201112,201201,201202,201203,201204,201205,201206,201207,201208,201209,201210,201211,201212,201301,201302,201303,201304,201305,201306,201307,201308,201309,201310,201311,201312,201401,201402,201403,201404,201405,201406,201407,201408,201409,201410,201411,201412,201501,201502,201503,201504,201505,201506,201507,201508,201509,201510,201511,201512,201601,201602,201603,201604,201605,201607,201608,201610,201611,201612,201701,201702,201704,201706,201707,201709,201710,201711,201712,201801,201802,201803,201805,201806,201807,201808,201810,201811,201901,201902,201903],"Y_PREVALENCE_1000PP":[0.00177,0.00177,0.00198,0.00222,0.00217,0.00333,0.00237,0.00211,0.00257,0.00232,0.00347,0.00414,0.00275,0.0039,0.00362,0.00294,0.0043,0.00384,0.00405,0.00336,0.00445,0.0031,0.00461,0.00439,0.00547,0.00481,0.00433,0.00542,0.00563,0.0056,0.00537,0.00534,0.0047,0.00469,0.00552,0.00507,0.00504,0.00609,0.00478,0.00643,0.00538,0.00577,0.00532,0.00568,0.00603,0.00542,0.00658,0.0059,0.00624,0.00527,0.00755,0.00349,0.00584,0.00504,0.00619,0.00442,0.00574,0.00459,0.00475,0.00436,0.0055,0.00511,0.00415,0.00415,0.00546,0.00397,0.00471,0.00283,0.00489,0.0032,0.00507,0.00358,0.00396,0.00399,0.00454,0.00266,0.00438,0.0038,0.00419,0.00286,0.00344,0.00324,0.00323,0.0032,0.00356,0.00263,0.00374,0.00336,0.00334,0.00315,0.0024,0.00166,0.00239,0.00201,0.00182,0.00164,0.00182,0.00146,0.00164,0.002,0.002,0.00236,0.00164,0.00218,0.002,0.00254,0.00181,0.002,0.00219,0.00239,0.00184,0.00184,0.00185,0.00241,0.00204,0.00111,0.00167,0.00186,0.00148,0.00168,0.00207,0.00154,0.00172,0.00153,0.00115,0.00172,0.00153,0.00194,0.00176,0.00237,0.00139,0.00243,0.00184,0.0029,0.00249,0.0023,0.00151,0.00216,0.0013,0.00315,0.00247,0.00202,0.00157,0.00209,0.00189,0.00246,0.00223,0.00199,0.00224,0.002,0.00278,0.00263,0.00294,0.00217,0.00164,0.00164,0.00219,0.00168,0.00285,0.00175,0.00234,0.00177,0.00237,0.00181,0.00244,0.00278,0.00185,0.00278,0.00247,0.00248,0.00284,0.00223,0.0026,0.00296,0.00197,0.00198,0.00231]},"DRUG_FREQUENCY_DISTRIBUTION":{"Y_NUM_PERSONS":[0,0,0,0,0,0,0,0,0,0,0,0,0,0,0,0,0,0,0,0,0,0,0,0,0,0,0,0,0,0,0,0,0,0,0,0,0,0,0,0,0,0,0,0,0,0,0],"X_COUNT":[1,2,3,4,5,6,7,8,9,10,11,12,13,14,15,16,17,18,19,20,21,23,24,25,26,27,29,30,31,32,33,34,35,36,38,40,42,45,46,48,52,55,59,62,73,74,79]},"QUANTITY_DISTRIBUTION":{"CATEGORY":"Quantity","MIN_VALUE":7,"P10_VALUE":28,"P25_VALUE":28,"MEDIAN_VALUE":28,"P75_VALUE":56,"P90_VALUE":56,"MAX_VALUE":112},"REFILLS_DISTRIBUTION":{"CATEGORY":"Refills","MIN_VALUE":0,"P10_VALUE":0,"P25_VALUE":3,"MEDIAN_VALUE":6,"P75_VALUE":6,"P90_VALUE":9,"MAX_VALUE":99}}
