{"AGE_AT_FIRST_EXPOSURE":{"CATEGORY":["FEMALE","MALE"],"MIN_VALUE":[17,21],"P10_VALUE":[39,39],"P25_VALUE":[49,49],"MEDIAN_VALUE":[64,62],"P75_VALUE":[75,73],"P90_VALUE":[82,82],"MAX_VALUE":[99,97]},"DAYS_SUPPLY_DISTRIBUTION":{"CATEGORY":"Days supply","MIN_VALUE":7,"P10_VALUE":14,"P25_VALUE":28,"MEDIAN_VALUE":28,"P75_VALUE":28,"P90_VALUE":56,"MAX_VALUE":56},"DRUGS_BY_TYPE":{"CONCEPT_NAME":"Prescription written","COUNT_VALUE":8965},"PREVALENCE_BY_GENDER_AGE_YEAR":{"TRELLIS_NAME":["60-69","50-59","70-79","30-39","60-69","80-89","50-59","80-89","90-99","30-39","70-79","40-49","40-49","20-29","70-79","40-49","80-89","20-29","30-39","40-49","70-79","50-59","60-69","80-89","60-69","30-39","50-59","30-39","70-79","80-89","50-59","40-49","60-69","40-49","80-89","70-79","50-59","60-69","50-59","40-49","50-59","80-89","70-79","70-79","60-69","60-69","80-89","30-39","40-49","60-69","70-79","80-89","70-79","40-49","50-59","50-59","60-69","80-89","40-49","80-89","50-59","70-79","60-69","60-69","80-89","50-59","50-59","80-89","40-49","50-59","60-69","70-79","60-69","70-79","60-69","80-89","60-69","40-49","50-59","70-79","60-69","40-49","70-79","80-89"],"SERIES_NAME":["FEMALE","MALE","FEMALE","MALE","MALE","MALE","FEMALE","FEMALE","FEMALE","FEMALE","MALE","MALE","FEMALE","FEMALE","FEMALE","MALE","FEMALE","FEMALE","MALE","FEMALE","MALE","MALE","MALE","MALE","FEMALE","FEMALE","FEMALE","FEMALE","FEMALE","FEMALE","MALE","FEMALE","FEMALE","MALE","MALE","MALE","FEMALE","MALE","FEMALE","FEMALE","MALE","MALE","FEMALE","MALE","FEMALE","MALE","FEMALE","FEMALE","MALE","FEMALE","FEMALE","FEMALE","MALE","FEMALE","MALE","FEMALE","MALE","MALE","FEMALE","FEMALE","MALE","FEMALE","FEMALE","MALE","MALE","FEMALE","MALE","FEMALE","FEMALE","FEMALE","FEMALE","FEMALE","MALE","FEMALE","FEMALE","FEMALE","MALE","FEMALE","FEMALE","FEMALE","MALE","FEMALE","FEMALE","FEMALE"],"X_CALENDAR_YEAR":[2009,2009,2009,2009,2009,2009,2009,2009,2009,2009,2009,2009,2009,2009,2010,2010,2010,2010,2010,2010,2010,2010,2010,2010,2010,2010,2010,2011,2011,2011,2011,2011,2011,2011,2011,2011,2011,2011,2012,2012,2012,2012,2012,2012,2012,2012,2012,2012,2012,2013,2013,2013,2013,2013,2013,2013,2013,2013,2014,2014,2014,2014,2014,2014,2014,2014,2015,2015,2015,2015,2015,2015,2015,2016,2016,2016,2016,2016,2017,2017,2017,2017,2018,2018],"Y_PREVALENCE_1000PP":[0.19045,0.0975,0.28732,0.02212,0.12458,0.17627,0.08599,0.20669,0.19851,0.05047,0.16329,0.06931,0.05851,0.01524,0.3221,0.05327,0.24286,0.02281,0.03196,0.12057,0.21931,0.05461,0.13147,0.15172,0.15714,0.05523,0.10103,0.0471,0.22797,0.24733,0.04767,0.07276,0.0943,0.03716,0.17879,0.10239,0.12459,0.08111,0.09395,0.05762,0.04731,0.08277,0.13821,0.09659,0.06404,0.069,0.17928,0.0199,0.0245,0.04554,0.08742,0.0905,0.02976,0.04206,0.03361,0.08163,0.06253,0.07164,0.02274,0.13172,0.01873,0.04936,0.05462,0.02651,0.07401,0.05707,0.01727,0.13595,0.01983,0.04968,0.03843,0.04881,0.03247,0.05659,0.03354,0.08656,0.03466,0.03102,0.02266,0.06759,0.03438,0.02353,0.06822,0.07307]},"PREVALENCE_BY_MONTH":{"X_CALENDAR_MONTH":[200903,200904,200905,200906,200907,200908,200909,200910,200911,200912,201001,201002,201003,201004,201005,201006,201007,201008,201009,201010,201011,201012,201101,201102,201103,201104,201105,201106,201107,201108,201109,201110,201111,201112,201201,201202,201203,201204,201205,201206,201207,201208,201209,201210,201211,201212,201301,201302,201303,201304,201305,201306,201307,201308,201309,201310,201311,201312,201401,201402,201403,201404,201405,201406,201407,201408,201409,201410,201411,201412,201501,201502,201503,201504,201505,201506,201507,201508,201509,201510,201511,201512,201601,201602,201603,201604,201605,201606,201607,201608,201609,201610,201611,201612,201701,201702,201703,201704,201705,201706,201707,201708,201709,201710,201711,201712,201801,201802,201803,201804,201805,201806,201807,201808,201809,201810,201811,201812,201901,201902,201903],"Y_PREVALENCE_1000PP":[0.00358,0.01021,0.01244,0.01205,0.01373,0.01583,0.0154,0.01431,0.01888,0.02149,0.02101,0.01842,0.02169,0.02149,0.01944,0.02101,0.02101,0.01984,0.02012,0.0213,0.02211,0.01988,0.02019,0.01998,0.01947,0.01962,0.01807,0.02136,0.01817,0.01978,0.01785,0.016,0.01861,0.01878,0.01747,0.0171,0.01545,0.01527,0.0162,0.01618,0.01567,0.01616,0.0136,0.01562,0.015,0.01417,0.01523,0.01197,0.01259,0.01295,0.01355,0.01226,0.01334,0.01225,0.01278,0.0116,0.01111,0.01094,0.01165,0.01221,0.0111,0.0113,0.01111,0.01104,0.01116,0.01066,0.0113,0.01132,0.01103,0.01037,0.01058,0.00961,0.01036,0.00951,0.00865,0.01036,0.00944,0.00966,0.009,0.01001,0.00804,0.00836,0.00816,0.00871,0.00723,0.00875,0.00759,0.00823,0.00788,0.00614,0.00804,0.00624,0.00767,0.0063,0.00657,0.00644,0.00822,0.00798,0.00742,0.00729,0.00673,0.00706,0.00768,0.0074,0.00754,0.00731,0.0071,0.00711,0.0071,0.00617,0.0071,0.0062,0.00662,0.00541,0.00703,0.00716,0.00591,0.00592,0.00623,0.00528,0.00396]},"DRUG_FREQUENCY_DISTRIBUTION":{"Y_NUM_PERSONS":[0,0,0,0,0,0,0,0,0,0,0,0,0,0,0,0,0,0,0,0,0,0,0,0,0,0,0,0,0,0,0,0,0,0,0,0,0,0,0,0,0,0,0,0,0,0,0,0,0,0,0,0,0,0,0,0,0,0,0,0,0,0,0,0,0,0,0,0,0,0],"X_COUNT":[1,2,3,4,5,6,7,8,9,10,11,12,13,14,15,16,17,18,19,20,21,22,23,24,25,26,27,28,29,30,31,32,34,35,36,38,39,40,41,42,43,44,46,47,48,49,50,52,54,57,59,60,61,63,64,68,69,71,76,77,78,79,86,90,91,94,95,98,101,102]},"QUANTITY_DISTRIBUTION":{"CATEGORY":"Quantity","MIN_VALUE":1,"P10_VALUE":14,"P25_VALUE":56,"MEDIAN_VALUE":56,"P75_VALUE":56,"P90_VALUE":56,"MAX_VALUE":224},"REFILLS_DISTRIBUTION":{"CATEGORY":"Refills","MIN_VALUE":0,"P10_VALUE":0,"P25_VALUE":0,"MEDIAN_VALUE":4,"P75_VALUE":6,"P90_VALUE":12,"MAX_VALUE":99}}
