{"AGE_AT_FIRST_EXPOSURE":{"CATEGORY":["MALE","FEMALE"],"MIN_VALUE":[15,16],"P10_VALUE":[29,26],"P25_VALUE":[37,34],"MEDIAN_VALUE":[47,59],"P75_VALUE":[60,69],"P90_VALUE":[76,79],"MAX_VALUE":[82,87]},"DAYS_SUPPLY_DISTRIBUTION":{"CATEGORY":[],"MIN_VALUE":[],"P10_VALUE":[],"P25_VALUE":[],"MEDIAN_VALUE":[],"P75_VALUE":[],"P90_VALUE":[],"MAX_VALUE":[]},"DRUGS_BY_TYPE":{"CONCEPT_NAME":"Prescription written","COUNT_VALUE":1461},"PREVALENCE_BY_GENDER_AGE_YEAR":{"TRELLIS_NAME":["60-69","60-69","50-59","70-79","40-49","40-49","20-29","30-39","60-69","70-79","70-79","30-39","40-49","30-39","50-59","60-69","30-39","20-29","50-59","40-49","60-69","70-79"],"SERIES_NAME":["FEMALE","FEMALE","MALE","FEMALE","MALE","MALE","FEMALE","FEMALE","FEMALE","FEMALE","FEMALE","MALE","MALE","FEMALE","MALE","FEMALE","FEMALE","FEMALE","MALE","MALE","FEMALE","FEMALE"],"X_CALENDAR_YEAR":[1997,1998,1998,1998,1998,1999,1999,1999,1999,1999,2000,2000,2000,2000,2000,2000,2001,2001,2001,2001,2001,2001],"Y_PREVALENCE_1000PP":[0.1862,0.16917,0.06419,0.0923,0.05776,0.0723,0.04092,0.03367,0.08857,0.06491,0.06932,0.03442,0.05113,0.03081,0.04468,0.06178,0.02424,0.0259,0.03447,0.02766,0.0485,0.06941]},"PREVALENCE_BY_MONTH":{"X_CALENDAR_MONTH":[199704,199705,199706,199707,199708,199709,199710,199711,199712,199801,199802,199803,199804,199805,199806,199807,199808,199809,199810,199811,199812,199901,199902,199903,199904,199905,199906,199907,199908,199909,199910,199911,199912,200001,200002,200003,200004,200005,200006,200007,200008,200009,200010,200011,200012,200101,200102,200103,200104,200105,200106,200107],"Y_PREVALENCE_1000PP":[0.01197,0.01056,0.00655,0.00845,0.00937,0.01021,0.01216,0.01178,0.01547,0.01516,0.0142,0.01819,0.01785,0.0219,0.02105,0.02065,0.01711,0.01828,0.01415,0.01545,0.01532,0.01241,0.0195,0.01726,0.0175,0.01914,0.01716,0.01617,0.01471,0.01691,0.01464,0.02026,0.01385,0.01035,0.01616,0.0141,0.01174,0.01333,0.01308,0.01416,0.01729,0.01491,0.0152,0.01465,0.01211,0.01362,0.0105,0.00951,0.00939,0.0089,0.0047,0.00265]},"DRUG_FREQUENCY_DISTRIBUTION":{"Y_NUM_PERSONS":[0,0,0,0,0,0,0,0,0,0,0,0,0,0,0,0,0,0,0,0,0,0,0,0,0,0,0,0,0,0,0,0],"X_COUNT":[1,2,3,4,5,6,7,8,9,10,11,12,13,14,15,16,17,18,19,20,21,22,23,24,25,27,29,30,32,33,34,38]},"QUANTITY_DISTRIBUTION":{"CATEGORY":"Quantity","MIN_VALUE":1,"P10_VALUE":1,"P25_VALUE":2,"MEDIAN_VALUE":5,"P75_VALUE":5,"P90_VALUE":10,"MAX_VALUE":50},"REFILLS_DISTRIBUTION":{"CATEGORY":"Refills","MIN_VALUE":0,"P10_VALUE":3,"P25_VALUE":6,"MEDIAN_VALUE":6,"P75_VALUE":6,"P90_VALUE":12,"MAX_VALUE":99}}
