{"AGE_AT_FIRST_EXPOSURE":{"CATEGORY":["MALE","FEMALE"],"MIN_VALUE":[2,2],"P10_VALUE":[49,44],"P25_VALUE":[65,60],"MEDIAN_VALUE":[75,71],"P75_VALUE":[85,84],"P90_VALUE":[91,90],"MAX_VALUE":[100,105]},"DAYS_SUPPLY_DISTRIBUTION":{"CATEGORY":[],"MIN_VALUE":[],"P10_VALUE":[],"P25_VALUE":[],"MEDIAN_VALUE":[],"P75_VALUE":[],"P90_VALUE":[],"MAX_VALUE":[]},"DRUGS_BY_TYPE":{"CONCEPT_NAME":"Prescription written","COUNT_VALUE":2128},"PREVALENCE_BY_GENDER_AGE_YEAR":{"TRELLIS_NAME":["80-89","50-59","80-89","70-79","70-79","60-69","90-99","70-79","40-49","60-69","80-89","90-99","50-59","50-59","80-89","70-79","60-69","50-59","80-89","60-69","50-59","60-69","70-79","70-79","80-89","80-89","90-99","60-69","70-79","70-79","60-69","70-79","60-69","70-79","60-69","80-89","70-79","70-79","60-69","80-89","60-69","70-79"],"SERIES_NAME":["FEMALE","FEMALE","MALE","MALE","FEMALE","MALE","MALE","MALE","FEMALE","FEMALE","MALE","FEMALE","FEMALE","MALE","FEMALE","FEMALE","MALE","FEMALE","MALE","MALE","MALE","FEMALE","FEMALE","MALE","FEMALE","MALE","FEMALE","FEMALE","MALE","FEMALE","MALE","MALE","FEMALE","FEMALE","MALE","MALE","MALE","FEMALE","FEMALE","MALE","MALE","FEMALE"],"X_CALENDAR_YEAR":[2012,2012,2012,2012,2012,2012,2013,2013,2013,2013,2013,2013,2013,2013,2013,2013,2013,2014,2014,2014,2014,2014,2014,2014,2014,2015,2015,2015,2015,2015,2015,2016,2016,2016,2016,2016,2017,2017,2017,2017,2017,2018],"Y_PREVALENCE_1000PP":[0.11722,0.01879,0.11381,0.06609,0.04012,0.02509,1.05498,0.15374,0.01402,0.06679,0.30702,0.28377,0.03423,0.0181,0.13227,0.08742,0.04377,0.02446,0.20089,0.04639,0.01606,0.06105,0.08526,0.09139,0.08049,0.11417,0.16183,0.05939,0.07138,0.06834,0.04329,0.05712,0.08385,0.05659,0.03899,0.09527,0.08941,0.04916,0.05266,0.10579,0.03438,0.0614]},"PREVALENCE_BY_MONTH":{"X_CALENDAR_MONTH":[201206,201207,201208,201209,201210,201211,201212,201301,201302,201303,201304,201305,201306,201307,201308,201309,201310,201311,201312,201401,201402,201403,201404,201405,201406,201407,201408,201409,201410,201411,201412,201501,201502,201503,201504,201505,201506,201507,201508,201509,201510,201511,201512,201601,201602,201603,201604,201605,201606,201607,201608,201609,201610,201611,201612,201701,201702,201703,201704,201705,201706,201707,201708,201709,201710,201711,201712,201801,201802,201803,201804,201805,201806,201807,201808,201809,201810,201811,201812,201901,201902],"Y_PREVALENCE_1000PP":[0.00109,0.00182,0.0049,0.00399,0.00581,0.00512,0.00497,0.00697,0.00424,0.00704,0.00851,0.00743,0.00799,0.00704,0.00631,0.00722,0.00935,0.00584,0.00902,0.00707,0.00744,0.00555,0.00536,0.0067,0.00446,0.00548,0.00513,0.00535,0.00708,0.00592,0.00477,0.00581,0.00564,0.00539,0.00627,0.00454,0.00653,0.00405,0.00494,0.00607,0.00675,0.00615,0.0059,0.00569,0.00572,0.00648,0.00475,0.00531,0.00489,0.00656,0.00481,0.00509,0.00543,0.00548,0.00493,0.00602,0.00616,0.00539,0.00627,0.00542,0.00729,0.00468,0.00383,0.00591,0.00592,0.00362,0.00335,0.00216,0.00216,0.00309,0.00309,0.00339,0.00341,0.00221,0.00414,0.00415,0.00326,0.0046,0.0023,0.00394,0.00264]},"DRUG_FREQUENCY_DISTRIBUTION":{"Y_NUM_PERSONS":[0,0,0,0,0,0,0,0,0,0,0,0,0,0,0,0,0,0,0,0,0,0,0,0,0,0,0,0,0],"X_COUNT":[1,2,3,4,5,6,7,8,9,10,11,12,13,14,15,16,17,18,19,20,21,22,23,24,26,31,32,33,36]},"QUANTITY_DISTRIBUTION":{"CATEGORY":"Quantity","MIN_VALUE":1,"P10_VALUE":1,"P25_VALUE":2,"MEDIAN_VALUE":20,"P75_VALUE":60,"P90_VALUE":60,"MAX_VALUE":150},"REFILLS_DISTRIBUTION":{"CATEGORY":"Refills","MIN_VALUE":0,"P10_VALUE":0,"P25_VALUE":0,"MEDIAN_VALUE":4,"P75_VALUE":6,"P90_VALUE":12,"MAX_VALUE":999}}
