{"AGE_AT_FIRST_EXPOSURE":{"CATEGORY":["MALE","FEMALE"],"MIN_VALUE":[37,28],"P10_VALUE":[56,57],"P25_VALUE":[63,65],"MEDIAN_VALUE":[70,74],"P75_VALUE":[77,84],"P90_VALUE":[84,88],"MAX_VALUE":[92,101]},"DAYS_SUPPLY_DISTRIBUTION":{"CATEGORY":[],"MIN_VALUE":[],"P10_VALUE":[],"P25_VALUE":[],"MEDIAN_VALUE":[],"P75_VALUE":[],"P90_VALUE":[],"MAX_VALUE":[]},"DRUGS_BY_TYPE":{"CONCEPT_NAME":"Prescription written","COUNT_VALUE":1907},"PREVALENCE_BY_GENDER_AGE_YEAR":{"TRELLIS_NAME":["50-59","80-89","60-69","80-89","70-79","60-69","70-79","70-79","50-59","70-79","80-89","60-69","60-69","80-89","60-69","60-69","50-59","70-79","80-89","70-79","50-59","60-69","80-89","70-79","70-79","60-69","70-79","70-79","80-89","80-89","70-79","80-89","80-89","60-69","50-59","60-69","70-79","80-89"],"SERIES_NAME":["MALE","FEMALE","MALE","MALE","FEMALE","FEMALE","MALE","MALE","MALE","FEMALE","FEMALE","MALE","FEMALE","FEMALE","MALE","FEMALE","MALE","MALE","MALE","FEMALE","MALE","MALE","MALE","MALE","FEMALE","MALE","MALE","FEMALE","FEMALE","MALE","MALE","MALE","FEMALE","MALE","MALE","MALE","MALE","FEMALE"],"X_CALENDAR_YEAR":[2003,2003,2003,2003,2003,2003,2003,2004,2004,2004,2004,2004,2004,2005,2005,2005,2005,2005,2005,2005,2006,2006,2006,2006,2006,2007,2007,2007,2007,2007,2008,2008,2008,2008,2008,2009,2009,2009],"Y_PREVALENCE_1000PP":[0.02848,0.06351,0.08464,0.17599,0.07139,0.04412,0.11511,0.11162,0.02626,0.06042,0.08436,0.08896,0.04381,0.07285,0.05919,0.02501,0.01884,0.11396,0.11037,0.04252,0.01825,0.06678,0.09078,0.09663,0.04596,0.05961,0.08882,0.04263,0.04331,0.08341,0.04813,0.07899,0.04863,0.03011,0.0197,0.02623,0.03161,0.04823]},"PREVALENCE_BY_MONTH":{"X_CALENDAR_MONTH":[200212,200301,200302,200303,200304,200305,200306,200307,200308,200309,200310,200311,200312,200401,200402,200403,200404,200405,200406,200407,200408,200409,200410,200411,200412,200501,200502,200503,200504,200505,200506,200507,200508,200509,200510,200511,200512,200601,200602,200603,200604,200605,200606,200607,200608,200609,200610,200611,200612,200701,200702,200703,200704,200705,200706,200707,200708,200709,200710,200711,200712,200801,200802,200803,200804,200805,200806,200807,200808,200809,200810,200811,200812,200902,200903,200906,200909],"Y_PREVALENCE_1000PP":[0.00268,0.00531,0.00475,0.00526,0.00498,0.00627,0.00675,0.00798,0.00565,0.00715,0.00637,0.0076,0.00732,0.00741,0.00739,0.00773,0.00714,0.00662,0.0054,0.00816,0.00721,0.00763,0.00714,0.0078,0.0055,0.00657,0.00656,0.00543,0.00654,0.00585,0.00471,0.00645,0.00466,0.00571,0.00527,0.00525,0.00591,0.00562,0.00391,0.00498,0.00474,0.00537,0.00598,0.00342,0.00384,0.00361,0.00443,0.0042,0.00378,0.00416,0.00373,0.00393,0.00433,0.00389,0.00467,0.00462,0.00402,0.00438,0.00453,0.0041,0.00273,0.00349,0.00272,0.00233,0.00233,0.00194,0.0025,0.00172,0.0023,0.00152,0.00152,0.00133,0.00132,0.00151,0.00188,0.00132,0.00113]},"DRUG_FREQUENCY_DISTRIBUTION":{"Y_NUM_PERSONS":[0,0,0,0,0,0,0,0,0,0,0,0,0,0,0,0,0,0,0,0,0,0,0,0,0,0,0,0,0,0,0,0,0,0,0,0,0],"X_COUNT":[1,2,3,4,5,6,7,8,9,10,11,12,13,14,15,16,17,18,19,21,22,23,24,27,28,29,30,31,32,34,36,37,39,40,41,48,53]},"QUANTITY_DISTRIBUTION":{"CATEGORY":"Quantity","MIN_VALUE":1,"P10_VALUE":35,"P25_VALUE":60,"MEDIAN_VALUE":100,"P75_VALUE":100,"P90_VALUE":100,"MAX_VALUE":300},"REFILLS_DISTRIBUTION":{"CATEGORY":"Refills","MIN_VALUE":0,"P10_VALUE":0,"P25_VALUE":6,"MEDIAN_VALUE":6,"P75_VALUE":12,"P90_VALUE":12,"MAX_VALUE":250}}
