{"AGE_AT_FIRST_EXPOSURE":{"CATEGORY":"FEMALE","MIN_VALUE":13,"P10_VALUE":18,"P25_VALUE":21,"MEDIAN_VALUE":25,"P75_VALUE":31,"P90_VALUE":35,"MAX_VALUE":55},"DAYS_SUPPLY_DISTRIBUTION":{"CATEGORY":[],"MIN_VALUE":[],"P10_VALUE":[],"P25_VALUE":[],"MEDIAN_VALUE":[],"P75_VALUE":[],"P90_VALUE":[],"MAX_VALUE":[]},"DRUGS_BY_TYPE":{"CONCEPT_NAME":"Prescription written","COUNT_VALUE":2148},"PREVALENCE_BY_GENDER_AGE_YEAR":{"TRELLIS_NAME":["20-29","30-39","20-29","20-29","10-19","40-49","30-39","10-19","20-29","30-39","40-49","10-19","20-29","30-39","40-49","40-49","10-19","20-29","30-39","30-39","20-29","10-19","20-29","10-19","40-49","30-39","40-49","20-29","30-39","10-19","20-29","30-39","10-19","40-49","10-19","40-49","20-29","30-39"],"SERIES_NAME":["FEMALE","FEMALE","FEMALE","FEMALE","FEMALE","FEMALE","FEMALE","FEMALE","FEMALE","FEMALE","FEMALE","FEMALE","FEMALE","FEMALE","FEMALE","FEMALE","FEMALE","FEMALE","FEMALE","FEMALE","FEMALE","FEMALE","FEMALE","FEMALE","FEMALE","FEMALE","FEMALE","FEMALE","FEMALE","FEMALE","FEMALE","FEMALE","FEMALE","FEMALE","FEMALE","FEMALE","FEMALE","FEMALE"],"X_CALENDAR_YEAR":[2008,2009,2009,2011,2011,2011,2011,2012,2012,2012,2012,2013,2013,2013,2013,2014,2014,2014,2014,2015,2015,2015,2016,2016,2016,2016,2017,2017,2017,2017,2018,2018,2018,2018,2019,2019,2019,2019],"Y_PREVALENCE_1000PP":[0.01804,0.01514,0.02032,0.11615,0.04256,0.01364,0.07189,0.05233,0.20197,0.11196,0.02305,0.06488,0.19485,0.11152,0.01636,0.02779,0.04107,0.22027,0.08408,0.10072,0.22345,0.05572,0.26782,0.0482,0.02068,0.13834,0.02745,0.21018,0.13959,0.04323,0.25076,0.14349,0.08551,0.04032,0.04728,0.02998,0.13124,0.08909]},"PREVALENCE_BY_MONTH":{"X_CALENDAR_MONTH":[201106,201107,201108,201109,201110,201111,201112,201201,201202,201203,201204,201205,201206,201207,201208,201209,201210,201211,201212,201301,201302,201303,201304,201305,201306,201307,201308,201309,201310,201311,201312,201401,201402,201403,201404,201405,201406,201407,201408,201409,201410,201411,201412,201501,201502,201503,201504,201505,201506,201507,201508,201509,201510,201511,201512,201601,201602,201603,201604,201605,201606,201607,201608,201609,201610,201611,201612,201701,201702,201703,201704,201705,201706,201707,201708,201709,201710,201711,201712,201801,201802,201803,201804,201805,201806,201807,201808,201809,201810,201811,201812,201901,201902,201903],"Y_PREVALENCE_1000PP":[0.00147,0.0022,0.0033,0.00474,0.00345,0.00365,0.00383,0.00364,0.00327,0.00527,0.00218,0.00346,0.00436,0.00364,0.00527,0.00598,0.00363,0.00475,0.00258,0.0044,0.00332,0.0037,0.00352,0.00464,0.00409,0.00371,0.00445,0.005,0.00355,0.00377,0.00365,0.00535,0.00477,0.00383,0.0046,0.00536,0.00504,0.0049,0.00454,0.00476,0.00425,0.00552,0.00415,0.0056,0.00439,0.00453,0.00735,0.00303,0.0036,0.0054,0.00337,0.0063,0.00419,0.00615,0.0032,0.0047,0.00423,0.00573,0.007,0.0043,0.00566,0.0042,0.00614,0.00724,0.00489,0.00657,0.00493,0.00466,0.00784,0.00369,0.00456,0.00742,0.00845,0.00556,0.00618,0.00531,0.00563,0.00754,0.00548,0.00555,0.00464,0.00618,0.0071,0.00956,0.00558,0.00631,0.00668,0.00607,0.00684,0.00657,0.00822,0.00853,0.00859,0.00561]},"DRUG_FREQUENCY_DISTRIBUTION":{"Y_NUM_PERSONS":[0,0,0,0,0,0,0,0,0,0,0,0,0,0,0,0,0,0,0],"X_COUNT":[1,2,3,4,5,6,7,8,9,10,11,12,13,14,15,16,17,18,19]},"QUANTITY_DISTRIBUTION":{"CATEGORY":"Quantity","MIN_VALUE":1,"P10_VALUE":9,"P25_VALUE":9,"MEDIAN_VALUE":9,"P75_VALUE":18,"P90_VALUE":18,"MAX_VALUE":108},"REFILLS_DISTRIBUTION":{"CATEGORY":"Refills","MIN_VALUE":0,"P10_VALUE":0,"P25_VALUE":0,"MEDIAN_VALUE":0,"P75_VALUE":2,"P90_VALUE":4,"MAX_VALUE":24}}
