{"AGE_AT_FIRST_EXPOSURE":{"CATEGORY":["FEMALE","MALE"],"MIN_VALUE":[0,0],"P10_VALUE":[0,0],"P25_VALUE":[0,0],"MEDIAN_VALUE":[1,1],"P75_VALUE":[3,3],"P90_VALUE":[5,5],"MAX_VALUE":[32,13]},"DAYS_SUPPLY_DISTRIBUTION":{"CATEGORY":[],"MIN_VALUE":[],"P10_VALUE":[],"P25_VALUE":[],"MEDIAN_VALUE":[],"P75_VALUE":[],"P90_VALUE":[],"MAX_VALUE":[]},"DRUGS_BY_TYPE":{"CONCEPT_NAME":"Prescription written","COUNT_VALUE":515},"PREVALENCE_BY_GENDER_AGE_YEAR":{"TRELLIS_NAME":["0-9","0-9","0-9","0-9","0-9","0-9","0-9","0-9","0-9","0-9","0-9","0-9","0-9","0-9"],"SERIES_NAME":["FEMALE","MALE","MALE","FEMALE","FEMALE","MALE","FEMALE","MALE","FEMALE","MALE","FEMALE","MALE","MALE","FEMALE"],"X_CALENDAR_YEAR":[2012,2012,2013,2013,2014,2014,2015,2015,2016,2016,2017,2017,2018,2018],"Y_PREVALENCE_1000PP":[0.10949,0.10749,0.14607,0.16207,0.13399,0.13982,0.16409,0.20197,0.08131,0.06973,0.04984,0.03892,0.04968,0.08324]},"PREVALENCE_BY_MONTH":{"X_CALENDAR_MONTH":[201207,201208,201209,201210,201211,201212,201301,201302,201303,201304,201305,201306,201307,201309,201310,201311,201312,201401,201402,201403,201404,201405,201406,201407,201410,201411,201412,201501,201502,201509,201510,201511,201609],"Y_PREVALENCE_1000PP":[0.0031,0.00163,0.00272,0.00345,0.00219,0.00184,0.00349,0.00258,0.00222,0.00204,0.00111,0.00149,0.00167,0.00204,0.00187,0.00207,0.00154,0.00286,0.00114,0.00134,0.00192,0.00115,0.00136,0.00137,0.00222,0.00245,0.00228,0.00145,0.00146,0.01304,0.00396,0.00308,0.00161]},"DRUG_FREQUENCY_DISTRIBUTION":{"Y_NUM_PERSONS":[0,0,0],"X_COUNT":[1,2,3]},"QUANTITY_DISTRIBUTION":{"CATEGORY":"Quantity","MIN_VALUE":0,"P10_VALUE":1,"P25_VALUE":12,"MEDIAN_VALUE":20,"P75_VALUE":20,"P90_VALUE":100,"MAX_VALUE":500},"REFILLS_DISTRIBUTION":{"CATEGORY":"Refills","MIN_VALUE":0,"P10_VALUE":0,"P25_VALUE":0,"MEDIAN_VALUE":0,"P75_VALUE":0,"P90_VALUE":0,"MAX_VALUE":6}}
