{"PREVALENCE_BY_GENDER_AGE_YEAR":{"TRELLIS_NAME":["40-49","30-39","50-59","30-39","60-69","70-79","70-79","50-59","40-49","60-69","50-59","40-49","50-59","30-39","50-59","40-49","70-79","70-79","70-79","40-49","50-59","50-59","40-49","30-39","80-89","70-79","30-39","80-89","70-79","50-59","40-49","60-69","60-69","70-79","80-89","30-39","40-49","50-59","90-99","40-49","20-29","60-69","70-79","80-89","50-59","80-89","40-49","30-39","70-79","60-69","70-79","50-59","70-79","40-49","50-59","80-89","60-69","50-59","40-49","70-79","70-79","50-59","60-69"],"SERIES_NAME":["MALE","MALE","MALE","MALE","FEMALE","MALE","FEMALE","MALE","MALE","MALE","MALE","MALE","FEMALE","MALE","MALE","MALE","MALE","FEMALE","MALE","MALE","MALE","MALE","MALE","MALE","MALE","FEMALE","MALE","FEMALE","MALE","MALE","MALE","FEMALE","MALE","FEMALE","FEMALE","MALE","MALE","MALE","FEMALE","FEMALE","MALE","MALE","MALE","FEMALE","MALE","MALE","MALE","MALE","FEMALE","FEMALE","MALE","MALE","FEMALE","MALE","FEMALE","FEMALE","FEMALE","MALE","MALE","FEMALE","FEMALE","FEMALE","MALE"],"X_CALENDAR_YEAR":[2000,2000,2000,2001,2001,2001,2001,2001,2001,2002,2002,2002,2002,2002,2003,2003,2003,2004,2004,2004,2004,2005,2005,2005,2006,2006,2006,2006,2006,2006,2006,2006,2006,2007,2007,2007,2007,2007,2008,2008,2008,2008,2008,2008,2008,2008,2008,2008,2008,2009,2009,2009,2009,2009,2009,2010,2010,2010,2010,2010,2011,2011,2011],"Y_PREVALENCE_1000PP":[3.00571,5.26316,1.86966,3.01659,1.03866,1.30361,0.7516,0.99108,1.32979,0.55812,1.29007,1.43747,0.56791,1.34862,0.77549,0.57898,0.38725,0.34887,0.30586,0.74313,0.69017,0.36713,0.52037,1.17319,0.39463,0.16265,0.52297,0.29389,0.18817,0.12245,0.3142,0.09829,0.18792,0.15027,0.25006,0.29166,0.14764,0.18507,0.78872,0.07383,0.29955,0.12258,0.13775,0.28117,0.13873,0.2289,0.23487,0.42756,0.15434,0.08851,0.168,0.07135,0.20887,0.11058,0.06078,0.14146,0.07249,0.0968,0.12222,0.0808,0.08368,0.07877,0.07916]},"PREVALENCE_BY_MONTH":{"X_CALENDAR_MONTH":[200001,200804,200508,200108,200201,200911,200710,200303,200802,200004,200003,201005,201009,200112,200610,201408,200105,200502,200906,201104,200909,200307,200304,200609,200703,201204,200702,200204,200706,200208,200010,200608,200908,200110,200203,200406,200806,200507,200811,200907,200210,200412,200704,200509,201201,201007,200409,200809,200106,200310,200901,200111,200711,200903,200705,200801,200308,200408,200603,200602,200607,200007,200309,201102,200904,201311,200305,200812,200808,200410,200803,201006,200910,201112,200612,200712,201504,200604,200805,200606,200611,200202,201101,201409,200707],"Y_PREVALENCE_1000PP":[1.88715,0.01265,0.02833,0.13218,0.08766,0.00662,0.00854,0.06034,0.00819,0.3871,0.48571,0.00781,0.01235,0.10244,0.01,0.00881,0.18324,0.03585,0.01206,0.01366,0.00771,0.0426,0.04471,0.01021,0.01055,0.00817,0.00803,0.05975,0.01146,0.05314,0.14919,0.01942,0.00879,0.09785,0.07197,0.04031,0.02605,0.04307,0.00876,0.00878,0.05048,0.03685,0.00782,0.02801,0.00927,0.00783,0.03296,0.01108,0.08697,0.04653,0.01309,0.12955,0.01328,0.00656,0.00901,0.02124,0.0554,0.03342,0.0182,0.02277,0.0169,0.30287,0.0407,0.00907,0.00657,0.00734,0.04411,0.01307,0.02343,0.03249,0.0116,0.01005,0.00661,0.00694,0.01516,0.01076,0.00777,0.02585,0.01027,0.00951,0.01261,0.1168,0.00792,0.00884,0.01133]},"OBS_FREQUENCY_DISTRIBUTION":{"Y_NUM_PERSONS":[0,0,0],"X_COUNT":[1,2,3]},"OBSERVATIONS_BY_TYPE":{"CONCEPT_NAME":"EHR","COUNT_VALUE":1042},"AGE_AT_FIRST_OCCURRENCE":{"CATEGORY":["FEMALE","MALE"],"MIN_VALUE":[8,2],"P10_VALUE":[38,30],"P25_VALUE":[55,40],"MEDIAN_VALUE":[70,53],"P75_VALUE":[79,69],"P90_VALUE":[86,78],"MAX_VALUE":[100,101]}}
