{"AGE_AT_FIRST_EXPOSURE":{"CATEGORY":["FEMALE","MALE"],"MIN_VALUE":[6,3],"P10_VALUE":[25,27],"P25_VALUE":[33,33],"MEDIAN_VALUE":[47,47],"P75_VALUE":[56,58],"P90_VALUE":[63,65],"MAX_VALUE":[86,83]},"PREVALENCE_BY_GENDER_AGE_YEAR":{"TRELLIS_NAME":["60-69","30-39","30-39","20-29","50-59","20-29","40-49","50-59","40-49","30-39","20-29","50-59","20-29","50-59","40-49","40-49","60-69","60-69","30-39","50-59","60-69","50-59","40-49","40-49","30-39","30-39","30-39","40-49","50-59","60-69","60-69","20-29","20-29","30-39","40-49","50-59","60-69","40-49","30-39"],"SERIES_NAME":["MALE","MALE","FEMALE","FEMALE","FEMALE","MALE","FEMALE","MALE","MALE","MALE","MALE","MALE","FEMALE","FEMALE","MALE","FEMALE","MALE","FEMALE","FEMALE","MALE","MALE","FEMALE","FEMALE","MALE","MALE","FEMALE","FEMALE","MALE","FEMALE","FEMALE","MALE","MALE","FEMALE","MALE","FEMALE","MALE","FEMALE","FEMALE","MALE"],"X_CALENDAR_YEAR":[1994,1994,1994,1994,1994,1994,1994,1994,1994,1995,1995,1995,1995,1995,1995,1995,1995,1995,1995,1996,1996,1996,1996,1996,1996,1996,1997,1997,1997,1997,1997,1997,1997,1997,1997,1997,1998,1998,1998],"Y_PREVALENCE_1000PP":[15.87302,16.57459,12.61261,20.88773,36.01695,17.05757,17.4216,32.85421,20.79723,1.42484,1.3541,1.18688,2.09046,2.33801,1.79841,2.48183,2.08478,1.17632,1.04409,0.18503,0.24132,0.21574,0.2468,0.17307,0.13569,0.13569,0.11045,0.0754,0.1773,0.13034,0.17613,0.12301,0.14204,0.09843,0.19585,0.21544,0.08458,0.06006,0.05751]},"PREVALENCE_BY_MONTH":{"X_CALENDAR_MONTH":[199407,199408,199409,199410,199411,199412,199501,199502,199503,199504,199505,199506,199507,199508,199509,199510,199511,199601,199602,199604,199606,199708,199709,199710,199711,199712,199801,199808,199809,199909,200201],"Y_PREVALENCE_1000PP":[2.28973,3.49916,3.17893,2.88141,3.02389,1.20828,2.81341,3.03303,1.79332,1.90626,1.06347,0.44499,0.44343,0.53079,0.15409,0.10347,0.07159,0.11727,0.04157,0.03523,0.01857,0.01562,0.03062,0.02432,0.01178,0.01547,0.02106,0.00544,0.00457,0.0035,0.00176]},"LENGTH_OF_ERA":{"CATEGORY":"Length of Era","MIN_VALUE":29,"P10_VALUE":29,"P25_VALUE":29,"MEDIAN_VALUE":29,"P75_VALUE":29,"P90_VALUE":116,"MAX_VALUE":1833}}
