{"AGE_AT_FIRST_EXPOSURE":{"CATEGORY":["FEMALE","MALE"],"MIN_VALUE":[10,31],"P10_VALUE":[22,63],"P25_VALUE":[27,70],"MEDIAN_VALUE":[36,75],"P75_VALUE":[45,81],"P90_VALUE":[60,86],"MAX_VALUE":[83,99]},"PREVALENCE_BY_GENDER_AGE_YEAR":{"TRELLIS_NAME":["60-69","80-89","60-69","70-79","70-79","80-89","60-69","70-79","80-89","60-69","60-69","80-89","70-79","80-89","90-99","70-79","60-69","50-59","50-59","60-69","80-89","70-79","90-99","60-69","90-99","70-79","50-59","80-89","60-69","90-99","70-79","80-89","60-69","70-79","90-99","30-39","50-59","80-89","80-89","60-69","70-79","90-99","80-89","70-79","90-99","30-39","60-69","30-39","60-69","80-89","70-79","70-79","80-89","60-69","60-69","80-89","70-79","70-79","80-89","60-69","60-69","80-89","70-79","80-89","70-79","80-89","70-79","60-69","80-89","70-79","80-89"],"SERIES_NAME":["MALE","MALE","MALE","MALE","MALE","MALE","MALE","MALE","MALE","MALE","MALE","MALE","MALE","MALE","MALE","MALE","MALE","MALE","MALE","MALE","MALE","MALE","MALE","MALE","MALE","MALE","MALE","MALE","MALE","MALE","MALE","MALE","MALE","MALE","MALE","FEMALE","MALE","MALE","MALE","MALE","MALE","MALE","MALE","MALE","MALE","FEMALE","MALE","FEMALE","MALE","MALE","MALE","MALE","MALE","MALE","MALE","MALE","MALE","MALE","MALE","MALE","MALE","MALE","MALE","MALE","MALE","MALE","MALE","MALE","MALE","MALE","MALE"],"X_CALENDAR_YEAR":[1995,1996,1996,1996,1997,1997,1997,1998,1998,1998,1999,1999,1999,2000,2000,2000,2000,2000,2001,2001,2001,2001,2001,2002,2002,2002,2002,2002,2003,2003,2003,2003,2004,2004,2004,2004,2004,2004,2005,2005,2005,2005,2006,2006,2006,2006,2006,2007,2007,2007,2007,2008,2008,2008,2009,2009,2009,2010,2010,2010,2011,2011,2011,2012,2012,2013,2013,2013,2014,2014,2015],"Y_PREVALENCE_1000PP":[0.83391,3.0012,0.55159,2.01913,1.4573,2.28464,0.41097,1.01719,1.2868,0.54383,0.34518,1.22744,0.95837,1.29179,2.20103,1.09021,0.28535,0.07819,0.03447,0.26676,1.10112,0.84248,1.12724,0.1672,0.69897,0.66271,0.0378,0.96432,0.12945,0.63809,0.53238,0.81595,0.1023,0.50557,0.96572,0.022,0.02626,0.77475,0.64842,0.07187,0.29756,1.20248,0.44091,0.32613,0.61533,0.01586,0.11,0.01519,0.05611,0.28599,0.19983,0.19251,0.39493,0.05687,0.01967,0.25339,0.11062,0.07833,0.18423,0.03207,0.01872,0.21035,0.05631,0.16554,0.05592,0.12281,0.05951,0.02189,0.07401,0.03046,0.0685]},"PREVALENCE_BY_MONTH":{"X_CALENDAR_MONTH":[199601,199604,199605,199606,199607,199608,199609,199610,199611,199612,199701,199702,199703,199704,199706,199707,199708,199709,199710,199711,199712,199801,199802,199803,199804,199805,199806,199807,199808,199809,199810,199811,199812,199901,199902,199903,199904,199905,199906,199907,199908,199909,199910,199911,199912,200001,200002,200003,200004,200005,200006,200007,200008,200009,200010,200011,200012,200101,200102,200103,200104,200105,200106,200107,200108,200109,200110,200111,200112,200201,200202,200203,200204,200205,200206,200207,200208,200209,200210,200211,200212,200301,200302,200303,200304,200305,200306,200307,200308,200309,200310,200311,200312,200401,200402,200403,200404,200405,200406,200407,200408,200409,200410,200411,200412,200501,200502,200503,200504,200505,200506,200507,200508,200509,200510,200511,200512,200601,200602,200603,200604,200605,200606,200607,200608,200609,200610,200611,200612,200701,200702,200703,200704,200705,200706,200707,200709,200710,200711,200712,200801,200802,200803,200804,200805,200806,200808,200809,200810,200811,200812,200901,200903,200904,200905,200906,200907,200909,200910,201003,201004,201005,201007,201008,201011,201103,201105,201107,201109,201111,201203,201206,201207,201210,201301,201307,201406],"Y_PREVALENCE_1000PP":[0.03284,0.02562,0.01948,0.01625,0.01669,0.01324,0.0277,0.01445,0.02203,0.01187,0.01749,0.01138,0.01373,0.00838,0.01202,0.01478,0.02083,0.01633,0.01216,0.0108,0.01741,0.01348,0.01504,0.00827,0.01461,0.00568,0.01052,0.00953,0.007,0.00762,0.01117,0.00956,0.00657,0.00965,0.00672,0.01328,0.00778,0.00893,0.00699,0.00995,0.00674,0.00933,0.01126,0.01066,0.00891,0.01215,0.01212,0.00881,0.01087,0.00903,0.00802,0.00874,0.00741,0.00685,0.0064,0.00634,0.00859,0.007,0.00543,0.00705,0.00905,0.00342,0.00705,0.00893,0.0084,0.00634,0.00683,0.00829,0.00456,0.00821,0.00523,0.00431,0.00586,0.0061,0.00359,0.00877,0.00519,0.0057,0.00323,0.00456,0.00456,0.00637,0.00502,0.005,0.00419,0.00496,0.00494,0.00438,0.00411,0.00307,0.00382,0.00431,0.00278,0.00593,0.00468,0.00507,0.00452,0.00591,0.00258,0.0042,0.00372,0.00393,0.00322,0.0039,0.00344,0.00317,0.00317,0.00249,0.00338,0.00338,0.00381,0.00333,0.00244,0.00242,0.00241,0.00219,0.00394,0.00281,0.00304,0.00195,0.00215,0.00129,0.00299,0.00406,0.0017,0.00276,0.00443,0.00441,0.00252,0.00208,0.00166,0.00311,0.00124,0.00205,0.00183,0.00201,0.00219,0.00216,0.00234,0.00254,0.00232,0.00155,0.00156,0.00174,0.00213,0.00154,0.0023,0.00209,0.00417,0.00152,0.00246,0.00113,0.00169,0.0017,0.00113,0.0017,0.00113,0.00169,0.00113,0.00133,0.00114,0.00114,0.00153,0.00134,0.00112,0.00111,0.00148,0.00128,0.00164,0.00128,0.00145,0.00145,0.00128,0.00163,0.00165,0.00148,0.00136]},"LENGTH_OF_ERA":{"CATEGORY":"Length of Era","MIN_VALUE":0,"P10_VALUE":20,"P25_VALUE":27,"MEDIAN_VALUE":55,"P75_VALUE":165,"P90_VALUE":446,"MAX_VALUE":4479}}
