{"AGE_AT_FIRST_EXPOSURE":{"CATEGORY":["MALE","FEMALE"],"MIN_VALUE":[13,17],"P10_VALUE":[55,53],"P25_VALUE":[65,63],"MEDIAN_VALUE":[73,73],"P75_VALUE":[80,79],"P90_VALUE":[85,84],"MAX_VALUE":[96,96]},"PREVALENCE_BY_GENDER_AGE_YEAR":{"TRELLIS_NAME":["70-79","80-89","60-69","50-59","60-69","70-79","80-89","70-79","50-59","60-69","70-79","70-79","80-89","60-69","80-89","40-49","50-59","30-39","80-89","70-79","70-79","90-99","50-59","50-59","40-49","80-89","60-69","60-69","70-79","50-59","60-69","40-49","50-59","60-69","70-79","40-49","80-89","80-89","70-79","70-79","30-39","60-69","80-89","60-69","40-49","90-99","50-59","40-49","80-89","50-59","50-59","70-79","70-79","80-89","40-49","80-89","60-69","50-59","60-69","60-69","70-79","80-89","60-69","80-89","70-79"],"SERIES_NAME":["FEMALE","MALE","FEMALE","FEMALE","MALE","FEMALE","FEMALE","MALE","FEMALE","MALE","MALE","FEMALE","FEMALE","FEMALE","MALE","MALE","MALE","FEMALE","FEMALE","MALE","FEMALE","FEMALE","FEMALE","MALE","FEMALE","MALE","MALE","FEMALE","FEMALE","MALE","FEMALE","FEMALE","FEMALE","MALE","MALE","MALE","MALE","FEMALE","FEMALE","MALE","FEMALE","MALE","MALE","FEMALE","FEMALE","FEMALE","FEMALE","MALE","FEMALE","MALE","MALE","MALE","FEMALE","FEMALE","FEMALE","MALE","MALE","FEMALE","FEMALE","MALE","MALE","FEMALE","FEMALE","MALE","FEMALE"],"X_CALENDAR_YEAR":[2012,2013,2013,2013,2013,2013,2013,2013,2014,2014,2014,2014,2014,2014,2014,2014,2014,2014,2015,2015,2015,2015,2015,2015,2015,2015,2015,2015,2016,2016,2016,2016,2016,2016,2016,2016,2016,2016,2017,2017,2017,2017,2017,2017,2017,2017,2017,2017,2017,2017,2018,2018,2018,2018,2018,2018,2018,2018,2018,2019,2019,2019,2019,2019,2019],"Y_PREVALENCE_1000PP":[0.02675,0.0921,0.02125,0.0237,0.01876,0.05682,0.06265,0.05951,0.04348,0.06627,0.14217,0.14808,0.10976,0.06748,0.10573,0.01713,0.02676,0.01577,0.20792,0.3459,0.29775,0.16183,0.04383,0.04605,0.02267,0.39959,0.11904,0.09082,0.3905,0.07416,0.18029,0.04136,0.06161,0.17329,0.50773,0.02002,0.68052,0.39434,0.4424,0.37141,0.02204,0.19644,0.75566,0.20585,0.02745,0.22645,0.07177,0.02268,0.41066,0.05583,0.06248,0.43281,0.44346,0.62111,0.04032,0.70597,0.22088,0.04669,0.1626,0.10693,0.20005,0.21276,0.09903,0.39838,0.11554]},"PREVALENCE_BY_MONTH":{"X_CALENDAR_MONTH":[201303,201306,201307,201308,201309,201310,201311,201312,201401,201402,201403,201404,201405,201406,201407,201408,201409,201410,201411,201412,201501,201502,201503,201504,201505,201506,201507,201508,201509,201510,201511,201512,201601,201602,201603,201604,201605,201606,201607,201608,201609,201610,201611,201612,201701,201702,201703,201704,201705,201706,201707,201708,201709,201710,201711,201712,201801,201802,201803,201804,201805,201806,201807,201808,201809,201810,201811,201812,201901,201902,201903],"Y_PREVALENCE_1000PP":[0.00111,0.00167,0.00167,0.00167,0.00185,0.00206,0.00151,0.00269,0.00191,0.00229,0.00345,0.00383,0.00287,0.00368,0.00196,0.00296,0.00456,0.00445,0.00409,0.00394,0.00415,0.00334,0.00496,0.00648,0.00454,0.0054,0.00607,0.00921,0.00675,0.00861,0.00899,0.00885,0.00742,0.01144,0.01022,0.009,0.00835,0.00746,0.00945,0.00855,0.01072,0.0095,0.01232,0.00876,0.00904,0.0112,0.01389,0.00713,0.01227,0.0102,0.00965,0.00854,0.01388,0.00977,0.01176,0.00761,0.00586,0.00865,0.00988,0.01235,0.00925,0.00806,0.01293,0.00891,0.0099,0.01237,0.01215,0.01447,0.01181,0.01519,0.01585]},"LENGTH_OF_ERA":{"CATEGORY":"Length of Era","MIN_VALUE":29,"P10_VALUE":29,"P25_VALUE":29,"MEDIAN_VALUE":29,"P75_VALUE":53,"P90_VALUE":109,"MAX_VALUE":1908}}
