{"AGE_AT_FIRST_EXPOSURE":{"CATEGORY":["MALE","FEMALE"],"MIN_VALUE":[7,21],"P10_VALUE":[53,63],"P25_VALUE":[65,72],"MEDIAN_VALUE":[75,79],"P75_VALUE":[81,85],"P90_VALUE":[89,91],"MAX_VALUE":[99,99]},"PREVALENCE_BY_GENDER_AGE_YEAR":{"TRELLIS_NAME":["80-89","60-69","70-79","80-89","70-79","60-69","80-89","70-79","80-89","70-79","80-89","80-89","70-79","70-79","60-69","90-99","80-89","70-79","70-79","80-89","60-69","60-69","60-69","80-89","70-79","70-79","80-89","60-69","90-99","70-79","70-79","80-89","70-79","80-89","70-79","80-89","80-89","70-79","80-89","80-89","80-89","80-89","70-79","80-89","80-89"],"SERIES_NAME":["FEMALE","FEMALE","FEMALE","FEMALE","FEMALE","FEMALE","MALE","FEMALE","FEMALE","FEMALE","MALE","FEMALE","MALE","FEMALE","MALE","FEMALE","FEMALE","FEMALE","MALE","FEMALE","MALE","FEMALE","FEMALE","FEMALE","FEMALE","FEMALE","FEMALE","FEMALE","FEMALE","MALE","FEMALE","FEMALE","FEMALE","FEMALE","MALE","MALE","FEMALE","FEMALE","FEMALE","FEMALE","MALE","FEMALE","MALE","MALE","FEMALE"],"X_CALENDAR_YEAR":[1996,1996,1996,1997,1997,1997,1998,1998,1998,1999,1999,1999,2000,2000,2000,2000,2000,2001,2001,2001,2001,2001,2002,2002,2002,2003,2003,2003,2003,2004,2004,2004,2005,2005,2005,2006,2006,2006,2007,2008,2009,2009,2009,2010,2010],"Y_PREVALENCE_1000PP":[0.91075,0.19554,0.40087,0.48411,0.34596,0.11172,0.30883,0.26151,0.53375,0.20554,0.21661,0.35852,0.06607,0.19928,0.05548,0.64847,0.2985,0.14576,0.06948,0.33052,0.03722,0.05456,0.03711,0.27972,0.07445,0.09518,0.20866,0.02941,0.35544,0.0394,0.11535,0.14341,0.05846,0.12142,0.03799,0.07781,0.10091,0.04086,0.10105,0.05558,0.0661,0.0689,0.03161,0.06502,0.04163]},"PREVALENCE_BY_MONTH":{"X_CALENDAR_MONTH":[199601,199606,199609,199610,199612,199701,199703,199705,199706,199707,199709,199712,199801,199802,199804,199805,199806,199808,199809,199810,199811,199902,199903,199904,199905,199906,199907,199908,199909,199911,199912,200001,200002,200003,200004,200005,200006,200007,200008,200009,200010,200012,200101,200102,200103,200104,200105,200106,200107,200108,200109,200110,200112,200202,200203,200204,200205,200206,200207,200208,200210,200211,200212,200301,200302,200303,200304,200305,200307,200310,200311,200312,200401,200404,200405,200406,200407,200408,200409,200410,200412,200501,200503,200504,200505,200509,200510,200601,200602,200605,200912],"Y_PREVALENCE_1000PP":[0.02815,0.01393,0.01477,0.01084,0.01017,0.00942,0.00749,0.00704,0.00655,0.00634,0.00612,0.0058,0.01095,0.00752,0.00568,0.00487,0.00891,0.00467,0.00457,0.00521,0.00662,0.00807,0.00398,0.00454,0.0051,0.00636,0.00435,0.00429,0.00408,0.0048,0.00445,0.00675,0.00269,0.00397,0.00391,0.00301,0.00549,0.00541,0.00288,0.00282,0.0036,0.00352,0.00479,0.00326,0.00352,0.00348,0.00548,0.00268,0.00265,0.00323,0.00222,0.00279,0.00213,0.00203,0.00201,0.00391,0.00222,0.00331,0.00274,0.00273,0.00161,0.00161,0.00188,0.00186,0.0029,0.00263,0.00262,0.00287,0.00257,0.00255,0.00152,0.00227,0.00173,0.00286,0.00166,0.00282,0.0014,0.00186,0.00139,0.00207,0.00138,0.00159,0.00158,0.0018,0.00203,0.00154,0.00176,0.00195,0.0013,0.0015,0.00114]},"LENGTH_OF_ERA":{"CATEGORY":"Length of Era","MIN_VALUE":0,"P10_VALUE":27,"P25_VALUE":55,"MEDIAN_VALUE":142,"P75_VALUE":442,"P90_VALUE":1334,"MAX_VALUE":7376}}
