{"PREVALENCE_BY_GENDER_AGE_YEAR":{"TRELLIS_NAME":["60-69","60-69","70-79","60-69","60-69","60-69","60-69","60-69","70-79","60-69","60-69","60-69","60-69"],"SERIES_NAME":["MALE","MALE","MALE","MALE","FEMALE","MALE","FEMALE","MALE","FEMALE","MALE","MALE","MALE","MALE"],"X_CALENDAR_YEAR":[2007,2009,2010,2010,2010,2011,2012,2013,2014,2014,2015,2016,2017],"Y_PREVALENCE_1000PP":[0.09099,0.08096,0.10111,0.10703,0.08457,0.09235,0.06576,0.07831,0.10728,0.09143,0.07788,0.10521,0.10954]},"PREVALENCE_BY_MONTH":{"X_CALENDAR_MONTH":[201103,201310,201202,201609,201008,201604,200912,201110,201107,201404,201003,201506,201005,201010,201011,200911,201503],"Y_PREVALENCE_1000PP":[0.00681,0.00732,0.00697,0.00839,0.00784,0.00818,0.00774,0.01036,0.00687,0.00746,0.00778,0.01044,0.00669,0.009,0.01126,0.00662,0.00774]},"LENGTH_OF_ERA":{"CATEGORY":"Length of era","MIN_VALUE":1,"P10_VALUE":1,"P25_VALUE":1,"MEDIAN_VALUE":1,"P75_VALUE":1,"P90_VALUE":1,"MAX_VALUE":92},"AGE_AT_FIRST_DIAGNOSIS":{"CATEGORY":["MALE","FEMALE"],"MIN_VALUE":[18,31],"P10_VALUE":[51,51],"P25_VALUE":[58,60],"MEDIAN_VALUE":[64,70],"P75_VALUE":[72,80],"P90_VALUE":[79,85],"MAX_VALUE":[96,95]}}
