{"PREVALENCE_BY_GENDER_AGE_YEAR":{"TRELLIS_NAME":["40-49","40-49","20-29","30-39"],"SERIES_NAME":["MALE","MALE","FEMALE","MALE"],"X_CALENDAR_YEAR":[2000,2001,2001,2002],"Y_PREVALENCE_1000PP":[1.80343,0.99734,2.83745,1.79816]},"PREVALENCE_BY_MONTH":{"X_CALENDAR_MONTH":[200103,200007,200708,200104,200609,201102],"Y_PREVALENCE_1000PP":[0.10291,0.23556,0.00996,0.09721,0.01021,0.0068]},"LENGTH_OF_ERA":{"CATEGORY":"Length of era","MIN_VALUE":1,"P10_VALUE":1,"P25_VALUE":1,"MEDIAN_VALUE":1,"P75_VALUE":1,"P90_VALUE":1,"MAX_VALUE":154},"AGE_AT_FIRST_DIAGNOSIS":{"CATEGORY":["MALE","FEMALE"],"MIN_VALUE":[15,17],"P10_VALUE":[19,22],"P25_VALUE":[27,29],"MEDIAN_VALUE":[37,40],"P75_VALUE":[49,56],"P90_VALUE":[68,70],"MAX_VALUE":[84,98]}}
