{"PREVALENCE_BY_GENDER_AGE_YEAR":{"TRELLIS_NAME":["40-49","10-19","10-19","20-29","10-19","50-59","20-29"],"SERIES_NAME":["FEMALE","MALE","MALE","MALE","FEMALE","FEMALE","MALE"],"X_CALENDAR_YEAR":[2001,2005,2008,2008,2008,2008,2009],"Y_PREVALENCE_1000PP":[0.97779,1.47384,0.24916,0.2621,0.30341,0.06064,0.31255]},"PREVALENCE_BY_MONTH":{"X_CALENDAR_MONTH":[200708,200710,200902,200404,200810,200609,200809,200610,200209,201008],"Y_PREVALENCE_1000PP":[0.00747,0.00732,0.00764,0.04158,0.00771,0.00875,0.00887,0.00857,0.06038,0.00672]},"LENGTH_OF_ERA":{"CATEGORY":"Length of era","MIN_VALUE":1,"P10_VALUE":1,"P25_VALUE":1,"MEDIAN_VALUE":1,"P75_VALUE":1,"P90_VALUE":1,"MAX_VALUE":124},"AGE_AT_FIRST_DIAGNOSIS":{"CATEGORY":["MALE","FEMALE"],"MIN_VALUE":[9,2],"P10_VALUE":[15,15],"P25_VALUE":[21,27],"MEDIAN_VALUE":[39,43],"P75_VALUE":[52,57],"P90_VALUE":[69,71],"MAX_VALUE":[85,92]}}
