{"PREVALENCE_BY_GENDER_AGE_YEAR":{"TRELLIS_NAME":["30-39","40-49","20-29","30-39","30-39","20-29","30-39","40-49","40-49","20-29","30-39","20-29","40-49","30-39","20-29","40-49","30-39","30-39","40-49","40-49","50-59","30-39","40-49","30-39","30-39","40-49","40-49","20-29","30-39","50-59","40-49","50-59","50-59","40-49","50-59","50-59","40-49"],"SERIES_NAME":["FEMALE","FEMALE","FEMALE","FEMALE","FEMALE","FEMALE","FEMALE","FEMALE","FEMALE","FEMALE","FEMALE","FEMALE","FEMALE","FEMALE","FEMALE","FEMALE","FEMALE","FEMALE","FEMALE","FEMALE","FEMALE","FEMALE","FEMALE","FEMALE","FEMALE","FEMALE","FEMALE","FEMALE","FEMALE","FEMALE","FEMALE","FEMALE","FEMALE","FEMALE","FEMALE","FEMALE","FEMALE"],"X_CALENDAR_YEAR":[2000,2000,2001,2001,2002,2002,2003,2003,2004,2004,2004,2005,2005,2005,2006,2006,2006,2007,2007,2008,2008,2008,2009,2009,2010,2010,2011,2011,2011,2011,2012,2012,2013,2013,2014,2015,2017],"Y_PREVALENCE_1000PP":[2.95733,1.5715,2.4321,1.36986,1.50577,2.39808,1.26921,0.7095,0.52854,1.33571,1.09542,2.18688,0.3502,0.98103,0.31997,0.1431,0.24438,0.29928,0.09234,0.09492,0.05197,0.1682,0.10054,0.17757,0.17107,0.09471,0.10045,0.22311,0.20395,0.06126,0.08115,0.13221,0.06252,0.08827,0.12989,0.11753,0.19806]},"PREVALENCE_BY_MONTH":{"X_CALENDAR_MONTH":[200012,200709,201102,200603,201002,201710,200502,200801,200105,201202,200404,200407,201011,201211,200508,201203,201205,201511,200903,201407,200910,201001,200306,200707,200705,200805,201010,200505,201105,201005,200906],"Y_PREVALENCE_1000PP":[0.14753,0.00739,0.0102,0.01274,0.00666,0.01228,0.03585,0.00708,0.10689,0.01045,0.03564,0.03393,0.00676,0.00712,0.02833,0.01164,0.00702,0.00932,0.00765,0.00753,0.00772,0.00886,0.07234,0.00881,0.00901,0.01027,0.00787,0.0344,0.01254,0.00669,0.00658]},"LENGTH_OF_ERA":{"CATEGORY":"Length of era","MIN_VALUE":1,"P10_VALUE":1,"P25_VALUE":1,"MEDIAN_VALUE":1,"P75_VALUE":1,"P90_VALUE":1,"MAX_VALUE":93},"AGE_AT_FIRST_DIAGNOSIS":{"CATEGORY":["MALE","FEMALE"],"MIN_VALUE":[15,8],"P10_VALUE":[24,23],"P25_VALUE":[31,30],"MEDIAN_VALUE":[40,40],"P75_VALUE":[53,51],"P90_VALUE":[68,62],"MAX_VALUE":[93,91]}}
