{"PREVALENCE_BY_GENDER_AGE_YEAR":{"TRELLIS_NAME":["70-79","60-69","70-79","60-69","60-69","70-79","50-59","70-79","50-59","60-69","50-59","80-89","80-89","50-59","60-69","40-49","70-79","70-79","60-69","50-59","70-79","80-89","80-89","50-59","70-79","60-69","80-89","50-59","70-79","80-89","50-59","60-69","70-79","60-69","60-69","70-79","50-59","80-89","80-89","60-69","50-59","70-79","80-89","50-59","60-69","70-79","60-69","70-79","50-59","60-69","80-89","70-79","70-79","80-89","60-69","80-89","70-79","60-69","50-59","70-79","50-59","60-69","80-89","50-59","60-69","70-79","70-79","60-69","80-89","70-79","60-69","80-89","50-59","80-89","70-79","60-69","60-69","80-89","60-69","90-99","70-79","50-59","80-89","70-79","80-89","70-79","50-59","60-69","60-69","80-89","70-79"],"SERIES_NAME":["FEMALE","FEMALE","MALE","MALE","FEMALE","MALE","MALE","FEMALE","FEMALE","FEMALE","MALE","FEMALE","MALE","FEMALE","MALE","MALE","FEMALE","MALE","MALE","FEMALE","FEMALE","FEMALE","MALE","MALE","MALE","FEMALE","MALE","MALE","FEMALE","FEMALE","FEMALE","MALE","MALE","FEMALE","FEMALE","FEMALE","FEMALE","FEMALE","MALE","MALE","MALE","MALE","MALE","FEMALE","MALE","FEMALE","FEMALE","MALE","FEMALE","FEMALE","MALE","FEMALE","MALE","FEMALE","MALE","MALE","MALE","FEMALE","FEMALE","FEMALE","MALE","MALE","FEMALE","FEMALE","FEMALE","FEMALE","MALE","MALE","MALE","MALE","FEMALE","MALE","FEMALE","FEMALE","FEMALE","MALE","MALE","MALE","FEMALE","MALE","FEMALE","FEMALE","FEMALE","MALE","FEMALE","FEMALE","FEMALE","FEMALE","MALE","MALE","MALE"],"X_CALENDAR_YEAR":[2005,2005,2006,2006,2007,2007,2007,2007,2007,2008,2008,2008,2008,2008,2008,2008,2008,2008,2009,2009,2009,2009,2009,2009,2009,2009,2010,2010,2010,2010,2010,2010,2010,2010,2011,2011,2011,2011,2011,2011,2011,2011,2012,2012,2012,2012,2012,2012,2013,2013,2013,2013,2013,2013,2013,2014,2014,2014,2014,2014,2014,2014,2015,2015,2015,2015,2015,2015,2015,2016,2016,2016,2016,2016,2016,2016,2017,2017,2017,2017,2017,2017,2017,2017,2018,2018,2018,2018,2018,2018,2018],"Y_PREVALENCE_1000PP":[0.30332,0.34163,0.13685,0.1025,0.08789,0.19754,0.11897,0.21857,0.12704,0.17195,0.18498,0.17303,0.3924,0.15592,0.23154,0.11744,0.2701,0.37193,0.32385,0.07815,0.20887,0.33752,0.40946,0.1427,0.392,0.13908,0.41427,0.1573,0.21547,0.16167,0.06938,0.2542,0.41889,0.13289,0.19557,0.1813,0.09627,0.31377,0.39881,0.30345,0.07471,0.2986,0.46601,0.0617,0.31351,0.1881,0.14248,0.29355,0.11612,0.16862,0.31474,0.18037,0.19288,0.16677,0.19577,0.30796,0.27994,0.19321,0.10205,0.16858,0.08486,0.2351,0.19996,0.08815,0.13811,0.21973,0.39359,0.20769,0.40698,0.29851,0.15613,0.3543,0.12678,0.23693,0.1884,0.23671,0.24647,0.25316,0.19759,0.82338,0.31078,0.08241,0.2206,0.37345,0.20583,0.29614,0.12415,0.19757,0.24908,0.38509,0.36322]},"PREVALENCE_BY_MONTH":{"X_CALENDAR_MONTH":[201201,201501,201107,201007,201402,201504,200910,201802,201109,201412,201705,201407,201711,201209,201005,201704,200712,201004,201505,201206,201710,201406,201408,201204,201706,201806,201404,201708,200804,201310,200904,201304,201611,200801,201002,201804,200811,201211,201808,201208,200812,201210,200906,201112,200703,201110,201606,201307,201010,201509,201102,201405,201709,201512,201703,200808,200907,201610,201103,201105,201111,201011,201805,201411,201303,200903,200912,200902,201108,201309,201305,201008,200802,201403,201301,201410,201508,201801,201604,200805,201701,201503,200908,201601,200705,201607,201104,201003,201101,201009,201702,201712,200710,201006,200706,201312,201202,201001,200905,200809,201401,201506,201207,200606,200701,201012,201605,201809,201608,201810,201812,200909,200505,200911,201507,201205,201603,200807,201308,201612,201511,201302,201811,201212,201807,200708,201707,201803,201502,200810,200711,201306,201409,201311,200803,201203,201609,201106,200806,200901,201510],"Y_PREVALENCE_1000PP":[0.00811,0.0192,0.00801,0.01566,0.01112,0.01943,0.01874,0.01444,0.01264,0.01148,0.01766,0.01505,0.01395,0.01417,0.01115,0.02193,0.01315,0.01448,0.0091,0.01759,0.01996,0.01126,0.01762,0.01284,0.02817,0.01709,0.0087,0.02262,0.0207,0.00976,0.01204,0.01081,0.02405,0.02006,0.00888,0.01815,0.01313,0.01067,0.03078,0.01296,0.01633,0.01302,0.02413,0.01387,0.01055,0.01842,0.01928,0.01695,0.01349,0.01717,0.0068,0.01372,0.0213,0.01471,0.02757,0.0145,0.01976,0.01407,0.01477,0.01939,0.01846,0.0169,0.02682,0.0089,0.01438,0.02076,0.01769,0.01419,0.0172,0.00852,0.01204,0.01905,0.02106,0.01735,0.01192,0.02534,0.01184,0.019,0.02318,0.01483,0.02864,0.01548,0.01429,0.01344,0.01674,0.01384,0.0148,0.02001,0.01583,0.01347,0.01441,0.01409,0.01463,0.02011,0.00764,0.01595,0.01393,0.01218,0.01205,0.01441,0.01723,0.01827,0.0094,0.00951,0.01084,0.01354,0.01644,0.01525,0.02226,0.03396,0.0605,0.01981,0.02949,0.01545,0.01572,0.01871,0.01356,0.0146,0.01821,0.0185,0.01199,0.01673,0.02996,0.01664,0.02448,0.00996,0.01346,0.01625,0.01542,0.02422,0.01086,0.00845,0.01263,0.01224,0.01392,0.0163,0.02098,0.01257,0.01359,0.01964,0.01724]},"LENGTH_OF_ERA":{"CATEGORY":"Length of era","MIN_VALUE":1,"P10_VALUE":1,"P25_VALUE":1,"MEDIAN_VALUE":1,"P75_VALUE":32,"P90_VALUE":93,"MAX_VALUE":640},"AGE_AT_FIRST_DIAGNOSIS":{"CATEGORY":["MALE","FEMALE"],"MIN_VALUE":[12,24],"P10_VALUE":[56,52],"P25_VALUE":[62,59],"MEDIAN_VALUE":[72,69],"P75_VALUE":[78,78],"P90_VALUE":[84,84],"MAX_VALUE":[100,98]}}
