{"PREVALENCE_BY_GENDER_AGE_YEAR":{"TRELLIS_NAME":["60-69","70-79","60-69","80-89","50-59","70-79","80-89","50-59","80-89","70-79","80-89","60-69","40-49","50-59","70-79","80-89","70-79","80-89","50-59","60-69","70-79","50-59","70-79","80-89","60-69","60-69","80-89","60-69","70-79","70-79","60-69","50-59","80-89","80-89","70-79","70-79","80-89","60-69","70-79","60-69","80-89","70-79","50-59","70-79","60-69","80-89","80-89","70-79","60-69","70-79","60-69","80-89","60-69","70-79","60-69","70-79","80-89","60-69","70-79","80-89","70-79","60-69"],"SERIES_NAME":["MALE","MALE","MALE","MALE","MALE","MALE","FEMALE","MALE","FEMALE","MALE","MALE","MALE","FEMALE","MALE","MALE","FEMALE","FEMALE","MALE","FEMALE","MALE","MALE","MALE","FEMALE","MALE","MALE","FEMALE","MALE","MALE","MALE","FEMALE","MALE","FEMALE","FEMALE","MALE","MALE","MALE","MALE","MALE","FEMALE","FEMALE","MALE","MALE","FEMALE","FEMALE","MALE","FEMALE","FEMALE","MALE","FEMALE","FEMALE","MALE","MALE","MALE","MALE","MALE","MALE","FEMALE","MALE","FEMALE","MALE","MALE","FEMALE"],"X_CALENDAR_YEAR":[2004,2005,2007,2007,2007,2007,2007,2008,2008,2008,2008,2008,2008,2009,2009,2009,2009,2009,2009,2009,2010,2010,2010,2010,2010,2011,2011,2011,2011,2011,2012,2012,2012,2012,2012,2013,2013,2013,2013,2013,2014,2014,2014,2014,2014,2014,2015,2015,2015,2015,2015,2016,2016,2016,2017,2017,2017,2018,2018,2018,2018,2018],"Y_PREVALENCE_1000PP":[0.33772,0.383,0.15165,0.23776,0.07931,0.18235,0.15003,0.15029,0.19465,0.30305,0.3597,0.24516,0.09492,0.1427,0.224,0.18985,0.10443,0.47246,0.07815,0.20241,0.28889,0.0847,0.10773,0.41427,0.14717,0.09203,0.39881,0.11874,0.17916,0.08368,0.1045,0.0617,0.15261,0.32895,0.1854,0.22503,0.1836,0.10441,0.10522,0.08431,0.35929,0.16467,0.05567,0.09195,0.07837,0.18307,0.12724,0.22246,0.06906,0.09417,0.15577,0.25307,0.17096,0.19316,0.12323,0.16005,0.16545,0.10256,0.09352,0.25673,0.19977,0.06239]},"PREVALENCE_BY_MONTH":{"X_CALENDAR_MONTH":[201501,201112,200704,200811,201712,200507,201411,200503,200912,201301,200804,201708,201403,201208,201709,200907,201801,201811,201404,200810,201202,200902,201401,201606,201409,201111,201806,201201,201109,200812,201312,201207,201604,201605,201812,200802,200708,200901,200712,201310,201511,201505,201309,201104,201705,201701,201205,201010,200601,201004,201507,200801,200805,200909,200809,201001,200911,201007,201203,201508,201601,201412,201002,201102,201512,201502,201510,201608,201807,201607,201005,201108,201602,200605,201803,201110,201503,201106,201802,200905,201008,200808,201307,201105,201209,201308,200711,200904,201406,201703,201305,201410,200903,200803,201210,201211,200908,201006,201808,201809,200910,201011,201704,201408,201609,200807,200705,201003,201009,200412,201304,201804,200612],"Y_PREVALENCE_1000PP":[0.00896,0.01272,0.00782,0.02189,0.01566,0.02871,0.0089,0.03028,0.01106,0.01192,0.0092,0.01056,0.00867,0.00942,0.01065,0.00878,0.01425,0.01634,0.01119,0.01541,0.01045,0.01092,0.00985,0.00826,0.01137,0.00692,0.01367,0.00695,0.0069,0.0098,0.00736,0.0141,0.01363,0.01096,0.03257,0.01404,0.00996,0.01527,0.01076,0.01098,0.01199,0.0104,0.00974,0.01138,0.01619,0.00859,0.01053,0.00787,0.0184,0.01113,0.01048,0.01298,0.01369,0.00991,0.01551,0.00886,0.01104,0.00783,0.00931,0.01053,0.00806,0.0102,0.01332,0.00793,0.01605,0.009,0.00796,0.00835,0.01049,0.01661,0.00781,0.01147,0.00945,0.01319,0.01137,0.00806,0.01161,0.01143,0.01284,0.01096,0.00897,0.00669,0.0109,0.01026,0.00945,0.01093,0.01448,0.00875,0.01251,0.01306,0.00964,0.00887,0.01202,0.01276,0.00828,0.01186,0.01539,0.00894,0.01086,0.01144,0.00992,0.01014,0.01316,0.00881,0.00979,0.01235,0.00772,0.00778,0.00674,0.03158,0.00961,0.01155,0.01103]},"LENGTH_OF_ERA":{"CATEGORY":"Length of era","MIN_VALUE":1,"P10_VALUE":1,"P25_VALUE":1,"MEDIAN_VALUE":1,"P75_VALUE":32,"P90_VALUE":91,"MAX_VALUE":305},"AGE_AT_FIRST_DIAGNOSIS":{"CATEGORY":["MALE","FEMALE"],"MIN_VALUE":[20,27],"P10_VALUE":[55,46],"P25_VALUE":[63,56],"MEDIAN_VALUE":[71,69],"P75_VALUE":[79,81],"P90_VALUE":[84,86],"MAX_VALUE":[95,102]}}
