{"PREVALENCE_BY_GENDER_AGE_YEAR":{"TRELLIS_NAME":["10-19","10-19","20-29","10-19","20-29","10-19","10-19","20-29","10-19","10-19","20-29","20-29","30-39","10-19","30-39","20-29","10-19","10-19","20-29","30-39","10-19","20-29","20-29","20-29","10-19","20-29","30-39","20-29","20-29"],"SERIES_NAME":["FEMALE","FEMALE","FEMALE","FEMALE","FEMALE","FEMALE","FEMALE","FEMALE","FEMALE","FEMALE","FEMALE","FEMALE","FEMALE","FEMALE","FEMALE","FEMALE","FEMALE","FEMALE","FEMALE","FEMALE","FEMALE","FEMALE","FEMALE","FEMALE","FEMALE","FEMALE","FEMALE","FEMALE","FEMALE"],"X_CALENDAR_YEAR":[2000,2001,2001,2002,2002,2003,2004,2005,2005,2006,2006,2007,2007,2007,2008,2008,2008,2009,2009,2009,2010,2010,2011,2013,2013,2014,2015,2015,2018],"Y_PREVALENCE_1000PP":[13.03781,5.29902,2.83745,6.64084,2.9976,6.94766,3.96668,2.7833,2.75862,0.66841,0.59423,0.50197,0.19952,0.74048,0.1682,0.36032,0.82354,0.48056,0.29331,0.1243,0.38732,0.24466,0.28686,0.38741,0.62959,0.33926,0.18353,0.373,0.48154]},"PREVALENCE_BY_MONTH":{"X_CALENDAR_MONTH":[200803,201008,200804,200801,201105,200809,200902,200712,200708,200810,200506,200308,201410,201205,201005,200008,200211,200605,200901,201407,200807,200705,200711,200707,200808,201506],"Y_PREVALENCE_1000PP":[0.00812,0.00784,0.0069,0.00708,0.00684,0.00887,0.00983,0.00717,0.00747,0.00661,0.02907,0.06233,0.0076,0.00702,0.00669,0.17915,0.04925,0.01154,0.00655,0.00878,0.00674,0.01159,0.00845,0.00755,0.00669,0.00783]},"LENGTH_OF_ERA":{"CATEGORY":"Length of era","MIN_VALUE":1,"P10_VALUE":1,"P25_VALUE":1,"MEDIAN_VALUE":1,"P75_VALUE":1,"P90_VALUE":30,"MAX_VALUE":182},"AGE_AT_FIRST_DIAGNOSIS":{"CATEGORY":["MALE","FEMALE"],"MIN_VALUE":[14,11],"P10_VALUE":[18,15],"P25_VALUE":[21,17],"MEDIAN_VALUE":[52,21],"P75_VALUE":[70,31],"P90_VALUE":[84,47],"MAX_VALUE":[91,95]}}
