{"PREVALENCE_BY_GENDER_AGE_YEAR":{"TRELLIS_NAME":["50-59","50-59","30-39","40-49","50-59","30-39","50-59","30-39","50-59","30-39","40-49","30-39","50-59","60-69","50-59","70-79","60-69","50-59","60-69","40-49","30-39","30-39","40-49","70-79","40-49","20-29","30-39","60-69","60-69","50-59","70-79","40-49","50-59","60-69","50-59","60-69","70-79","70-79","50-59","40-49","40-49","30-39","30-39","50-59","40-49","50-59","60-69","40-49","50-59","40-49","50-59","30-39","40-49","60-69","40-49"],"SERIES_NAME":["FEMALE","MALE","MALE","FEMALE","MALE","FEMALE","MALE","FEMALE","MALE","FEMALE","MALE","MALE","FEMALE","FEMALE","FEMALE","MALE","MALE","MALE","FEMALE","FEMALE","MALE","FEMALE","MALE","FEMALE","FEMALE","FEMALE","MALE","FEMALE","MALE","FEMALE","MALE","MALE","MALE","MALE","FEMALE","FEMALE","MALE","FEMALE","MALE","MALE","FEMALE","FEMALE","MALE","FEMALE","MALE","MALE","MALE","FEMALE","MALE","MALE","MALE","FEMALE","MALE","FEMALE","MALE"],"X_CALENDAR_YEAR":[2002,2002,2004,2004,2005,2006,2007,2007,2008,2008,2008,2008,2008,2008,2009,2009,2009,2009,2009,2009,2009,2009,2009,2010,2010,2010,2010,2010,2010,2010,2010,2010,2010,2011,2011,2011,2011,2011,2011,2011,2011,2011,2011,2012,2012,2012,2012,2013,2013,2013,2015,2015,2015,2015,2016],"Y_PREVALENCE_1000PP":[0.66257,0.59542,0.97863,0.39641,0.31468,0.14663,0.07931,0.13966,0.08093,0.10092,0.15099,0.21378,0.07796,0.09259,0.06078,0.168,0.16193,0.11892,0.08851,0.11171,0.29603,0.10654,0.35019,0.09427,0.09471,0.21408,0.34527,0.12081,0.10703,0.09539,0.08667,0.28518,0.1694,0.11874,0.06126,0.09203,0.08958,0.09762,0.09962,0.2221,0.08789,0.16316,0.25369,0.08814,0.34315,0.12831,0.09144,0.08827,0.13356,0.21497,0.10683,0.24471,0.32271,0.05919,0.24983]},"PREVALENCE_BY_MONTH":{"X_CALENDAR_MONTH":[200812,201604,201106,201112,200810,201003,200805,201808,200901,200809,200202,201109,200303,201111,201203,200909,201304,201511,200807,201602,200911,201506,201008,201010,201104,201103,201308,201205,201011,201605,201005,201608,201302,201001,201504,200205,200907,201208,201405,201002,201007,201206,201105,200712,201204,200902,201102,201307,201503,201012,201201,201101,200711,201108,200710,200109,200903,200811,201708,200705,200906,201110,201305,201510,200904,201009,200207,200704,201711,201202,201004,200910,200908,201509,200912,200405,200905,201505,201802,201006],"Y_PREVALENCE_1000PP":[0.01525,0.00954,0.016,0.00694,0.00661,0.01445,0.00913,0.01267,0.01091,0.00776,0.07433,0.00919,0.0528,0.015,0.01513,0.01431,0.00961,0.00932,0.00786,0.00945,0.01435,0.00783,0.01121,0.01012,0.01366,0.01136,0.00728,0.00819,0.01464,0.00959,0.01673,0.00835,0.00717,0.02548,0.01036,0.05791,0.01318,0.0106,0.00748,0.00999,0.01231,0.00938,0.00684,0.01076,0.00934,0.00874,0.0136,0.00847,0.00903,0.01016,0.01043,0.01244,0.00724,0.00803,0.00732,0.07628,0.01858,0.01751,0.00905,0.00901,0.01645,0.01036,0.01084,0.00796,0.00875,0.01123,0.06371,0.01043,0.0124,0.01045,0.01113,0.01433,0.01209,0.00925,0.00995,0.03506,0.01424,0.0078,0.00963,0.01787]},"LENGTH_OF_ERA":{"CATEGORY":"Length of era","MIN_VALUE":1,"P10_VALUE":1,"P25_VALUE":1,"MEDIAN_VALUE":1,"P75_VALUE":1,"P90_VALUE":31,"MAX_VALUE":154},"AGE_AT_FIRST_DIAGNOSIS":{"CATEGORY":["MALE","FEMALE"],"MIN_VALUE":[19,20],"P10_VALUE":[32,29],"P25_VALUE":[42,36],"MEDIAN_VALUE":[51,53],"P75_VALUE":[63,65],"P90_VALUE":[73,73],"MAX_VALUE":[87,86]}}
