{"PREVALENCE_BY_GENDER_AGE_YEAR":{"TRELLIS_NAME":["70-79","70-79","60-69","70-79","80-89"],"SERIES_NAME":["MALE","MALE","MALE","MALE","FEMALE"],"X_CALENDAR_YEAR":[2011,2012,2012,2013,2013],"Y_PREVALENCE_1000PP":[0.10451,0.0927,0.07838,0.11251,0.11118]},"PREVALENCE_BY_MONTH":{"X_CALENDAR_MONTH":[201201,201604,201303,201206,200812,200705,201301,201101],"Y_PREVALENCE_1000PP":[0.00811,0.00818,0.00958,0.00703,0.00653,0.00901,0.00715,0.00792]},"LENGTH_OF_ERA":{"CATEGORY":"Length of era","MIN_VALUE":1,"P10_VALUE":1,"P25_VALUE":1,"MEDIAN_VALUE":1,"P75_VALUE":32,"P90_VALUE":123,"MAX_VALUE":611},"AGE_AT_FIRST_DIAGNOSIS":{"CATEGORY":["MALE","FEMALE"],"MIN_VALUE":[12,18],"P10_VALUE":[43,36],"P25_VALUE":[54,51],"MEDIAN_VALUE":[65,69],"P75_VALUE":[76,80],"P90_VALUE":[84,85],"MAX_VALUE":[102,89]}}
