{"PREVALENCE_BY_GENDER_AGE_YEAR":{"TRELLIS_NAME":["60-69","60-69","70-79","60-69","70-79","80-89","50-59","70-79","60-69","70-79","80-89","60-69","50-59","80-89","60-69","70-79","50-59","50-59","80-89","70-79","60-69","60-69","80-89","70-79","50-59","80-89","60-69","70-79","60-69","70-79","80-89","80-89","70-79","60-69","80-89","70-79","60-69","70-79","60-69","80-89","70-79","80-89","60-69","70-79","80-89","60-69"],"SERIES_NAME":["MALE","MALE","MALE","MALE","MALE","MALE","MALE","MALE","MALE","MALE","MALE","MALE","MALE","MALE","MALE","MALE","MALE","MALE","MALE","MALE","MALE","MALE","MALE","MALE","MALE","MALE","MALE","MALE","MALE","MALE","MALE","MALE","MALE","MALE","MALE","MALE","MALE","MALE","MALE","MALE","MALE","MALE","MALE","MALE","MALE","MALE"],"X_CALENDAR_YEAR":[2001,2003,2004,2004,2005,2007,2007,2007,2007,2008,2008,2008,2008,2009,2009,2009,2009,2010,2010,2010,2010,2011,2011,2011,2011,2012,2012,2012,2013,2013,2013,2014,2014,2014,2015,2015,2015,2016,2016,2016,2017,2017,2017,2018,2018,2018],"Y_PREVALENCE_1000PP":[0.76013,0.46287,0.35683,0.33772,0.29789,0.27738,0.11897,0.18235,0.19715,0.13775,0.4251,0.14982,0.08093,0.44096,0.17542,0.49,0.08324,0.0847,0.41427,0.26,0.10703,0.17152,0.45579,0.23888,0.07471,0.30154,0.1045,0.23175,0.14356,0.41791,0.31474,0.23097,0.27994,0.09143,0.33067,0.37647,0.10384,0.33363,0.14466,0.32899,0.19561,0.22785,0.12323,0.23609,0.2824,0.11722]},"PREVALENCE_BY_MONTH":{"X_CALENDAR_MONTH":[201705,201309,201006,201603,200711,201601,201108,201103,201810,200911,200902,200701,201307,200906,201412,200905,201509,201306,201311,200901,200904,200812,201811,201106,201009,201206,200709,201002,201105,200806,200903,201708,201109,201302,201605,200811,201008,201809,200907,200908,201803,201004,201211,200910,201401,200801,201303,201209,200312,201310,201202,201507,201505,201102,201502,201501,201010,201801,200609,200103],"Y_PREVALENCE_1000PP":[0.00883,0.00852,0.01117,0.01085,0.00845,0.01478,0.00688,0.00795,0.01274,0.00662,0.01747,0.00813,0.00726,0.00658,0.00765,0.00657,0.00793,0.00845,0.01101,0.00982,0.01313,0.0098,0.01634,0.008,0.0101,0.00938,0.01109,0.00666,0.01483,0.01019,0.00656,0.01357,0.00804,0.00837,0.00822,0.00657,0.00672,0.01335,0.00769,0.00989,0.00975,0.00779,0.00712,0.00992,0.00985,0.00826,0.00839,0.00708,0.03836,0.00732,0.00697,0.01048,0.0091,0.00793,0.009,0.00768,0.00787,0.0095,0.00875,0.10291]},"LENGTH_OF_ERA":{"CATEGORY":"Length of era","MIN_VALUE":1,"P10_VALUE":1,"P25_VALUE":1,"MEDIAN_VALUE":1,"P75_VALUE":1,"P90_VALUE":32,"MAX_VALUE":154},"AGE_AT_FIRST_DIAGNOSIS":{"CATEGORY":["MALE","FEMALE"],"MIN_VALUE":[31,19],"P10_VALUE":[56,51],"P25_VALUE":[63,60],"MEDIAN_VALUE":[72,72],"P75_VALUE":[79,79],"P90_VALUE":[85,87],"MAX_VALUE":[97,95]}}
