{"PREVALENCE_BY_GENDER_AGE_YEAR":{"TRELLIS_NAME":["70-79","60-69","40-49","50-59","50-59","80-89","60-69","40-49","70-79","50-59","40-49","80-89","60-69","70-79","60-69","50-59","80-89","70-79","80-89","60-69","50-59","70-79","80-89","60-69","70-79","50-59","80-89","60-69","60-69","50-59","60-69","60-69","60-69","60-69"],"SERIES_NAME":["FEMALE","FEMALE","FEMALE","FEMALE","FEMALE","FEMALE","FEMALE","FEMALE","FEMALE","FEMALE","FEMALE","FEMALE","FEMALE","FEMALE","FEMALE","FEMALE","FEMALE","FEMALE","FEMALE","FEMALE","FEMALE","FEMALE","FEMALE","FEMALE","FEMALE","FEMALE","FEMALE","FEMALE","FEMALE","FEMALE","FEMALE","FEMALE","FEMALE","FEMALE"],"X_CALENDAR_YEAR":[2006,2006,2006,2006,2007,2007,2007,2007,2007,2008,2008,2008,2008,2008,2009,2009,2009,2009,2010,2010,2010,2010,2011,2011,2012,2012,2012,2012,2013,2013,2014,2015,2017,2018],"Y_PREVALENCE_1000PP":[0.23658,0.21297,0.15611,0.22663,0.15635,0.17504,0.13183,0.13851,0.21857,0.12127,0.09492,0.17303,0.17195,0.23151,0.15172,0.11288,0.21095,0.1436,0.12125,0.08457,0.07805,0.17507,0.19611,0.10354,0.14469,0.0617,0.15261,0.07672,0.08431,0.08039,0.08135,0.07892,0.05928,0.07279]},"PREVALENCE_BY_MONTH":{"X_CALENDAR_MONTH":[200905,200702,200903,201104,201004,200908,200808,200906,201009,201003,200610,200810,200904,200707,200801,200711,200701,201210,200812,200712,200807,201001,200611,200609,200805,201006,200901,201203,200710,200608,200803,201101,200708,200709,200909,200604,201212,200907,200607,200802,200809,200804,200911,201007,200806,200606],"Y_PREVALENCE_1000PP":[0.00986,0.00803,0.00984,0.00911,0.00779,0.0066,0.00669,0.00658,0.00898,0.00778,0.01,0.01211,0.00985,0.00881,0.00944,0.01569,0.01355,0.0071,0.00871,0.01554,0.01011,0.00775,0.01961,0.00875,0.01255,0.00782,0.00655,0.00698,0.00732,0.01345,0.00928,0.00792,0.01493,0.00986,0.0066,0.01896,0.00832,0.01208,0.01843,0.01053,0.00887,0.0138,0.00994,0.00671,0.00793,0.01743]},"LENGTH_OF_ERA":{"CATEGORY":"Length of era","MIN_VALUE":1,"P10_VALUE":1,"P25_VALUE":1,"MEDIAN_VALUE":1,"P75_VALUE":1,"P90_VALUE":1,"MAX_VALUE":93},"AGE_AT_FIRST_DIAGNOSIS":{"CATEGORY":"FEMALE","MIN_VALUE":28,"P10_VALUE":43,"P25_VALUE":50,"MEDIAN_VALUE":61,"P75_VALUE":73,"P90_VALUE":82,"MAX_VALUE":97}}
