{"PREVALENCE_BY_GENDER_AGE_YEAR":{"TRELLIS_NAME":["10-19","60-69","70-79","20-29","60-69","30-39","60-69","50-59","30-39","50-59","20-29","60-69","20-29","60-69"],"SERIES_NAME":["FEMALE","FEMALE","MALE","MALE","MALE","MALE","MALE","FEMALE","FEMALE","MALE","MALE","MALE","FEMALE","FEMALE"],"X_CALENDAR_YEAR":[2005,2009,2010,2010,2010,2010,2011,2011,2011,2011,2011,2012,2014,2015],"Y_PREVALENCE_1000PP":[2.06897,0.07586,0.08667,0.3175,0.09365,0.20716,0.07916,0.05251,0.14277,0.07471,0.28422,0.07838,0.22618,0.05919]},"PREVALENCE_BY_MONTH":{"X_CALENDAR_MONTH":[201105,201011,201004,200703,200705,201103,201409,201007,200901,201009,201309,201601,201108,201512,201002,200805,200911,201101,200211,201110,200003,201008,201202,201208,201301,201807,201201,200407,200105,201106,201001],"Y_PREVALENCE_1000PP":[0.00798,0.00676,0.00668,0.00792,0.00772,0.00795,0.00758,0.00671,0.00655,0.0101,0.0073,0.01075,0.01147,0.00802,0.00888,0.00684,0.00773,0.00679,0.04925,0.01036,0.41632,0.00672,0.00813,0.00824,0.00715,0.01049,0.00695,0.0509,0.09162,0.00686,0.00775]},"LENGTH_OF_ERA":{"CATEGORY":"Length of era","MIN_VALUE":1,"P10_VALUE":1,"P25_VALUE":1,"MEDIAN_VALUE":1,"P75_VALUE":1,"P90_VALUE":1,"MAX_VALUE":63},"AGE_AT_FIRST_DIAGNOSIS":{"CATEGORY":["MALE","FEMALE"],"MIN_VALUE":[3,5],"P10_VALUE":[13,12],"P25_VALUE":[21,27],"MEDIAN_VALUE":[42,45],"P75_VALUE":[57,61],"P90_VALUE":[71,74],"MAX_VALUE":[89,93]}}
