{"PREVALENCE_BY_GENDER_AGE_YEAR":{"TRELLIS_NAME":["40-49","40-49","50-59","30-39","50-59","50-59","20-29","40-49","40-49","40-49","40-49","50-59","40-49","40-49","50-59","40-49","20-29","50-59","50-59","40-49","30-39","40-49","50-59","40-49","50-59","50-59","40-49","50-59","30-39","40-49","50-59","30-39","40-49","70-79","50-59","40-49","40-49","50-59","40-49","50-59","60-69","40-49","50-59","60-69","50-59","60-69","40-49","50-59","60-69","50-59","50-59","60-69","50-59","40-49","60-69","40-49","50-59","50-59","60-69","50-59","50-59","60-69","60-69","50-59","40-49","50-59","60-69","50-59","50-59","50-59"],"SERIES_NAME":["FEMALE","MALE","FEMALE","MALE","FEMALE","MALE","MALE","MALE","FEMALE","MALE","FEMALE","FEMALE","FEMALE","MALE","MALE","FEMALE","FEMALE","MALE","FEMALE","MALE","FEMALE","FEMALE","FEMALE","MALE","FEMALE","MALE","MALE","MALE","MALE","FEMALE","MALE","FEMALE","FEMALE","FEMALE","FEMALE","MALE","MALE","MALE","FEMALE","FEMALE","MALE","MALE","FEMALE","MALE","MALE","FEMALE","FEMALE","FEMALE","FEMALE","MALE","MALE","FEMALE","FEMALE","MALE","FEMALE","FEMALE","FEMALE","MALE","FEMALE","FEMALE","MALE","MALE","FEMALE","FEMALE","FEMALE","FEMALE","FEMALE","MALE","FEMALE","FEMALE"],"X_CALENDAR_YEAR":[2000,2000,2000,2001,2001,2001,2001,2001,2001,2002,2002,2002,2003,2003,2003,2004,2004,2004,2004,2004,2005,2005,2005,2005,2006,2006,2006,2007,2007,2007,2008,2008,2008,2008,2008,2008,2009,2009,2009,2009,2009,2010,2010,2010,2010,2010,2010,2011,2011,2011,2012,2012,2012,2012,2013,2013,2013,2014,2014,2014,2015,2015,2015,2015,2015,2016,2016,2017,2017,2018],"Y_PREVALENCE_1000PP":[3.40492,2.70514,2.2309,2.71493,1.40311,1.13266,3.62812,1.82846,1.95558,1.0781,1.38628,0.56791,0.55183,0.96497,0.4653,0.52854,2.00356,0.4392,0.35176,0.8257,0.98103,0.40857,0.29475,0.74338,0.09065,0.15306,0.20947,0.13219,0.2552,0.09234,0.08093,0.1682,0.09492,0.09003,0.07796,0.18454,0.2396,0.1546,0.08937,0.11288,0.16193,0.18333,0.10406,0.14717,0.1452,0.07249,0.09471,0.07877,0.11504,0.11207,0.08982,0.08768,0.0617,0.14706,0.06323,0.08827,0.09825,0.1273,0.06101,0.06494,0.12209,0.11683,0.10852,0.06856,0.14009,0.08452,0.05855,0.15191,0.09418,0.11035]},"PREVALENCE_BY_MONTH":{"X_CALENDAR_MONTH":[201612,200603,200907,200901,200412,200512,200010,201209,201211,200403,200201,201511,201512,200206,201108,200908,200909,200103,200106,201006,201112,201106,200906,201503,201002,200112,200911,201012,200902,201609,201411,200105,200207,200912,200208,200204,201405,200111,201703,200810,201101,200402,200410,201011,200804,200505,200406,200107,201001,201202,200401,200501,200503,200007,201103,201601,201010,200705,200905,201507,200411,200307,201009,201110,201004,200108,200006,200812,200711,200404,200903,201506,200008,200807,201008,201105,201301,200602,200609,200309,201311,201410,200110,201710,201208,200003,201005,200811,200301,201306,200507,200610,200808,200407],"Y_PREVALENCE_1000PP":[0.00854,0.01092,0.00659,0.00655,0.03685,0.03604,0.17405,0.00945,0.00712,0.05439,0.06574,0.00799,0.00802,0.05622,0.00688,0.01209,0.00991,0.13722,0.08697,0.00782,0.00809,0.008,0.00658,0.0129,0.0111,0.1252,0.00883,0.00677,0.00764,0.01119,0.01017,0.09162,0.07281,0.00995,0.062,0.07966,0.00998,0.10599,0.01596,0.00881,0.00679,0.03701,0.04332,0.00788,0.0115,0.02949,0.04607,0.12452,0.00886,0.00929,0.044,0.03629,0.04542,0.23556,0.00909,0.00806,0.00675,0.0103,0.00876,0.00917,0.04271,0.0568,0.00674,0.01036,0.00668,0.15862,0.31005,0.01307,0.00724,0.04752,0.00984,0.01305,0.17915,0.00674,0.00897,0.00798,0.00715,0.01242,0.01896,0.0407,0.00734,0.00887,0.08562,0.00921,0.01178,0.48571,0.00669,0.01095,0.04708,0.00725,0.0335,0.01,0.01004,0.03393]},"LENGTH_OF_ERA":{"CATEGORY":"Length of era","MIN_VALUE":1,"P10_VALUE":1,"P25_VALUE":1,"MEDIAN_VALUE":1,"P75_VALUE":1,"P90_VALUE":1,"MAX_VALUE":32},"AGE_AT_FIRST_DIAGNOSIS":{"CATEGORY":["MALE","FEMALE"],"MIN_VALUE":[2,3],"P10_VALUE":[23,31],"P25_VALUE":[38,43],"MEDIAN_VALUE":[49,52],"P75_VALUE":[60,64],"P90_VALUE":[71,77],"MAX_VALUE":[94,96]}}
