{"PREVALENCE_BY_GENDER_AGE_YEAR":{"TRELLIS_NAME":["20-29","30-39","20-29","30-39","10-19","20-29","30-39","40-49","40-49","50-59","20-29","10-19","10-19","50-59","30-39","30-39","40-49","20-29","40-49","60-69","50-59","20-29","20-29","50-59","40-49","30-39","30-39","20-29","40-49"],"SERIES_NAME":["MALE","MALE","MALE","FEMALE","MALE","FEMALE","MALE","FEMALE","MALE","MALE","MALE","FEMALE","MALE","FEMALE","MALE","FEMALE","FEMALE","MALE","MALE","MALE","MALE","FEMALE","MALE","MALE","FEMALE","MALE","FEMALE","FEMALE","MALE"],"X_CALENDAR_YEAR":[1997,2000,2000,2001,2001,2001,2001,2001,2001,2001,2001,2002,2002,2002,2002,2002,2002,2002,2002,2002,2002,2002,2003,2003,2003,2003,2003,2003,2003],"Y_PREVALENCE_1000PP":[0.08201,0.02581,0.03996,0.02078,0.04169,0.03022,0.04733,0.04561,0.02371,0.03447,0.04063,0.03621,0.03167,0.04669,0.08713,0.04307,0.036,0.0678,0.05141,0.04854,0.04158,0.03829,0.04158,0.02848,0.02666,0.03155,0.02941,0.02902,0.01902]},"PREVALENCE_BY_MONTH":{"X_CALENDAR_MONTH":[199705,199710,200007,200105,200106,200110,200111,200112,200201,200202,200203,200204,200205,200206,200207,200208,200209,200210,200211,200212,200301,200303,200304,200305,200306,200307],"Y_PREVALENCE_1000PP":[0.00821,0.00608,0.0025,0.00411,0.00436,0.00373,0.00522,0.00243,0.00264,0.00407,0.00287,0.00335,0.00471,0.00248,0.00494,0.00355,0.00326,0.00592,0.00214,0.00295,0.00451,0.00263,0.00183,0.00418,0.0026,0.00309]},"CONDITIONS_BY_TYPE":{"CONCEPT_NAME":"Observation recorded from EHR","COUNT_VALUE":462},"AGE_AT_FIRST_DIAGNOSIS":{"CATEGORY":["FEMALE","MALE"],"MIN_VALUE":[6,6],"P10_VALUE":[17,19],"P25_VALUE":[26,27],"MEDIAN_VALUE":[37,35],"P75_VALUE":[51,49],"P90_VALUE":[64,63],"MAX_VALUE":[86,81]}}
