{"PREVALENCE_BY_GENDER_AGE_YEAR":{"TRELLIS_NAME":["30-39","40-49","40-49","40-49","40-49","40-49","40-49","30-39","40-49","40-49","40-49","40-49","30-39"],"SERIES_NAME":["FEMALE","FEMALE","FEMALE","FEMALE","FEMALE","FEMALE","FEMALE","FEMALE","FEMALE","FEMALE","FEMALE","FEMALE","FEMALE"],"X_CALENDAR_YEAR":[2008,2008,2009,2010,2011,2013,2014,2014,2015,2016,2017,2018,2018],"Y_PREVALENCE_1000PP":[0.0151,0.02366,0.01404,0.02319,0.02046,0.01636,0.03537,0.01839,0.02833,0.03792,0.02353,0.04032,0.0287]},"PREVALENCE_BY_MONTH":{"X_CALENDAR_MONTH":[],"Y_PREVALENCE_1000PP":[]},"CONDITIONS_BY_TYPE":{"CONCEPT_NAME":"Observation recorded from EHR","COUNT_VALUE":310},"AGE_AT_FIRST_DIAGNOSIS":{"CATEGORY":"FEMALE","MIN_VALUE":14,"P10_VALUE":28,"P25_VALUE":35,"MEDIAN_VALUE":42,"P75_VALUE":47,"P90_VALUE":53,"MAX_VALUE":85}}
