{"PREVALENCE_BY_GENDER_AGE_YEAR":{"TRELLIS_NAME":["60-69","70-79","70-79","70-79","70-79","70-79","60-69","80-89"],"SERIES_NAME":["MALE","MALE","MALE","MALE","MALE","MALE","MALE","MALE"],"X_CALENDAR_YEAR":[2008,2008,2009,2011,2013,2014,2015,2018],"Y_PREVALENCE_1000PP":[0.02007,0.03208,0.03161,0.03583,0.03968,0.03554,0.02525,0.10085]},"PREVALENCE_BY_MONTH":{"X_CALENDAR_MONTH":[201806,201811],"Y_PREVALENCE_1000PP":[0.00186,0.00197]},"CONDITIONS_BY_TYPE":{"CONCEPT_NAME":"Observation recorded from EHR","COUNT_VALUE":353},"AGE_AT_FIRST_DIAGNOSIS":{"CATEGORY":["MALE","FEMALE"],"MIN_VALUE":[18,2],"P10_VALUE":[46,35],"P25_VALUE":[60,52],"MEDIAN_VALUE":[72,67],"P75_VALUE":[79,77],"P90_VALUE":[86,88],"MAX_VALUE":[96,96]}}
