{"PREVALENCE_BY_GENDER_AGE_YEAR":{"TRELLIS_NAME":["80-89","80-89","50-59","70-79","40-49","60-69","50-59","80-89","70-79","70-79","70-79","60-69","70-79","70-79","30-39","70-79","50-59","60-69","70-79","80-89","60-69","70-79","50-59","70-79","60-69","60-69","60-69","70-79","50-59","70-79","60-69"],"SERIES_NAME":["MALE","MALE","MALE","MALE","MALE","FEMALE","MALE","FEMALE","MALE","FEMALE","MALE","MALE","FEMALE","MALE","MALE","MALE","MALE","MALE","MALE","FEMALE","FEMALE","FEMALE","MALE","FEMALE","FEMALE","MALE","MALE","MALE","MALE","FEMALE","FEMALE"],"X_CALENDAR_YEAR":[2000,2001,2001,2001,2001,2002,2002,2002,2002,2002,2003,2003,2003,2004,2004,2009,2013,2013,2013,2013,2013,2013,2014,2014,2014,2014,2015,2015,2015,2015,2015],"Y_PREVALENCE_1000PP":[0.15818,0.12012,0.03016,0.07817,0.02766,0.0318,0.02268,0.05787,0.06856,0.03723,0.04317,0.02987,0.03569,0.0394,0.01605,0.03161,0.01551,0.03439,0.03472,0.04873,0.01822,0.03497,0.01873,0.0359,0.01928,0.03314,0.0505,0.03843,0.0259,0.05369,0.02096]},"PREVALENCE_BY_MONTH":{"X_CALENDAR_MONTH":[200105,200106,200107,200109,200110,200112,200201,200204,200207,200208,200212,200301,200310,200405,200411,200604,200703,200804,200910,201007,201301,201304,201305,201306,201307,201308,201402,201408,201410,201503,201504,201505,201506,201507,201508,201509],"Y_PREVALENCE_1000PP":[0.00308,0.00201,0.00331,0.00222,0.00186,0.00243,0.00176,0.00167,0.00329,0.00273,0.00242,0.00186,0.00153,0.00166,0.00138,0.00129,0.00145,0.00116,0.00132,0.00115,0.0022,0.00111,0.00223,0.00111,0.00111,0.00167,0.00134,0.00197,0.00202,0.00151,0.00173,0.00173,0.00158,0.00382,0.00135,0.00202]},"CONDITIONS_BY_TYPE":{"CONCEPT_NAME":"Observation recorded from EHR","COUNT_VALUE":842},"AGE_AT_FIRST_DIAGNOSIS":{"CATEGORY":["MALE","FEMALE"],"MIN_VALUE":[3,2],"P10_VALUE":[31,32],"P25_VALUE":[47,45],"MEDIAN_VALUE":[63,67],"P75_VALUE":[75,79],"P90_VALUE":[82,86],"MAX_VALUE":[92,100]}}
