{"PREVALENCE_BY_GENDER_AGE_YEAR":{"TRELLIS_NAME":["20-29","40-49","30-39","20-29","30-39","40-49","40-49","30-39"],"SERIES_NAME":["FEMALE","FEMALE","FEMALE","FEMALE","FEMALE","FEMALE","FEMALE","FEMALE"],"X_CALENDAR_YEAR":[2011,2011,2011,2012,2012,2012,2013,2013],"Y_PREVALENCE_1000PP":[0.0173,0.01364,0.01983,0.01724,0.03732,0.03457,0.0257,0.0223]},"PREVALENCE_BY_MONTH":{"X_CALENDAR_MONTH":[201111,201207,201210,201302],"Y_PREVALENCE_1000PP":[0.00109,0.00109,0.00127,0.00129]},"CONDITIONS_BY_TYPE":{"CONCEPT_NAME":"Observation recorded from EHR","COUNT_VALUE":86},"AGE_AT_FIRST_DIAGNOSIS":{"CATEGORY":"FEMALE","MIN_VALUE":5,"P10_VALUE":25,"P25_VALUE":31,"MEDIAN_VALUE":36,"P75_VALUE":43,"P90_VALUE":45,"MAX_VALUE":53}}
