{"PREVALENCE_BY_GENDER_AGE_YEAR":{"TRELLIS_NAME":["0-9","0-9","0-9","0-9","0-9","0-9","0-9","0-9","0-9","10-19","0-9","0-9","0-9","0-9","0-9","0-9","10-19","0-9","0-9","10-19","0-9","0-9","10-19","0-9","10-19","10-19","0-9","0-9","10-19","0-9"],"SERIES_NAME":["MALE","MALE","MALE","MALE","MALE","MALE","MALE","MALE","MALE","MALE","MALE","MALE","MALE","MALE","MALE","FEMALE","MALE","MALE","MALE","MALE","MALE","FEMALE","MALE","FEMALE","MALE","FEMALE","MALE","FEMALE","MALE","MALE"],"X_CALENDAR_YEAR":[1999,2000,2001,2002,2004,2005,2006,2007,2008,2008,2009,2010,2011,2012,2013,2014,2014,2014,2015,2015,2016,2016,2016,2017,2017,2017,2017,2018,2018,2018],"Y_PREVALENCE_1000PP":[0.09571,0.0566,0.06925,0.10112,0.0376,0.03964,0.05829,0.01917,0.03703,0.01859,0.03036,0.04754,0.08319,0.04809,0.06461,0.02181,0.02267,0.0714,0.07492,0.03885,0.09685,0.04879,0.05031,0.03625,0.04164,0.02882,0.07784,0.03122,0.08784,0.15401]},"PREVALENCE_BY_MONTH":{"X_CALENDAR_MONTH":[200207,201111,201201,201408,201409,201506,201606,201609,201610,201611,201704,201707,201805,201806,201808,201809,201810],"Y_PREVALENCE_1000PP":[0.00165,0.00146,0.00109,0.00118,0.00119,0.0018,0.00232,0.00161,0.0019,0.00301,0.002,0.00234,0.00185,0.00248,0.00286,0.00224,0.0026]},"CONDITIONS_BY_TYPE":{"CONCEPT_NAME":"Observation recorded from EHR","COUNT_VALUE":605},"AGE_AT_FIRST_DIAGNOSIS":{"CATEGORY":["FEMALE","MALE"],"MIN_VALUE":[2,1],"P10_VALUE":[3,3],"P25_VALUE":[4,4],"MEDIAN_VALUE":[7,6],"P75_VALUE":[12,10],"P90_VALUE":[18,14],"MAX_VALUE":[57,76]}}
