{"PREVALENCE_BY_GENDER_AGE_YEAR":{"TRELLIS_NAME":["70-79","60-69","60-69","50-59","70-79","60-69","70-79","70-79","80-89","50-59","70-79","80-89","50-59","70-79","60-69","60-69","50-59","80-89","70-79","60-69","70-79","80-89","50-59","80-89","60-69","50-59","80-89","60-69","70-79","70-79","60-69","50-59","50-59","80-89","70-79","80-89","40-49","70-79","50-59","80-89","60-69","60-69","80-89","70-79","60-69","60-69","60-69","70-79","70-79","80-89","60-69","60-69","70-79","80-89","50-59","80-89","70-79","60-69","70-79","80-89","60-69","70-79","60-69","80-89","60-69","60-69","60-69","50-59","80-89","70-79","80-89","70-79","50-59","70-79","80-89","60-69","50-59","70-79"],"SERIES_NAME":["MALE","FEMALE","MALE","MALE","FEMALE","MALE","MALE","FEMALE","MALE","MALE","MALE","FEMALE","FEMALE","FEMALE","FEMALE","MALE","MALE","MALE","FEMALE","FEMALE","MALE","FEMALE","MALE","MALE","MALE","FEMALE","MALE","FEMALE","MALE","FEMALE","MALE","MALE","FEMALE","FEMALE","MALE","FEMALE","MALE","FEMALE","MALE","MALE","FEMALE","MALE","MALE","MALE","MALE","FEMALE","MALE","FEMALE","MALE","MALE","FEMALE","MALE","MALE","FEMALE","MALE","MALE","FEMALE","FEMALE","MALE","MALE","FEMALE","FEMALE","MALE","FEMALE","MALE","FEMALE","MALE","FEMALE","MALE","FEMALE","FEMALE","MALE","MALE","FEMALE","FEMALE","FEMALE","MALE","MALE"],"X_CALENDAR_YEAR":[2005,2005,2005,2005,2005,2006,2006,2006,2006,2006,2007,2007,2007,2007,2007,2007,2007,2007,2008,2008,2008,2008,2008,2008,2008,2008,2009,2009,2009,2009,2009,2009,2009,2009,2010,2010,2010,2010,2010,2010,2010,2010,2011,2011,2011,2011,2012,2012,2012,2012,2012,2013,2013,2013,2013,2013,2013,2013,2014,2014,2014,2014,2014,2014,2015,2018,2018,2018,2018,2018,2018,2018,2018,2019,2019,2019,2019,2019],"Y_PREVALENCE_1000PP":[0.03799,0.02918,0.02537,0.02198,0.04252,0.05107,0.09663,0.03575,0.09078,0.01825,0.12767,0.04331,0.02959,0.03316,0.02418,0.07013,0.02591,0.10725,0.08283,0.05945,0.14438,0.05558,0.02252,0.19182,0.10371,0.03178,0.09915,0.07101,0.20017,0.09577,0.10491,0.03343,0.04299,0.07579,0.12532,0.09021,0.01554,0.09073,0.01911,0.08669,0.05343,0.08658,0.09466,0.08703,0.06239,0.0365,0.05018,0.07133,0.05592,0.09312,0.03354,0.02189,0.05951,0.04177,0.02068,0.10234,0.03497,0.02125,0.05585,0.09516,0.03213,0.04487,0.05633,0.08049,0.03247,0.11924,0.1767,0.04244,0.25213,0.17738,0.09743,0.24298,0.07914,0.04333,0.07979,0.03495,0.03635,0.04801]},"PREVALENCE_BY_MONTH":{"X_CALENDAR_MONTH":[200503,200505,200509,200510,200512,200602,200604,200605,200606,200608,200609,200610,200611,200612,200701,200702,200703,200707,200709,200710,200711,200712,200801,200802,200803,200804,200805,200806,200807,200808,200809,200810,200811,200812,200901,200903,200904,200905,200906,200907,200908,200909,200910,200911,201001,201002,201003,201005,201006,201007,201008,201009,201010,201011,201012,201101,201102,201103,201106,201107,201108,201110,201111,201112,201201,201202,201203,201204,201205,201206,201207,201208,201211,201212,201301,201302,201303,201304,201305,201307,201309,201310,201312,201401,201402,201403,201404,201405,201406,201409,201410,201411,201412,201501,201502,201504,201712,201801,201802,201803,201804,201805,201806,201807,201809,201810,201811,201812,201901,201902,201903],"Y_PREVALENCE_1000PP":[0.00181,0.00158,0.00132,0.00132,0.00131,0.00174,0.00151,0.00193,0.00128,0.00149,0.00191,0.0019,0.00168,0.00168,0.00291,0.00145,0.0029,0.00181,0.00179,0.00177,0.00273,0.00312,0.00484,0.00369,0.00156,0.00291,0.00155,0.00173,0.00268,0.00172,0.00228,0.00209,0.00303,0.00341,0.00339,0.00151,0.00246,0.00245,0.00226,0.00282,0.00358,0.00657,0.00508,0.00264,0.00227,0.00304,0.00266,0.00114,0.00153,0.00153,0.00153,0.00114,0.00226,0.00431,0.00394,0.00187,0.00205,0.0026,0.00129,0.0011,0.00128,0.00127,0.00219,0.00164,0.00182,0.00146,0.00145,0.00109,0.00109,0.00164,0.00109,0.00109,0.00311,0.00129,0.00147,0.00111,0.00148,0.0013,0.00111,0.00148,0.0013,0.00112,0.00115,0.00153,0.00134,0.00191,0.00115,0.00134,0.00116,0.00139,0.00142,0.00143,0.00145,0.00125,0.00167,0.0013,0.00365,0.00463,0.0068,0.00525,0.00216,0.00216,0.00465,0.00378,0.00575,0.00912,0.0092,0.00625,0.00558,0.00462,0.00297]},"CONDITIONS_BY_TYPE":{"CONCEPT_NAME":"Observation recorded from EHR","COUNT_VALUE":1388},"AGE_AT_FIRST_DIAGNOSIS":{"CATEGORY":["FEMALE","MALE"],"MIN_VALUE":[0,0],"P10_VALUE":[45,51],"P25_VALUE":[57,60],"MEDIAN_VALUE":[68,69],"P75_VALUE":[76,76],"P90_VALUE":[83,82],"MAX_VALUE":[96,92]}}
