{"PREVALENCE_BY_GENDER_AGE_YEAR":{"TRELLIS_NAME":["60-69","60-69","60-69","30-39","20-29","40-49","40-49","50-59","70-79","50-59","30-39","60-69","50-59","30-39","20-29","30-39","40-49","40-49","60-69","50-59","70-79","30-39","50-59","60-69","50-59","40-49","60-69","70-79","40-49","20-29","30-39","60-69","30-39","40-49","70-79","60-69","40-49","50-59","50-59","70-79","50-59","20-29","30-39","50-59","60-69","40-49","60-69","30-39","40-49","80-89","40-49","50-59","60-69","30-39","50-59","30-39","40-49","60-69","70-79"],"SERIES_NAME":["FEMALE","FEMALE","MALE","FEMALE","FEMALE","FEMALE","MALE","FEMALE","FEMALE","MALE","MALE","MALE","MALE","MALE","FEMALE","FEMALE","MALE","FEMALE","FEMALE","FEMALE","FEMALE","FEMALE","FEMALE","FEMALE","MALE","MALE","MALE","FEMALE","FEMALE","FEMALE","FEMALE","MALE","MALE","MALE","FEMALE","FEMALE","FEMALE","FEMALE","MALE","FEMALE","MALE","FEMALE","FEMALE","FEMALE","FEMALE","MALE","MALE","MALE","FEMALE","FEMALE","FEMALE","MALE","FEMALE","FEMALE","FEMALE","MALE","MALE","MALE","FEMALE"],"X_CALENDAR_YEAR":[2012,2013,2013,2013,2013,2013,2013,2013,2013,2013,2013,2014,2014,2014,2014,2014,2014,2014,2014,2014,2014,2015,2015,2015,2015,2015,2015,2015,2015,2016,2016,2016,2016,2016,2016,2016,2016,2016,2016,2017,2017,2017,2017,2017,2017,2017,2017,2017,2017,2017,2018,2018,2018,2018,2018,2018,2018,2018,2018],"Y_PREVALENCE_1000PP":[0.02135,0.12144,0.02189,0.02478,0.01727,0.04673,0.02033,0.09216,0.03497,0.02327,0.02222,0.03314,0.03746,0.02104,0.01836,0.02628,0.01713,0.048,0.07711,0.10327,0.0359,0.03741,0.10812,0.07336,0.04029,0.03302,0.04329,0.06345,0.034,0.03478,0.05736,0.03033,0.02031,0.02336,0.04528,0.09643,0.04826,0.09927,0.03708,0.0553,0.0335,0.02335,0.03673,0.08687,0.12446,0.04913,0.03438,0.03323,0.07842,0.07565,0.07167,0.06664,0.13008,0.0451,0.08064,0.02873,0.05157,0.03865,0.08187]},"PREVALENCE_BY_MONTH":{"X_CALENDAR_MONTH":[201210,201211,201212,201301,201302,201303,201304,201305,201306,201307,201308,201309,201310,201311,201312,201401,201402,201403,201404,201405,201406,201407,201408,201409,201410,201411,201412,201501,201502,201503,201504,201505,201506,201507,201508,201509,201510,201511,201512,201601,201602,201603,201604,201605,201606,201607,201608,201609,201610,201611,201612,201701,201702,201703,201704,201705,201706,201707,201708,201709,201710,201711,201712,201801,201802,201803,201804,201805,201806,201807,201808,201809,201810,201811,201812,201901,201902,201903],"Y_PREVALENCE_1000PP":[0.00145,0.00219,0.0011,0.00294,0.00239,0.00259,0.00204,0.0039,0.00446,0.00408,0.0026,0.0037,0.00281,0.00264,0.0023,0.00229,0.00191,0.0023,0.00287,0.00211,0.00368,0.0049,0.00276,0.00396,0.00324,0.00286,0.00207,0.00291,0.00209,0.00259,0.00216,0.00216,0.00428,0.0054,0.00427,0.00427,0.00303,0.00237,0.00516,0.00371,0.00299,0.00399,0.004,0.00329,0.0054,0.00473,0.00294,0.00268,0.00353,0.00411,0.00219,0.00301,0.00336,0.00397,0.00314,0.00456,0.00641,0.00643,0.00441,0.00531,0.00385,0.00241,0.00396,0.00463,0.00309,0.00402,0.00309,0.00617,0.0062,0.00473,0.00318,0.00479,0.00423,0.00263,0.00395,0.00394,0.00297,0.00396]},"CONDITIONS_BY_TYPE":{"CONCEPT_NAME":"Observation recorded from EHR","COUNT_VALUE":1177},"AGE_AT_FIRST_DIAGNOSIS":{"CATEGORY":["MALE","FEMALE"],"MIN_VALUE":[8,9],"P10_VALUE":[29,30],"P25_VALUE":[39,43],"MEDIAN_VALUE":[51,55],"P75_VALUE":[61,63],"P90_VALUE":[71,71],"MAX_VALUE":[85,87]}}
