{"PREVALENCE_BY_GENDER_AGE_YEAR":{"TRELLIS_NAME":["20-29","30-39","0-9","80-89","10-19","70-79","30-39","50-59","20-29","10-19","40-49","60-69","50-59","60-69","50-59","40-49","70-79","50-59","80-89","60-69","20-29","30-39","10-19","20-29","80-89","30-39","40-49","70-79","10-19","30-39","50-59","70-79","50-59","60-69","40-49","70-79","50-59","60-69","40-49","30-39","80-89","60-69","80-89","40-49","50-59","60-69","70-79","70-79","50-59","50-59","50-59","40-49","30-39","70-79","70-79","60-69","50-59","60-69","50-59","30-39","40-49"],"SERIES_NAME":["FEMALE","MALE","FEMALE","FEMALE","FEMALE","FEMALE","FEMALE","FEMALE","MALE","MALE","FEMALE","FEMALE","MALE","FEMALE","FEMALE","MALE","MALE","MALE","MALE","MALE","MALE","MALE","MALE","FEMALE","FEMALE","FEMALE","FEMALE","FEMALE","FEMALE","FEMALE","FEMALE","MALE","MALE","FEMALE","MALE","FEMALE","MALE","MALE","FEMALE","FEMALE","FEMALE","FEMALE","MALE","FEMALE","MALE","MALE","MALE","MALE","MALE","FEMALE","MALE","FEMALE","FEMALE","MALE","FEMALE","FEMALE","FEMALE","FEMALE","FEMALE","FEMALE","FEMALE"],"X_CALENDAR_YEAR":[1998,1998,1998,1998,1998,1998,1998,1998,1998,1998,1998,1998,1998,1999,1999,1999,1999,1999,1999,1999,1999,1999,1999,1999,1999,1999,1999,1999,1999,2000,2003,2003,2003,2004,2004,2004,2004,2004,2004,2004,2005,2005,2005,2005,2005,2005,2005,2006,2006,2007,2007,2015,2016,2016,2016,2016,2016,2017,2017,2017,2017],"Y_PREVALENCE_1000PP":[0.32272,0.05751,0.1054,0.26687,0.21112,0.13845,0.26547,0.15358,0.07293,0.1186,0.34037,0.14097,0.09628,0.24604,0.29755,0.05258,0.13889,0.07942,0.21661,0.12183,0.11592,0.0331,0.07967,0.35463,0.26418,0.31991,0.31548,0.27044,0.12254,0.02641,0.02197,0.05036,0.02492,0.04819,0.01983,0.03296,0.02298,0.03558,0.02085,0.0165,0.05666,0.02918,0.09657,0.01963,0.01884,0.05073,0.1013,0.03624,0.02129,0.01775,0.01727,0.017,0.02362,0.06347,0.05094,0.02935,0.02396,0.03351,0.03399,0.02204,0.02745]},"PREVALENCE_BY_MONTH":{"X_CALENDAR_MONTH":[199809,199810,199811,199812,199901,199902,199903,199904,199905,199906,199907,200011,200111,200303,200304,200305,200307,200309,200310,200402,200403,200404,200405,200406,200409,200410,200411,200501,200502,200503,200504,200505,200506,200507,200606,200612,200701,200703,201608,201609,201610,201612,201701,201702,201703,201704,201705,201706,201707,201802],"Y_PREVALENCE_1000PP":[0.00685,0.03129,0.04266,0.07662,0.04275,0.0464,0.1228,0.00972,0.00574,0.00636,0.0143,0.01148,0.00184,0.00289,0.00183,0.00157,0.00154,0.00179,0.00178,0.00197,0.00217,0.0019,0.00142,0.00141,0.00185,0.00184,0.00183,0.00181,0.00158,0.00249,0.00226,0.00203,0.00224,0.00311,0.00128,0.00168,0.00249,0.00186,0.00508,0.00402,0.00462,0.00219,0.00274,0.00224,0.00284,0.00314,0.00171,0.0035,0.00175,0.00247]},"CONDITIONS_BY_TYPE":{"CONCEPT_NAME":"Observation recorded from EHR","COUNT_VALUE":1250},"AGE_AT_FIRST_DIAGNOSIS":{"CATEGORY":["FEMALE","MALE"],"MIN_VALUE":[1,2],"P10_VALUE":[22,20],"P25_VALUE":[32,39],"MEDIAN_VALUE":[46,55],"P75_VALUE":[63,71],"P90_VALUE":[78,79],"MAX_VALUE":[95,95]}}
