{"PREVALENCE_BY_GENDER_AGE_YEAR":{"TRELLIS_NAME":["30-39","40-49","40-49","30-39","40-49","40-49","30-39","30-39","40-49","20-29","40-49","40-49"],"SERIES_NAME":["MALE","MALE","FEMALE","MALE","MALE","MALE","MALE","MALE","FEMALE","MALE","MALE","MALE"],"X_CALENDAR_YEAR":[2003,2007,2008,2008,2009,2011,2011,2012,2013,2013,2013,2018],"Y_PREVALENCE_1000PP":[0.02295,0.02089,0.0142,0.01466,0.01789,0.01312,0.01461,0.01477,0.01636,0.01547,0.02033,0.03008]},"PREVALENCE_BY_MONTH":{"X_CALENDAR_MONTH":[200701,200911,201002,201007,201302,201405,201703,201804],"Y_PREVALENCE_1000PP":[0.00145,0.00132,0.00133,0.00115,0.00111,0.00115,0.0017,0.00216]},"CONDITIONS_BY_TYPE":{"CONCEPT_NAME":"Observation recorded from EHR","COUNT_VALUE":574},"AGE_AT_FIRST_DIAGNOSIS":{"CATEGORY":["FEMALE","MALE"],"MIN_VALUE":[2,9],"P10_VALUE":[26,25],"P25_VALUE":[36,32],"MEDIAN_VALUE":[46,43],"P75_VALUE":[65,54],"P90_VALUE":[83,68],"MAX_VALUE":[98,96]}}
