{"PREVALENCE_BY_GENDER_AGE_YEAR":{"TRELLIS_NAME":["70-79","50-59","60-69","50-59","80-89","60-69","70-79","60-69","80-89","50-59","60-69","60-69","40-49","80-89","50-59","60-69","70-79","60-69","50-59","70-79","70-79","50-59","50-59","70-79","60-69","80-89","70-79","60-69","50-59","50-59","60-69","60-69","50-59","70-79","70-79","80-89","50-59","70-79","60-69","60-69","70-79","40-49","70-79","50-59","60-69","50-59","60-69","70-79","80-89","40-49","50-59","70-79","50-59","60-69","60-69","80-89","40-49","70-79","60-69","40-49","70-79","70-79","60-69","50-59","80-89","40-49","60-69","70-79","50-59","70-79","40-49","70-79","50-59","60-69","80-89","60-69","40-49","70-79","60-69","60-69","70-79","50-59","80-89","80-89","70-79","60-69","80-89","50-59","70-79","50-59","70-79","60-69","50-59","60-69","70-79","50-59","60-69","50-59","70-79","50-59","70-79","80-89","60-69","40-49"],"SERIES_NAME":["MALE","MALE","MALE","MALE","FEMALE","MALE","MALE","FEMALE","FEMALE","MALE","FEMALE","MALE","MALE","MALE","MALE","MALE","MALE","FEMALE","FEMALE","FEMALE","MALE","FEMALE","MALE","FEMALE","MALE","FEMALE","MALE","MALE","FEMALE","MALE","FEMALE","MALE","MALE","FEMALE","MALE","FEMALE","MALE","FEMALE","FEMALE","MALE","MALE","MALE","MALE","FEMALE","MALE","MALE","FEMALE","FEMALE","MALE","MALE","MALE","FEMALE","FEMALE","MALE","FEMALE","FEMALE","MALE","MALE","FEMALE","MALE","MALE","FEMALE","MALE","MALE","MALE","MALE","MALE","MALE","MALE","MALE","MALE","FEMALE","MALE","FEMALE","MALE","MALE","MALE","FEMALE","MALE","FEMALE","MALE","MALE","FEMALE","MALE","MALE","MALE","FEMALE","MALE","FEMALE","MALE","MALE","FEMALE","FEMALE","MALE","MALE","MALE","MALE","MALE","MALE","MALE","MALE","MALE","MALE","MALE"],"X_CALENDAR_YEAR":[2000,2000,2000,2001,2001,2001,2001,2001,2002,2002,2002,2002,2002,2002,2003,2003,2003,2003,2003,2003,2004,2004,2004,2004,2004,2005,2005,2005,2005,2005,2006,2006,2006,2006,2006,2007,2007,2007,2007,2007,2007,2007,2008,2008,2008,2008,2008,2008,2008,2008,2009,2009,2009,2009,2009,2009,2009,2009,2010,2010,2010,2010,2010,2010,2010,2011,2011,2011,2011,2012,2012,2012,2012,2012,2012,2012,2013,2013,2013,2013,2013,2013,2013,2013,2014,2014,2014,2014,2014,2015,2015,2015,2015,2016,2016,2016,2017,2017,2017,2018,2018,2018,2018,2018],"Y_PREVALENCE_1000PP":[0.07709,0.03351,0.06341,0.05602,0.0661,0.05583,0.08685,0.0485,0.07716,0.04536,0.03711,0.0809,0.02056,0.10332,0.04271,0.0697,0.04317,0.03922,0.02564,0.03569,0.04596,0.02704,0.04267,0.03845,0.04893,0.07285,0.04432,0.08455,0.02263,0.03454,0.02708,0.07857,0.03954,0.06128,0.04228,0.04331,0.03742,0.03789,0.02763,0.05961,0.05551,0.02553,0.06417,0.03178,0.05353,0.04785,0.02642,0.02761,0.09027,0.01801,0.04179,0.03192,0.0172,0.06229,0.0226,0.04134,0.02012,0.05268,0.02514,0.01332,0.05744,0.0499,0.06734,0.04368,0.08669,0.01968,0.04991,0.05631,0.02913,0.05592,0.01559,0.02675,0.04731,0.0183,0.06208,0.03763,0.01581,0.0306,0.0469,0.0334,0.05455,0.03103,0.04177,0.0921,0.06093,0.02651,0.04391,0.03746,0.05385,0.02878,0.06039,0.02445,0.01753,0.03033,0.03808,0.0236,0.04911,0.04466,0.04815,0.06248,0.04556,0.10085,0.04418,0.02579]},"PREVALENCE_BY_MONTH":{"X_CALENDAR_MONTH":[200006,200007,200010,200102,200103,200107,200110,200111,200112,200203,200204,200206,200207,200208,200209,200211,200301,200303,200304,200305,200308,200309,200312,200404,200405,200406,200409,200410,200504,200505,200506,200508,200510,200511,200602,200603,200605,200606,200607,200609,200612,200701,200702,200704,200705,200706,200707,200708,200709,200710,200711,200712,200801,200803,200804,200805,200806,200807,200808,200810,200811,200812,200901,200903,200906,200907,200908,200910,200911,200912,201001,201003,201004,201005,201006,201007,201009,201010,201012,201102,201103,201104,201106,201107,201109,201110,201201,201202,201203,201205,201207,201209,201210,201211,201301,201302,201303,201304,201305,201306,201307,201310,201311,201312,201402,201403,201405,201406,201408,201410,201412,201506,201508,201509,201510,201511,201607,201703,201704,201705,201707,201801,201805,201806,201808],"Y_PREVALENCE_1000PP":[0.00338,0.0025,0.0032,0.0029,0.00352,0.00265,0.00186,0.00215,0.00243,0.00201,0.00167,0.00165,0.00274,0.00164,0.00299,0.00268,0.00186,0.00158,0.00157,0.00235,0.0018,0.0023,0.00151,0.00214,0.00189,0.00188,0.00231,0.00299,0.00135,0.00225,0.00179,0.00133,0.00197,0.00131,0.00152,0.00217,0.00236,0.00235,0.00128,0.0017,0.00189,0.00249,0.00166,0.00124,0.00184,0.00142,0.00121,0.00201,0.00219,0.00118,0.00195,0.00117,0.00232,0.00175,0.00213,0.00116,0.00192,0.00191,0.00134,0.00228,0.00114,0.00151,0.00151,0.00113,0.00245,0.00169,0.00151,0.00169,0.00245,0.0019,0.00189,0.00133,0.00228,0.00133,0.00115,0.00153,0.00209,0.00188,0.00188,0.00168,0.00185,0.0013,0.00166,0.00147,0.00182,0.00145,0.00218,0.00109,0.00145,0.00182,0.00128,0.00127,0.00182,0.0011,0.0011,0.00184,0.00185,0.00167,0.00186,0.00111,0.00167,0.00112,0.00151,0.00115,0.00172,0.00153,0.00134,0.00155,0.00178,0.00162,0.00124,0.0018,0.00135,0.00135,0.00163,0.00189,0.00184,0.0017,0.002,0.00285,0.00175,0.00185,0.00185,0.00186,0.00223]},"CONDITIONS_BY_TYPE":{"CONCEPT_NAME":"Observation recorded from EHR","COUNT_VALUE":1541},"AGE_AT_FIRST_DIAGNOSIS":{"CATEGORY":["FEMALE","MALE"],"MIN_VALUE":[0,19],"P10_VALUE":[50,45],"P25_VALUE":[58,53],"MEDIAN_VALUE":[69,62],"P75_VALUE":[79,72],"P90_VALUE":[84,80],"MAX_VALUE":[99,94]}}
