{"PREVALENCE_BY_GENDER_AGE_YEAR":{"TRELLIS_NAME":["60-69","70-79","70-79","50-59","80-89","60-69","50-59","80-89","40-49","70-79","80-89","70-79","60-69","30-39","60-69","50-59","50-59","40-49","80-89","40-49","50-59","80-89","60-69","40-49","70-79","30-39","70-79","50-59","60-69","60-69","30-39","80-89","40-49","70-79","60-69","70-79","50-59","80-89","40-49","50-59"],"SERIES_NAME":["FEMALE","MALE","FEMALE","FEMALE","MALE","MALE","MALE","MALE","MALE","FEMALE","FEMALE","MALE","FEMALE","FEMALE","MALE","MALE","FEMALE","FEMALE","MALE","MALE","MALE","FEMALE","FEMALE","FEMALE","MALE","MALE","FEMALE","FEMALE","MALE","MALE","FEMALE","MALE","MALE","FEMALE","FEMALE","MALE","MALE","FEMALE","FEMALE","FEMALE"],"X_CALENDAR_YEAR":[2003,2003,2003,2003,2003,2003,2003,2004,2004,2004,2004,2004,2004,2004,2004,2004,2004,2004,2005,2005,2005,2005,2005,2005,2005,2005,2005,2005,2005,2006,2006,2006,2006,2006,2006,2006,2006,2006,2006,2006],"Y_PREVALENCE_1000PP":[0.02941,0.05755,0.04759,0.03296,0.09599,0.03485,0.02848,0.35083,0.05381,0.20873,0.20246,0.23637,0.14018,0.02475,0.20015,0.13785,0.07775,0.0417,0.23453,0.04791,0.09105,0.1538,0.13338,0.04486,0.21526,0.03152,0.17539,0.04526,0.13529,0.11,0.0185,0.18155,0.03015,0.11235,0.08512,0.13891,0.03954,0.10867,0.01855,0.06262]},"PREVALENCE_BY_MONTH":{"X_CALENDAR_MONTH":[200310,200311,200312,200401,200402,200403,200404,200405,200406,200407,200408,200409,200410,200411,200412,200501,200502,200503,200504,200505,200506,200507,200508,200509,200510,200511,200512,200601,200602,200603,200604,200605,200606,200607,200608,200610,200612,200701],"Y_PREVALENCE_1000PP":[0.0028,0.00659,0.00631,0.00865,0.00567,0.00918,0.00642,0.00591,0.00845,0.00606,0.00488,0.00578,0.00921,0.00803,0.00481,0.00566,0.00475,0.00701,0.00519,0.00698,0.00583,0.00267,0.00532,0.00725,0.00592,0.00635,0.00394,0.00606,0.00933,0.00628,0.00366,0.00537,0.00214,0.00321,0.00192,0.00232,0.00231,0.00145]},"CONDITIONS_BY_TYPE":{"CONCEPT_NAME":"Observation recorded from EHR","COUNT_VALUE":962},"AGE_AT_FIRST_DIAGNOSIS":{"CATEGORY":["FEMALE","MALE"],"MIN_VALUE":[14,13],"P10_VALUE":[40,43],"P25_VALUE":[53,54],"MEDIAN_VALUE":[65,62],"P75_VALUE":[75,74],"P90_VALUE":[82,80],"MAX_VALUE":[90,92]}}
