{"PREVALENCE_BY_GENDER_AGE_YEAR":{"TRELLIS_NAME":["30-39","20-29","60-69","10-19","10-19","10-19","10-19","20-29","10-19","10-19","10-19"],"SERIES_NAME":["MALE","MALE","FEMALE","MALE","MALE","MALE","MALE","MALE","MALE","MALE","MALE"],"X_CALENDAR_YEAR":[2003,2007,2008,2009,2011,2012,2013,2014,2014,2015,2016],"Y_PREVALENCE_1000PP":[0.02008,0.01676,0.02312,0.02151,0.01816,0.01835,0.01835,0.01655,0.02267,0.02119,0.03354]},"PREVALENCE_BY_MONTH":{"X_CALENDAR_MONTH":[200309,200709,200805,200906,201007,201110,201208,201210,201211,201312,201401,201409,201410,201503],"Y_PREVALENCE_1000PP":[0.00153,0.00139,0.00136,0.00132,0.00153,0.00127,0.00145,0.00127,0.00128,0.00134,0.00115,0.00159,0.00162,0.00129]},"CONDITIONS_BY_TYPE":{"CONCEPT_NAME":"Observation recorded from EHR","COUNT_VALUE":587},"AGE_AT_FIRST_DIAGNOSIS":{"CATEGORY":["MALE","FEMALE"],"MIN_VALUE":[2,1],"P10_VALUE":[13,13],"P25_VALUE":[18,25],"MEDIAN_VALUE":[32,41],"P75_VALUE":[49,56],"P90_VALUE":[64,64],"MAX_VALUE":[88,87]}}
