{"PREVALENCE_BY_GENDER_AGE_YEAR":{"TRELLIS_NAME":["10-19","30-39","20-29","20-29","30-39","20-29","40-49","40-49","30-39","50-59","50-59","60-69"],"SERIES_NAME":["MALE","FEMALE","MALE","FEMALE","FEMALE","FEMALE","FEMALE","FEMALE","FEMALE","FEMALE","FEMALE","FEMALE"],"X_CALENDAR_YEAR":[1999,2000,2002,2006,2006,2007,2007,2010,2010,2010,2012,2013],"Y_PREVALENCE_1000PP":[0.05311,0.03081,0.02393,0.01753,0.01586,0.01616,0.01466,0.01391,0.02009,0.01684,0.01611,0.01822]},"PREVALENCE_BY_MONTH":{"X_CALENDAR_MONTH":[200004,200507,200603,200610,200706,200708,200711,200806,200809,201007,201008,201010,201110,201111,201204,201207,201211,201403],"Y_PREVALENCE_1000PP":[0.00261,0.00156,0.0013,0.00127,0.00203,0.00121,0.00117,0.00115,0.00114,0.00115,0.00114,0.00132,0.00145,0.00128,0.00182,0.00109,0.0011,0.00134]},"CONDITIONS_BY_TYPE":{"CONCEPT_NAME":"Observation recorded from EHR","COUNT_VALUE":651},"AGE_AT_FIRST_DIAGNOSIS":{"CATEGORY":["MALE","FEMALE"],"MIN_VALUE":[0,2],"P10_VALUE":[9,14],"P25_VALUE":[20,24],"MEDIAN_VALUE":[33,38],"P75_VALUE":[54,53],"P90_VALUE":[68,64],"MAX_VALUE":[87,85]}}
