{"PREVALENCE_BY_GENDER_AGE_YEAR":{"TRELLIS_NAME":["60-69","30-39","70-79","40-49","70-79","30-39","40-49","40-49","50-59","60-69","70-79","60-69","50-59","50-59","60-69","40-49","70-79","70-79","50-59","60-69","40-49","60-69","50-59"],"SERIES_NAME":["MALE","MALE","MALE","MALE","MALE","MALE","MALE","FEMALE","MALE","MALE","MALE","MALE","MALE","MALE","MALE","MALE","FEMALE","MALE","MALE","MALE","MALE","MALE","MALE"],"X_CALENDAR_YEAR":[2011,2012,2012,2012,2013,2013,2013,2013,2014,2014,2014,2015,2015,2016,2016,2016,2016,2017,2017,2017,2017,2018,2018],"Y_PREVALENCE_1000PP":[0.02807,0.01723,0.03559,0.01337,0.03472,0.01728,0.01581,0.01636,0.01606,0.0232,0.04062,0.02886,0.02015,0.02023,0.03466,0.02002,0.03396,0.04127,0.02233,0.02947,0.03023,0.03313,0.03332]},"PREVALENCE_BY_MONTH":{"X_CALENDAR_MONTH":[201106,201201,201206,201402,201404,201407,201408,201409,201411,201508,201511,201602,201603,201605,201606,201607,201611,201701,201702,201706,201708,201710,201711,201712,201803,201805,201806,201809],"Y_PREVALENCE_1000PP":[0.00166,0.00109,0.00164,0.00114,0.00115,0.00157,0.00138,0.00119,0.00123,0.00135,0.00166,0.00149,0.00199,0.00152,0.00154,0.0021,0.00164,0.00219,0.00196,0.00175,0.00206,0.00207,0.00181,0.00183,0.00216,0.00339,0.00186,0.00224]},"CONDITIONS_BY_TYPE":{"CONCEPT_NAME":"Observation recorded from EHR","COUNT_VALUE":626},"AGE_AT_FIRST_DIAGNOSIS":{"CATEGORY":["MALE","FEMALE"],"MIN_VALUE":[0,0],"P10_VALUE":[32,26],"P25_VALUE":[42,38],"MEDIAN_VALUE":[56,51],"P75_VALUE":[68,68],"P90_VALUE":[76,81],"MAX_VALUE":[96,95]}}
