{"PREVALENCE_BY_GENDER_AGE_YEAR":{"TRELLIS_NAME":["80-89","70-79","70-79","80-89","60-69","50-59","70-79","90-99","70-79","80-89","80-89"],"SERIES_NAME":["FEMALE","MALE","FEMALE","MALE","MALE","MALE","FEMALE","FEMALE","MALE","MALE","FEMALE"],"X_CALENDAR_YEAR":[2017,2017,2017,2017,2018,2018,2018,2018,2018,2018,2018],"Y_PREVALENCE_1000PP":[0.10807,0.05502,0.06759,0.12091,0.03313,0.02499,0.07505,0.25652,0.08352,0.1849,0.14614]},"PREVALENCE_BY_MONTH":{"X_CALENDAR_MONTH":[201606,201801,201804,201806,201810,201811,201812,201901,201902],"Y_PREVALENCE_1000PP":[0.00154,0.00247,0.00185,0.00279,0.00391,0.0023,0.00329,0.00197,0.00198]},"CONDITIONS_BY_TYPE":{"CONCEPT_NAME":"Observation recorded from EHR","COUNT_VALUE":172},"AGE_AT_FIRST_DIAGNOSIS":{"CATEGORY":["MALE","FEMALE"],"MIN_VALUE":[44,5],"P10_VALUE":[56,63],"P25_VALUE":[69,71],"MEDIAN_VALUE":[76,79],"P75_VALUE":[83,85],"P90_VALUE":[86,90],"MAX_VALUE":[94,97]}}
