{"PREVALENCE_BY_GENDER_AGE_YEAR":{"TRELLIS_NAME":["20-29","30-39","20-29","30-39","30-39","10-19","20-29","30-39","20-29","10-19","30-39","20-29","40-49","20-29","30-39","30-39","20-29","10-19","20-29","10-19","40-49","30-39","20-29","30-39","30-39","10-19","20-29","40-49","20-29","30-39","30-39","40-49","20-29","20-29","30-39","40-49","30-39","20-29","20-29","30-39","30-39","20-29"],"SERIES_NAME":["FEMALE","FEMALE","FEMALE","FEMALE","FEMALE","FEMALE","FEMALE","FEMALE","FEMALE","FEMALE","FEMALE","FEMALE","FEMALE","FEMALE","FEMALE","FEMALE","FEMALE","FEMALE","FEMALE","FEMALE","FEMALE","FEMALE","FEMALE","FEMALE","FEMALE","FEMALE","FEMALE","FEMALE","FEMALE","FEMALE","FEMALE","FEMALE","FEMALE","FEMALE","FEMALE","FEMALE","FEMALE","FEMALE","FEMALE","FEMALE","FEMALE","FEMALE"],"X_CALENDAR_YEAR":[2003,2003,2004,2004,2005,2005,2005,2006,2006,2007,2007,2007,2008,2008,2008,2009,2009,2009,2010,2010,2010,2010,2011,2011,2012,2012,2012,2012,2013,2013,2014,2014,2014,2015,2015,2016,2016,2016,2017,2017,2018,2018],"Y_PREVALENCE_1000PP":[0.02177,0.03824,0.07592,0.05499,0.09471,0.02447,0.0782,0.10573,0.13144,0.03221,0.11902,0.13466,0.0142,0.13402,0.12585,0.13375,0.15243,0.03382,0.12928,0.03356,0.02319,0.17072,0.12356,0.14874,0.12688,0.0229,0.09852,0.02074,0.07153,0.10657,0.08671,0.01516,0.08653,0.05224,0.08058,0.02068,0.05736,0.03826,0.04281,0.04775,0.0492,0.0264]},"PREVALENCE_BY_MONTH":{"X_CALENDAR_MONTH":[200405,200407,200410,200502,200506,200507,200508,200510,200511,200601,200602,200604,200605,200606,200608,200609,200610,200611,200612,200701,200703,200704,200706,200707,200708,200709,200710,200711,200712,200801,200802,200803,200804,200805,200806,200807,200808,200809,200810,200811,200812,200901,200902,200903,200904,200905,200906,200907,200908,200909,200910,200911,200912,201001,201002,201003,201004,201005,201006,201008,201009,201010,201011,201101,201102,201103,201104,201105,201106,201107,201108,201109,201110,201111,201112,201201,201203,201204,201205,201206,201207,201208,201210,201211,201212,201301,201302,201303,201304,201307,201310,201401,201402,201403,201404,201405,201406,201407,201409,201501,201507,201508,201602,201710],"Y_PREVALENCE_1000PP":[0.00142,0.00187,0.00161,0.00158,0.00224,0.00156,0.00244,0.00154,0.00131,0.00195,0.00152,0.00151,0.00236,0.00171,0.00213,0.00127,0.00148,0.00231,0.00252,0.00332,0.00124,0.00144,0.00183,0.00201,0.00161,0.00159,0.00276,0.00234,0.00176,0.00271,0.00175,0.00136,0.00136,0.00213,0.00154,0.0021,0.00191,0.00133,0.00152,0.00171,0.00246,0.00207,0.00113,0.00226,0.00151,0.00132,0.00132,0.00188,0.00264,0.00188,0.00301,0.00151,0.00323,0.00227,0.0019,0.00323,0.00228,0.0021,0.00325,0.00286,0.00285,0.00207,0.00244,0.00224,0.00149,0.00167,0.00185,0.00184,0.00258,0.00239,0.00165,0.00182,0.00145,0.00219,0.00109,0.00164,0.00218,0.00127,0.00182,0.00182,0.00219,0.002,0.00145,0.00201,0.00166,0.00128,0.00166,0.00204,0.00185,0.0013,0.00131,0.00115,0.00134,0.00211,0.00172,0.00153,0.00116,0.00137,0.00159,0.00145,0.00225,0.00135,0.00149,0.00178]},"CONDITIONS_BY_TYPE":{"CONCEPT_NAME":"Observation recorded from EHR","COUNT_VALUE":1273},"AGE_AT_FIRST_DIAGNOSIS":{"CATEGORY":"FEMALE","MIN_VALUE":15,"P10_VALUE":21,"P25_VALUE":26,"MEDIAN_VALUE":30,"P75_VALUE":34,"P90_VALUE":38,"MAX_VALUE":52}}
