{"PREVALENCE_BY_GENDER_AGE_YEAR":{"TRELLIS_NAME":["20-29","20-29","40-49","30-39","20-29","30-39"],"SERIES_NAME":["MALE","MALE","MALE","MALE","MALE","MALE"],"X_CALENDAR_YEAR":[1999,2000,2000,2002,2002,2003],"Y_PREVALENCE_1000PP":[0.05796,0.03996,0.03068,0.01803,0.03589,0.01721]},"PREVALENCE_BY_MONTH":{"X_CALENDAR_MONTH":[199810,199902,200005,200010,200205,200207,200211,200307,200608,200812,201010],"Y_PREVALENCE_1000PP":[0.00447,0.00403,0.00258,0.0024,0.00194,0.00219,0.00161,0.00154,0.00128,0.00132,0.00113]},"CONDITIONS_BY_TYPE":{"CONCEPT_NAME":"Observation recorded from EHR","COUNT_VALUE":574},"AGE_AT_FIRST_DIAGNOSIS":{"CATEGORY":["MALE","FEMALE"],"MIN_VALUE":[2,1],"P10_VALUE":[17,9],"P25_VALUE":[25,22],"MEDIAN_VALUE":[36,37],"P75_VALUE":[50,51],"P90_VALUE":[64,63],"MAX_VALUE":[89,94]}}
