{"PREVALENCE_BY_GENDER_AGE_YEAR":{"TRELLIS_NAME":["80-89","70-79","70-79","80-89","80-89","80-89","80-89","70-79","80-89","80-89","70-79","60-69","90-99","70-79","70-79","60-69","80-89","80-89","60-69","80-89","70-79","80-89","70-79","80-89","70-79","70-79","80-89","60-69","80-89","80-89","70-79","50-59","70-79","80-89","80-89","70-79","70-79","80-89","70-79","80-89","70-79","60-69","70-79","80-89","70-79","80-89","70-79","70-79","80-89","60-69","80-89","70-79","60-69","80-89","80-89","80-89","70-79","70-79","80-89","70-79","80-89","60-69","70-79","80-89","70-79"],"SERIES_NAME":["FEMALE","MALE","MALE","FEMALE","MALE","MALE","FEMALE","MALE","MALE","FEMALE","MALE","MALE","FEMALE","FEMALE","MALE","MALE","FEMALE","MALE","MALE","FEMALE","MALE","MALE","FEMALE","FEMALE","MALE","FEMALE","MALE","MALE","FEMALE","MALE","FEMALE","MALE","MALE","FEMALE","MALE","MALE","FEMALE","MALE","FEMALE","FEMALE","MALE","MALE","MALE","MALE","FEMALE","FEMALE","MALE","FEMALE","MALE","MALE","FEMALE","MALE","MALE","MALE","FEMALE","MALE","MALE","FEMALE","MALE","MALE","MALE","MALE","MALE","FEMALE","MALE"],"X_CALENDAR_YEAR":[2001,2001,2002,2002,2003,2004,2004,2004,2005,2005,2005,2005,2005,2006,2006,2006,2006,2006,2007,2007,2007,2007,2007,2008,2008,2008,2008,2008,2009,2009,2009,2009,2009,2010,2010,2010,2010,2011,2011,2011,2011,2011,2012,2012,2012,2012,2013,2013,2013,2013,2013,2014,2014,2014,2014,2015,2015,2015,2016,2016,2017,2017,2017,2018,2018],"Y_PREVALENCE_1000PP":[0.08814,0.06948,0.0457,0.06752,0.19199,0.13156,0.1181,0.07222,0.17935,0.08904,0.05065,0.05073,0.18697,0.05107,0.04228,0.02357,0.05433,0.14265,0.02455,0.07939,0.06661,0.16683,0.04737,0.04168,0.04278,0.02761,0.12412,0.05687,0.06201,0.08814,0.02736,0.0195,0.06848,0.04857,0.10837,0.06266,0.02722,0.07362,0.04023,0.08244,0.05119,0.02184,0.03559,0.07242,0.04012,0.06895,0.0496,0.04808,0.12281,0.02501,0.09746,0.07616,0.03976,0.12688,0.05122,0.0685,0.03843,0.03417,0.14971,0.06981,0.10579,0.03929,0.04127,0.09743,0.06075]},"PREVALENCE_BY_MONTH":{"X_CALENDAR_MONTH":[200107,200203,200306,200407,200408,200410,200501,200502,200505,200506,200510,200511,200608,200611,200701,200702,200707,200711,200712,200801,200804,200806,200810,200811,200902,200903,200906,200910,200912,201001,201004,201005,201101,201103,201108,201110,201111,201112,201205,201212,201304,201306,201307,201310,201311,201404,201405,201407,201408,201502,201601,201602],"Y_PREVALENCE_1000PP":[0.00198,0.00258,0.00182,0.00163,0.00139,0.00253,0.00136,0.00136,0.00135,0.00202,0.00154,0.00197,0.00149,0.00126,0.00145,0.00145,0.00121,0.00234,0.00234,0.00136,0.00155,0.00173,0.0019,0.00133,0.00132,0.00188,0.00113,0.00113,0.00114,0.00114,0.00152,0.00114,0.00112,0.00167,0.0011,0.00145,0.00128,0.00146,0.00109,0.00166,0.00185,0.00186,0.00148,0.00187,0.00113,0.00192,0.00172,0.00118,0.00118,0.00125,0.00173,0.00149]},"CONDITIONS_BY_TYPE":{"CONCEPT_NAME":"Observation recorded from EHR","COUNT_VALUE":1017},"AGE_AT_FIRST_DIAGNOSIS":{"CATEGORY":["MALE","FEMALE"],"MIN_VALUE":[12,20],"P10_VALUE":[55,64],"P25_VALUE":[65,73],"MEDIAN_VALUE":[75,81],"P75_VALUE":[82,87],"P90_VALUE":[87,91],"MAX_VALUE":[98,102]}}
