{"PREVALENCE_BY_GENDER_AGE_YEAR":{"TRELLIS_NAME":["40-49","30-39","50-59","60-69","40-49","60-69","50-59","40-49","30-39","50-59","40-49","60-69","20-29","50-59","60-69","30-39","40-49","50-59"],"SERIES_NAME":["FEMALE","FEMALE","FEMALE","MALE","FEMALE","MALE","FEMALE","FEMALE","FEMALE","MALE","FEMALE","FEMALE","FEMALE","FEMALE","FEMALE","FEMALE","FEMALE","FEMALE"],"X_CALENDAR_YEAR":[2002,2004,2004,2004,2005,2005,2005,2006,2006,2006,2007,2007,2007,2008,2008,2008,2011,2013],"Y_PREVALENCE_1000PP":[0.0216,0.02475,0.02704,0.02669,0.01682,0.02537,0.02586,0.0159,0.01586,0.01825,0.01955,0.02072,0.01616,0.02023,0.02312,0.01762,0.01364,0.0158]},"PREVALENCE_BY_MONTH":{"X_CALENDAR_MONTH":[200204,200407,200410,200411,200501,200502,200507,200603,200611,200804,200903,201006,201010,201102],"Y_PREVALENCE_1000PP":[0.00167,0.00233,0.00161,0.00206,0.00159,0.00136,0.00133,0.00195,0.00147,0.00116,0.00113,0.00115,0.00113,0.00149]},"CONDITIONS_BY_TYPE":{"CONCEPT_NAME":"Observation recorded from EHR","COUNT_VALUE":632},"AGE_AT_FIRST_DIAGNOSIS":{"CATEGORY":["FEMALE","MALE"],"MIN_VALUE":[0,2],"P10_VALUE":[26,24],"P25_VALUE":[36,38],"MEDIAN_VALUE":[49,51],"P75_VALUE":[62,63],"P90_VALUE":[72,74],"MAX_VALUE":[92,88]}}
