{"PREVALENCE_BY_GENDER_AGE_YEAR":{"TRELLIS_NAME":["50-59","40-49","50-59","60-69","70-79","20-29","40-49","50-59","40-49","50-59","40-49","30-39","60-69","40-49","30-39","30-39","60-69","70-79","60-69","40-49","60-69","70-79","60-69","50-59","40-49"],"SERIES_NAME":["FEMALE","FEMALE","MALE","MALE","MALE","FEMALE","FEMALE","FEMALE","MALE","MALE","FEMALE","FEMALE","MALE","MALE","MALE","FEMALE","FEMALE","FEMALE","MALE","MALE","FEMALE","FEMALE","MALE","FEMALE","FEMALE"],"X_CALENDAR_YEAR":[1997,1997,2005,2005,2006,2007,2007,2009,2009,2010,2010,2010,2011,2013,2013,2013,2013,2014,2014,2015,2015,2015,2016,2016,2017],"Y_PREVALENCE_1000PP":[0.10343,0.10445,0.03454,0.02959,0.04832,0.01616,0.01466,0.0258,0.01342,0.01638,0.01391,0.01757,0.01872,0.01807,0.01728,0.01487,0.02125,0.02692,0.01988,0.02201,0.02096,0.03417,0.03033,0.03423,0.04705]},"PREVALENCE_BY_MONTH":{"X_CALENDAR_MONTH":[199702,199703,199704,199705,200207,200212,200503,200504,200604,200607,200610,200701,200706,200710,200810,200812,200902,200903,200904,200909,200911,201004,201007,201012,201101,201104,201207,201212,201303,201304,201305,201309,201310,201403,201406,201410,201501,201502,201503,201504,201508,201510,201512,201603,201612,201711,201903],"Y_PREVALENCE_1000PP":[0.00885,0.01373,0.01556,0.00704,0.00165,0.00188,0.00203,0.00158,0.00129,0.0015,0.00127,0.00125,0.00223,0.00197,0.00152,0.00151,0.00113,0.00113,0.00113,0.00169,0.00113,0.00171,0.00191,0.00131,0.00131,0.0013,0.00109,0.00129,0.00111,0.00204,0.00111,0.00167,0.00112,0.00115,0.00155,0.00121,0.00145,0.00188,0.00129,0.00151,0.00157,0.0014,0.00148,0.0015,0.00164,0.00211,0.00231]},"CONDITIONS_BY_TYPE":{"CONCEPT_NAME":"Observation recorded from EHR","COUNT_VALUE":1010},"AGE_AT_FIRST_DIAGNOSIS":{"CATEGORY":["FEMALE","MALE"],"MIN_VALUE":[0,0],"P10_VALUE":[18,11],"P25_VALUE":[35,32],"MEDIAN_VALUE":[51,51],"P75_VALUE":[66,64],"P90_VALUE":[79,77],"MAX_VALUE":[96,97]}}
