{"PREVALENCE_BY_GENDER_AGE_YEAR":{"TRELLIS_NAME":["50-59","70-79","60-69","70-79","40-49","80-89","60-69","40-49","80-89","60-69","70-79","50-59","80-89","60-69","50-59","70-79","70-79","60-69","70-79","80-89","80-89","70-79","70-79","50-59","60-69","80-89","70-79","80-89","60-69","70-79"],"SERIES_NAME":["FEMALE","FEMALE","MALE","FEMALE","FEMALE","FEMALE","FEMALE","MALE","FEMALE","FEMALE","FEMALE","FEMALE","FEMALE","FEMALE","FEMALE","MALE","FEMALE","MALE","FEMALE","FEMALE","FEMALE","MALE","FEMALE","MALE","FEMALE","MALE","FEMALE","FEMALE","MALE","FEMALE"],"X_CALENDAR_YEAR":[2003,2003,2004,2004,2004,2004,2004,2005,2005,2005,2005,2005,2006,2006,2007,2007,2007,2008,2008,2008,2009,2009,2009,2010,2010,2010,2010,2010,2010,2011],"Y_PREVALENCE_1000PP":[0.02564,0.04759,0.03558,0.03845,0.02085,0.05061,0.03066,0.01597,0.04857,0.03334,0.05315,0.02263,0.06986,0.02321,0.01775,0.03886,0.03316,0.02007,0.03221,0.05558,0.04823,0.04214,0.03192,0.02457,0.02514,0.08669,0.02722,0.04857,0.01924,0.03576]},"PREVALENCE_BY_MONTH":{"X_CALENDAR_MONTH":[200305,200307,200309,200401,200402,200406,200411,200501,200502,200506,200508,200510,200511,200601,200603,200607,200608,200610,200702,200703,200705,200708,200709,200805,200806,200808,200809,200810,200811,200906,200908,200909,200911,201002,201003,201004,201006,201007,201009,201012,201101,201103,201107,201108,201204,201308,201310,201406],"Y_PREVALENCE_1000PP":[0.00183,0.0018,0.0023,0.00173,0.00222,0.00188,0.00138,0.00136,0.00158,0.00157,0.00177,0.00176,0.00175,0.00151,0.00152,0.00128,0.00213,0.00127,0.00145,0.00124,0.00143,0.00141,0.0012,0.00116,0.00115,0.00191,0.00114,0.00133,0.00114,0.00113,0.00132,0.00188,0.00113,0.00114,0.00114,0.00114,0.00134,0.00134,0.00114,0.00113,0.00112,0.0013,0.0011,0.00128,0.00127,0.00111,0.00112,0.00136]},"CONDITIONS_BY_TYPE":{"CONCEPT_NAME":"Observation recorded from EHR","COUNT_VALUE":754},"AGE_AT_FIRST_DIAGNOSIS":{"CATEGORY":["FEMALE","MALE"],"MIN_VALUE":[0,15],"P10_VALUE":[36,34],"P25_VALUE":[50,47],"MEDIAN_VALUE":[65,61],"P75_VALUE":[78,74],"P90_VALUE":[84,81],"MAX_VALUE":[97,95]}}
