{"PREVALENCE_BY_GENDER_AGE_YEAR":{"TRELLIS_NAME":["40-49","30-39","70-79","50-59","80-89","20-29","80-89","60-69","70-79","50-59","30-39","60-69","40-49","40-49","70-79","40-49","30-39","10-19","60-69","60-69","70-79","50-59","30-39","80-89","50-59","20-29","70-79","30-39","50-59","10-19","50-59","20-29","40-49","20-29","60-69","80-89","40-49","60-69","80-89","30-39","70-79","90-99","40-49","50-59","40-49","10-19","70-79","20-29","60-69","80-89","80-89","50-59","30-39","30-39","60-69","70-79","90-99","20-29","70-79","60-69","30-39","40-49","50-59","20-29","50-59","90-99","10-19","70-79","60-69","80-89","30-39","40-49","80-89"],"SERIES_NAME":["MALE","MALE","FEMALE","MALE","FEMALE","FEMALE","MALE","FEMALE","MALE","FEMALE","FEMALE","MALE","FEMALE","FEMALE","FEMALE","MALE","FEMALE","MALE","FEMALE","MALE","MALE","FEMALE","MALE","FEMALE","MALE","MALE","FEMALE","MALE","FEMALE","MALE","MALE","MALE","MALE","FEMALE","FEMALE","MALE","FEMALE","MALE","FEMALE","FEMALE","MALE","FEMALE","MALE","FEMALE","FEMALE","FEMALE","FEMALE","FEMALE","FEMALE","MALE","FEMALE","MALE","MALE","FEMALE","MALE","MALE","MALE","FEMALE","FEMALE","FEMALE","MALE","FEMALE","FEMALE","MALE","MALE","FEMALE","FEMALE","MALE","MALE","FEMALE","FEMALE","MALE","MALE"],"X_CALENDAR_YEAR":[2001,2001,2001,2001,2001,2001,2001,2001,2001,2001,2001,2001,2001,2002,2002,2002,2002,2002,2002,2002,2002,2002,2002,2002,2002,2002,2003,2003,2003,2003,2003,2003,2003,2003,2003,2003,2003,2003,2003,2003,2003,2013,2013,2013,2013,2013,2013,2013,2013,2013,2013,2013,2013,2013,2013,2013,2014,2014,2014,2014,2014,2014,2014,2014,2014,2014,2014,2014,2014,2014,2014,2014,2014],"Y_PREVALENCE_1000PP":[0.06322,0.02705,0.21517,0.09049,0.13221,0.03453,0.14014,0.16975,0.18239,0.10634,0.03463,0.23574,0.06634,0.1008,0.16751,0.07197,0.04615,0.02714,0.11662,0.23731,0.19805,0.12063,0.03305,0.05787,0.10585,0.02393,0.31529,0.04303,0.20143,0.02522,0.13526,0.03024,0.10781,0.06167,0.2402,0.22399,0.10997,0.23898,0.29939,0.07353,0.46043,0.23647,0.08132,0.16062,0.09112,0.02595,0.3016,0.04193,0.24288,0.36842,0.362,0.14479,0.04938,0.05452,0.27827,0.38188,0.53444,0.12849,0.61924,0.44662,0.10518,0.20211,0.29078,0.03861,0.28899,0.52395,0.0445,0.55851,0.4838,0.62931,0.14189,0.19579,0.68727]},"PREVALENCE_BY_MONTH":{"X_CALENDAR_MONTH":[200012,200101,200102,200103,200104,200105,200106,200107,200109,200110,200111,200112,200201,200202,200203,200204,200205,200206,200207,200208,200209,200210,200211,200212,200301,200302,200303,200304,200305,200306,200307,201306,201307,201308,201309,201310,201311,201312,201401,201402,201403,201404,201405,201406,201407,201408,201409,201410,201411],"Y_PREVALENCE_1000PP":[0.00234,0.0092,0.01159,0.01515,0.008,0.0113,0.01141,0.0076,0.00254,0.00776,0.00921,0.00881,0.00792,0.00727,0.00574,0.00893,0.00527,0.00441,0.01097,0.00738,0.01547,0.00511,0.00938,0.00403,0.00504,0.00713,0.00526,0.01101,0.00627,0.03533,0.06564,0.00799,0.02168,0.0206,0.02149,0.02563,0.02316,0.02074,0.03342,0.02614,0.02814,0.02586,0.02893,0.03371,0.02781,0.02211,0.02775,0.03094,0.02452]},"CONDITIONS_BY_TYPE":{"CONCEPT_NAME":"Observation recorded from EHR","COUNT_VALUE":3593},"AGE_AT_FIRST_DIAGNOSIS":{"CATEGORY":["MALE","FEMALE"],"MIN_VALUE":[3,3],"P10_VALUE":[36,31],"P25_VALUE":[48,45],"MEDIAN_VALUE":[61,61],"P75_VALUE":[72,73],"P90_VALUE":[79,82],"MAX_VALUE":[95,99]}}
