{"PREVALENCE_BY_GENDER_AGE_YEAR":{"TRELLIS_NAME":["70-79","70-79","80-89","70-79","60-69","70-79","50-59","60-69","70-79","40-49","50-59","80-89","70-79","70-79","60-69","80-89","60-69","60-69","70-79","80-89","80-89","80-89","70-79","70-79","70-79","70-79","80-89","70-79","70-79","80-89"],"SERIES_NAME":["MALE","FEMALE","MALE","FEMALE","FEMALE","MALE","MALE","FEMALE","FEMALE","FEMALE","FEMALE","FEMALE","FEMALE","MALE","FEMALE","MALE","FEMALE","MALE","FEMALE","FEMALE","FEMALE","MALE","MALE","FEMALE","MALE","FEMALE","FEMALE","MALE","MALE","FEMALE"],"X_CALENDAR_YEAR":[2004,2004,2004,2005,2005,2006,2006,2006,2006,2006,2006,2006,2007,2007,2007,2008,2008,2008,2008,2008,2009,2009,2009,2011,2012,2012,2012,2013,2014,2015],"Y_PREVALENCE_1000PP":[0.04596,0.03296,0.11694,0.04783,0.05418,0.03624,0.02129,0.02321,0.03575,0.0159,0.01879,0.0621,0.04737,0.03331,0.02418,0.0677,0.02973,0.02007,0.06442,0.05558,0.05512,0.09915,0.04214,0.02682,0.06609,0.03121,0.04137,0.02976,0.03046,0.04798]},"PREVALENCE_BY_MONTH":{"X_CALENDAR_MONTH":[200408,200411,200506,200507,200508,200512,200602,200603,200606,200607,200609,200612,200702,200703,200709,200801,200802,200803,200805,200806,200808,200901,200902,200903,200907,200909,201110,201201,201202,201205,201208,201302,201407,201502,201504],"Y_PREVALENCE_1000PP":[0.00139,0.00229,0.00202,0.002,0.00155,0.00175,0.00174,0.0013,0.00214,0.00128,0.00212,0.00126,0.00145,0.00124,0.0012,0.00155,0.00116,0.00136,0.00174,0.00115,0.00153,0.00226,0.00189,0.00132,0.00132,0.00113,0.00127,0.00127,0.00109,0.00182,0.00127,0.00129,0.00137,0.00146,0.00151]},"CONDITIONS_BY_TYPE":{"CONCEPT_NAME":"Observation recorded from EHR","COUNT_VALUE":696},"AGE_AT_FIRST_DIAGNOSIS":{"CATEGORY":["FEMALE","MALE"],"MIN_VALUE":[12,8],"P10_VALUE":[43,49],"P25_VALUE":[59,61],"MEDIAN_VALUE":[70,72],"P75_VALUE":[80,82],"P90_VALUE":[86,87],"MAX_VALUE":[97,100]}}
