{"PREVALENCE_BY_GENDER_AGE_YEAR":{"TRELLIS_NAME":["20-29","30-39","20-29","20-29","20-29","30-39","20-29","20-29","20-29","20-29","20-29","30-39","20-29","30-39","20-29","20-29","20-29","30-39","30-39","30-39","20-29","20-29","20-29","20-29","30-39","30-39","10-19","20-29","20-29","30-39","30-39","20-29","20-29","30-39","20-29","40-49","20-29","30-39","30-39","20-29","20-29","40-49","20-29","20-29","30-39","20-29","30-39","20-29","30-39","20-29","30-39","20-29","20-29","30-39","20-29","20-29","40-49"],"SERIES_NAME":["FEMALE","FEMALE","FEMALE","MALE","FEMALE","FEMALE","FEMALE","MALE","MALE","FEMALE","FEMALE","FEMALE","MALE","FEMALE","FEMALE","MALE","FEMALE","MALE","FEMALE","MALE","FEMALE","MALE","FEMALE","MALE","FEMALE","MALE","FEMALE","MALE","FEMALE","FEMALE","MALE","MALE","FEMALE","FEMALE","FEMALE","MALE","MALE","FEMALE","FEMALE","MALE","FEMALE","FEMALE","FEMALE","MALE","FEMALE","FEMALE","FEMALE","MALE","FEMALE","FEMALE","FEMALE","FEMALE","FEMALE","FEMALE","MALE","FEMALE","FEMALE"],"X_CALENDAR_YEAR":[1999,2000,2000,2001,2001,2002,2002,2002,2003,2003,2004,2004,2005,2005,2005,2006,2006,2006,2006,2007,2007,2007,2008,2008,2008,2008,2009,2009,2009,2009,2009,2010,2010,2010,2011,2011,2011,2011,2012,2012,2012,2013,2013,2013,2013,2014,2014,2014,2015,2015,2016,2016,2017,2017,2018,2018,2018],"Y_PREVALENCE_1000PP":[0.05456,0.03521,0.08099,0.0316,0.0518,0.02769,0.08806,0.04786,0.02268,0.07981,0.06272,0.0275,0.0259,0.02976,0.06256,0.01821,0.06426,0.02049,0.02643,0.02457,0.09157,0.03351,0.07217,0.01603,0.03524,0.0171,0.02029,0.0237,0.06351,0.02776,0.02212,0.02104,0.06084,0.0477,0.07908,0.01312,0.0257,0.0471,0.03732,0.01542,0.0665,0.02103,0.0518,0.03095,0.03717,0.06031,0.03153,0.02482,0.02014,0.04933,0.02024,0.05913,0.04671,0.04041,0.0554,0.07919,0.02688]},"PREVALENCE_BY_MONTH":{"X_CALENDAR_MONTH":[200012,200108,200201,200207,200211,200312,200403,200501,200512,200602,200603,200605,200611,200702,200703,200706,200709,200710,200711,200804,200805,200808,200812,200901,200902,200903,200906,200908,200909,200911,200912,201001,201002,201003,201004,201006,201007,201008,201011,201101,201103,201104,201105,201106,201107,201108,201109,201111,201202,201204,201205,201207,201208,201303,201304,201305,201306,201307,201308,201311,201401,201405,201406,201410,201501,201504,201603,201604,201701,201708,201805,201806,201807,201808,201811],"Y_PREVALENCE_1000PP":[0.00234,0.00194,0.00176,0.00219,0.00295,0.00151,0.00169,0.00136,0.00197,0.00347,0.00152,0.00129,0.00147,0.00124,0.00228,0.00122,0.00139,0.00177,0.00254,0.00174,0.00136,0.00115,0.00151,0.00113,0.0017,0.00113,0.00245,0.00132,0.00113,0.00132,0.00152,0.00132,0.00114,0.00133,0.00152,0.00134,0.00153,0.00134,0.0015,0.00168,0.00167,0.00167,0.00129,0.00203,0.00128,0.00147,0.00109,0.00109,0.00127,0.00127,0.00127,0.00164,0.00127,0.00204,0.00148,0.0013,0.0013,0.00222,0.00111,0.00113,0.00153,0.00153,0.00136,0.00243,0.00145,0.00151,0.0015,0.0015,0.00164,0.00177,0.00216,0.00186,0.00189,0.00255,0.00296]},"CONDITIONS_BY_TYPE":{"CONCEPT_NAME":"Observation recorded from EHR","COUNT_VALUE":1091},"AGE_AT_FIRST_DIAGNOSIS":{"CATEGORY":["MALE","FEMALE"],"MIN_VALUE":[6,12],"P10_VALUE":[20,21],"P25_VALUE":[24,24],"MEDIAN_VALUE":[28,27],"P75_VALUE":[36,32],"P90_VALUE":[46,41],"MAX_VALUE":[84,86]}}
