{"PREVALENCE_BY_GENDER_AGE_YEAR":{"TRELLIS_NAME":["80-89","70-79","80-89","70-79","80-89","80-89","90-99","70-79","80-89","70-79","80-89","80-89","90-99","70-79","90-99","80-89","80-89","80-89","80-89","80-89"],"SERIES_NAME":["FEMALE","MALE","FEMALE","FEMALE","FEMALE","FEMALE","FEMALE","MALE","FEMALE","MALE","MALE","FEMALE","FEMALE","FEMALE","FEMALE","FEMALE","FEMALE","FEMALE","MALE","FEMALE"],"X_CALENDAR_YEAR":[1998,1999,1999,2000,2000,2001,2001,2002,2002,2003,2003,2004,2004,2004,2005,2005,2006,2009,2009,2011],"Y_PREVALENCE_1000PP":[0.26687,0.08334,0.11322,0.06065,0.15636,0.12119,0.36306,0.0457,0.08681,0.07194,0.11199,0.10123,0.22662,0.04394,0.18697,0.06476,0.05433,0.04823,0.07712,0.04122]},"PREVALENCE_BY_MONTH":{"X_CALENDAR_MONTH":[199811,199901,199903,200001,200003,200009,200011,200203,200210,200308,200310,200401,200403,200406,200407,200409,200508,200512,200608,200901],"Y_PREVALENCE_1000PP":[0.00441,0.00483,0.00398,0.00315,0.00308,0.00282,0.00238,0.00201,0.00161,0.0018,0.00153,0.00148,0.00217,0.00141,0.0014,0.00208,0.00133,0.00131,0.00128,0.00113]},"CONDITIONS_BY_TYPE":{"CONCEPT_NAME":"Observation recorded from EHR","COUNT_VALUE":673},"AGE_AT_FIRST_DIAGNOSIS":{"CATEGORY":["MALE","FEMALE"],"MIN_VALUE":[1,1],"P10_VALUE":[29,31],"P25_VALUE":[45,59],"MEDIAN_VALUE":[68,80],"P75_VALUE":[80,88],"P90_VALUE":[87,93],"MAX_VALUE":[98,102]}}
