{"PREVALENCE_BY_GENDER_AGE_YEAR":{"TRELLIS_NAME":["20-29","30-39","20-29","40-49","10-19","30-39","0-9","10-19","20-29","0-9","40-49","40-49","20-29","10-19","30-39","10-19","0-9","50-59","30-39","20-29","40-49","0-9","20-29","40-49","30-39","10-19","0-9","60-69","40-49","50-59","0-9","30-39","50-59","0-9","30-39","10-19","0-9","40-49","20-29","50-59","40-49","20-29","40-49","10-19","0-9","0-9","30-39","10-19","30-39","40-49","0-9","10-19","30-39","20-29","50-59","40-49","0-9","30-39","20-29","0-9","30-39","60-69","20-29","10-19","0-9","10-19","20-29","50-59","0-9","30-39","20-29","10-19","40-49","10-19","30-39","20-29","0-9","0-9","30-39","0-9","0-9","10-19","50-59","40-49","30-39","10-19","20-29","20-29","30-39","10-19","0-9","0-9","30-39","40-49","20-29","30-39","50-59","0-9","0-9","30-39","20-29","0-9","0-9"],"SERIES_NAME":["FEMALE","FEMALE","FEMALE","FEMALE","MALE","FEMALE","MALE","FEMALE","FEMALE","MALE","FEMALE","MALE","MALE","MALE","MALE","FEMALE","FEMALE","FEMALE","FEMALE","FEMALE","FEMALE","MALE","FEMALE","MALE","FEMALE","MALE","MALE","FEMALE","FEMALE","FEMALE","FEMALE","MALE","MALE","FEMALE","FEMALE","MALE","MALE","FEMALE","FEMALE","FEMALE","FEMALE","MALE","MALE","MALE","FEMALE","MALE","FEMALE","FEMALE","FEMALE","FEMALE","MALE","MALE","MALE","FEMALE","FEMALE","FEMALE","MALE","MALE","FEMALE","FEMALE","FEMALE","FEMALE","MALE","MALE","FEMALE","FEMALE","FEMALE","MALE","MALE","FEMALE","MALE","FEMALE","FEMALE","MALE","FEMALE","FEMALE","MALE","FEMALE","MALE","FEMALE","MALE","MALE","FEMALE","FEMALE","FEMALE","FEMALE","MALE","FEMALE","MALE","FEMALE","FEMALE","MALE","FEMALE","FEMALE","FEMALE","MALE","FEMALE","FEMALE","MALE","FEMALE","FEMALE","MALE","MALE"],"X_CALENDAR_YEAR":[2001,2001,2002,2002,2002,2002,2002,2002,2003,2003,2003,2003,2003,2004,2004,2004,2004,2004,2004,2004,2004,2004,2005,2005,2005,2005,2005,2005,2005,2005,2005,2005,2005,2006,2006,2006,2006,2006,2006,2006,2007,2007,2007,2007,2007,2007,2007,2008,2008,2008,2008,2008,2008,2008,2008,2009,2009,2009,2009,2009,2009,2010,2010,2010,2010,2010,2010,2010,2010,2010,2011,2011,2011,2011,2011,2011,2011,2011,2011,2012,2012,2012,2012,2012,2012,2012,2012,2012,2012,2013,2013,2013,2013,2013,2013,2013,2013,2014,2014,2014,2014,2015,2016],"Y_PREVALENCE_1000PP":[0.03453,0.03117,0.04212,0.0432,0.02714,0.03384,0.04836,0.03104,0.03265,0.0455,0.02999,0.01902,0.02268,0.02642,0.01872,0.03431,0.0402,0.02704,0.03849,0.03301,0.03872,0.0376,0.05943,0.0213,0.05682,0.03246,0.06127,0.02501,0.02523,0.03879,0.03446,0.02101,0.01884,0.03619,0.03965,0.03091,0.03086,0.02385,0.03213,0.01879,0.02444,0.01955,0.01857,0.03839,0.02686,0.03196,0.03039,0.03439,0.0151,0.02839,0.02777,0.03099,0.01954,0.02835,0.02023,0.02341,0.02732,0.01967,0.02541,0.03499,0.02019,0.01886,0.02366,0.01839,0.02489,0.02349,0.01774,0.01911,0.04457,0.02762,0.02056,0.03929,0.02501,0.01816,0.01983,0.0346,0.04877,0.01798,0.01705,0.04143,0.04809,0.02752,0.01879,0.02305,0.02239,0.0229,0.01798,0.02463,0.01477,0.03893,0.02063,0.04214,0.01735,0.02103,0.02466,0.01481,0.02896,0.02181,0.0238,0.02102,0.03933,0.01955,0.02324]},"PREVALENCE_BY_MONTH":{"X_CALENDAR_MONTH":[200107,200201,200202,200204,200205,200207,200208,200209,200210,200211,200212,200305,200306,200307,200308,200309,200311,200401,200402,200403,200404,200406,200407,200408,200409,200410,200411,200412,200501,200502,200503,200504,200505,200506,200507,200508,200509,200510,200511,200512,200601,200603,200604,200605,200606,200607,200608,200609,200610,200611,200612,200701,200702,200703,200704,200706,200707,200711,200712,200801,200802,200803,200805,200806,200807,200808,200809,200810,200811,200901,200903,200904,200905,200906,200907,200908,200909,200910,200911,200912,201001,201002,201003,201004,201007,201010,201012,201101,201102,201103,201104,201106,201107,201108,201109,201110,201111,201112,201201,201202,201203,201204,201205,201206,201207,201208,201209,201210,201211,201212,201301,201303,201304,201305,201306,201308,201310,201311,201312,201401,201402,201403,201406,201408,201409],"Y_PREVALENCE_1000PP":[0.00298,0.00264,0.00262,0.00251,0.00194,0.00411,0.00191,0.00244,0.00215,0.00161,0.00161,0.00183,0.00156,0.00154,0.00205,0.00153,0.00177,0.00148,0.00148,0.00266,0.00143,0.00141,0.00373,0.00279,0.00254,0.00138,0.00252,0.00252,0.00294,0.00271,0.00384,0.00271,0.00225,0.00269,0.002,0.00177,0.00329,0.00263,0.00197,0.00263,0.00216,0.00303,0.00194,0.00236,0.00128,0.00128,0.00128,0.00149,0.0019,0.00189,0.0021,0.00291,0.00124,0.00207,0.00186,0.00223,0.00161,0.00137,0.00234,0.00174,0.00136,0.00136,0.00232,0.00211,0.00115,0.00153,0.00152,0.00266,0.00114,0.00189,0.00169,0.0017,0.00151,0.00113,0.00113,0.00188,0.00131,0.00113,0.0017,0.00133,0.00265,0.00133,0.00247,0.00171,0.0021,0.00302,0.00131,0.00299,0.00224,0.00167,0.00148,0.00203,0.00147,0.00147,0.00109,0.00273,0.00146,0.00146,0.00146,0.00236,0.00109,0.00164,0.00127,0.00164,0.00128,0.00145,0.00254,0.00272,0.00146,0.00147,0.00147,0.00204,0.00148,0.00204,0.00223,0.0013,0.00262,0.00151,0.00115,0.00267,0.00172,0.00115,0.00194,0.00138,0.00238]},"CONDITIONS_BY_TYPE":{"CONCEPT_NAME":"Observation recorded from EHR","COUNT_VALUE":1501},"AGE_AT_FIRST_DIAGNOSIS":{"CATEGORY":["MALE","FEMALE"],"MIN_VALUE":[0,0],"P10_VALUE":[3,6],"P25_VALUE":[7,20],"MEDIAN_VALUE":[22,32],"P75_VALUE":[40,47],"P90_VALUE":[57,59],"MAX_VALUE":[83,86]}}
