{"PREVALENCE_BY_GENDER_AGE_YEAR":{"TRELLIS_NAME":["60-69","10-19","30-39","20-29","10-19","20-29"],"SERIES_NAME":["MALE","FEMALE","FEMALE","FEMALE","FEMALE","FEMALE"],"X_CALENDAR_YEAR":[2011,2011,2012,2012,2012,2013],"Y_PREVALENCE_1000PP":[0.02184,0.02292,0.05971,0.07882,0.03271,0.01973]},"PREVALENCE_BY_MONTH":{"X_CALENDAR_MONTH":[201110,201111,201201,201202,201203,201204,201205,201208,201210,201211,201212,201302,201310],"Y_PREVALENCE_1000PP":[0.00127,0.00109,0.00109,0.00109,0.00164,0.00145,0.00182,0.00127,0.00145,0.00183,0.00239,0.00129,0.00112]},"CONDITIONS_BY_TYPE":{"CONCEPT_NAME":"Observation recorded from EHR","COUNT_VALUE":567},"AGE_AT_FIRST_DIAGNOSIS":{"CATEGORY":["FEMALE","MALE"],"MIN_VALUE":[12,0],"P10_VALUE":[22,36],"P25_VALUE":[30,49],"MEDIAN_VALUE":[49,60],"P75_VALUE":[68,68],"P90_VALUE":[81,77],"MAX_VALUE":[97,91]}}
