{"PREVALENCE_BY_GENDER_AGE_YEAR":{"TRELLIS_NAME":["30-39","10-19","60-69","60-69","10-19","30-39","60-69","10-19","20-29","30-39","30-39","40-49","60-69","10-19","30-39","50-59","60-69","20-29","40-49","40-49","60-69","30-39","40-49","70-79","50-59","10-19","20-29","10-19","20-29","50-59","30-39","40-49","20-29","60-69","80-89","50-59","20-29","10-19","10-19","50-59","60-69","40-49","30-39","20-29","10-19","40-49","60-69","70-79","40-49","50-59","10-19","60-69","50-59","20-29","20-29","10-19","60-69","30-39","10-19","40-49","50-59","20-29","60-69","70-79","40-49","30-39","10-19","60-69","50-59","10-19","50-59","40-49","20-29","30-39","60-69","10-19","40-49","50-59","70-79","30-39","50-59","10-19","50-59","60-69","50-59","10-19","10-19","30-39","50-59","40-49","60-69","40-49","10-19","60-69","50-59","50-59","60-69","30-39"],"SERIES_NAME":["MALE","MALE","FEMALE","FEMALE","MALE","FEMALE","FEMALE","MALE","MALE","MALE","FEMALE","FEMALE","FEMALE","MALE","MALE","FEMALE","FEMALE","MALE","FEMALE","MALE","FEMALE","MALE","FEMALE","FEMALE","FEMALE","FEMALE","FEMALE","MALE","MALE","MALE","MALE","FEMALE","FEMALE","FEMALE","FEMALE","MALE","MALE","MALE","FEMALE","FEMALE","MALE","MALE","MALE","FEMALE","MALE","MALE","MALE","FEMALE","FEMALE","FEMALE","FEMALE","FEMALE","MALE","MALE","MALE","FEMALE","MALE","FEMALE","MALE","MALE","FEMALE","FEMALE","FEMALE","FEMALE","FEMALE","FEMALE","MALE","FEMALE","FEMALE","FEMALE","MALE","FEMALE","MALE","MALE","FEMALE","MALE","FEMALE","MALE","MALE","FEMALE","FEMALE","FEMALE","FEMALE","FEMALE","MALE","FEMALE","MALE","FEMALE","FEMALE","FEMALE","FEMALE","MALE","MALE","FEMALE","MALE","FEMALE","FEMALE","FEMALE"],"X_CALENDAR_YEAR":[2001,2001,2002,2003,2006,2006,2006,2007,2007,2007,2007,2007,2007,2008,2008,2008,2008,2008,2008,2009,2009,2009,2009,2009,2009,2009,2009,2009,2009,2009,2010,2010,2010,2010,2010,2010,2010,2010,2010,2010,2010,2010,2011,2011,2011,2011,2011,2011,2011,2011,2011,2011,2011,2011,2012,2012,2012,2012,2012,2012,2012,2012,2012,2012,2012,2013,2013,2013,2013,2013,2013,2013,2013,2013,2014,2014,2014,2014,2014,2014,2014,2014,2015,2015,2015,2015,2015,2015,2016,2016,2016,2016,2016,2017,2017,2018,2018,2018],"Y_PREVALENCE_1000PP":[0.02029,0.03127,0.04241,0.02941,0.02061,0.01586,0.04256,0.0224,0.02234,0.02457,0.01519,0.01955,0.02418,0.02169,0.01466,0.02023,0.03633,0.02938,0.01893,0.02236,0.05487,0.03196,0.01872,0.03649,0.02006,0.02367,0.02286,0.0338,0.02633,0.01671,0.02951,0.02319,0.01521,0.03457,0.04857,0.02184,0.03944,0.03985,0.02685,0.03368,0.02245,0.01554,0.01948,0.01483,0.04541,0.01312,0.01872,0.03129,0.02046,0.02438,0.03601,0.03346,0.01589,0.02313,0.02055,0.01962,0.01882,0.01493,0.02141,0.02896,0.02684,0.01478,0.03049,0.02675,0.02305,0.01735,0.03976,0.04554,0.0316,0.02271,0.01551,0.02804,0.04126,0.02222,0.02249,0.02914,0.02274,0.02408,0.03046,0.01839,0.02446,0.03423,0.02922,0.02096,0.02015,0.02971,0.03532,0.02014,0.02738,0.02413,0.04612,0.02336,0.02935,0.05266,0.02233,0.03395,0.06504,0.0287]},"PREVALENCE_BY_MONTH":{"X_CALENDAR_MONTH":[200207,200211,200301,200304,200504,200507,200508,200512,200607,200608,200702,200704,200706,200707,200708,200709,200801,200802,200803,200805,200806,200807,200808,200809,200810,200811,200812,200901,200902,200903,200904,200905,200906,200908,200910,200911,200912,201001,201002,201004,201005,201006,201007,201008,201009,201010,201011,201012,201101,201102,201103,201104,201105,201106,201107,201108,201109,201110,201111,201112,201201,201202,201204,201205,201206,201207,201208,201209,201210,201211,201301,201302,201303,201304,201305,201306,201307,201308,201309,201310,201311,201401,201402,201403,201404,201405,201406,201407,201408,201410,201412,201501,201502,201504,201505,201507,201509,201510,201511,201512,201601,201602,201603,201604,201605,201606,201607,201608,201609,201709,201711,201712,201801,201803,201804,201805,201807,201811,201902],"Y_PREVALENCE_1000PP":[0.00165,0.00161,0.00212,0.00288,0.00135,0.00133,0.00177,0.00175,0.0015,0.00149,0.00124,0.00165,0.00223,0.00181,0.00221,0.00179,0.00174,0.00175,0.00195,0.00116,0.00115,0.00134,0.00134,0.00133,0.00209,0.00114,0.00114,0.00189,0.00245,0.00301,0.00189,0.00302,0.00188,0.00207,0.00132,0.0017,0.00418,0.00397,0.00114,0.00304,0.00191,0.00248,0.00153,0.00286,0.00152,0.0017,0.00244,0.00281,0.00206,0.00187,0.00223,0.00241,0.00166,0.00129,0.0022,0.00183,0.00146,0.00145,0.00255,0.00109,0.00146,0.00218,0.00127,0.00182,0.00164,0.00273,0.00182,0.00181,0.00182,0.00274,0.00165,0.00166,0.00185,0.00241,0.00223,0.00223,0.00352,0.00204,0.00204,0.00224,0.00188,0.00191,0.0021,0.00115,0.0023,0.00172,0.00136,0.00196,0.00138,0.00243,0.00166,0.00208,0.00209,0.00151,0.00151,0.00157,0.00225,0.00233,0.00189,0.00221,0.00173,0.00174,0.00299,0.00225,0.00152,0.0018,0.0021,0.00187,0.00188,0.00266,0.00181,0.00213,0.00309,0.00216,0.00216,0.00247,0.00347,0.0023,0.00198]},"CONDITIONS_BY_TYPE":{"CONCEPT_NAME":"Observation recorded from EHR","COUNT_VALUE":1532},"AGE_AT_FIRST_DIAGNOSIS":{"CATEGORY":["FEMALE","MALE"],"MIN_VALUE":[3,1],"P10_VALUE":[14,12],"P25_VALUE":[34,18],"MEDIAN_VALUE":[52,34],"P75_VALUE":[65,53],"P90_VALUE":[77,68],"MAX_VALUE":[100,95]}}
