{"PREVALENCE_BY_GENDER_AGE_YEAR":{"TRELLIS_NAME":["0-9","0-9","30-39","0-9","20-29","0-9","0-9","0-9","0-9","0-9","0-9","0-9","0-9"],"SERIES_NAME":["MALE","MALE","MALE","MALE","MALE","MALE","MALE","FEMALE","MALE","MALE","FEMALE","MALE","MALE"],"X_CALENDAR_YEAR":[2000,2002,2003,2003,2005,2005,2006,2006,2008,2009,2011,2011,2012],"Y_PREVALENCE_1000PP":[0.03774,0.03957,0.01721,0.02896,0.01942,0.02162,0.02743,0.03257,0.02469,0.01821,0.01798,0.02869,0.01697]},"PREVALENCE_BY_MONTH":{"X_CALENDAR_MONTH":[200007,200307,200308,200410,200504,200506,200603,200606,200610,200705,200708,200807,201006],"Y_PREVALENCE_1000PP":[0.0025,0.00232,0.00205,0.00184,0.00226,0.00179,0.00173,0.00128,0.00169,0.00123,0.00121,0.00115,0.00115]},"CONDITIONS_BY_TYPE":{"CONCEPT_NAME":"Observation recorded from EHR","COUNT_VALUE":624},"AGE_AT_FIRST_DIAGNOSIS":{"CATEGORY":["MALE","FEMALE"],"MIN_VALUE":[0,0],"P10_VALUE":[3,3],"P25_VALUE":[6,9],"MEDIAN_VALUE":[28,33],"P75_VALUE":[53,54],"P90_VALUE":[72,75],"MAX_VALUE":[93,96]}}
