{"PREVALENCE_BY_GENDER_AGE_YEAR":{"TRELLIS_NAME":["0-9","0-9","0-9","0-9","10-19","0-9","0-9","0-9","10-19","0-9","0-9","10-19","0-9","0-9","10-19","10-19","0-9","0-9","10-19","10-19","0-9","0-9","0-9","0-9","0-9","10-19","0-9","0-9","0-9","10-19","10-19","0-9","10-19","0-9","0-9","10-19","0-9","0-9","10-19","10-19","0-9","10-19","0-9","10-19","0-9","10-19","0-9"],"SERIES_NAME":["MALE","MALE","FEMALE","FEMALE","FEMALE","MALE","MALE","FEMALE","MALE","FEMALE","MALE","FEMALE","FEMALE","MALE","FEMALE","MALE","MALE","FEMALE","MALE","FEMALE","MALE","FEMALE","MALE","FEMALE","MALE","FEMALE","FEMALE","MALE","MALE","MALE","FEMALE","FEMALE","MALE","FEMALE","MALE","FEMALE","MALE","FEMALE","MALE","FEMALE","FEMALE","FEMALE","MALE","FEMALE","MALE","MALE","FEMALE"],"X_CALENDAR_YEAR":[2000,2001,2002,2003,2004,2005,2006,2006,2007,2007,2007,2008,2008,2008,2009,2009,2009,2010,2010,2010,2010,2011,2011,2012,2012,2012,2013,2013,2014,2014,2014,2014,2015,2015,2015,2015,2016,2016,2016,2016,2017,2017,2017,2018,2018,2018,2018],"Y_PREVALENCE_1000PP":[0.04402,0.02968,0.02862,0.03115,0.02573,0.02162,0.024,0.02533,0.0256,0.0235,0.04154,0.04127,0.03565,0.04012,0.02029,0.02458,0.01821,0.02489,0.02452,0.0302,0.03268,0.03895,0.02295,0.03847,0.03111,0.02617,0.03241,0.0309,0.03867,0.02914,0.02054,0.06232,0.02826,0.06153,0.0228,0.02971,0.02324,0.05285,0.02516,0.02629,0.05437,0.03362,0.05189,0.04275,0.05962,0.0465,0.06243]},"PREVALENCE_BY_MONTH":{"X_CALENDAR_MONTH":[200709,200710,200809,200812,200905,201006,201010,201201,201205,201211,201301,201309,201401,201402,201406,201407,201501,201709,201805,201809],"Y_PREVALENCE_1000PP":[0.0012,0.00118,0.00152,0.00114,0.00113,0.00115,0.00113,0.00109,0.00127,0.0011,0.00128,0.0013,0.00134,0.0021,0.00116,0.00137,0.00145,0.00177,0.00185,0.00224]},"CONDITIONS_BY_TYPE":{"CONCEPT_NAME":"Observation recorded from EHR","COUNT_VALUE":693},"AGE_AT_FIRST_DIAGNOSIS":{"CATEGORY":["MALE","FEMALE"],"MIN_VALUE":[0,1],"P10_VALUE":[3,4],"P25_VALUE":[6,7],"MEDIAN_VALUE":[9,9],"P75_VALUE":[11,13],"P90_VALUE":[15,30],"MAX_VALUE":[83,99]}}
