{"PREVALENCE_BY_GENDER_AGE_YEAR":{"TRELLIS_NAME":["50-59","40-49","50-59","60-69","60-69","70-79","50-59","60-69","60-69","70-79","50-59","70-79","70-79","60-69","50-59","60-69","60-69","80-89","60-69","60-69","70-79","80-89","70-79","60-69"],"SERIES_NAME":["MALE","MALE","FEMALE","MALE","FEMALE","FEMALE","FEMALE","FEMALE","MALE","FEMALE","MALE","MALE","MALE","MALE","MALE","FEMALE","MALE","FEMALE","FEMALE","MALE","FEMALE","MALE","MALE","MALE"],"X_CALENDAR_YEAR":[2005,2005,2005,2005,2005,2005,2006,2006,2006,2006,2006,2006,2007,2007,2007,2007,2013,2014,2014,2014,2014,2014,2014,2015],"Y_PREVALENCE_1000PP":[0.0471,0.01597,0.02263,0.05496,0.04585,0.04783,0.03444,0.1006,0.10607,0.0766,0.05171,0.05435,0.04996,0.04208,0.01727,0.02763,0.01876,0.09513,0.03213,0.05302,0.06731,0.06344,0.05585,0.02164]},"PREVALENCE_BY_MONTH":{"X_CALENDAR_MONTH":[200506,200507,200508,200509,200510,200511,200604,200605,200606,200607,200608,200610,200611,200612,200701,200702,200703,201405,201406,201407,201408,201409,201410,201501],"Y_PREVALENCE_1000PP":[0.00448,0.002,0.00222,0.00242,0.00176,0.00153,0.00194,0.0015,0.00449,0.00641,0.00128,0.0019,0.00294,0.00273,0.00291,0.0058,0.00186,0.00134,0.00271,0.00137,0.00257,0.00377,0.00303,0.00208]},"CONDITIONS_BY_TYPE":{"CONCEPT_NAME":"Observation recorded from EHR","COUNT_VALUE":375},"AGE_AT_FIRST_DIAGNOSIS":{"CATEGORY":["MALE","FEMALE"],"MIN_VALUE":[7,0],"P10_VALUE":[47,53],"P25_VALUE":[56,61],"MEDIAN_VALUE":[63,68],"P75_VALUE":[69,76],"P90_VALUE":[75,83],"MAX_VALUE":[91,93]}}
