{"PREVALENCE_BY_GENDER_AGE_YEAR":{"TRELLIS_NAME":["0-9","30-39","40-49","60-69"],"SERIES_NAME":["MALE","MALE","FEMALE","MALE"],"X_CALENDAR_YEAR":[1999,2005,2010,2013],"Y_PREVALENCE_1000PP":[0.04786,0.01839,0.01391,0.01876]},"PREVALENCE_BY_MONTH":{"X_CALENDAR_MONTH":[199611,200106,200404,201006,201101,201407],"Y_PREVALENCE_1000PP":[0.01017,0.00201,0.00143,0.00134,0.00112,0.00137]},"CONDITIONS_BY_TYPE":{"CONCEPT_NAME":"Observation recorded from EHR","COUNT_VALUE":559},"AGE_AT_FIRST_DIAGNOSIS":{"CATEGORY":["FEMALE","MALE"],"MIN_VALUE":[1,0],"P10_VALUE":[13,8],"P25_VALUE":[35,33],"MEDIAN_VALUE":[50,50],"P75_VALUE":[64,65],"P90_VALUE":[75,76],"MAX_VALUE":[94,106]}}
