{"PREVALENCE_BY_GENDER_AGE_YEAR":{"TRELLIS_NAME":["0-9","0-9","0-9","0-9","0-9","0-9","0-9","0-9","0-9","0-9","0-9","0-9","0-9","0-9","0-9","0-9","0-9","0-9","0-9","0-9","0-9","0-9","0-9","0-9","0-9","0-9","0-9","0-9","0-9","0-9","0-9","0-9","0-9","0-9","0-9","0-9","0-9","0-9","0-9","0-9","0-9"],"SERIES_NAME":["MALE","MALE","MALE","MALE","FEMALE","FEMALE","MALE","FEMALE","MALE","FEMALE","MALE","MALE","FEMALE","FEMALE","MALE","FEMALE","MALE","FEMALE","MALE","FEMALE","MALE","MALE","FEMALE","MALE","FEMALE","MALE","FEMALE","FEMALE","MALE","MALE","FEMALE","FEMALE","MALE","FEMALE","MALE","MALE","FEMALE","MALE","FEMALE","FEMALE","MALE"],"X_CALENDAR_YEAR":[1997,1998,1999,2000,2000,2001,2001,2002,2002,2003,2003,2004,2004,2005,2005,2006,2006,2007,2007,2008,2008,2009,2009,2010,2010,2011,2011,2012,2012,2013,2013,2014,2014,2015,2015,2016,2016,2017,2017,2018,2018],"Y_PREVALENCE_1000PP":[0.13873,0.12895,0.11166,0.07547,0.05587,0.05942,0.08903,0.07154,0.07034,0.07566,0.09514,0.13159,0.07236,0.09189,0.12254,0.10133,0.10628,0.08059,0.13422,0.06807,0.09258,0.07893,0.09862,0.10696,0.09644,0.0918,0.06892,0.0799,0.11032,0.11517,0.05009,0.05609,0.14875,0.03419,0.05864,0.1046,0.08131,0.06486,0.0589,0.04162,0.1093]},"PREVALENCE_BY_MONTH":{"X_CALENDAR_MONTH":[200107,200302,200309,200401,200406,200409,200503,200506,200508,200509,200511,200605,200609,200610,200612,200702,200703,200709,200710,200711,200712,200807,200903,200907,200909,200910,201001,201002,201004,201008,201011,201012,201101,201102,201105,201108,201110,201202,201203,201206,201209,201210,201302,201305,201307,201309,201311,201401,201406,201407,201408,201409,201608,201612,201806],"Y_PREVALENCE_1000PP":[0.00198,0.00158,0.00153,0.00198,0.00164,0.00208,0.00203,0.00157,0.00133,0.00176,0.00153,0.00129,0.00149,0.00148,0.00126,0.00207,0.00124,0.00179,0.00138,0.00156,0.00137,0.0023,0.00113,0.00113,0.0015,0.00207,0.00114,0.00133,0.00133,0.00153,0.00244,0.00113,0.00112,0.00149,0.00111,0.00201,0.00109,0.00109,0.00145,0.00109,0.00181,0.00109,0.00111,0.00111,0.00222,0.00148,0.00132,0.00153,0.00155,0.00176,0.00138,0.00119,0.0016,0.00219,0.00186]},"CONDITIONS_BY_TYPE":{"CONCEPT_NAME":"Observation recorded from EHR","COUNT_VALUE":1045},"AGE_AT_FIRST_DIAGNOSIS":{"CATEGORY":["FEMALE","MALE"],"MIN_VALUE":[0,0],"P10_VALUE":[0,0],"P25_VALUE":[0,0],"MEDIAN_VALUE":[0,0],"P75_VALUE":[1,1],"P90_VALUE":[2,1],"MAX_VALUE":[38,12]}}
