{"PREVALENCE_BY_GENDER_AGE_YEAR":{"TRELLIS_NAME":["40-49","30-39","30-39","30-39","20-29","30-39","40-49","30-39","40-49","30-39","40-49","40-49","40-49","30-39","40-49","30-39","40-49","30-39","30-39","30-39"],"SERIES_NAME":["FEMALE","FEMALE","FEMALE","FEMALE","FEMALE","FEMALE","FEMALE","FEMALE","FEMALE","FEMALE","FEMALE","FEMALE","FEMALE","FEMALE","FEMALE","FEMALE","FEMALE","FEMALE","FEMALE","FEMALE"],"X_CALENDAR_YEAR":[2002,2003,2004,2005,2006,2006,2007,2008,2008,2009,2009,2010,2011,2012,2012,2013,2014,2014,2015,2016],"Y_PREVALENCE_1000PP":[0.0252,0.02059,0.0165,0.02706,0.01753,0.01586,0.01711,0.0151,0.01893,0.02776,0.01638,0.01391,0.01364,0.0199,0.01613,0.01487,0.01768,0.01839,0.02302,0.02024]},"PREVALENCE_BY_MONTH":{"X_CALENDAR_MONTH":[],"Y_PREVALENCE_1000PP":[]},"CONDITIONS_BY_TYPE":{"CONCEPT_NAME":"Observation recorded from EHR","COUNT_VALUE":291},"AGE_AT_FIRST_DIAGNOSIS":{"CATEGORY":"FEMALE","MIN_VALUE":19,"P10_VALUE":27,"P25_VALUE":32,"MEDIAN_VALUE":37,"P75_VALUE":43,"P90_VALUE":48,"MAX_VALUE":80}}
