{"PREVALENCE_BY_GENDER_AGE_YEAR":{"TRELLIS_NAME":["40-49","40-49"],"SERIES_NAME":["MALE","MALE"],"X_CALENDAR_YEAR":[2001,2007],"Y_PREVALENCE_1000PP":[0.02371,0.01393]},"PREVALENCE_BY_MONTH":{"X_CALENDAR_MONTH":[199708,199709,200007,200107,200108,200208,200307,200308,200406,200407,200507,200607,200608,200609,200706,200707,200708,200807,200808,201108,201208,201406],"Y_PREVALENCE_1000PP":[0.00729,0.00612,0.0025,0.00198,0.00323,0.00382,0.00257,0.00154,0.00141,0.00187,0.00222,0.00128,0.00149,0.00127,0.00122,0.00121,0.00221,0.00115,0.00191,0.0011,0.00127,0.00116]},"CONDITIONS_BY_TYPE":{"CONCEPT_NAME":"Observation recorded from EHR","COUNT_VALUE":470},"AGE_AT_FIRST_DIAGNOSIS":{"CATEGORY":["MALE","FEMALE"],"MIN_VALUE":[3,2],"P10_VALUE":[21,13],"P25_VALUE":[32,31],"MEDIAN_VALUE":[45,46],"P75_VALUE":[58,58],"P90_VALUE":[70,70],"MAX_VALUE":[84,84]}}
