{"PREVALENCE_BY_GENDER_AGE_YEAR":{"TRELLIS_NAME":["20-29","40-49","30-39","30-39","40-49","30-39","20-29","30-39","20-29","40-49","30-39","40-49","20-29","30-39","30-39","40-49","20-29","40-49","20-29","30-39","30-39","40-49","20-29","50-59","30-39","30-39","40-49","40-49","50-59","20-29","20-29","20-29","40-49","30-39","20-29","40-49","30-39","50-59","20-29","30-39","50-59","20-29","30-39","40-49","50-59","40-49","50-59","40-49","30-39","20-29","30-39","50-59","20-29","40-49","40-49","50-59","20-29","40-49","30-39","50-59","20-29","30-39","20-29","40-49","30-39","50-59","40-49","30-39","50-59","20-29","50-59","50-59","30-39","40-49","40-49","30-39","30-39","40-49","50-59","40-49","30-39"],"SERIES_NAME":["MALE","MALE","FEMALE","MALE","MALE","MALE","MALE","MALE","MALE","MALE","MALE","MALE","FEMALE","FEMALE","MALE","FEMALE","MALE","MALE","MALE","MALE","FEMALE","FEMALE","FEMALE","MALE","MALE","FEMALE","FEMALE","MALE","MALE","FEMALE","MALE","FEMALE","FEMALE","MALE","MALE","MALE","FEMALE","MALE","MALE","FEMALE","FEMALE","FEMALE","MALE","FEMALE","MALE","MALE","FEMALE","FEMALE","MALE","FEMALE","FEMALE","MALE","MALE","MALE","FEMALE","FEMALE","MALE","MALE","FEMALE","MALE","FEMALE","MALE","MALE","FEMALE","FEMALE","MALE","MALE","MALE","FEMALE","FEMALE","MALE","FEMALE","FEMALE","MALE","FEMALE","MALE","FEMALE","MALE","MALE","FEMALE","MALE"],"X_CALENDAR_YEAR":[2006,2006,2006,2006,2007,2007,2008,2008,2009,2009,2009,2010,2010,2010,2010,2010,2010,2011,2011,2011,2011,2011,2011,2011,2012,2012,2012,2012,2012,2012,2012,2013,2013,2013,2013,2013,2013,2013,2014,2014,2014,2014,2014,2014,2014,2014,2015,2015,2015,2015,2015,2015,2015,2015,2016,2016,2016,2016,2016,2016,2016,2016,2017,2017,2017,2017,2017,2017,2017,2018,2018,2018,2018,2018,2018,2018,2019,2019,2019,2019,2019],"Y_PREVALENCE_1000PP":[0.03034,0.01758,0.01586,0.03074,0.01393,0.03685,0.02404,0.0342,0.0158,0.01789,0.0295,0.05327,0.02028,0.02762,0.07376,0.01855,0.02892,0.13554,0.07966,0.24356,0.0942,0.07276,0.04942,0.01854,0.36676,0.16669,0.10141,0.20718,0.04469,0.06158,0.09506,0.05919,0.08178,0.37032,0.06705,0.21685,0.16852,0.04654,0.06067,0.1708,0.02174,0.03933,0.33657,0.09853,0.07225,0.28879,0.03799,0.10766,0.33989,0.04063,0.22158,0.07771,0.03648,0.3192,0.14822,0.03423,0.03638,0.44387,0.23956,0.09776,0.03478,0.42316,0.03242,0.16076,0.17999,0.10421,0.39305,0.32863,0.05666,0.04399,0.18744,0.04244,0.16809,0.42548,0.20158,0.33657,0.02813,0.11562,0.04089,0.05496,0.07966]},"PREVALENCE_BY_MONTH":{"X_CALENDAR_MONTH":[200601,200602,200603,200607,200611,200804,200909,200912,201001,201002,201003,201004,201005,201006,201007,201009,201010,201011,201012,201101,201102,201103,201104,201105,201106,201107,201108,201109,201110,201111,201112,201201,201202,201203,201204,201205,201206,201207,201208,201209,201210,201211,201212,201301,201302,201303,201304,201305,201306,201307,201308,201309,201310,201311,201312,201401,201402,201403,201404,201405,201406,201407,201408,201409,201410,201411,201412,201501,201502,201503,201504,201505,201506,201507,201508,201509,201510,201511,201512,201601,201602,201603,201604,201605,201606,201607,201608,201609,201610,201611,201612,201701,201702,201703,201704,201705,201706,201707,201708,201709,201710,201711,201712,201801,201802,201803,201804,201805,201806,201807,201808,201809,201810,201811,201812,201901,201902,201903],"Y_PREVALENCE_1000PP":[0.00151,0.00217,0.00152,0.00214,0.00147,0.00194,0.00188,0.00114,0.00208,0.00171,0.00171,0.00228,0.00152,0.00229,0.00134,0.0019,0.0017,0.00206,0.00169,0.00486,0.00579,0.00297,0.00148,0.00258,0.00368,0.00459,0.00458,0.0071,0.00745,0.01003,0.00565,0.00837,0.00855,0.00763,0.00545,0.00674,0.00691,0.0082,0.00981,0.00761,0.00872,0.0075,0.0057,0.00826,0.00847,0.00518,0.00666,0.00965,0.00817,0.0076,0.00742,0.00778,0.00879,0.00716,0.00518,0.01509,0.00897,0.00957,0.00536,0.0067,0.00523,0.00842,0.00789,0.00971,0.00647,0.00756,0.00601,0.01225,0.00752,0.01036,0.00821,0.00692,0.00765,0.01237,0.00697,0.00832,0.00791,0.00875,0.00959,0.01484,0.0097,0.01121,0.011,0.01416,0.01003,0.00919,0.01469,0.01099,0.00977,0.01095,0.00958,0.01588,0.00868,0.00964,0.01026,0.00856,0.00933,0.00965,0.00912,0.00413,0.01362,0.01296,0.00487,0.01635,0.00896,0.00834,0.00895,0.00987,0.01085,0.01104,0.014,0.00703,0.0127,0.01182,0.00756,0.01181,0.00661,0.00594]},"CONDITIONS_BY_TYPE":{"CONCEPT_NAME":"Observation recorded from EHR","COUNT_VALUE":4025},"AGE_AT_FIRST_DIAGNOSIS":{"CATEGORY":["FEMALE","MALE"],"MIN_VALUE":[20,18],"P10_VALUE":[26,29],"P25_VALUE":[30,33],"MEDIAN_VALUE":[35,38],"P75_VALUE":[41,43],"P90_VALUE":[46,48],"MAX_VALUE":[93,86]}}
