{"PREVALENCE_BY_GENDER_AGE_YEAR":{"TRELLIS_NAME":["70-79","80-89","70-79","70-79","80-89","70-79","70-79","60-69","50-59","80-89","80-89","70-79","70-79","70-79","80-89","80-89","80-89","80-89","70-79","70-79","80-89","70-79","70-79","80-89","60-69","70-79","80-89","80-89","70-79","80-89","60-69","70-79","70-79","80-89","80-89","70-79","70-79","80-89","60-69","80-89","70-79","70-79","80-89","80-89","70-79","80-89","70-79","70-79","80-89","80-89","70-79","60-69","70-79","80-89","80-89","70-79","80-89","70-79","70-79","80-89","70-79","80-89","60-69","80-89","70-79","70-79","70-79","80-89","80-89"],"SERIES_NAME":["FEMALE","FEMALE","MALE","FEMALE","FEMALE","FEMALE","MALE","MALE","FEMALE","FEMALE","MALE","FEMALE","MALE","MALE","FEMALE","MALE","MALE","FEMALE","MALE","FEMALE","MALE","MALE","FEMALE","FEMALE","MALE","FEMALE","MALE","FEMALE","MALE","MALE","MALE","MALE","FEMALE","FEMALE","FEMALE","MALE","FEMALE","MALE","MALE","FEMALE","MALE","FEMALE","MALE","MALE","FEMALE","FEMALE","MALE","FEMALE","MALE","FEMALE","MALE","FEMALE","MALE","MALE","FEMALE","FEMALE","MALE","MALE","FEMALE","FEMALE","MALE","MALE","MALE","FEMALE","FEMALE","MALE","FEMALE","FEMALE","MALE"],"X_CALENDAR_YEAR":[1998,2000,2000,2000,2001,2001,2001,2002,2002,2002,2002,2002,2002,2003,2003,2003,2004,2004,2004,2004,2005,2005,2005,2005,2005,2006,2006,2006,2006,2007,2007,2007,2007,2007,2008,2008,2008,2008,2009,2009,2009,2009,2009,2010,2010,2010,2010,2011,2011,2011,2011,2012,2012,2012,2012,2012,2013,2013,2013,2013,2014,2014,2014,2014,2014,2015,2015,2015,2015],"Y_PREVALENCE_1000PP":[0.13845,0.08529,0.0881,0.06932,0.09915,0.04859,0.0608,0.03236,0.02724,0.19291,0.20664,0.08066,0.07617,0.04317,0.12701,0.17599,0.14618,0.1181,0.05909,0.04394,0.13796,0.05065,0.0372,0.08095,0.02537,0.0766,0.07781,0.10091,0.04228,0.11916,0.02104,0.06661,0.0521,0.07939,0.10421,0.03743,0.04141,0.10155,0.02623,0.14468,0.05268,0.03649,0.20932,0.08669,0.0499,0.09714,0.0731,0.0894,0.10517,0.16489,0.07167,0.02135,0.061,0.20693,0.13791,0.04458,0.13304,0.0496,0.05682,0.13227,0.05077,0.17975,0.0232,0.10976,0.06731,0.03294,0.05369,0.06398,0.0685]},"PREVALENCE_BY_MONTH":{"X_CALENDAR_MONTH":[200002,200003,200011,200102,200103,200111,200201,200202,200203,200204,200205,200206,200207,200208,200209,200210,200211,200303,200305,200401,200402,200404,200405,200501,200503,200505,200511,200602,200607,200608,200609,200611,200701,200703,200704,200708,200710,200711,200801,200802,200806,200808,200811,200901,200902,200903,200904,200905,200906,200907,200910,200911,200912,201001,201003,201004,201008,201009,201010,201101,201103,201105,201106,201109,201111,201112,201201,201202,201203,201205,201207,201208,201209,201210,201211,201212,201301,201302,201304,201305,201306,201308,201309,201311,201401,201403,201404,201405,201406,201407,201409,201410,201411],"Y_PREVALENCE_1000PP":[0.00314,0.00264,0.00238,0.00217,0.00211,0.00215,0.00176,0.00174,0.00201,0.00223,0.00166,0.00331,0.00247,0.00219,0.00163,0.00242,0.00161,0.00158,0.00287,0.00395,0.00148,0.00167,0.00166,0.00136,0.00158,0.00135,0.00131,0.00174,0.00128,0.0017,0.00149,0.00126,0.00166,0.00124,0.00124,0.00221,0.00118,0.00137,0.00155,0.00116,0.00154,0.00115,0.00152,0.00113,0.00132,0.00151,0.00113,0.0017,0.00226,0.00132,0.00113,0.00132,0.00133,0.00114,0.00114,0.00133,0.00172,0.0019,0.00132,0.00187,0.0013,0.00148,0.0011,0.002,0.0031,0.00219,0.00218,0.00127,0.00218,0.00109,0.00219,0.00109,0.00181,0.00109,0.0011,0.0011,0.0022,0.00166,0.0013,0.00149,0.0013,0.0013,0.00167,0.00132,0.00134,0.00134,0.00115,0.00115,0.00155,0.00215,0.00159,0.00283,0.00123]},"CONDITIONS_BY_TYPE":{"CONCEPT_NAME":"Observation recorded from EHR","COUNT_VALUE":1216},"AGE_AT_FIRST_DIAGNOSIS":{"CATEGORY":["MALE","FEMALE"],"MIN_VALUE":[9,18],"P10_VALUE":[55,61],"P25_VALUE":[68,72],"MEDIAN_VALUE":[77,79],"P75_VALUE":[82,85],"P90_VALUE":[87,88],"MAX_VALUE":[99,98]}}
