{"PREVALENCE_BY_GENDER_AGE_YEAR":{"TRELLIS_NAME":["0-9","0-9","0-9","0-9","0-9","0-9","0-9","0-9","0-9","0-9","0-9","0-9","0-9","0-9","0-9","0-9","0-9","0-9","0-9","0-9","0-9","0-9"],"SERIES_NAME":["FEMALE","MALE","MALE","FEMALE","FEMALE","MALE","MALE","FEMALE","FEMALE","MALE","MALE","FEMALE","FEMALE","MALE","MALE","FEMALE","FEMALE","MALE","FEMALE","MALE","MALE","FEMALE"],"X_CALENDAR_YEAR":[2009,2009,2010,2010,2011,2011,2012,2012,2013,2013,2014,2014,2015,2015,2016,2016,2017,2017,2018,2018,2019,2019],"Y_PREVALENCE_1000PP":[0.06045,0.05161,0.08913,0.10577,0.3386,0.32989,0.44126,0.46164,0.58639,0.58428,0.48492,0.51727,0.63926,0.57008,0.65859,0.60576,0.53466,0.64432,0.46304,0.47196,0.07279,0.07624]},"PREVALENCE_BY_MONTH":{"X_CALENDAR_MONTH":[200902,200905,200908,201008,201009,201010,201011,201012,201101,201102,201103,201104,201105,201106,201107,201108,201109,201110,201111,201112,201201,201202,201203,201204,201205,201206,201207,201208,201209,201210,201211,201212,201301,201302,201303,201304,201305,201306,201307,201308,201309,201310,201311,201312,201401,201402,201403,201404,201405,201406,201407,201408,201409,201410,201411,201412,201501,201502,201503,201504,201505,201506,201507,201508,201509,201510,201511,201512,201601,201602,201603,201604,201605,201606,201607,201608,201609,201610,201611,201612,201701,201702,201703,201704,201705,201706,201707,201708,201709,201710,201711,201712,201801,201802,201803,201804,201805,201806,201807,201808,201809,201810,201811,201901,201902],"Y_PREVALENCE_1000PP":[0.00151,0.00113,0.00151,0.00114,0.00133,0.00302,0.00319,0.0015,0.00299,0.0028,0.0026,0.00204,0.00277,0.00405,0.00239,0.00366,0.00382,0.00636,0.00438,0.00438,0.00528,0.00309,0.00273,0.00345,0.00601,0.00473,0.00656,0.00563,0.00435,0.00472,0.00585,0.00497,0.00624,0.00626,0.00852,0.00463,0.00501,0.00743,0.00575,0.00854,0.00611,0.00692,0.00565,0.00461,0.0042,0.00458,0.00459,0.00632,0.0046,0.00678,0.0045,0.00533,0.00753,0.00586,0.00552,0.00477,0.00726,0.00627,0.00561,0.0054,0.00411,0.00878,0.0063,0.00584,0.00697,0.00908,0.00852,0.00713,0.00792,0.00498,0.00673,0.0045,0.00683,0.0072,0.00683,0.00882,0.00724,0.00597,0.01013,0.00602,0.00822,0.00504,0.00765,0.00656,0.00685,0.0067,0.0079,0.01001,0.00472,0.00207,0.00452,0.007,0.00895,0.00649,0.0034,0.00525,0.00524,0.00899,0.00536,0.00191,0.00319,0.00293,0.0046,0.00427,0.00231]},"CONDITIONS_BY_TYPE":{"CONCEPT_NAME":"Observation recorded from EHR","COUNT_VALUE":2547},"AGE_AT_FIRST_DIAGNOSIS":{"CATEGORY":["MALE","FEMALE"],"MIN_VALUE":[0,0],"P10_VALUE":[0,0],"P25_VALUE":[0,0],"MEDIAN_VALUE":[0,0],"P75_VALUE":[0,0],"P90_VALUE":[1,1],"MAX_VALUE":[87,85]}}
