{"PREVALENCE_BY_GENDER_AGE_YEAR":{"TRELLIS_NAME":["80-89","50-59","60-69","70-79","10-19","40-49","0-9","20-29","70-79","80-89","60-69","40-49","0-9","40-49","80-89","80-89","10-19","60-69","0-9","60-69","50-59","70-79","20-29","70-79","40-49","20-29","90-99","10-19","30-39","50-59","0-9","10-19","50-59","0-9","60-69","70-79","80-89","30-39","60-69","30-39","80-89","20-29","40-49","70-79","40-49","50-59","20-29","90-99","10-19","0-9","60-69","40-49","90-99","70-79","10-19","0-9","50-59","70-79","10-19","30-39","50-59","80-89","20-29","40-49","80-89","60-69","20-29","0-9","30-39","0-9","10-19","80-89","70-79","40-49","70-79","10-19","50-59","30-39","20-29","60-69","60-69","80-89","0-9"],"SERIES_NAME":["MALE","FEMALE","MALE","FEMALE","MALE","FEMALE","MALE","FEMALE","MALE","FEMALE","FEMALE","MALE","FEMALE","FEMALE","MALE","FEMALE","FEMALE","MALE","FEMALE","FEMALE","MALE","MALE","MALE","FEMALE","MALE","FEMALE","FEMALE","MALE","FEMALE","FEMALE","MALE","MALE","MALE","MALE","FEMALE","MALE","FEMALE","MALE","MALE","FEMALE","MALE","MALE","FEMALE","FEMALE","MALE","FEMALE","FEMALE","FEMALE","FEMALE","FEMALE","FEMALE","MALE","MALE","MALE","MALE","MALE","FEMALE","FEMALE","FEMALE","FEMALE","MALE","FEMALE","MALE","FEMALE","MALE","MALE","FEMALE","FEMALE","MALE","FEMALE","FEMALE","MALE","FEMALE","FEMALE","MALE","MALE","MALE","FEMALE","FEMALE","MALE","FEMALE","FEMALE","MALE"],"X_CALENDAR_YEAR":[2013,2013,2013,2013,2013,2013,2013,2013,2013,2013,2013,2013,2013,2014,2014,2014,2014,2014,2014,2014,2014,2014,2014,2014,2014,2014,2014,2014,2014,2014,2014,2015,2015,2015,2015,2015,2015,2015,2015,2015,2015,2015,2015,2015,2015,2015,2015,2015,2015,2015,2016,2016,2016,2016,2016,2016,2016,2016,2016,2016,2016,2016,2016,2016,2016,2016,2016,2016,2016,2017,2017,2017,2017,2017,2017,2017,2017,2017,2017,2017,2017,2017,2017],"Y_PREVALENCE_1000PP":[0.11257,0.0395,0.02501,0.08305,0.01835,0.01402,0.07584,0.01973,0.03968,0.181,0.0425,0.01355,0.10019,0.03789,0.11631,0.2488,0.05819,0.04308,0.13711,0.08675,0.02676,0.06093,0.01655,0.13013,0.02447,0.04458,0.1996,0.05181,0.03679,0.07066,0.1904,0.06358,0.02303,0.20849,0.14672,0.10432,0.31988,0.04609,0.07575,0.05755,0.21692,0.02128,0.10766,0.13667,0.02752,0.0789,0.07255,0.16183,0.10029,0.20169,0.1174,0.05006,0.45011,0.12693,0.07128,0.25956,0.09242,0.14715,0.10516,0.06073,0.04045,0.24045,0.03275,0.08618,0.16333,0.06498,0.07304,0.25206,0.04739,0.10875,0.04323,0.09068,0.09831,0.03529,0.06878,0.05553,0.02977,0.04041,0.03892,0.03438,0.07181,0.12968,0.09514]},"PREVALENCE_BY_MONTH":{"X_CALENDAR_MONTH":[201212,201301,201302,201303,201304,201305,201306,201307,201308,201309,201310,201311,201312,201401,201402,201403,201404,201405,201406,201407,201408,201409,201410,201411,201412,201501,201502,201503,201504,201505,201506,201507,201508,201509,201510,201511,201512,201601,201602,201603,201604,201605,201606,201607,201608,201609,201610,201611,201612,201701,201702,201703,201704,201705,201902],"Y_PREVALENCE_1000PP":[0.00129,0.0011,0.00111,0.00352,0.00333,0.00278,0.00167,0.00241,0.00316,0.00167,0.0086,0.00546,0.00922,0.00745,0.0063,0.00498,0.01034,0.00479,0.00581,0.00372,0.00592,0.00872,0.00789,0.00919,0.0085,0.01266,0.01086,0.0082,0.00757,0.00692,0.00608,0.00854,0.00966,0.01079,0.01024,0.01561,0.01771,0.01286,0.00871,0.01246,0.01375,0.00733,0.00926,0.00814,0.01336,0.00858,0.01493,0.00986,0.00986,0.01369,0.0112,0.00624,0.00941,0.01312,0.00198]},"CONDITIONS_BY_TYPE":{"CONCEPT_NAME":"Observation recorded from EHR","COUNT_VALUE":2009},"AGE_AT_FIRST_DIAGNOSIS":{"CATEGORY":["MALE","FEMALE"],"MIN_VALUE":[0,0],"P10_VALUE":[1,3],"P25_VALUE":[4,15],"MEDIAN_VALUE":[29,45],"P75_VALUE":[64,70],"P90_VALUE":[80,83],"MAX_VALUE":[101,104]}}
