{"PREVALENCE_BY_GENDER_AGE_YEAR":{"TRELLIS_NAME":["50-59","60-69","60-69","50-59","60-69","50-59","50-59","60-69","40-49","70-79","50-59","50-59","40-49","60-69","40-49","60-69","50-59","60-69","50-59","40-49","50-59","60-69","60-69","40-49","40-49","70-79","60-69","50-59","60-69","50-59","40-49","50-59","60-69","60-69","50-59","50-59","40-49","70-79","60-69","50-59","60-69","60-69","50-59","70-79","50-59","50-59","40-49","60-69","50-59","40-49","60-69","60-69","50-59","60-69","70-79","60-69","50-59","70-79","50-59","60-69","60-69","50-59","40-49","60-69","50-59","60-69"],"SERIES_NAME":["MALE","MALE","MALE","MALE","MALE","FEMALE","MALE","MALE","MALE","MALE","MALE","MALE","MALE","MALE","MALE","MALE","MALE","MALE","MALE","MALE","MALE","MALE","FEMALE","FEMALE","MALE","MALE","FEMALE","MALE","MALE","FEMALE","FEMALE","MALE","FEMALE","MALE","MALE","FEMALE","MALE","MALE","MALE","FEMALE","MALE","FEMALE","MALE","MALE","MALE","FEMALE","MALE","MALE","MALE","MALE","MALE","FEMALE","MALE","FEMALE","MALE","MALE","MALE","MALE","FEMALE","MALE","MALE","MALE","MALE","MALE","MALE","MALE"],"X_CALENDAR_YEAR":[2000,2000,2001,2001,2002,2002,2002,2003,2003,2003,2003,2004,2004,2004,2005,2005,2005,2006,2006,2007,2007,2007,2007,2007,2008,2008,2008,2008,2008,2008,2008,2009,2009,2009,2010,2010,2010,2010,2010,2011,2011,2011,2011,2012,2012,2012,2012,2012,2013,2013,2013,2013,2014,2014,2014,2014,2015,2015,2015,2015,2016,2016,2017,2017,2018,2018],"Y_PREVALENCE_1000PP":[0.05585,0.07926,0.03722,0.05171,0.06472,0.02335,0.04158,0.05477,0.03488,0.04317,0.04627,0.04595,0.02266,0.04893,0.0213,0.02537,0.0314,0.04714,0.05171,0.01393,0.04606,0.0526,0.02072,0.01466,0.02026,0.03743,0.02642,0.03378,0.05018,0.02023,0.0142,0.02786,0.03228,0.05901,0.03549,0.03368,0.01776,0.03133,0.04169,0.02167,0.04679,0.02738,0.03443,0.0305,0.03154,0.01879,0.01782,0.06272,0.03103,0.01355,0.06253,0.03036,0.04549,0.02249,0.03046,0.04308,0.04605,0.03294,0.0263,0.04329,0.03033,0.03371,0.02268,0.04911,0.03749,0.05522]},"PREVALENCE_BY_MONTH":{"X_CALENDAR_MONTH":[200006,200012,200107,200207,200301,200305,200307,200312,200403,200404,200504,200506,200607,200608,200609,200611,200701,200702,200703,200705,200707,200709,200801,200802,200803,200804,200806,200807,200812,200905,200906,200907,200910,200911,201003,201006,201007,201009,201010,201011,201102,201103,201104,201106,201107,201109,201110,201201,201203,201207,201209,201212,201303,201307,201308,201312,201401,201404,201409,201411,201501,201502,201505,201507,201509,201512,201601,201705,201706,201809],"Y_PREVALENCE_1000PP":[0.00253,0.00234,0.00231,0.00165,0.00186,0.00157,0.00309,0.00151,0.00169,0.00143,0.00135,0.00134,0.00192,0.00149,0.00127,0.00168,0.00145,0.00145,0.00145,0.00143,0.00141,0.00139,0.00136,0.00194,0.00156,0.00136,0.00173,0.00191,0.00151,0.00132,0.0017,0.00113,0.00132,0.00208,0.00133,0.00115,0.0021,0.00114,0.00113,0.00187,0.00112,0.00111,0.00148,0.00166,0.00128,0.00109,0.00109,0.00146,0.00127,0.00164,0.00109,0.00184,0.00185,0.00148,0.0013,0.00115,0.00115,0.00192,0.00139,0.00143,0.00125,0.00125,0.0013,0.00202,0.00157,0.00148,0.00148,0.002,0.00204,0.00224]},"CONDITIONS_BY_TYPE":{"CONCEPT_NAME":"Observation recorded from EHR","COUNT_VALUE":1139},"AGE_AT_FIRST_DIAGNOSIS":{"CATEGORY":["FEMALE","MALE"],"MIN_VALUE":[28,27],"P10_VALUE":[44,46],"P25_VALUE":[51,52],"MEDIAN_VALUE":[59,59],"P75_VALUE":[66,66],"P90_VALUE":[72,71],"MAX_VALUE":[86,90]}}
