{"PREVALENCE_BY_GENDER_AGE_YEAR":{"TRELLIS_NAME":["50-59","50-59","30-39","30-39","30-39","40-49","60-69","30-39","30-39","20-29","20-29","50-59","60-69","30-39","50-59","50-59","40-49","30-39","40-49","50-59","50-59"],"SERIES_NAME":["FEMALE","FEMALE","FEMALE","FEMALE","FEMALE","FEMALE","FEMALE","FEMALE","MALE","FEMALE","MALE","FEMALE","FEMALE","FEMALE","FEMALE","FEMALE","FEMALE","MALE","FEMALE","FEMALE","FEMALE"],"X_CALENDAR_YEAR":[2001,2002,2002,2003,2004,2004,2004,2005,2005,2005,2005,2005,2006,2006,2007,2008,2008,2009,2010,2010,2013],"Y_PREVALENCE_1000PP":[0.02659,0.02724,0.02154,0.01765,0.01925,0.01787,0.02628,0.01624,0.01576,0.03441,0.02266,0.02263,0.02708,0.02115,0.02071,0.01734,0.02602,0.01721,0.01855,0.01684,0.01843]},"PREVALENCE_BY_MONTH":{"X_CALENDAR_MONTH":[199906,200208,200211,200303,200402,200406,200412,200504,200506,200507,200508,200509,200603,200609,200611,200703,200709,200710,200801,200806,200807,200812,200904,200906,201005,201011,201202,201408],"Y_PREVALENCE_1000PP":[0.00381,0.00164,0.00161,0.00158,0.00148,0.00141,0.0016,0.00158,0.00291,0.00222,0.00177,0.00132,0.0013,0.0017,0.00126,0.00145,0.0012,0.00118,0.00116,0.00115,0.00134,0.00114,0.00132,0.00113,0.00172,0.00112,0.00109,0.00138]},"CONDITIONS_BY_TYPE":{"CONCEPT_NAME":"Observation recorded from EHR","COUNT_VALUE":710},"AGE_AT_FIRST_DIAGNOSIS":{"CATEGORY":["FEMALE","MALE"],"MIN_VALUE":[11,16],"P10_VALUE":[24,28],"P25_VALUE":[33,33],"MEDIAN_VALUE":[46,45],"P75_VALUE":[58,56],"P90_VALUE":[70,66],"MAX_VALUE":[95,90]}}
