{"PREVALENCE_BY_GENDER_AGE_YEAR":{"TRELLIS_NAME":["60-69","70-79","60-69","70-79","60-69","50-59","60-69","50-59","70-79","70-79","70-79","60-69","50-59","60-69","50-59","70-79","60-69","60-69","50-59","50-59","70-79","70-79","70-79","70-79","50-59","60-69","60-69","50-59","70-79","50-59","70-79","60-69","60-69","50-59","60-69","70-79","70-79","60-69","50-59","50-59"],"SERIES_NAME":["MALE","MALE","FEMALE","FEMALE","FEMALE","FEMALE","MALE","MALE","FEMALE","MALE","MALE","MALE","FEMALE","FEMALE","MALE","FEMALE","FEMALE","MALE","FEMALE","MALE","MALE","FEMALE","MALE","FEMALE","FEMALE","MALE","FEMALE","MALE","FEMALE","MALE","MALE","FEMALE","MALE","FEMALE","FEMALE","FEMALE","MALE","MALE","MALE","FEMALE"],"X_CALENDAR_YEAR":[2013,2013,2013,2013,2014,2014,2014,2014,2014,2014,2015,2015,2015,2015,2015,2015,2016,2016,2016,2016,2016,2016,2017,2017,2017,2017,2017,2017,2018,2018,2018,2018,2018,2018,2019,2019,2019,2019,2019,2019],"Y_PREVALENCE_1000PP":[1.10997,0.45627,0.81971,0.38465,2.12065,1.10876,2.49855,1.15062,1.49873,1.67047,1.62517,2.91472,1.18052,2.30903,1.28368,1.46922,3.54283,3.94663,1.52323,1.72925,2.50057,2.04873,2.34538,2.23044,1.83948,4.73906,3.88712,2.06935,3.86153,2.19094,4.21419,7.13279,8.5093,2.08396,3.23877,2.17366,2.14457,3.81972,0.51794,0.37627]},"PREVALENCE_BY_MONTH":{"X_CALENDAR_MONTH":[201305,201307,201308,201309,201310,201311,201312,201401,201402,201403,201404,201405,201406,201407,201408,201409,201410,201411,201412,201501,201502,201503,201504,201505,201506,201507,201508,201509,201510,201511,201512,201601,201602,201603,201604,201605,201606,201607,201608,201609,201610,201611,201612,201701,201702,201703,201704,201705,201706,201707,201708,201709,201710,201711,201712,201801,201802,201803,201804,201805,201806,201807,201808,201809,201810,201811,201812,201901,201902,201903],"Y_PREVALENCE_1000PP":[0.00111,0.01612,0.01206,0.01927,0.06603,0.0273,0.02803,0.03992,0.02977,0.02948,0.01743,0.1362,0.06123,0.04701,0.05132,0.03112,0.03802,0.03269,0.06097,0.03072,0.02779,0.03798,0.04323,0.02961,0.05088,0.04587,0.08517,0.04453,0.09286,0.0653,0.11191,0.1217,0.06394,0.08746,0.07347,0.08321,0.06894,0.05277,0.09858,0.07453,0.06136,0.05174,0.06764,0.05587,0.06581,0.06351,0.06102,0.08101,0.08657,0.09067,0.09683,0.09478,0.09533,0.1203,0.12119,0.12558,0.09673,0.118,0.1139,0.11815,0.13513,0.12391,0.16002,0.19583,0.13056,0.13073,0.14142,0.13911,0.20908,0.42835]},"CONDITIONS_BY_TYPE":{"CONCEPT_NAME":"Observation recorded from EHR","COUNT_VALUE":21309},"AGE_AT_FIRST_DIAGNOSIS":{"CATEGORY":["MALE","FEMALE"],"MIN_VALUE":[27,26],"P10_VALUE":[54,54],"P25_VALUE":[60,60],"MEDIAN_VALUE":[64,64],"P75_VALUE":[69,69],"P90_VALUE":[72,73],"MAX_VALUE":[81,88]}}
