{"PREVALENCE_BY_GENDER_AGE_YEAR":{"TRELLIS_NAME":["30-39","40-49","30-39","30-39","30-39","60-69","20-29","50-59","30-39","20-29","40-49","30-39","40-49","20-29","50-59","30-39","20-29","50-59","30-39","20-29","30-39","40-49","50-59","30-39","50-59","40-49","20-29","20-29","30-39","30-39","20-29","50-59","40-49","20-29","30-39","20-29","40-49","30-39","50-59","50-59","30-39","20-29","40-49","40-49","20-29","30-39","60-69","30-39","50-59","40-49","20-29","20-29","40-49","30-39","30-39","40-49","30-39","40-49","40-49","30-39","50-59","40-49","30-39"],"SERIES_NAME":["FEMALE","FEMALE","FEMALE","FEMALE","FEMALE","FEMALE","FEMALE","FEMALE","FEMALE","FEMALE","FEMALE","FEMALE","FEMALE","FEMALE","FEMALE","FEMALE","FEMALE","FEMALE","FEMALE","FEMALE","FEMALE","FEMALE","FEMALE","FEMALE","FEMALE","FEMALE","FEMALE","FEMALE","FEMALE","FEMALE","FEMALE","FEMALE","FEMALE","FEMALE","FEMALE","FEMALE","FEMALE","FEMALE","FEMALE","FEMALE","FEMALE","FEMALE","FEMALE","FEMALE","FEMALE","FEMALE","FEMALE","FEMALE","FEMALE","FEMALE","FEMALE","FEMALE","FEMALE","FEMALE","FEMALE","FEMALE","FEMALE","FEMALE","FEMALE","FEMALE","FEMALE","FEMALE","FEMALE"],"X_CALENDAR_YEAR":[1996,1997,1998,1999,2000,2000,2000,2000,2001,2001,2002,2002,2003,2003,2003,2003,2004,2004,2004,2005,2005,2005,2005,2006,2006,2006,2006,2007,2007,2008,2008,2008,2009,2009,2009,2010,2010,2010,2010,2011,2011,2011,2011,2012,2012,2012,2013,2013,2013,2013,2013,2014,2014,2014,2015,2015,2016,2016,2017,2017,2018,2018,2018],"Y_PREVALENCE_1000PP":[0.11631,0.10445,0.08296,0.03367,0.07482,0.04633,0.0378,0.0402,0.04849,0.0259,0.0252,0.04615,0.02666,0.02539,0.03296,0.05588,0.02971,0.02704,0.03024,0.0219,0.01624,0.02523,0.02263,0.02643,0.01879,0.0212,0.02629,0.01616,0.04811,0.03524,0.03093,0.01734,0.03745,0.02795,0.03281,0.02535,0.01855,0.02009,0.02245,0.01625,0.02479,0.03213,0.01819,0.03457,0.02463,0.02737,0.01822,0.02726,0.0158,0.03271,0.03453,0.01573,0.03032,0.02628,0.03165,0.01983,0.03037,0.03102,0.02745,0.02204,0.02547,0.03584,0.0246]},"PREVALENCE_BY_MONTH":{"X_CALENDAR_MONTH":[200005,200006,200010,200205,200301,200307,200310,200406,200409,200503,200511,200807,200811,200903,200910,201003,201004,201011,201111,201203,201307,201309,201310,201409],"Y_PREVALENCE_1000PP":[0.00301,0.00253,0.0032,0.00166,0.00159,0.00206,0.00153,0.00141,0.00139,0.00136,0.00131,0.00115,0.00133,0.00151,0.00113,0.00133,0.00133,0.00112,0.00109,0.00127,0.0013,0.0013,0.00112,0.00119]},"CONDITIONS_BY_TYPE":{"CONCEPT_NAME":"Observation recorded from EHR","COUNT_VALUE":812},"AGE_AT_FIRST_DIAGNOSIS":{"CATEGORY":"FEMALE","MIN_VALUE":17,"P10_VALUE":27,"P25_VALUE":31,"MEDIAN_VALUE":39,"P75_VALUE":50,"P90_VALUE":60,"MAX_VALUE":89}}
