{"PREVALENCE_BY_GENDER_AGE_YEAR":{"TRELLIS_NAME":["10-19","0-9","20-29","20-29","10-19","0-9","10-19","0-9"],"SERIES_NAME":["MALE","MALE","MALE","MALE","MALE","MALE","MALE","MALE"],"X_CALENDAR_YEAR":[2006,2006,2006,2007,2009,2010,2010,2016],"Y_PREVALENCE_1000PP":[0.02404,0.02057,0.02427,0.01955,0.02766,0.0208,0.02146,0.02324]},"PREVALENCE_BY_MONTH":{"X_CALENDAR_MONTH":[200407,200605,200606,200607,200707,200709,201007,201206,201307,201310,201510,201706,201707],"Y_PREVALENCE_1000PP":[0.0014,0.00172,0.00128,0.00128,0.00121,0.0012,0.00191,0.00127,0.00148,0.00112,0.0014,0.00233,0.00175]},"CONDITIONS_BY_TYPE":{"CONCEPT_NAME":"Observation recorded from EHR","COUNT_VALUE":561},"AGE_AT_FIRST_DIAGNOSIS":{"CATEGORY":["MALE","FEMALE"],"MIN_VALUE":[2,1],"P10_VALUE":[5,5],"P25_VALUE":[12,12],"MEDIAN_VALUE":[21,52],"P75_VALUE":[44,77],"P90_VALUE":[64,86],"MAX_VALUE":[95,99]}}
