{"PREVALENCE_BY_GENDER_AGE_YEAR":{"TRELLIS_NAME":["50-59","30-39","10-19","50-59","0-9","40-49","20-29","10-19","40-49","30-39","40-49","50-59","20-29","30-39","30-39","50-59","20-29","40-49","30-39","60-69","10-19","50-59","30-39","40-49","40-49","30-39","10-19","20-29","50-59","0-9","60-69","40-49"],"SERIES_NAME":["MALE","MALE","MALE","FEMALE","MALE","MALE","MALE","MALE","MALE","MALE","FEMALE","MALE","MALE","FEMALE","FEMALE","MALE","MALE","MALE","MALE","MALE","MALE","FEMALE","MALE","MALE","FEMALE","FEMALE","MALE","MALE","MALE","MALE","MALE","MALE"],"X_CALENDAR_YEAR":[2015,2015,2015,2015,2015,2015,2015,2016,2016,2016,2016,2016,2016,2016,2017,2017,2017,2017,2017,2017,2017,2017,2018,2018,2018,2018,2018,2018,2018,2018,2018,2019],"Y_PREVALENCE_1000PP":[0.05181,0.04033,0.04592,0.01753,0.0228,0.02477,0.0304,0.06709,0.04005,0.06432,0.02068,0.04382,0.04002,0.02362,0.04041,0.04466,0.04864,0.05291,0.05539,0.02947,0.06941,0.03022,0.06567,0.06876,0.03136,0.0369,0.05167,0.06002,0.04165,0.02981,0.03865,0.03372]},"PREVALENCE_BY_MONTH":{"X_CALENDAR_MONTH":[201410,201411,201412,201501,201502,201503,201505,201506,201507,201509,201510,201511,201512,201601,201602,201603,201604,201605,201606,201607,201608,201609,201610,201611,201612,201701,201702,201703,201704,201705,201706,201707,201708,201709,201710,201711,201712,201801,201802,201803,201804,201805,201806,201807,201808,201809,201810,201811,201812,201901,201902,201903],"Y_PREVALENCE_1000PP":[0.00202,0.00143,0.0027,0.00208,0.0023,0.00345,0.00303,0.00158,0.00225,0.0018,0.0014,0.0026,0.00221,0.00346,0.00199,0.00174,0.00225,0.00329,0.00232,0.00263,0.00401,0.00188,0.00326,0.00219,0.00301,0.00301,0.00252,0.00425,0.002,0.00257,0.00408,0.00322,0.00324,0.00354,0.00326,0.00513,0.00274,0.00339,0.00216,0.00309,0.00432,0.00247,0.00403,0.00473,0.00318,0.00288,0.00456,0.00296,0.00263,0.00394,0.00429,0.0033]},"CONDITIONS_BY_TYPE":{"CONCEPT_NAME":"Observation recorded from EHR","COUNT_VALUE":599},"AGE_AT_FIRST_DIAGNOSIS":{"CATEGORY":["MALE","FEMALE"],"MIN_VALUE":[3,2],"P10_VALUE":[11,16],"P25_VALUE":[20,29],"MEDIAN_VALUE":[36,39],"P75_VALUE":[50,51],"P90_VALUE":[60,61],"MAX_VALUE":[94,84]}}
