{"PREVALENCE_BY_GENDER_AGE_YEAR":{"TRELLIS_NAME":["30-39","50-59","40-49","60-69","40-49","50-59","20-29","40-49","70-79","50-59","30-39","60-69","40-49","70-79","60-69","30-39","50-59","20-29","30-39","70-79","40-49","50-59","70-79","60-69","60-69","80-89","70-79","70-79","40-49","50-59","60-69","80-89"],"SERIES_NAME":["FEMALE","FEMALE","FEMALE","FEMALE","FEMALE","FEMALE","FEMALE","FEMALE","FEMALE","FEMALE","FEMALE","FEMALE","FEMALE","FEMALE","FEMALE","FEMALE","FEMALE","FEMALE","FEMALE","FEMALE","FEMALE","FEMALE","MALE","FEMALE","MALE","FEMALE","MALE","FEMALE","FEMALE","FEMALE","FEMALE","FEMALE"],"X_CALENDAR_YEAR":[2001,2001,2002,2002,2004,2004,2005,2005,2005,2005,2005,2005,2006,2006,2006,2006,2006,2006,2007,2007,2007,2007,2007,2007,2007,2007,2008,2008,2008,2008,2008,2008],"Y_PREVALENCE_1000PP":[0.02078,0.03102,0.0216,0.04241,0.01787,0.02366,0.0219,0.02243,0.03189,0.03233,0.02165,0.02501,0.0265,0.03064,0.06191,0.01586,0.05636,0.01753,0.02785,0.05684,0.02444,0.03255,0.03331,0.07943,0.02805,0.07218,0.03208,0.04602,0.01893,0.03756,0.07927,0.04863]},"PREVALENCE_BY_MONTH":{"X_CALENDAR_MONTH":[200202,200310,200407,200502,200506,200508,200509,200511,200602,200603,200604,200605,200606,200607,200609,200610,200611,200612,200701,200702,200703,200705,200706,200707,200708,200709,200710,200711,200712,200801,200802,200803,200804,200805,200806,200807,200808,200809,200810,200811,200901],"Y_PREVALENCE_1000PP":[0.00174,0.00153,0.0014,0.00158,0.00202,0.00133,0.00154,0.00175,0.00174,0.00195,0.00151,0.00129,0.00128,0.00214,0.00149,0.00169,0.00147,0.0021,0.00125,0.00124,0.00145,0.00184,0.00284,0.00181,0.00141,0.00239,0.00216,0.00312,0.00234,0.00271,0.00175,0.00156,0.00136,0.00116,0.00134,0.0021,0.00268,0.00228,0.00171,0.00114,0.00113]},"CONDITIONS_BY_TYPE":{"CONCEPT_NAME":"Observation recorded from EHR","COUNT_VALUE":576},"AGE_AT_FIRST_DIAGNOSIS":{"CATEGORY":["MALE","FEMALE"],"MIN_VALUE":[19,5],"P10_VALUE":[35,30],"P25_VALUE":[51,43],"MEDIAN_VALUE":[64,57],"P75_VALUE":[76,68],"P90_VALUE":[82,80],"MAX_VALUE":[91,96]}}
