{"PREVALENCE_BY_GENDER_AGE_YEAR":{"TRELLIS_NAME":["70-79","70-79","70-79","60-69","80-89","50-59","60-69","50-59","80-89","80-89","80-89","70-79","60-69","60-69","70-79","60-69","70-79","70-79","60-69","60-69","80-89"],"SERIES_NAME":["FEMALE","FEMALE","MALE","MALE","FEMALE","MALE","MALE","MALE","MALE","FEMALE","FEMALE","MALE","FEMALE","MALE","MALE","MALE","MALE","FEMALE","MALE","FEMALE","FEMALE"],"X_CALENDAR_YEAR":[2003,2004,2004,2005,2005,2005,2006,2007,2007,2008,2009,2009,2009,2010,2010,2011,2011,2013,2013,2014,2015],"Y_PREVALENCE_1000PP":[0.04164,0.03845,0.0394,0.02959,0.08095,0.02198,0.02357,0.02015,0.08341,0.06947,0.06201,0.03161,0.0226,0.01924,0.03133,0.02496,0.04607,0.03497,0.01876,0.01928,0.06398]},"PREVALENCE_BY_MONTH":{"X_CALENDAR_MONTH":[200107,200301,200305,200307,200408,200409,200506,200508,200509,200603,200606,200609,200706,200707,200708,200804,200809,200812,200905,200907,200910,201007,201008,201105,201106,201107,201109,201206,201210,201305,201308,201309,201310,201405,201409,201412,201507],"Y_PREVALENCE_1000PP":[0.00198,0.00159,0.00157,0.00154,0.00139,0.00139,0.00202,0.00133,0.00176,0.00195,0.00128,0.0017,0.00122,0.00181,0.00121,0.00155,0.00152,0.00132,0.00132,0.00188,0.00169,0.00191,0.00114,0.00111,0.00129,0.00128,0.00146,0.00109,0.00127,0.00111,0.00148,0.00111,0.0015,0.00134,0.00178,0.00145,0.00157]},"CONDITIONS_BY_TYPE":{"CONCEPT_NAME":"Observation recorded from EHR","COUNT_VALUE":796},"AGE_AT_FIRST_DIAGNOSIS":{"CATEGORY":["FEMALE","MALE"],"MIN_VALUE":[0,0],"P10_VALUE":[25,31],"P25_VALUE":[49,48],"MEDIAN_VALUE":[70,64],"P75_VALUE":[83,76],"P90_VALUE":[89,83],"MAX_VALUE":[104,97]}}
