{"PREVALENCE_BY_GENDER_AGE_YEAR":{"TRELLIS_NAME":["10-19","0-9","0-9","0-9","10-19","10-19","0-9","0-9","0-9","0-9","10-19","10-19","0-9","10-19","0-9","10-19","30-39","0-9","0-9","10-19","10-19","20-29","10-19","10-19","0-9","0-9","0-9","10-19","0-9","10-19","0-9","20-29","0-9","10-19","10-19","20-29","0-9","10-19","40-49","0-9","10-19","0-9","10-19","0-9","30-39","10-19","10-19","0-9","10-19","0-9","10-19","0-9","10-19","0-9","20-29","10-19","10-19","0-9","0-9","20-29","0-9","10-19","30-39","0-9","10-19","0-9","20-29","10-19","0-9","10-19","20-29","0-9","0-9","10-19","10-19","10-19","0-9","0-9","10-19","20-29","10-19","0-9","0-9","10-19","10-19","0-9","0-9","10-19","0-9","10-19","0-9","10-19"],"SERIES_NAME":["MALE","MALE","MALE","FEMALE","MALE","FEMALE","FEMALE","MALE","FEMALE","MALE","MALE","FEMALE","MALE","MALE","FEMALE","FEMALE","MALE","MALE","FEMALE","MALE","FEMALE","MALE","FEMALE","MALE","MALE","FEMALE","MALE","FEMALE","FEMALE","MALE","MALE","FEMALE","FEMALE","FEMALE","MALE","MALE","MALE","FEMALE","FEMALE","FEMALE","MALE","MALE","FEMALE","FEMALE","FEMALE","MALE","MALE","FEMALE","FEMALE","MALE","MALE","FEMALE","FEMALE","MALE","MALE","MALE","FEMALE","MALE","FEMALE","MALE","FEMALE","FEMALE","FEMALE","MALE","MALE","FEMALE","MALE","FEMALE","MALE","MALE","FEMALE","FEMALE","MALE","FEMALE","MALE","MALE","MALE","FEMALE","FEMALE","MALE","FEMALE","FEMALE","MALE","MALE","FEMALE","FEMALE","MALE","MALE","MALE","MALE","FEMALE","FEMALE"],"X_CALENDAR_YEAR":[1997,1997,1999,1999,2000,2000,2000,2000,2001,2001,2001,2001,2002,2002,2002,2002,2002,2003,2003,2003,2003,2004,2004,2004,2004,2004,2005,2005,2005,2005,2006,2006,2006,2006,2006,2007,2007,2007,2007,2007,2007,2008,2008,2008,2008,2008,2009,2009,2009,2009,2010,2010,2010,2010,2010,2011,2011,2011,2011,2012,2012,2012,2012,2012,2012,2013,2013,2013,2013,2013,2013,2014,2014,2014,2014,2015,2015,2015,2015,2016,2016,2016,2016,2016,2017,2017,2017,2017,2018,2018,2018,2018],"Y_PREVALENCE_1000PP":[0.14421,0.12332,0.06381,0.05357,0.06827,0.08688,0.06983,0.10063,0.07563,0.10387,0.07818,0.05985,0.14508,0.06333,0.10016,0.06208,0.02404,0.15305,0.10236,0.10506,0.0624,0.02739,0.05576,0.08304,0.13535,0.10049,0.16578,0.03671,0.07275,0.09378,0.12,0.02045,0.08686,0.08885,0.0893,0.01676,0.10226,0.03937,0.01466,0.10409,0.10878,0.11109,0.08254,0.11669,0.0151,0.05578,0.10141,0.1018,0.06426,0.11536,0.08889,0.08711,0.10067,0.10399,0.02104,0.08174,0.06875,0.14343,0.08091,0.02055,0.10061,0.07196,0.01493,0.12729,0.0948,0.07956,0.01805,0.09083,0.10674,0.07339,0.01973,0.05609,0.0833,0.07872,0.09066,0.06005,0.06841,0.07521,0.09657,0.04366,0.05696,0.06098,0.06586,0.05451,0.06244,0.0589,0.08216,0.05553,0.07949,0.08267,0.08324,0.06948]},"PREVALENCE_BY_MONTH":{"X_CALENDAR_MONTH":[200005,200009,200010,200011,200101,200103,200104,200105,200106,200107,200108,200109,200110,200111,200202,200203,200204,200205,200206,200207,200209,200211,200301,200302,200303,200304,200305,200306,200307,200308,200309,200311,200312,200401,200402,200403,200404,200405,200406,200407,200408,200409,200410,200411,200412,200501,200502,200503,200504,200505,200506,200507,200508,200509,200510,200511,200512,200601,200602,200603,200604,200605,200606,200607,200608,200609,200610,200611,200612,200701,200702,200704,200705,200706,200707,200708,200709,200710,200711,200712,200801,200802,200803,200804,200805,200806,200807,200808,200809,200810,200811,200901,200902,200903,200904,200905,200906,200907,200908,200909,200910,200911,200912,201001,201002,201003,201004,201005,201006,201007,201008,201009,201010,201011,201101,201102,201103,201104,201105,201106,201107,201108,201109,201110,201111,201112,201201,201202,201203,201204,201205,201206,201207,201208,201209,201210,201211,201212,201301,201302,201303,201304,201305,201306,201307,201308,201309,201310,201311,201312,201401,201402,201403,201404,201405,201407,201408,201409,201410,201411,201501,201503,201504,201505,201506,201507,201508,201509,201601,201602,201603,201605,201606,201608,201609,201611,201612,201703,201704,201705,201706,201707,201709,201711,201802,201803,201805,201807,201809,201810,201811,201901,201902],"Y_PREVALENCE_1000PP":[0.00258,0.00242,0.0032,0.00317,0.00331,0.00352,0.00244,0.00205,0.00336,0.00231,0.00194,0.00254,0.00186,0.00307,0.00262,0.00373,0.00307,0.00277,0.00193,0.00439,0.00461,0.00188,0.00345,0.0029,0.00342,0.00236,0.00339,0.0039,0.00412,0.00257,0.00179,0.00203,0.00151,0.00198,0.00173,0.00387,0.00238,0.00213,0.00164,0.00233,0.00209,0.00278,0.00253,0.00206,0.00321,0.00204,0.00226,0.00294,0.00135,0.00158,0.00179,0.004,0.00333,0.00351,0.00154,0.00219,0.00175,0.00173,0.00195,0.00238,0.00409,0.0015,0.00278,0.00235,0.00362,0.0034,0.00232,0.00273,0.00147,0.00229,0.00228,0.00247,0.00246,0.00406,0.00261,0.00382,0.00379,0.00216,0.00137,0.00117,0.00174,0.00252,0.00175,0.00291,0.00484,0.00211,0.00268,0.00191,0.00247,0.0019,0.00189,0.00245,0.00113,0.00245,0.00189,0.00207,0.00188,0.00376,0.00301,0.00376,0.00188,0.00264,0.00114,0.00132,0.00361,0.00228,0.00209,0.00305,0.00286,0.00325,0.00248,0.00266,0.00245,0.00262,0.00112,0.00205,0.00278,0.00185,0.00387,0.00368,0.00239,0.00275,0.00255,0.00218,0.00182,0.00128,0.00346,0.00146,0.00236,0.002,0.00401,0.00236,0.002,0.00327,0.00254,0.00272,0.00256,0.00184,0.00239,0.00184,0.00185,0.00333,0.00186,0.00223,0.00278,0.00297,0.00296,0.00168,0.00207,0.00192,0.00229,0.00191,0.0023,0.00211,0.00172,0.00235,0.00257,0.00278,0.00162,0.00163,0.00249,0.00194,0.00216,0.00324,0.00248,0.00225,0.00157,0.00225,0.00148,0.00199,0.00274,0.00152,0.00283,0.00214,0.00241,0.00164,0.00192,0.00227,0.00228,0.002,0.00175,0.00175,0.00236,0.00271,0.00278,0.00216,0.00185,0.00347,0.00319,0.00228,0.00263,0.00295,0.00198]},"CONDITIONS_BY_TYPE":{"CONCEPT_NAME":"Observation recorded from EHR","COUNT_VALUE":2512},"AGE_AT_FIRST_DIAGNOSIS":{"CATEGORY":["FEMALE","MALE"],"MIN_VALUE":[1,1],"P10_VALUE":[3,3],"P25_VALUE":[5,5],"MEDIAN_VALUE":[10,10],"P75_VALUE":[17,15],"P90_VALUE":[41,31],"MAX_VALUE":[86,87]}}
