{"PREVALENCE_BY_GENDER_AGE_YEAR":{"TRELLIS_NAME":["60-69","70-79","70-79","70-79","60-69","60-69","70-79","70-79","60-69","60-69","70-79"],"SERIES_NAME":["FEMALE","MALE","MALE","FEMALE","MALE","MALE","MALE","FEMALE","MALE","FEMALE","MALE"],"X_CALENDAR_YEAR":[2011,2011,2012,2012,2012,2014,2015,2016,2016,2017,2018],"Y_PREVALENCE_1000PP":[0.02129,0.03072,0.03559,0.02675,0.02509,0.01988,0.03843,0.03396,0.03033,0.02872,0.04556]},"PREVALENCE_BY_MONTH":{"X_CALENDAR_MONTH":[201204,201206,201709,201901],"Y_PREVALENCE_1000PP":[0.00109,0.00145,0.00177,0.00197]},"CONDITIONS_BY_TYPE":{"CONCEPT_NAME":"Observation recorded from EHR","COUNT_VALUE":284},"AGE_AT_FIRST_DIAGNOSIS":{"CATEGORY":["MALE","FEMALE"],"MIN_VALUE":[30,28],"P10_VALUE":[51,48],"P25_VALUE":[60,57],"MEDIAN_VALUE":[68,67],"P75_VALUE":[75,73],"P90_VALUE":[82,81],"MAX_VALUE":[89,90]}}
