{"PREVALENCE_BY_GENDER_AGE_YEAR":{"TRELLIS_NAME":["50-59","30-39","70-79","50-59","70-79","80-89","30-39","50-59","40-49","30-39","60-69","60-69","30-39","50-59","40-49","40-49","50-59","40-49","50-59","60-69","30-39","30-39","60-69","40-49","70-79","70-79","50-59","30-39","40-49","60-69","30-39","50-59","50-59","40-49","40-49","20-29","50-59","30-39","50-59","60-69","50-59","20-29","40-49","40-49","30-39","30-39","60-69","50-59","40-49","30-39","20-29","20-29","10-19","50-59","30-39","40-49","40-49","40-49","50-59","60-69","40-49","30-39","50-59","30-39","60-69","50-59","30-39","40-49","40-49","40-49","30-39","40-49","30-39","50-59","50-59","40-49","30-39","40-49","20-29","50-59","40-49","30-39","30-39","50-59","40-49","20-29","40-49","30-39","50-59","50-59","70-79","40-49","50-59","50-59","30-39","50-59","40-49","40-49"],"SERIES_NAME":["FEMALE","FEMALE","FEMALE","FEMALE","MALE","FEMALE","MALE","FEMALE","FEMALE","FEMALE","MALE","FEMALE","MALE","MALE","FEMALE","MALE","FEMALE","MALE","MALE","FEMALE","FEMALE","MALE","MALE","FEMALE","MALE","FEMALE","MALE","FEMALE","FEMALE","FEMALE","MALE","FEMALE","MALE","FEMALE","MALE","FEMALE","FEMALE","MALE","MALE","MALE","FEMALE","FEMALE","MALE","FEMALE","MALE","FEMALE","MALE","FEMALE","MALE","FEMALE","FEMALE","MALE","FEMALE","FEMALE","MALE","MALE","FEMALE","FEMALE","FEMALE","FEMALE","MALE","MALE","MALE","FEMALE","MALE","FEMALE","MALE","FEMALE","MALE","MALE","MALE","FEMALE","FEMALE","FEMALE","FEMALE","MALE","FEMALE","FEMALE","MALE","FEMALE","FEMALE","FEMALE","MALE","MALE","MALE","FEMALE","MALE","FEMALE","MALE","FEMALE","FEMALE","FEMALE","FEMALE","FEMALE","FEMALE","MALE","MALE","FEMALE"],"X_CALENDAR_YEAR":[1996,1999,1999,1999,2000,2000,2000,2000,2000,2000,2001,2001,2001,2001,2001,2001,2001,2002,2002,2002,2002,2002,2002,2002,2003,2003,2003,2003,2003,2003,2003,2003,2004,2004,2004,2004,2004,2004,2005,2005,2005,2005,2005,2005,2006,2006,2006,2006,2006,2007,2007,2007,2007,2007,2007,2007,2007,2008,2008,2008,2008,2008,2008,2008,2009,2009,2009,2009,2009,2010,2010,2010,2010,2010,2011,2011,2011,2011,2012,2012,2012,2012,2012,2012,2012,2013,2013,2013,2013,2013,2014,2014,2014,2015,2015,2015,2016,2016],"Y_PREVALENCE_1000PP":[0.16181,0.03367,0.07572,0.05207,0.06607,0.08529,0.03012,0.06317,0.04295,0.03521,0.05583,0.04244,0.02029,0.03016,0.03732,0.03161,0.04431,0.02056,0.02646,0.03711,0.01846,0.01803,0.04854,0.0324,0.04317,0.04759,0.02492,0.02353,0.03332,0.03922,0.02008,0.04761,0.03282,0.02978,0.01983,0.02311,0.04732,0.01872,0.02512,0.03805,0.04526,0.0219,0.03727,0.03365,0.01793,0.02643,0.03143,0.03131,0.03768,0.02785,0.01616,0.02234,0.02147,0.02071,0.0172,0.02321,0.02444,0.03076,0.04334,0.02642,0.01801,0.02198,0.02815,0.02014,0.01967,0.0258,0.02458,0.01638,0.03801,0.01332,0.02459,0.02319,0.02009,0.02245,0.02979,0.02186,0.01487,0.01819,0.01542,0.01879,0.02074,0.01493,0.02462,0.02629,0.01782,0.0148,0.01807,0.01487,0.01551,0.01843,0.02692,0.01768,0.01631,0.02338,0.01727,0.02015,0.02002,0.02413]},"PREVALENCE_BY_MONTH":{"X_CALENDAR_MONTH":[199609,199812,199903,199911,200001,200003,200004,200005,200008,200011,200012,200101,200102,200103,200104,200105,200106,200110,200111,200202,200203,200204,200205,200206,200207,200211,200212,200301,200302,200303,200304,200305,200306,200307,200308,200309,200310,200401,200402,200403,200404,200405,200406,200408,200409,200410,200412,200501,200502,200505,200506,200507,200508,200509,200511,200512,200601,200603,200604,200605,200607,200608,200609,200610,200611,200703,200704,200706,200707,200708,200709,200710,200711,200712,200802,200804,200806,200807,200809,200810,200811,200812,200901,200902,200903,200904,200906,200907,200910,200911,200912,201001,201002,201003,201004,201005,201006,201007,201008,201010,201011,201105,201111,201112,201201,201205,201206,201208,201209,201302,201304,201309,201312,201404,201409,201503,201506,201507,201807],"Y_PREVALENCE_1000PP":[0.01477,0.00438,0.00398,0.0032,0.0027,0.00264,0.00435,0.00258,0.00288,0.00475,0.00273,0.00295,0.00217,0.00211,0.00313,0.00308,0.00302,0.00279,0.00246,0.00378,0.0023,0.00223,0.00166,0.00165,0.00219,0.00161,0.00242,0.00239,0.00158,0.00237,0.00262,0.00183,0.00156,0.00386,0.00257,0.00307,0.00204,0.00173,0.00148,0.00266,0.00214,0.00213,0.00211,0.00139,0.00139,0.00161,0.0016,0.00181,0.00181,0.00203,0.00202,0.002,0.00244,0.00242,0.00175,0.00175,0.00151,0.00217,0.00151,0.00172,0.00128,0.00192,0.00234,0.00127,0.00231,0.0029,0.00124,0.00284,0.00161,0.00161,0.0012,0.00118,0.00137,0.00176,0.00194,0.00271,0.00115,0.00172,0.00247,0.00171,0.00133,0.00132,0.00151,0.0017,0.00113,0.00151,0.00132,0.00113,0.00151,0.0017,0.00114,0.0017,0.00114,0.00114,0.00114,0.00114,0.00153,0.00115,0.00172,0.00113,0.00112,0.00203,0.00128,0.00201,0.00146,0.002,0.00109,0.00109,0.00163,0.00129,0.0013,0.00111,0.00154,0.00115,0.00139,0.00129,0.00203,0.00157,0.00284]},"CONDITIONS_BY_TYPE":{"CONCEPT_NAME":"Observation recorded from EHR","COUNT_VALUE":1447},"AGE_AT_FIRST_DIAGNOSIS":{"CATEGORY":["MALE","FEMALE"],"MIN_VALUE":[1,1],"P10_VALUE":[29,25],"P25_VALUE":[37,37],"MEDIAN_VALUE":[47,49],"P75_VALUE":[60,60],"P90_VALUE":[73,74],"MAX_VALUE":[94,97]}}
