{"PREVALENCE_BY_GENDER_AGE_YEAR":{"TRELLIS_NAME":["40-49","50-59","30-39","70-79","60-69","0-9","50-59","80-89","0-9","70-79","20-29","10-19","70-79","60-69","40-49","50-59","70-79","30-39","0-9","70-79","30-39","10-19","40-49","0-9","40-49","30-39","20-29","50-59","60-69","0-9","40-49","60-69","0-9","50-59","30-39","70-79","10-19","20-29","40-49","60-69","0-9","30-39","20-29","50-59","30-39","80-89","40-49","10-19","70-79","50-59","0-9","70-79","80-89","60-69","70-79","30-39","80-89","80-89","0-9"],"SERIES_NAME":["FEMALE","MALE","FEMALE","FEMALE","FEMALE","FEMALE","FEMALE","FEMALE","MALE","MALE","FEMALE","FEMALE","FEMALE","FEMALE","FEMALE","FEMALE","MALE","FEMALE","FEMALE","FEMALE","FEMALE","FEMALE","FEMALE","MALE","FEMALE","FEMALE","FEMALE","FEMALE","FEMALE","FEMALE","FEMALE","FEMALE","FEMALE","FEMALE","FEMALE","FEMALE","FEMALE","FEMALE","FEMALE","FEMALE","MALE","FEMALE","FEMALE","FEMALE","FEMALE","FEMALE","FEMALE","FEMALE","MALE","FEMALE","FEMALE","FEMALE","FEMALE","FEMALE","FEMALE","FEMALE","FEMALE","MALE","FEMALE"],"X_CALENDAR_YEAR":[1998,1998,1998,1998,1998,1998,1998,1998,1998,1998,1998,1998,2001,2001,2001,2001,2001,2001,2005,2005,2005,2005,2005,2006,2006,2006,2006,2006,2006,2006,2007,2007,2007,2007,2007,2007,2007,2007,2008,2008,2008,2008,2008,2010,2011,2011,2012,2012,2013,2013,2013,2013,2013,2014,2014,2014,2014,2014,2014],"Y_PREVALENCE_1000PP":[0.12013,0.08558,0.09125,0.1846,0.12687,0.1054,0.1097,0.24019,0.07034,0.11967,0.23471,0.13572,0.04859,0.06669,0.02902,0.04874,0.0608,0.0381,0.02297,0.03189,0.01894,0.02447,0.02523,0.024,0.01855,0.02907,0.01753,0.02192,0.02708,0.05067,0.01711,0.03454,0.0235,0.02071,0.01519,0.03316,0.02505,0.02154,0.01656,0.02642,0.01852,0.02517,0.01546,0.01684,0.01487,0.07557,0.01844,0.01962,0.03968,0.02633,0.01768,0.0306,0.05569,0.01928,0.04039,0.01839,0.04391,0.06344,0.02804]},"PREVALENCE_BY_MONTH":{"X_CALENDAR_MONTH":[199801,199802,199803,199805,199806,199807,199809,200103,200104,200105,200106,200107,200109,200110,200207,200408,200508,200511,200512,200601,200602,200603,200604,200605,200606,200607,200608,200610,200611,200612,200702,200703,200704,200705,200706,200707,200709,200710,200711,200712,200801,200802,200803,200805,200806,200808,200809,200810,200901,201008,201009,201106,201109,201110,201202,201203,201204,201211,201212,201302,201303,201304,201306,201308,201309,201310,201311,201312,201401,201402,201403,201404,201405,201406,201407,201901,201902,201903],"Y_PREVALENCE_1000PP":[0.00758,0.02423,0.00744,0.01866,0.034,0.02542,0.00838,0.00352,0.00313,0.00548,0.00302,0.00231,0.0038,0.00186,0.00192,0.00163,0.002,0.00219,0.00153,0.0013,0.00174,0.00238,0.00129,0.0015,0.00128,0.0015,0.0017,0.00274,0.0021,0.0021,0.00145,0.00228,0.00144,0.00143,0.00304,0.00141,0.00219,0.00256,0.00156,0.00117,0.00232,0.00252,0.00156,0.00116,0.00115,0.00134,0.00133,0.00133,0.00132,0.00134,0.00171,0.00239,0.00127,0.00182,0.00109,0.00127,0.00109,0.0011,0.0011,0.00111,0.00204,0.0013,0.0026,0.00111,0.00167,0.0015,0.00169,0.00134,0.0021,0.0021,0.00134,0.00268,0.00153,0.00291,0.00157,0.0023,0.00198,0.00198]},"CONDITIONS_BY_TYPE":{"CONCEPT_NAME":"Observation recorded from EHR","COUNT_VALUE":1109},"AGE_AT_FIRST_DIAGNOSIS":{"CATEGORY":["FEMALE","MALE"],"MIN_VALUE":[0,0],"P10_VALUE":[9,6],"P25_VALUE":[26,29],"MEDIAN_VALUE":[47,54],"P75_VALUE":[68,75],"P90_VALUE":[81,82],"MAX_VALUE":[106,94]}}
