{"PREVALENCE_BY_GENDER_AGE_YEAR":{"TRELLIS_NAME":["30-39","10-19","40-49","0-9","30-39","20-29","0-9","30-39","40-49","10-19","10-19","30-39","20-29","20-29","10-19","40-49","30-39","30-39","20-29","10-19","40-49","20-29","40-49","50-59","30-39","10-19","50-59","30-39","10-19","40-49","20-29","40-49","10-19","50-59","20-29","30-39","30-39","10-19","20-29","40-49","30-39","10-19","20-29","40-49","0-9","10-19","30-39","20-29","10-19","30-39","20-29","40-49","50-59","10-19","20-29","10-19","20-29","30-39","10-19","30-39","20-29","40-49","50-59","10-19","30-39","10-19"],"SERIES_NAME":["MALE","MALE","MALE","MALE","MALE","MALE","MALE","MALE","MALE","MALE","MALE","MALE","MALE","MALE","MALE","MALE","MALE","MALE","MALE","MALE","MALE","MALE","MALE","MALE","MALE","MALE","MALE","MALE","MALE","MALE","MALE","MALE","MALE","MALE","MALE","MALE","MALE","MALE","MALE","MALE","MALE","MALE","MALE","MALE","MALE","MALE","MALE","MALE","MALE","MALE","MALE","MALE","MALE","MALE","MALE","MALE","MALE","MALE","MALE","MALE","MALE","MALE","MALE","MALE","MALE","MALE"],"X_CALENDAR_YEAR":[1997,1999,2000,2000,2000,2000,2001,2001,2001,2001,2002,2002,2002,2003,2003,2003,2003,2004,2004,2004,2004,2005,2005,2005,2005,2005,2006,2006,2006,2006,2006,2007,2007,2007,2007,2007,2008,2008,2008,2008,2009,2009,2009,2009,2010,2010,2010,2010,2011,2011,2011,2011,2012,2012,2012,2013,2013,2013,2014,2014,2014,2014,2015,2015,2015,2016],"Y_PREVALENCE_1000PP":[0.07656,0.05311,0.0409,0.04402,0.05593,0.03425,0.03957,0.03043,0.03556,0.06775,0.05881,0.04807,0.03988,0.05292,0.04203,0.02537,0.03729,0.0535,0.02739,0.04907,0.01699,0.02266,0.0213,0.02198,0.04203,0.04328,0.02433,0.0333,0.06869,0.02763,0.05462,0.03017,0.04159,0.02015,0.02513,0.02702,0.0171,0.04029,0.03739,0.02251,0.02458,0.02458,0.03423,0.01565,0.02674,0.03372,0.01967,0.02892,0.05449,0.01461,0.03341,0.02405,0.02366,0.04281,0.02826,0.03364,0.01547,0.01481,0.02267,0.01841,0.02206,0.01468,0.01727,0.04239,0.02016,0.02516]},"PREVALENCE_BY_MONTH":{"X_CALENDAR_MONTH":[199807,199910,200006,200007,200012,200104,200105,200107,200110,200112,200205,200207,200209,200210,200211,200302,200303,200306,200307,200308,200309,200310,200312,200403,200404,200405,200408,200409,200411,200501,200504,200506,200510,200511,200601,200603,200606,200607,200608,200609,200611,200702,200703,200704,200705,200706,200707,200708,200709,200710,200801,200802,200804,200805,200808,200809,200904,200905,200906,200908,200910,200911,201002,201005,201006,201007,201009,201106,201109,201111,201112,201201,201202,201203,201204,201205,201206,201207,201306,201309,201311,201401,201403,201404,201405,201409,201501,201601,201801],"Y_PREVALENCE_1000PP":[0.00477,0.00394,0.00295,0.00291,0.00234,0.00209,0.00377,0.00265,0.00217,0.00182,0.00166,0.00219,0.00299,0.00188,0.00214,0.00158,0.00184,0.00156,0.00206,0.00154,0.00256,0.00153,0.00177,0.00193,0.00143,0.00142,0.00232,0.00185,0.00161,0.00181,0.00158,0.00246,0.00219,0.00131,0.00173,0.00238,0.00256,0.00214,0.00234,0.00234,0.0021,0.00124,0.00145,0.00165,0.00123,0.00223,0.00201,0.00161,0.00139,0.00138,0.00136,0.00136,0.00233,0.00155,0.00115,0.0019,0.00113,0.00113,0.00151,0.00113,0.00113,0.00113,0.00133,0.00152,0.00191,0.00134,0.00152,0.00147,0.00164,0.00219,0.00109,0.00218,0.00182,0.00109,0.00127,0.00127,0.00127,0.00109,0.00149,0.00185,0.00169,0.00115,0.00172,0.00153,0.00153,0.00159,0.00125,0.00148,0.00247]},"CONDITIONS_BY_TYPE":{"CONCEPT_NAME":"Observation recorded from EHR","COUNT_VALUE":1284},"AGE_AT_FIRST_DIAGNOSIS":{"CATEGORY":["MALE","FEMALE"],"MIN_VALUE":[1,2],"P10_VALUE":[10,9],"P25_VALUE":[16,21],"MEDIAN_VALUE":[30,42],"P75_VALUE":[44,61],"P90_VALUE":[57,80],"MAX_VALUE":[96,100]}}
