{"PREVALENCE_BY_GENDER_AGE_YEAR":{"TRELLIS_NAME":["50-59","60-69","60-69","60-69","40-49","40-49","50-59","40-49","60-69","40-49","60-69","40-49","50-59","50-59","40-49","50-59","60-69","50-59","40-49","30-39","40-49","50-59","40-49","40-49","60-69","70-79","30-39","40-49","70-79","50-59","40-49","70-79","50-59","60-69","40-49","40-49","40-49","40-49","50-59","60-69"],"SERIES_NAME":["MALE","FEMALE","MALE","MALE","FEMALE","FEMALE","MALE","MALE","FEMALE","MALE","MALE","FEMALE","MALE","FEMALE","MALE","FEMALE","FEMALE","MALE","FEMALE","FEMALE","FEMALE","MALE","FEMALE","MALE","FEMALE","FEMALE","FEMALE","MALE","MALE","FEMALE","FEMALE","FEMALE","MALE","MALE","MALE","MALE","FEMALE","FEMALE","FEMALE","FEMALE"],"X_CALENDAR_YEAR":[2006,2007,2007,2008,2008,2009,2009,2009,2009,2010,2010,2010,2011,2011,2012,2012,2012,2012,2012,2013,2013,2013,2014,2014,2014,2014,2014,2015,2015,2015,2015,2015,2015,2016,2016,2017,2017,2018,2018,2018],"Y_PREVALENCE_1000PP":[0.02129,0.02072,0.02104,0.02342,0.01656,0.02341,0.02786,0.01565,0.02905,0.01776,0.01924,0.02319,0.02383,0.01625,0.01559,0.02147,0.0244,0.0184,0.01613,0.01487,0.01869,0.02586,0.02021,0.01713,0.02249,0.03141,0.01577,0.01651,0.04392,0.02922,0.01983,0.02929,0.0259,0.02599,0.02336,0.02268,0.02745,0.04032,0.02971,0.04336]},"PREVALENCE_BY_MONTH":{"X_CALENDAR_MONTH":[200605,200611,200612,200703,200708,200712,200801,200810,200901,200903,200904,200910,200912,201002,201103,201106,201110,201201,201202,201205,201208,201301,201303,201305,201306,201311,201403,201406,201407,201408,201410,201412,201501,201506,201508,201509,201511,201512,201602,201707,201808,201809,201812],"Y_PREVALENCE_1000PP":[0.00129,0.00126,0.00126,0.00124,0.00141,0.00117,0.00116,0.00114,0.00151,0.00113,0.00113,0.00113,0.00114,0.00114,0.0013,0.00166,0.00127,0.00109,0.00109,0.00127,0.00127,0.0011,0.00111,0.00111,0.00111,0.00113,0.00153,0.00155,0.00137,0.00118,0.00121,0.00145,0.00166,0.0018,0.00135,0.0018,0.00237,0.00197,0.00174,0.00175,0.00223,0.00224,0.0023]},"CONDITIONS_BY_TYPE":{"CONCEPT_NAME":"Observation recorded from EHR","COUNT_VALUE":668},"AGE_AT_FIRST_DIAGNOSIS":{"CATEGORY":["MALE","FEMALE"],"MIN_VALUE":[19,8],"P10_VALUE":[39,36],"P25_VALUE":[45,44],"MEDIAN_VALUE":[56,54],"P75_VALUE":[65,67],"P90_VALUE":[77,79],"MAX_VALUE":[89,97]}}
