{"PREVALENCE_BY_GENDER_AGE_YEAR":{"TRELLIS_NAME":["0-9","10-19","10-19","0-9","0-9","10-19","10-19","0-9","10-19","0-9","0-9","10-19","10-19","0-9","10-19","0-9","10-19","10-19","0-9","10-19","0-9","10-19","10-19","0-9","10-19","10-19","0-9","10-19","0-9","10-19","10-19","0-9","10-19"],"SERIES_NAME":["MALE","MALE","MALE","MALE","MALE","MALE","MALE","MALE","MALE","MALE","MALE","MALE","MALE","MALE","FEMALE","MALE","MALE","MALE","MALE","FEMALE","MALE","FEMALE","MALE","MALE","MALE","FEMALE","MALE","MALE","FEMALE","MALE","FEMALE","MALE","MALE"],"X_CALENDAR_YEAR":[2006,2006,2007,2007,2008,2008,2009,2009,2010,2010,2011,2011,2012,2012,2012,2013,2013,2014,2014,2014,2015,2015,2015,2016,2016,2017,2017,2017,2018,2018,2018,2018,2019],"Y_PREVALENCE_1000PP":[0.02057,0.04121,0.05439,0.03196,0.0216,0.04339,0.03073,0.03036,0.05517,0.02674,0.03729,0.03633,0.04893,0.0396,0.03271,0.02809,0.07034,0.05504,0.0476,0.02396,0.05212,0.026,0.06358,0.06586,0.08386,0.03362,0.08216,0.07403,0.04682,0.08784,0.04275,0.08942,0.03405]},"PREVALENCE_BY_MONTH":{"X_CALENDAR_MONTH":[200409,200605,200705,200710,200906,200907,200912,201009,201108,201109,201202,201207,201210,201305,201307,201310,201401,201403,201404,201409,201412,201502,201503,201504,201505,201506,201508,201509,201601,201602,201603,201606,201608,201609,201703,201708,201711,201801,201802,201808,201809],"Y_PREVALENCE_1000PP":[0.00139,0.00129,0.00123,0.00118,0.00151,0.00113,0.00133,0.00114,0.00128,0.00109,0.00109,0.00109,0.00127,0.00167,0.0013,0.00168,0.00115,0.00115,0.00134,0.00198,0.00124,0.00125,0.00173,0.0013,0.0013,0.0018,0.00135,0.00135,0.00173,0.00174,0.0015,0.00154,0.00187,0.00161,0.00227,0.00265,0.00302,0.00185,0.00216,0.00191,0.00288]},"CONDITIONS_BY_TYPE":{"CONCEPT_NAME":"Observation recorded from EHR","COUNT_VALUE":845},"AGE_AT_FIRST_DIAGNOSIS":{"CATEGORY":["MALE","FEMALE"],"MIN_VALUE":[0,0],"P10_VALUE":[6,7],"P25_VALUE":[8,9],"MEDIAN_VALUE":[11,16],"P75_VALUE":[15,43],"P90_VALUE":[40,60],"MAX_VALUE":[89,87]}}
