{"PREVALENCE_BY_GENDER_AGE_YEAR":{"TRELLIS_NAME":["30-39","50-59","30-39","60-69","20-29","40-49","50-59","50-59","50-59","30-39","20-29","60-69","40-49","60-69","40-49","30-39","40-49","60-69","30-39","50-59","30-39","20-29","40-49","30-39","40-49","20-29","50-59","30-39","40-49","50-59","60-69","70-79","60-69","70-79","20-29","40-49","50-59","40-49","20-29","30-39","30-39","40-49","50-59","30-39","30-39","40-49","60-69","50-59","60-69","20-29","20-29","60-69","30-39","40-49","60-69","70-79","50-59","20-29","30-39","20-29","50-59","40-49","30-39","40-49","50-59","20-29","60-69","70-79","50-59","30-39","20-29","40-49","60-69","30-39","50-59","30-39","70-79","10-19","40-49","50-59","40-49","20-29","60-69","50-59","30-39","40-49","60-69","40-49","50-59","20-29","30-39","20-29","20-29","40-49","40-49","50-59","30-39","30-39","50-59","40-49","50-59","50-59","60-69","30-39","30-39","40-49","60-69","40-49","20-29","30-39","40-49","50-59"],"SERIES_NAME":["FEMALE","FEMALE","MALE","MALE","FEMALE","FEMALE","MALE","MALE","FEMALE","FEMALE","FEMALE","FEMALE","FEMALE","MALE","MALE","MALE","MALE","FEMALE","FEMALE","FEMALE","MALE","FEMALE","FEMALE","MALE","MALE","FEMALE","FEMALE","FEMALE","FEMALE","MALE","FEMALE","FEMALE","MALE","FEMALE","MALE","FEMALE","FEMALE","MALE","FEMALE","FEMALE","MALE","FEMALE","MALE","MALE","FEMALE","MALE","MALE","FEMALE","FEMALE","MALE","FEMALE","MALE","FEMALE","FEMALE","FEMALE","MALE","MALE","FEMALE","MALE","MALE","FEMALE","MALE","FEMALE","MALE","MALE","FEMALE","FEMALE","FEMALE","FEMALE","MALE","MALE","FEMALE","FEMALE","MALE","MALE","FEMALE","FEMALE","FEMALE","MALE","FEMALE","FEMALE","FEMALE","MALE","FEMALE","MALE","MALE","FEMALE","FEMALE","MALE","FEMALE","FEMALE","MALE","FEMALE","FEMALE","MALE","MALE","MALE","FEMALE","FEMALE","MALE","MALE","FEMALE","MALE","MALE","FEMALE","FEMALE","FEMALE","FEMALE","FEMALE","FEMALE","MALE","FEMALE"],"X_CALENDAR_YEAR":[2006,2006,2006,2006,2006,2006,2006,2007,2007,2007,2007,2007,2007,2007,2007,2007,2008,2008,2008,2008,2008,2008,2008,2009,2009,2009,2009,2009,2009,2009,2009,2009,2010,2010,2010,2010,2010,2010,2010,2010,2010,2011,2011,2011,2011,2011,2011,2011,2011,2011,2011,2012,2012,2012,2012,2012,2012,2012,2012,2012,2012,2012,2013,2013,2013,2013,2013,2013,2013,2013,2013,2013,2014,2014,2014,2014,2014,2014,2014,2014,2014,2014,2014,2015,2015,2015,2015,2015,2015,2015,2015,2015,2016,2016,2016,2016,2016,2016,2016,2017,2017,2017,2017,2017,2017,2017,2017,2018,2018,2018,2018,2018],"Y_PREVALENCE_1000PP":[0.02115,0.02505,0.03074,0.0275,0.01753,0.0318,0.03042,0.02303,0.02959,0.03292,0.02693,0.02072,0.03666,0.03857,0.01625,0.01965,0.01801,0.02973,0.03272,0.04623,0.02198,0.01546,0.03785,0.01721,0.02012,0.03811,0.02293,0.02776,0.04681,0.0195,0.03228,0.03649,0.02245,0.03176,0.02629,0.03478,0.03648,0.03552,0.01521,0.04268,0.02705,0.05912,0.03707,0.02923,0.02975,0.0481,0.01872,0.05959,0.03346,0.02056,0.02471,0.01882,0.02985,0.06914,0.03964,0.05592,0.03943,0.0197,0.02462,0.02312,0.03758,0.0401,0.04957,0.01581,0.02586,0.01973,0.01822,0.0306,0.0316,0.01728,0.01805,0.04206,0.02249,0.02367,0.02943,0.04993,0.03141,0.02738,0.02937,0.04892,0.05305,0.02884,0.03314,0.03507,0.02304,0.02477,0.02795,0.03683,0.03166,0.02612,0.04604,0.02432,0.0313,0.03447,0.03004,0.02697,0.02708,0.06748,0.05477,0.03023,0.0335,0.05288,0.03929,0.02585,0.04408,0.08626,0.04308,0.05375,0.03959,0.041,0.02579,0.04669]},"PREVALENCE_BY_MONTH":{"X_CALENDAR_MONTH":[200509,200511,200512,200602,200603,200604,200605,200606,200607,200609,200610,200611,200612,200701,200702,200703,200704,200705,200706,200707,200708,200709,200710,200712,200802,200803,200804,200806,200807,200808,200809,200810,200811,200812,200901,200902,200903,200907,200908,200909,200910,200911,200912,201002,201003,201004,201005,201006,201007,201008,201009,201010,201011,201012,201101,201102,201103,201104,201105,201106,201107,201108,201109,201110,201111,201112,201201,201202,201203,201204,201205,201206,201207,201208,201209,201210,201211,201212,201301,201302,201303,201304,201305,201306,201308,201309,201310,201311,201312,201401,201402,201403,201404,201405,201406,201407,201408,201409,201411,201412,201502,201503,201504,201505,201506,201507,201508,201509,201510,201511,201512,201601,201603,201604,201605,201606,201607,201608,201609,201610,201611,201612,201701,201702,201703,201704,201705,201707,201708,201709,201710,201711,201802,201803,201804,201805,201806,201807,201808,201809,201811,201901,201902],"Y_PREVALENCE_1000PP":[0.00132,0.00197,0.00131,0.00217,0.00152,0.00129,0.00129,0.00192,0.00235,0.00212,0.00148,0.0021,0.00147,0.00187,0.00145,0.00186,0.00227,0.00123,0.00284,0.00201,0.00301,0.00199,0.00138,0.00137,0.00233,0.00136,0.00194,0.00307,0.00172,0.00153,0.00133,0.00209,0.00189,0.0017,0.00113,0.00132,0.00151,0.00188,0.00414,0.00225,0.00151,0.0034,0.00228,0.00171,0.00247,0.00133,0.00248,0.00191,0.0021,0.00134,0.00171,0.00283,0.00225,0.00281,0.00187,0.00261,0.00389,0.00148,0.00148,0.00147,0.00294,0.00421,0.00255,0.00164,0.00255,0.00219,0.002,0.00309,0.00345,0.00182,0.00564,0.00164,0.00164,0.00272,0.00272,0.00145,0.00183,0.00147,0.0011,0.00129,0.00148,0.00148,0.00241,0.00223,0.0026,0.00167,0.00281,0.00151,0.00192,0.00344,0.00248,0.00172,0.00287,0.00192,0.00194,0.00176,0.00257,0.00278,0.00245,0.00332,0.00146,0.00302,0.00238,0.00216,0.00158,0.00157,0.00202,0.0027,0.00256,0.00284,0.00197,0.00198,0.00224,0.00225,0.00278,0.00232,0.0021,0.00214,0.00349,0.0019,0.00383,0.00274,0.00192,0.00224,0.00397,0.00228,0.00314,0.00205,0.00265,0.00236,0.00444,0.00241,0.00216,0.00247,0.00185,0.00278,0.00217,0.00252,0.00318,0.00192,0.0023,0.0023,0.00198]},"CONDITIONS_BY_TYPE":{"CONCEPT_NAME":"Observation recorded from EHR","COUNT_VALUE":1597},"AGE_AT_FIRST_DIAGNOSIS":{"CATEGORY":["MALE","FEMALE"],"MIN_VALUE":[0,0],"P10_VALUE":[25,24],"P25_VALUE":[34,34],"MEDIAN_VALUE":[46,45],"P75_VALUE":[58,56],"P90_VALUE":[69,67],"MAX_VALUE":[88,86]}}
