{"PREVALENCE_BY_GENDER_AGE_YEAR":{"TRELLIS_NAME":["70-79","70-79","60-69","80-89","60-69","70-79","60-69","70-79","70-79","80-89","70-79","80-89","80-89","70-79","70-79","80-89","80-89","70-79","60-69","80-89","70-79","70-79","80-89","60-69","60-69","80-89","70-79","70-79","80-89","80-89","70-79","80-89","70-79","60-69","90-99","80-89","60-69","80-89","70-79","70-79","80-89","70-79","60-69","80-89","70-79","80-89","70-79","80-89","60-69","70-79","60-69","70-79","70-79","90-99","80-89","80-89","80-89","80-89","70-79","60-69","70-79","60-69","70-79","80-89","80-89","70-79","60-69","80-89","70-79","80-89","80-89","80-89","70-79","60-69","70-79","80-89","70-79","80-89","80-89","80-89","70-79","80-89","70-79"],"SERIES_NAME":["MALE","MALE","MALE","MALE","MALE","MALE","MALE","MALE","FEMALE","MALE","MALE","FEMALE","MALE","FEMALE","MALE","FEMALE","MALE","FEMALE","MALE","FEMALE","MALE","FEMALE","MALE","MALE","MALE","FEMALE","FEMALE","MALE","MALE","FEMALE","MALE","MALE","FEMALE","MALE","FEMALE","FEMALE","MALE","MALE","MALE","FEMALE","MALE","MALE","MALE","FEMALE","FEMALE","MALE","FEMALE","FEMALE","MALE","MALE","MALE","MALE","FEMALE","MALE","MALE","FEMALE","MALE","FEMALE","MALE","MALE","MALE","MALE","FEMALE","MALE","FEMALE","MALE","MALE","FEMALE","FEMALE","MALE","FEMALE","MALE","MALE","MALE","FEMALE","MALE","MALE","MALE","FEMALE","MALE","MALE","MALE","MALE"],"X_CALENDAR_YEAR":[1998,1999,1999,2000,2000,2000,2001,2001,2001,2001,2002,2002,2002,2002,2003,2003,2003,2003,2003,2004,2004,2004,2004,2004,2005,2005,2005,2005,2005,2006,2006,2006,2006,2006,2006,2007,2007,2007,2007,2007,2008,2008,2008,2008,2008,2009,2009,2009,2009,2009,2010,2010,2010,2010,2010,2010,2011,2011,2011,2011,2012,2012,2012,2012,2012,2013,2013,2013,2013,2013,2014,2014,2014,2014,2014,2015,2015,2016,2016,2017,2017,2018,2018],"Y_PREVALENCE_1000PP":[0.11967,0.19445,0.09137,0.26363,0.07134,0.23126,0.07445,0.17371,0.04859,0.40041,0.14473,0.06752,0.3444,0.04963,0.21583,0.11794,0.33598,0.05354,0.0946,0.13497,0.19698,0.08239,0.24851,0.05337,0.08033,0.14571,0.04252,0.19627,0.20694,0.04657,0.18722,0.37607,0.03064,0.04321,0.18166,0.07939,0.04559,0.41707,0.20539,0.0521,0.23696,0.08556,0.03345,0.06947,0.03681,0.26441,0.03649,0.12401,0.02951,0.11062,0.0481,0.12532,0.03629,0.41311,0.27092,0.05551,0.25242,0.0687,0.13822,0.01872,0.14234,0.02509,0.04904,0.24831,0.06206,0.06447,0.04065,0.04177,0.0306,0.18421,0.05122,0.14803,0.08124,0.04308,0.02692,0.19409,0.07138,0.08166,0.05771,0.10579,0.08254,0.11766,0.05315]},"PREVALENCE_BY_MONTH":{"X_CALENDAR_MONTH":[199905,199908,200001,200004,200009,200010,200012,200101,200102,200104,200105,200106,200107,200110,200111,200201,200204,200205,200209,200210,200212,200302,200304,200305,200306,200307,200308,200309,200310,200311,200312,200401,200402,200403,200406,200407,200408,200409,200410,200411,200412,200501,200502,200503,200504,200505,200507,200508,200509,200510,200511,200512,200601,200602,200604,200605,200606,200607,200608,200609,200610,200611,200612,200701,200702,200703,200704,200705,200706,200707,200708,200709,200710,200711,200712,200801,200802,200805,200806,200808,200809,200812,200901,200902,200903,200904,200905,200908,200910,200911,200912,201001,201002,201003,201004,201006,201007,201008,201009,201010,201012,201102,201103,201104,201105,201107,201108,201109,201111,201112,201201,201202,201203,201204,201205,201206,201208,201209,201210,201301,201303,201306,201308,201310,201311,201312,201409,201410,201412,201505,201509,201510,201512],"Y_PREVALENCE_1000PP":[0.00447,0.00368,0.00315,0.00261,0.00242,0.0032,0.00313,0.00295,0.00217,0.00313,0.0024,0.00201,0.00198,0.00217,0.00215,0.00205,0.00223,0.00222,0.00217,0.00215,0.00161,0.00211,0.00183,0.00235,0.00234,0.00309,0.0018,0.00281,0.0028,0.0038,0.00151,0.00148,0.00173,0.00314,0.00188,0.00163,0.00418,0.00208,0.00276,0.00206,0.00138,0.00204,0.00339,0.00316,0.00226,0.0018,0.00311,0.00155,0.00154,0.00132,0.00131,0.00153,0.00195,0.00195,0.00237,0.0015,0.00192,0.00128,0.00149,0.00212,0.00148,0.00189,0.00231,0.00125,0.00249,0.00228,0.00206,0.00205,0.00122,0.00181,0.00301,0.0012,0.00216,0.00234,0.00156,0.00136,0.00116,0.00116,0.00173,0.00134,0.00114,0.0017,0.00151,0.00113,0.00113,0.0017,0.00132,0.00113,0.00151,0.00264,0.00209,0.0017,0.00247,0.00171,0.00171,0.00115,0.00115,0.00134,0.0019,0.00132,0.00225,0.00131,0.00111,0.0013,0.00166,0.00147,0.0011,0.00127,0.00182,0.00109,0.00146,0.00127,0.00164,0.00218,0.00218,0.00109,0.00109,0.00127,0.00163,0.00128,0.0013,0.0013,0.00148,0.00168,0.00169,0.00173,0.00139,0.00182,0.0027,0.00195,0.00157,0.00163,0.00197]},"CONDITIONS_BY_TYPE":{"CONCEPT_NAME":"Observation recorded from EHR","COUNT_VALUE":1564},"AGE_AT_FIRST_DIAGNOSIS":{"CATEGORY":["FEMALE","MALE"],"MIN_VALUE":[43,22],"P10_VALUE":[71,65],"P25_VALUE":[76,70],"MEDIAN_VALUE":[81,77],"P75_VALUE":[86,83],"P90_VALUE":[91,87],"MAX_VALUE":[99,101]}}
