{"PREVALENCE_BY_GENDER_AGE_YEAR":{"TRELLIS_NAME":["50-59","30-39","40-49","50-59","40-49","60-69","20-29","80-89","10-19","20-29","50-59","0-9","30-39","60-69","80-89","0-9","70-79","70-79","40-49","50-59","60-69","20-29","10-19","30-39","40-49","80-89","10-19","80-89","40-49","20-29","60-69","0-9","30-39","30-39","70-79","70-79","60-69","50-59","40-49","50-59","10-19"],"SERIES_NAME":["FEMALE","FEMALE","MALE","MALE","FEMALE","FEMALE","FEMALE","MALE","FEMALE","MALE","FEMALE","MALE","FEMALE","FEMALE","FEMALE","FEMALE","FEMALE","MALE","MALE","MALE","MALE","FEMALE","MALE","MALE","FEMALE","FEMALE","FEMALE","MALE","FEMALE","FEMALE","MALE","MALE","MALE","FEMALE","MALE","FEMALE","FEMALE","MALE","MALE","FEMALE","MALE"],"X_CALENDAR_YEAR":[2016,2016,2016,2016,2016,2016,2016,2017,2017,2017,2017,2017,2017,2017,2017,2017,2017,2017,2017,2017,2017,2017,2017,2017,2017,2018,2018,2018,2018,2018,2018,2018,2018,2018,2018,2018,2018,2018,2018,2018,2018],"Y_PREVALENCE_1000PP":[0.02738,0.03374,0.02002,0.02023,0.03102,0.02935,0.02087,0.10579,0.09126,0.04458,0.24552,0.03892,0.09918,0.32552,0.23775,0.04984,0.39939,0.15819,0.05291,0.09305,0.16697,0.10509,0.07403,0.05169,0.19997,0.35318,0.0481,0.36979,0.14782,0.09679,0.11596,0.03974,0.03284,0.07379,0.12908,0.35477,0.33062,0.07914,0.04728,0.19948,0.03617]},"PREVALENCE_BY_MONTH":{"X_CALENDAR_MONTH":[201601,201610,201611,201701,201702,201705,201707,201708,201711,201712,201801,201802,201803,201804,201805,201806,201807],"Y_PREVALENCE_1000PP":[0.00594,0.00244,0.00849,0.0649,0.0028,0.00685,0.00205,0.00177,0.01839,0.04537,0.00216,0.01453,0.01668,0.01543,0.03548,0.0626,0.02806]},"CONDITIONS_BY_TYPE":{"CONCEPT_NAME":"Observation recorded from EHR","COUNT_VALUE":1328},"AGE_AT_FIRST_DIAGNOSIS":{"CATEGORY":["MALE","FEMALE"],"MIN_VALUE":[2,1],"P10_VALUE":[10,25],"P25_VALUE":[33,42],"MEDIAN_VALUE":[55,57],"P75_VALUE":[69,70],"P90_VALUE":[80,79],"MAX_VALUE":[97,95]}}
