{"PREVALENCE_BY_GENDER_AGE_YEAR":{"TRELLIS_NAME":["10-19","0-9","10-19","10-19","0-9","10-19","0-9","10-19","0-9","10-19","0-9","10-19","20-29","10-19","0-9","10-19","0-9","10-19","0-9","10-19","20-29","0-9","10-19","20-29","0-9","0-9","10-19","0-9","0-9","20-29","10-19","10-19","10-19","0-9","0-9","10-19","0-9","20-29","10-19","20-29","0-9","10-19","0-9","10-19","10-19","0-9","0-9","0-9","10-19","10-19","20-29","0-9","0-9","20-29","10-19","10-19","10-19","20-29","20-29","0-9","0-9","10-19","10-19","10-19","0-9","0-9","0-9","10-19","10-19","0-9","20-29","0-9","0-9","10-19","10-19","10-19","10-19","0-9","10-19","0-9","10-19","10-19"],"SERIES_NAME":["FEMALE","FEMALE","MALE","FEMALE","FEMALE","FEMALE","FEMALE","MALE","MALE","MALE","FEMALE","FEMALE","FEMALE","MALE","FEMALE","FEMALE","MALE","MALE","FEMALE","FEMALE","FEMALE","MALE","FEMALE","FEMALE","FEMALE","MALE","MALE","FEMALE","MALE","FEMALE","FEMALE","MALE","MALE","MALE","FEMALE","FEMALE","FEMALE","FEMALE","FEMALE","MALE","MALE","MALE","FEMALE","FEMALE","MALE","MALE","FEMALE","MALE","MALE","FEMALE","FEMALE","FEMALE","MALE","FEMALE","FEMALE","MALE","FEMALE","MALE","FEMALE","MALE","FEMALE","MALE","MALE","FEMALE","FEMALE","MALE","MALE","FEMALE","MALE","FEMALE","FEMALE","MALE","FEMALE","MALE","FEMALE","MALE","FEMALE","FEMALE","FEMALE","FEMALE","MALE","FEMALE"],"X_CALENDAR_YEAR":[2000,2000,2000,2001,2001,2002,2002,2002,2003,2003,2003,2003,2003,2004,2004,2004,2004,2005,2005,2005,2005,2005,2006,2006,2006,2006,2006,2007,2007,2007,2007,2007,2008,2008,2008,2008,2009,2009,2009,2009,2009,2009,2010,2010,2010,2010,2011,2011,2011,2011,2011,2012,2012,2012,2012,2012,2013,2013,2013,2013,2013,2013,2014,2014,2014,2014,2015,2015,2015,2015,2015,2016,2016,2016,2016,2017,2017,2017,2018,2018,2018,2019],"Y_PREVALENCE_1000PP":[0.07108,0.07682,0.06144,0.05985,0.08103,0.08277,0.08108,0.06333,0.02482,0.05043,0.08456,0.10561,0.02177,0.03397,0.07638,0.06862,0.03384,0.05771,0.10338,0.08566,0.04067,0.02523,0.06567,0.02045,0.07962,0.04114,0.05839,0.08395,0.03196,0.01616,0.06442,0.05119,0.04648,0.03703,0.08427,0.0791,0.06363,0.01778,0.09132,0.0158,0.02125,0.0461,0.04978,0.06376,0.03065,0.03862,0.06293,0.02869,0.04541,0.05893,0.01977,0.05327,0.06789,0.01478,0.08177,0.04587,0.09407,0.01547,0.01727,0.03652,0.06777,0.02446,0.068,0.06845,0.06544,0.04165,0.03909,0.08172,0.03532,0.06495,0.01741,0.05424,0.06098,0.04193,0.05696,0.04627,0.07685,0.08156,0.08551,0.07804,0.07234,0.03546]},"PREVALENCE_BY_MONTH":{"X_CALENDAR_MONTH":[200007,200103,200110,200111,200112,200201,200202,200203,200204,200206,200207,200208,200209,200211,200301,200302,200303,200304,200306,200307,200309,200310,200311,200312,200401,200402,200403,200404,200405,200406,200407,200408,200409,200411,200412,200501,200502,200503,200505,200506,200507,200508,200509,200510,200511,200512,200601,200602,200603,200604,200605,200606,200607,200608,200609,200610,200611,200612,200701,200702,200703,200704,200705,200706,200707,200709,200711,200712,200801,200802,200803,200804,200805,200806,200807,200808,200809,200810,200812,200901,200902,200903,200904,200905,200906,200907,200909,200910,200911,201001,201003,201004,201005,201007,201008,201009,201011,201012,201101,201103,201104,201105,201106,201107,201108,201109,201111,201203,201204,201205,201206,201207,201208,201209,201211,201212,201301,201302,201303,201304,201305,201306,201307,201308,201309,201310,201311,201312,201401,201402,201403,201404,201405,201406,201407,201408,201409,201410,201411,201412,201501,201504,201505,201506,201509,201511,201512,201602,201603,201606,201607,201612,201701,201702,201703,201705,201706,201709,201801,201805,201807,201810,201812,201901],"Y_PREVALENCE_1000PP":[0.00375,0.00211,0.00186,0.00184,0.00182,0.00235,0.00203,0.0023,0.00223,0.00193,0.00356,0.003,0.00244,0.00402,0.00265,0.00185,0.00184,0.00183,0.00182,0.00206,0.00256,0.00153,0.00177,0.00202,0.00198,0.00148,0.00242,0.00167,0.00189,0.00329,0.00187,0.00139,0.00139,0.00206,0.00229,0.00249,0.00294,0.00226,0.00158,0.00157,0.00245,0.00244,0.00154,0.00154,0.0035,0.00219,0.00216,0.00217,0.00195,0.00237,0.00236,0.00171,0.00256,0.00256,0.00149,0.00232,0.00168,0.00147,0.00166,0.00166,0.00228,0.00268,0.00143,0.00223,0.00121,0.00159,0.00117,0.00156,0.00174,0.00194,0.00195,0.00116,0.00213,0.00115,0.00172,0.00134,0.00228,0.00322,0.00132,0.00189,0.00226,0.00151,0.0017,0.00151,0.00226,0.00113,0.00131,0.00151,0.00151,0.00114,0.00171,0.00133,0.00191,0.00115,0.00153,0.00228,0.00131,0.0015,0.00112,0.00185,0.00148,0.00129,0.00258,0.00202,0.00183,0.00219,0.00182,0.00109,0.00309,0.002,0.002,0.00292,0.00145,0.00181,0.00238,0.00166,0.00202,0.00221,0.00167,0.00111,0.00167,0.00204,0.00111,0.00204,0.00259,0.00131,0.00151,0.00134,0.00153,0.00114,0.00134,0.00115,0.00134,0.00136,0.00137,0.00178,0.00119,0.00222,0.00225,0.00207,0.0027,0.0013,0.0013,0.0018,0.00247,0.00142,0.00148,0.00224,0.00174,0.00206,0.00158,0.00164,0.00192,0.00224,0.00198,0.00342,0.00175,0.00207,0.00216,0.00185,0.00221,0.00195,0.00329,0.0023]},"CONDITIONS_BY_TYPE":{"CONCEPT_NAME":"Observation recorded from EHR","COUNT_VALUE":1816},"AGE_AT_FIRST_DIAGNOSIS":{"CATEGORY":["FEMALE","MALE"],"MIN_VALUE":[0,1],"P10_VALUE":[3,4],"P25_VALUE":[6,7],"MEDIAN_VALUE":[11,11],"P75_VALUE":[18,15],"P90_VALUE":[29,23],"MAX_VALUE":[75,67]}}
