{"PREVALENCE_BY_GENDER_AGE_YEAR":{"TRELLIS_NAME":["60-69","70-79","70-79","70-79","60-69","60-69","70-79","80-89","50-59","60-69","80-89","70-79","80-89","70-79","50-59","80-89","70-79","80-89","70-79","80-89","60-69","70-79","60-69","70-79","80-89","60-69","70-79","70-79","60-69","80-89","80-89","70-79","70-79","60-69","60-69","50-59","80-89","50-59","80-89","70-79","70-79","40-49","50-59","60-69","80-89","60-69","70-79","50-59","60-69","80-89","60-69","70-79","40-49","80-89","50-59","80-89","60-69","30-39","70-79","80-89","50-59","60-69","50-59","60-69","80-89","70-79","80-89","60-69","60-69","70-79","70-79","50-59","80-89","60-69","80-89","80-89","50-59","60-69","70-79","60-69","80-89","70-79","60-69","80-89","50-59","30-39","40-49","70-79","80-89","60-69","50-59","70-79","70-79","50-59","80-89","60-69","70-79","80-89","60-69","60-69","70-79","70-79","70-79","80-89","70-79","60-69","60-69","60-69"],"SERIES_NAME":["MALE","MALE","FEMALE","FEMALE","MALE","FEMALE","MALE","FEMALE","FEMALE","MALE","MALE","MALE","FEMALE","FEMALE","MALE","FEMALE","FEMALE","MALE","MALE","MALE","FEMALE","MALE","MALE","FEMALE","FEMALE","FEMALE","FEMALE","MALE","MALE","FEMALE","MALE","MALE","FEMALE","MALE","FEMALE","MALE","FEMALE","FEMALE","MALE","MALE","FEMALE","FEMALE","FEMALE","FEMALE","FEMALE","MALE","FEMALE","FEMALE","MALE","FEMALE","FEMALE","MALE","FEMALE","MALE","MALE","FEMALE","FEMALE","FEMALE","FEMALE","MALE","FEMALE","MALE","MALE","MALE","MALE","FEMALE","FEMALE","FEMALE","FEMALE","MALE","FEMALE","FEMALE","FEMALE","MALE","MALE","FEMALE","FEMALE","FEMALE","FEMALE","MALE","MALE","FEMALE","MALE","FEMALE","MALE","MALE","MALE","MALE","FEMALE","MALE","MALE","MALE","FEMALE","MALE","MALE","FEMALE","FEMALE","MALE","FEMALE","MALE","MALE","FEMALE","FEMALE","FEMALE","MALE","MALE","FEMALE","FEMALE"],"X_CALENDAR_YEAR":[1998,1999,1999,2000,2000,2000,2000,2000,2001,2001,2001,2001,2001,2001,2002,2002,2002,2002,2002,2003,2003,2003,2003,2003,2003,2004,2004,2004,2004,2004,2004,2005,2005,2005,2005,2005,2005,2005,2006,2006,2006,2006,2006,2006,2006,2006,2007,2007,2007,2007,2007,2007,2007,2007,2007,2008,2008,2008,2008,2008,2008,2008,2009,2009,2009,2009,2009,2009,2010,2010,2010,2010,2010,2010,2010,2011,2011,2011,2011,2011,2011,2012,2012,2012,2012,2012,2012,2012,2013,2013,2013,2013,2013,2014,2014,2014,2014,2015,2015,2015,2015,2015,2016,2016,2016,2016,2017,2018],"Y_PREVALENCE_1000PP":[0.08819,0.13889,0.06491,0.06932,0.05548,0.0695,0.09911,0.17057,0.02659,0.06824,0.12012,0.06948,0.07712,0.04165,0.02268,0.11575,0.06204,0.10332,0.09903,0.11199,0.03922,0.07914,0.05477,0.06544,0.07258,0.04819,0.05493,0.05909,0.03558,0.10967,0.08771,0.07597,0.07441,0.02959,0.04168,0.02198,0.08904,0.02263,0.07781,0.05435,0.06639,0.0159,0.02192,0.05417,0.07762,0.0275,0.06158,0.01775,0.02455,0.06496,0.03108,0.08326,0.01466,0.0715,0.01727,0.09031,0.02312,0.01762,0.05522,0.16925,0.01734,0.04349,0.02229,0.03606,0.07712,0.05017,0.05512,0.01937,0.04714,0.05222,0.06805,0.01684,0.06245,0.03207,0.07586,0.06183,0.02979,0.02434,0.04023,0.03431,0.08414,0.04904,0.02195,0.04827,0.0184,0.01477,0.01782,0.03559,0.04177,0.02189,0.0181,0.0496,0.04808,0.01873,0.09516,0.02249,0.0359,0.09133,0.02795,0.02164,0.04941,0.04881,0.03962,0.06733,0.04443,0.02599,0.0383,0.03794]},"PREVALENCE_BY_MONTH":{"X_CALENDAR_MONTH":[199704,199707,199803,199812,199902,199907,199910,199912,200001,200002,200003,200007,200009,200104,200107,200109,200110,200201,200203,200204,200205,200207,200208,200209,200210,200211,200302,200303,200304,200305,200306,200307,200308,200309,200310,200311,200401,200402,200404,200405,200406,200409,200410,200501,200503,200504,200506,200507,200509,200510,200511,200512,200601,200602,200604,200605,200606,200607,200608,200609,200610,200612,200701,200702,200703,200704,200707,200708,200709,200710,200712,200802,200803,200804,200805,200806,200808,200809,200811,200812,200901,200902,200903,200904,200905,200906,200908,200909,200910,201001,201002,201003,201004,201006,201008,201009,201010,201011,201012,201101,201102,201103,201104,201105,201107,201108,201109,201111,201203,201204,201205,201206,201207,201208,201210,201212,201304,201305,201306,201307,201309,201311,201312,201403,201404,201405,201407,201409,201410,201502,201503,201507,201510,201511,201603,201604,201708,201801],"Y_PREVALENCE_1000PP":[0.00718,0.00739,0.00579,0.00438,0.00403,0.0056,0.00338,0.00346,0.0045,0.00314,0.00397,0.00375,0.00524,0.00313,0.00496,0.00254,0.00186,0.00293,0.00172,0.00167,0.00194,0.00302,0.00273,0.00326,0.00161,0.00188,0.00238,0.00184,0.00183,0.00313,0.00182,0.0018,0.0018,0.00204,0.00204,0.00152,0.00222,0.0032,0.0019,0.00189,0.00329,0.00254,0.0023,0.00226,0.00203,0.00135,0.00224,0.00133,0.00307,0.00132,0.00219,0.00197,0.00173,0.0013,0.00129,0.00172,0.00256,0.00171,0.0017,0.00255,0.00169,0.00126,0.00166,0.00249,0.00228,0.00124,0.00201,0.00201,0.00199,0.00157,0.00117,0.00214,0.00117,0.00194,0.00174,0.00192,0.0021,0.00152,0.00246,0.00114,0.00132,0.00151,0.00188,0.0017,0.0017,0.00113,0.00113,0.00113,0.00151,0.00114,0.0019,0.00171,0.00171,0.00153,0.00191,0.0019,0.00226,0.00187,0.00113,0.00112,0.00205,0.0013,0.0013,0.00148,0.00165,0.00128,0.002,0.00201,0.00127,0.00145,0.00127,0.002,0.00182,0.00145,0.00163,0.00202,0.0013,0.0013,0.0013,0.00111,0.00111,0.00132,0.0023,0.0023,0.00153,0.00115,0.00176,0.00139,0.00162,0.00125,0.00129,0.00202,0.00163,0.00166,0.00224,0.00175,0.00177,0.00185]},"CONDITIONS_BY_TYPE":{"CONCEPT_NAME":"Observation recorded from EHR","COUNT_VALUE":1724},"AGE_AT_FIRST_DIAGNOSIS":{"CATEGORY":["FEMALE","MALE"],"MIN_VALUE":[2,1],"P10_VALUE":[38,36],"P25_VALUE":[56,53],"MEDIAN_VALUE":[68,67],"P75_VALUE":[79,77],"P90_VALUE":[85,85],"MAX_VALUE":[97,96]}}
