{"PREVALENCE_BY_GENDER_AGE_YEAR":{"TRELLIS_NAME":["60-69","40-49","90-99","50-59","70-79","50-59","80-89","80-89","60-69","60-69","70-79","40-49","70-79","30-39","60-69","80-89","50-59","80-89","20-29","60-69","50-59","70-79","90-99","40-49","60-69","80-89","70-79","80-89","50-59","30-39","70-79","40-49","40-49","90-99","50-59","60-69","20-29","40-49","60-69","50-59","70-79","50-59","30-39","70-79","90-99","80-89","80-89","40-49","60-69","90-99","70-79","70-79","30-39","40-49","40-49","50-59","80-89","60-69","60-69","50-59","30-39","80-89","90-99","90-99","60-69","70-79","80-89","70-79","50-59","60-69","80-89","50-59","40-49","60-69","60-69","40-49","50-59","70-79","80-89","50-59","70-79","80-89","40-49","70-79","50-59","50-59","90-99","70-79","40-49","90-99","80-89","60-69","80-89","60-69","80-89","70-79","60-69","60-69","70-79","80-89"],"SERIES_NAME":["MALE","FEMALE","FEMALE","FEMALE","FEMALE","MALE","FEMALE","MALE","MALE","FEMALE","MALE","FEMALE","MALE","MALE","FEMALE","MALE","FEMALE","FEMALE","MALE","MALE","MALE","FEMALE","FEMALE","MALE","FEMALE","MALE","FEMALE","FEMALE","MALE","FEMALE","MALE","FEMALE","MALE","FEMALE","FEMALE","MALE","MALE","MALE","MALE","MALE","MALE","FEMALE","FEMALE","FEMALE","FEMALE","FEMALE","MALE","FEMALE","FEMALE","FEMALE","MALE","FEMALE","MALE","MALE","FEMALE","MALE","MALE","FEMALE","MALE","FEMALE","FEMALE","FEMALE","MALE","FEMALE","FEMALE","MALE","FEMALE","FEMALE","MALE","MALE","MALE","FEMALE","FEMALE","MALE","FEMALE","MALE","MALE","MALE","FEMALE","FEMALE","FEMALE","MALE","FEMALE","FEMALE","MALE","FEMALE","FEMALE","MALE","MALE","MALE","MALE","FEMALE","FEMALE","MALE","FEMALE","MALE","FEMALE","MALE","FEMALE","MALE"],"X_CALENDAR_YEAR":[2010,2011,2011,2011,2011,2011,2011,2011,2011,2011,2011,2012,2012,2012,2012,2012,2012,2012,2012,2012,2012,2012,2012,2012,2013,2013,2013,2013,2013,2013,2013,2013,2013,2013,2013,2013,2014,2014,2014,2014,2014,2014,2014,2014,2014,2014,2014,2014,2014,2015,2015,2015,2015,2015,2015,2015,2015,2015,2015,2015,2015,2015,2015,2016,2016,2016,2016,2016,2016,2016,2016,2016,2016,2017,2017,2017,2017,2017,2017,2017,2017,2017,2018,2018,2018,2018,2018,2018,2018,2018,2018,2018,2018,2018,2019,2019,2019,2019,2019,2019],"Y_PREVALENCE_1000PP":[0.02245,0.03183,0.19725,0.04604,0.17433,0.04767,0.19924,0.26293,0.10918,0.0943,0.17917,0.02766,0.17793,0.01723,0.09148,0.27935,0.04026,0.21376,0.01542,0.13172,0.03154,0.18725,0.16821,0.0245,0.08804,0.20468,0.14861,0.24366,0.0543,0.01735,0.16366,0.03037,0.03162,0.14188,0.06583,0.12507,0.01655,0.01713,0.11267,0.04549,0.17771,0.05707,0.01839,0.20641,0.1996,0.21221,0.30663,0.01768,0.09318,0.1888,0.24707,0.20013,0.01728,0.03302,0.017,0.03166,0.137,0.1013,0.10822,0.04383,0.01727,0.21592,0.37618,0.33015,0.12159,0.31098,0.22121,0.2094,0.0573,0.11697,0.24499,0.07873,0.05515,0.11786,0.15797,0.02268,0.07072,0.26824,0.25937,0.07932,0.25807,0.4534,0.03584,0.27972,0.07914,0.07215,0.34203,0.29613,0.02579,0.66075,0.28575,0.17886,0.26793,0.08283,0.07979,0.09603,0.05243,0.04158,0.06499,0.10865]},"PREVALENCE_BY_MONTH":{"X_CALENDAR_MONTH":[200506,201012,201101,201102,201103,201104,201105,201106,201107,201108,201109,201110,201111,201112,201201,201202,201203,201204,201205,201206,201207,201208,201209,201210,201211,201212,201301,201302,201303,201304,201305,201306,201307,201308,201309,201310,201311,201312,201401,201402,201403,201404,201405,201406,201407,201408,201409,201410,201411,201412,201501,201502,201503,201504,201505,201506,201507,201508,201509,201510,201511,201512,201601,201602,201603,201604,201605,201606,201607,201608,201609,201610,201611,201612,201701,201702,201703,201704,201705,201706,201707,201708,201709,201710,201711,201712,201801,201802,201803,201804,201805,201806,201807,201808,201809,201810,201811,201812,201901,201902,201903],"Y_PREVALENCE_1000PP":[0.00157,0.00581,0.00673,0.00523,0.00631,0.00444,0.00461,0.00405,0.0044,0.00366,0.00364,0.00491,0.00292,0.00511,0.00619,0.006,0.00545,0.00291,0.00473,0.00364,0.00692,0.00581,0.00453,0.00672,0.00366,0.00221,0.00496,0.00424,0.00722,0.00722,0.00613,0.00446,0.00556,0.00612,0.00296,0.00524,0.0032,0.00307,0.00745,0.00477,0.00612,0.00498,0.00517,0.00581,0.00725,0.00355,0.00377,0.00324,0.00409,0.00498,0.01017,0.00648,0.00798,0.00367,0.00411,0.00338,0.00562,0.00382,0.00292,0.00582,0.00639,0.00394,0.00445,0.00722,0.00548,0.00625,0.00405,0.00592,0.00525,0.00588,0.00912,0.00679,0.00712,0.00931,0.00794,0.00672,0.00907,0.0057,0.00456,0.00729,0.00673,0.00883,0.00531,0.0077,0.00935,0.0067,0.00895,0.00989,0.01266,0.00679,0.00802,0.0031,0.00189,0.00541,0.00671,0.00586,0.00755,0.00625,0.0082,0.00892,0.00594]},"CONDITIONS_BY_TYPE":{"CONCEPT_NAME":"Observation recorded from EHR","COUNT_VALUE":2574},"AGE_AT_FIRST_DIAGNOSIS":{"CATEGORY":["MALE","FEMALE"],"MIN_VALUE":[1,2],"P10_VALUE":[39,43],"P25_VALUE":[55,57],"MEDIAN_VALUE":[67,69],"P75_VALUE":[76,79],"P90_VALUE":[84,87],"MAX_VALUE":[98,99]}}
