{"PREVALENCE_BY_GENDER_AGE_YEAR":{"TRELLIS_NAME":["70-79","70-79","70-79","80-89","80-89","50-59","50-59","60-69","70-79","80-89","80-89","90-99","80-89","70-79","80-89","70-79","80-89","70-79","80-89","80-89","80-89","80-89","80-89","70-79"],"SERIES_NAME":["MALE","FEMALE","MALE","FEMALE","FEMALE","FEMALE","FEMALE","MALE","MALE","FEMALE","MALE","MALE","FEMALE","MALE","MALE","FEMALE","FEMALE","MALE","FEMALE","FEMALE","FEMALE","FEMALE","MALE","FEMALE"],"X_CALENDAR_YEAR":[2001,2002,2003,2003,2004,2004,2005,2005,2006,2006,2006,2007,2008,2008,2009,2009,2009,2009,2010,2011,2012,2013,2014,2014],"Y_PREVALENCE_1000PP":[0.05211,0.03723,0.05036,0.08165,0.05061,0.02028,0.0194,0.03382,0.05435,0.05433,0.11671,0.50117,0.04863,0.03208,0.0661,0.02736,0.04134,0.03161,0.04857,0.04809,0.04827,0.04873,0.07401,0.02692]},"PREVALENCE_BY_MONTH":{"X_CALENDAR_MONTH":[200107,200205,200207,200307,200403,200508,200509,200510,200601,200602,200607,200704,200902,200910,200911,201108,201309],"Y_PREVALENCE_1000PP":[0.00265,0.00166,0.00192,0.0018,0.00145,0.00133,0.00132,0.00132,0.0013,0.0013,0.00171,0.00165,0.00132,0.00113,0.00113,0.0011,0.00111]},"CONDITIONS_BY_TYPE":{"CONCEPT_NAME":"Observation recorded from EHR","COUNT_VALUE":674},"AGE_AT_FIRST_DIAGNOSIS":{"CATEGORY":["MALE","FEMALE"],"MIN_VALUE":[11,0],"P10_VALUE":[53,37],"P25_VALUE":[63,53],"MEDIAN_VALUE":[75,73],"P75_VALUE":[83,83],"P90_VALUE":[90,89],"MAX_VALUE":[100,99]}}
