{"PREVALENCE_BY_GENDER_AGE_YEAR":{"TRELLIS_NAME":["80-89","80-89","80-89","80-89","80-89","90-99","90-99","80-89","80-89","80-89"],"SERIES_NAME":["FEMALE","FEMALE","FEMALE","MALE","FEMALE","FEMALE","FEMALE","FEMALE","FEMALE","FEMALE"],"X_CALENDAR_YEAR":[1999,2000,2001,2001,2002,2002,2003,2003,2006,2009],"Y_PREVALENCE_1000PP":[0.15096,0.0995,0.07712,0.14014,0.09646,0.30641,0.21327,0.07258,0.0621,0.04823]},"PREVALENCE_BY_MONTH":{"X_CALENDAR_MONTH":[199912,200103,200203,200401],"Y_PREVALENCE_1000PP":[0.00396,0.00247,0.00172,0.00198]},"CONDITIONS_BY_TYPE":{"CONCEPT_NAME":"Observation recorded from EHR","COUNT_VALUE":365},"AGE_AT_FIRST_DIAGNOSIS":{"CATEGORY":["MALE","FEMALE"],"MIN_VALUE":[30,15],"P10_VALUE":[50,64],"P25_VALUE":[65,77],"MEDIAN_VALUE":[77,86],"P75_VALUE":[86,90],"P90_VALUE":[92,95],"MAX_VALUE":[102,101]}}
