{"PREVALENCE_BY_GENDER_AGE_YEAR":{"TRELLIS_NAME":["30-39","20-29","30-39","30-39","40-49","40-49","30-39","20-29","20-29","30-39","50-59","40-49","40-49","30-39","20-29","50-59","40-49","20-29","30-39","30-39","20-29","40-49","50-59","50-59","40-49","20-29","30-39","50-59","40-49","20-29","30-39","20-29","30-39","50-59","40-49","30-39","20-29","50-59","40-49","30-39","40-49","50-59","20-29","50-59","30-39","20-29","60-69","40-49","20-29","40-49","60-69","30-39","50-59","20-29","30-39","40-49","50-59","30-39","20-29","60-69","40-49","20-29","40-49","50-59","30-39","20-29","50-59","40-49","30-39","40-49"],"SERIES_NAME":["MALE","MALE","MALE","MALE","MALE","MALE","MALE","MALE","MALE","MALE","MALE","MALE","MALE","MALE","MALE","MALE","MALE","MALE","MALE","MALE","MALE","MALE","MALE","MALE","MALE","MALE","MALE","MALE","MALE","MALE","MALE","MALE","MALE","MALE","MALE","MALE","MALE","MALE","MALE","MALE","MALE","MALE","MALE","MALE","MALE","MALE","MALE","MALE","MALE","MALE","MALE","MALE","MALE","MALE","MALE","MALE","MALE","MALE","MALE","MALE","MALE","MALE","MALE","MALE","MALE","MALE","MALE","MALE","MALE","MALE"],"X_CALENDAR_YEAR":[2000,2001,2001,2002,2002,2003,2003,2003,2004,2004,2004,2004,2005,2005,2005,2006,2006,2006,2006,2007,2007,2007,2007,2008,2008,2008,2008,2009,2009,2009,2009,2010,2010,2010,2010,2011,2011,2011,2011,2012,2012,2012,2012,2013,2013,2013,2013,2013,2014,2014,2014,2014,2014,2015,2015,2015,2015,2016,2016,2016,2016,2017,2017,2017,2017,2018,2018,2018,2018,2019],"Y_PREVALENCE_1000PP":[0.02581,0.0316,0.02367,0.03605,0.02399,0.02537,0.07458,0.0378,0.04794,0.0535,0.01969,0.05948,0.04791,0.07355,0.06151,0.01825,0.04271,0.03945,0.07173,0.07616,0.0754,0.03249,0.03167,0.0197,0.06529,0.04274,0.09526,0.02229,0.04919,0.0316,0.06883,0.05522,0.09589,0.04368,0.05105,0.07794,0.0514,0.02913,0.06121,0.06646,0.05124,0.02103,0.05652,0.0181,0.09134,0.05674,0.02501,0.06099,0.07997,0.0465,0.01988,0.10255,0.03211,0.06384,0.08353,0.05228,0.03166,0.09479,0.03638,0.02599,0.0534,0.03648,0.07559,0.02233,0.08123,0.0831,0.04165,0.03868,0.07799,0.02891]},"PREVALENCE_BY_MONTH":{"X_CALENDAR_MONTH":[200207,200305,200307,200310,200311,200312,200401,200402,200404,200405,200406,200407,200409,200410,200502,200503,200504,200506,200507,200508,200510,200603,200604,200605,200607,200608,200609,200610,200611,200612,200701,200702,200703,200704,200705,200706,200707,200709,200710,200711,200712,200801,200802,200803,200804,200805,200806,200807,200808,200809,200811,200812,200901,200902,200903,200907,200908,200909,200910,200911,200912,201001,201002,201003,201004,201005,201006,201007,201008,201009,201010,201011,201012,201101,201102,201103,201104,201105,201106,201107,201108,201109,201110,201111,201112,201202,201203,201204,201205,201206,201207,201208,201209,201210,201211,201212,201301,201303,201304,201305,201306,201307,201308,201310,201311,201312,201401,201402,201403,201404,201405,201406,201407,201408,201409,201410,201411,201412,201501,201504,201505,201506,201507,201509,201511,201601,201602,201604,201605,201606,201610,201611,201703,201705,201706,201707,201708,201712,201801,201802,201803,201804,201810,201812,201902],"Y_PREVALENCE_1000PP":[0.00192,0.00209,0.00257,0.00178,0.00152,0.00151,0.00198,0.00271,0.00167,0.00142,0.00211,0.0014,0.00162,0.00138,0.00181,0.00158,0.0018,0.00179,0.002,0.00133,0.00197,0.00195,0.00129,0.00129,0.0015,0.00192,0.00127,0.00169,0.00189,0.00147,0.00249,0.00207,0.00145,0.00144,0.00164,0.00183,0.00241,0.00179,0.00118,0.00273,0.00254,0.00194,0.00136,0.00136,0.00194,0.00174,0.00173,0.00287,0.00153,0.00152,0.00189,0.0017,0.00113,0.00132,0.00151,0.0015,0.0017,0.0015,0.00151,0.00132,0.00209,0.00132,0.00114,0.0019,0.00152,0.00267,0.00172,0.00248,0.00286,0.0019,0.00113,0.00169,0.00113,0.00112,0.00112,0.00111,0.00204,0.00166,0.00147,0.00147,0.00128,0.00164,0.00254,0.00164,0.00182,0.00218,0.00109,0.00127,0.00218,0.00145,0.00109,0.00145,0.00145,0.00127,0.00146,0.0011,0.00239,0.00222,0.00204,0.00204,0.0013,0.00185,0.00167,0.00243,0.00169,0.00115,0.00134,0.00229,0.00172,0.00153,0.00192,0.00174,0.00196,0.00197,0.00238,0.00182,0.00184,0.00207,0.00228,0.0013,0.00238,0.0027,0.00135,0.00202,0.00284,0.00223,0.00149,0.0015,0.00304,0.0018,0.0019,0.00164,0.00198,0.00285,0.00175,0.00234,0.00294,0.00213,0.00185,0.00278,0.00185,0.00278,0.00195,0.00197,0.00264]},"CONDITIONS_BY_TYPE":{"CONCEPT_NAME":"Observation recorded from EHR","COUNT_VALUE":1577},"AGE_AT_FIRST_DIAGNOSIS":{"CATEGORY":"MALE","MIN_VALUE":0,"P10_VALUE":24,"P25_VALUE":30,"MEDIAN_VALUE":37,"P75_VALUE":46,"P90_VALUE":56,"MAX_VALUE":87}}
