{"PREVALENCE_BY_GENDER_AGE_YEAR":{"TRELLIS_NAME":["10-19","20-29","10-19","20-29","10-19","0-9","20-29","10-19","30-39","30-39","10-19","0-9","20-29","20-29","0-9","10-19","30-39","40-49","20-29","10-19","0-9","30-39","30-39","10-19","20-29","0-9","10-19","30-39","0-9","40-49","20-29","20-29","0-9","10-19","30-39","40-49","0-9","10-19","40-49","30-39","20-29","10-19","30-39","20-29","0-9","30-39","0-9","10-19","20-29","0-9","40-49","10-19","20-29","30-39","50-59","30-39","0-9","10-19","40-49","20-29","10-19","40-49","0-9","30-39","20-29","0-9","10-19","20-29","0-9","40-49","10-19","20-29","30-39","20-29","0-9","30-39","50-59","10-19","20-29","10-19","0-9","30-39","20-29","30-39","40-49","10-19","0-9","10-19","20-29","30-39","0-9","30-39","20-29","10-19","0-9","10-19"],"SERIES_NAME":["MALE","MALE","MALE","MALE","MALE","MALE","MALE","MALE","MALE","MALE","MALE","MALE","MALE","MALE","MALE","MALE","MALE","MALE","MALE","MALE","MALE","MALE","MALE","MALE","MALE","MALE","MALE","MALE","MALE","MALE","MALE","MALE","MALE","MALE","MALE","MALE","MALE","MALE","MALE","MALE","MALE","MALE","MALE","MALE","MALE","MALE","MALE","MALE","MALE","MALE","MALE","MALE","MALE","MALE","MALE","MALE","MALE","MALE","MALE","MALE","MALE","MALE","MALE","MALE","MALE","MALE","MALE","MALE","MALE","MALE","MALE","MALE","MALE","MALE","MALE","MALE","MALE","MALE","MALE","MALE","MALE","MALE","MALE","MALE","MALE","MALE","MALE","MALE","MALE","MALE","MALE","MALE","MALE","MALE","MALE","MALE"],"X_CALENDAR_YEAR":[1996,1997,1997,1998,1998,1999,1999,1999,1999,2000,2000,2000,2000,2001,2001,2001,2001,2002,2002,2002,2002,2002,2003,2003,2003,2003,2004,2004,2004,2004,2004,2005,2005,2005,2005,2005,2006,2006,2006,2006,2006,2007,2007,2007,2007,2008,2008,2008,2008,2009,2009,2009,2009,2009,2009,2010,2010,2010,2010,2010,2011,2011,2011,2011,2011,2012,2012,2012,2013,2013,2013,2013,2013,2014,2014,2014,2014,2014,2015,2015,2015,2015,2016,2016,2016,2016,2016,2017,2017,2017,2017,2018,2018,2018,2018,2019],"Y_PREVALENCE_1000PP":[0.28753,0.12301,0.32448,0.12502,0.31626,0.06381,0.07245,0.29211,0.05516,0.04733,0.30038,0.11321,0.08563,0.07674,0.10882,0.27101,0.03719,0.02399,0.08774,0.29406,0.07474,0.04807,0.02008,0.23955,0.09827,0.08687,0.18496,0.0428,0.10903,0.03682,0.05821,0.07122,0.09731,0.22723,0.03415,0.02662,0.09943,0.21637,0.02763,0.02562,0.06675,0.18557,0.0172,0.07261,0.0767,0.04152,0.08023,0.22622,0.07746,0.06679,0.02012,0.24892,0.08426,0.01967,0.01671,0.02951,0.07428,0.22376,0.01554,0.06574,0.20889,0.01968,0.08319,0.02679,0.07196,0.09617,0.29968,0.09506,0.08146,0.01355,0.25994,0.08768,0.02222,0.091,0.06842,0.02892,0.01606,0.31408,0.076,0.3179,0.08796,0.0288,0.07641,0.02708,0.02002,0.38574,0.08136,0.30539,0.09727,0.02954,0.06919,0.04515,0.10157,0.33587,0.06955,0.03972]},"PREVALENCE_BY_MONTH":{"X_CALENDAR_MONTH":[199710,199805,199807,199812,199901,199902,199903,199904,199907,199911,199912,200001,200002,200003,200004,200005,200007,200009,200010,200011,200012,200101,200102,200103,200104,200106,200107,200108,200109,200110,200111,200112,200201,200202,200203,200204,200205,200206,200207,200208,200209,200210,200211,200212,200301,200302,200303,200304,200305,200306,200307,200308,200309,200310,200311,200312,200401,200403,200404,200405,200406,200407,200409,200410,200411,200412,200501,200502,200503,200504,200505,200506,200507,200508,200509,200510,200511,200512,200601,200602,200603,200604,200605,200606,200607,200608,200609,200610,200611,200612,200701,200702,200703,200704,200705,200706,200707,200708,200710,200711,200712,200801,200802,200803,200804,200805,200806,200807,200808,200809,200810,200811,200812,200901,200902,200903,200904,200905,200906,200907,200908,200909,200910,200911,200912,201001,201002,201003,201004,201005,201006,201007,201008,201009,201010,201011,201012,201101,201102,201103,201104,201105,201106,201107,201108,201109,201110,201111,201112,201201,201202,201203,201204,201205,201206,201207,201208,201209,201210,201211,201212,201301,201302,201303,201304,201305,201306,201307,201308,201309,201310,201311,201312,201401,201402,201403,201404,201405,201406,201407,201408,201409,201410,201411,201412,201501,201502,201503,201504,201505,201506,201507,201508,201509,201510,201511,201512,201601,201602,201603,201604,201605,201606,201607,201608,201609,201610,201611,201612,201701,201702,201703,201704,201705,201707,201708,201709,201710,201711,201712,201801,201802,201803,201804,201806,201807,201808,201809,201810,201811,201812,201901],"Y_PREVALENCE_1000PP":[0.00608,0.0073,0.00635,0.00511,0.00414,0.00403,0.00597,0.00389,0.0056,0.00586,0.00297,0.00315,0.00269,0.00308,0.00391,0.00602,0.00541,0.00242,0.0032,0.00277,0.00313,0.00368,0.00253,0.00317,0.00383,0.00336,0.0043,0.00517,0.00285,0.00373,0.00184,0.00213,0.00323,0.00378,0.00431,0.00363,0.0036,0.00193,0.00219,0.00191,0.00299,0.0035,0.00375,0.00242,0.00212,0.00423,0.00237,0.00183,0.00287,0.00182,0.00206,0.00205,0.00358,0.00356,0.00279,0.00252,0.00346,0.00217,0.00214,0.00402,0.00164,0.0021,0.0037,0.00391,0.0039,0.00275,0.00226,0.00271,0.00249,0.00293,0.00473,0.00246,0.00245,0.00244,0.00351,0.00197,0.00219,0.00263,0.00303,0.00174,0.00282,0.00194,0.00301,0.00363,0.00192,0.00234,0.00297,0.0019,0.00273,0.00231,0.00312,0.00332,0.00269,0.00186,0.00205,0.00183,0.00141,0.00141,0.00335,0.00137,0.00215,0.00136,0.00466,0.00311,0.00213,0.00155,0.00211,0.00249,0.00287,0.0019,0.00285,0.00303,0.00227,0.00396,0.00321,0.00339,0.00246,0.00226,0.00207,0.00338,0.00226,0.00188,0.00132,0.00245,0.00228,0.00322,0.00171,0.0019,0.0038,0.00191,0.00172,0.00248,0.00229,0.00228,0.00302,0.00169,0.00281,0.00392,0.00149,0.00408,0.0013,0.00221,0.00221,0.00184,0.00201,0.00291,0.00164,0.0031,0.00164,0.00309,0.00418,0.00254,0.00382,0.00255,0.00218,0.00219,0.00309,0.00199,0.00327,0.00347,0.00166,0.0033,0.00258,0.00259,0.00259,0.00167,0.00241,0.00204,0.00297,0.00296,0.00355,0.00245,0.00269,0.00248,0.00286,0.00306,0.00249,0.00402,0.00426,0.00255,0.00276,0.00337,0.00303,0.00368,0.00145,0.00291,0.00167,0.00237,0.00411,0.00281,0.0027,0.00202,0.00292,0.00315,0.00396,0.00355,0.00394,0.00396,0.00448,0.00523,0.00375,0.00278,0.00232,0.00263,0.00214,0.00349,0.00353,0.00356,0.00219,0.00356,0.00252,0.00397,0.00257,0.00285,0.00175,0.00294,0.00266,0.00385,0.00452,0.00213,0.00401,0.00185,0.00463,0.00432,0.00465,0.00378,0.00255,0.00256,0.00358,0.00328,0.00263,0.00525]},"CONDITIONS_BY_TYPE":{"CONCEPT_NAME":"Observation recorded from EHR","COUNT_VALUE":3085},"AGE_AT_FIRST_DIAGNOSIS":{"CATEGORY":"MALE","MIN_VALUE":0,"P10_VALUE":7,"P25_VALUE":11,"MEDIAN_VALUE":15,"P75_VALUE":24,"P90_VALUE":37,"MAX_VALUE":93}}
