{"PREVALENCE_BY_GENDER_AGE_YEAR":{"TRELLIS_NAME":["60-69","40-49","60-69","30-39","60-69","50-59","70-79","70-79","70-79","60-69","60-69","60-69","50-59","70-79","60-69","40-49","50-59","60-69","60-69","40-49","60-69"],"SERIES_NAME":["FEMALE","FEMALE","FEMALE","MALE","FEMALE","FEMALE","MALE","FEMALE","FEMALE","FEMALE","MALE","FEMALE","FEMALE","FEMALE","MALE","FEMALE","FEMALE","MALE","FEMALE","MALE","FEMALE"],"X_CALENDAR_YEAR":[2002,2003,2003,2004,2004,2004,2005,2006,2007,2007,2009,2009,2009,2010,2010,2011,2011,2011,2012,2013,2016],"Y_PREVALENCE_1000PP":[0.0318,0.02333,0.02941,0.01872,0.02628,0.02028,0.04432,0.03064,0.03316,0.04144,0.02295,0.01937,0.0172,0.02722,0.01924,0.01364,0.01625,0.01872,0.0244,0.01581,0.02516]},"PREVALENCE_BY_MONTH":{"X_CALENDAR_MONTH":[200212,200309,200311,200401,200404,200503,200708,200802,200906,200910,201006,201107,201307,201310,201404,201810],"Y_PREVALENCE_1000PP":[0.00161,0.00153,0.00203,0.00148,0.00143,0.00158,0.00161,0.00136,0.00132,0.00113,0.00115,0.0011,0.00111,0.00112,0.00115,0.00195]},"CONDITIONS_BY_TYPE":{"CONCEPT_NAME":"Observation recorded from EHR","COUNT_VALUE":671},"AGE_AT_FIRST_DIAGNOSIS":{"CATEGORY":["FEMALE","MALE"],"MIN_VALUE":[7,11],"P10_VALUE":[27,29],"P25_VALUE":[39,39],"MEDIAN_VALUE":[56,54],"P75_VALUE":[67,67],"P90_VALUE":[74,74],"MAX_VALUE":[92,85]}}
