{"AGE_AT_FIRST_EXPOSURE":{"CATEGORY":["FEMALE","MALE"],"MIN_VALUE":[29,40],"P10_VALUE":[54,55],"P25_VALUE":[57,62],"MEDIAN_VALUE":[64,67],"P75_VALUE":[70,73],"P90_VALUE":[73,77],"MAX_VALUE":[76,84]},"DAYS_SUPPLY_DISTRIBUTION":{"CATEGORY":"Days supply","MIN_VALUE":7,"P10_VALUE":21,"P25_VALUE":28,"MEDIAN_VALUE":28,"P75_VALUE":28,"P90_VALUE":28,"MAX_VALUE":56},"DRUGS_BY_TYPE":{"CONCEPT_NAME":"EHR","COUNT_VALUE":373},"PREVALENCE_BY_GENDER_AGE_YEAR":{"TRELLIS_NAME":["60-69","60-69","60-69","70-79","70-79","60-69"],"SERIES_NAME":["MALE","MALE","FEMALE","MALE","MALE","FEMALE"],"X_CALENDAR_YEAR":[2016,2017,2017,2017,2018,2018],"Y_PREVALENCE_1000PP":[0.09206,0.08216,0.05928,0.12448,0.10897,0.06239]},"PREVALENCE_BY_MONTH":{"X_CALENDAR_MONTH":[201805,201605,201510,201811,201709,201802,201610,201606,201812,201609,201705,201608,201807,201808,201604,201801,201810,201803,201507,201607,201710,201809,201712,201711],"Y_PREVALENCE_1000PP":[0.01173,0.01644,0.00928,0.02996,0.01065,0.00963,0.00844,0.0124,0.04654,0.00839,0.00883,0.00835,0.01574,0.01448,0.00954,0.01108,0.02335,0.01137,0.00786,0.01384,0.01075,0.01525,0.0094,0.0124]},"DRUG_FREQUENCY_DISTRIBUTION":{"Y_NUM_PERSONS":[0,0,0,0,0,0,0,0,0,0],"X_COUNT":[1,2,3,4,5,6,7,8,9,11]},"QUANTITY_DISTRIBUTION":{"CATEGORY":[],"MIN_VALUE":[],"P10_VALUE":[],"P25_VALUE":[],"MEDIAN_VALUE":[],"P75_VALUE":[],"P90_VALUE":[],"MAX_VALUE":[]},"REFILLS_DISTRIBUTION":{"CATEGORY":[],"MIN_VALUE":[],"P10_VALUE":[],"P25_VALUE":[],"MEDIAN_VALUE":[],"P75_VALUE":[],"P90_VALUE":[],"MAX_VALUE":[]}}
