{"AGE_AT_FIRST_EXPOSURE":{"CATEGORY":"FEMALE","MIN_VALUE":19,"P10_VALUE":31,"P25_VALUE":40,"MEDIAN_VALUE":45,"P75_VALUE":50,"P90_VALUE":54,"MAX_VALUE":61},"DAYS_SUPPLY_DISTRIBUTION":{"CATEGORY":"Days supply","MIN_VALUE":3,"P10_VALUE":84,"P25_VALUE":112,"MEDIAN_VALUE":168,"P75_VALUE":196,"P90_VALUE":315,"MAX_VALUE":826},"DRUGS_BY_TYPE":{"CONCEPT_NAME":"EHR","COUNT_VALUE":574},"PREVALENCE_BY_GENDER_AGE_YEAR":{"TRELLIS_NAME":["50-59","40-49","30-39","30-39","40-49","40-49","30-39","40-49","50-59","40-49","40-49","40-49","40-49","40-49","40-49","40-49","30-39","50-59","40-49","30-39","40-49","50-59"],"SERIES_NAME":["FEMALE","FEMALE","FEMALE","FEMALE","FEMALE","FEMALE","FEMALE","FEMALE","FEMALE","FEMALE","FEMALE","FEMALE","FEMALE","FEMALE","FEMALE","FEMALE","FEMALE","FEMALE","FEMALE","FEMALE","FEMALE","FEMALE"],"X_CALENDAR_YEAR":[2006,2006,2006,2007,2007,2008,2009,2009,2010,2010,2011,2012,2013,2014,2015,2016,2017,2017,2017,2018,2018,2018],"Y_PREVALENCE_1000PP":[0.10198,0.27319,0.17107,0.13966,0.24239,0.11602,0.10654,0.13405,0.0607,0.18943,0.113,0.12173,0.1324,0.11189,0.10507,0.23276,0.29168,0.07064,0.39612,0.6984,0.82442,0.12415]},"PREVALENCE_BY_MONTH":{"X_CALENDAR_MONTH":[200606,200607,201005,200610,200908,201803,201710,200602,201008,200807,200611,200707,201806,201804,200708,200608,201712,200703,200909,201805,201809,201802,200701,200603,201611,200601,201707,201807,200612,200801,200605,200706,201711,200911,201811],"Y_PREVALENCE_1000PP":[0.01426,0.00922,0.00669,0.01143,0.0077,0.01462,0.00921,0.01656,0.00672,0.00674,0.0098,0.01133,0.01196,0.01155,0.00996,0.00896,0.0094,0.01055,0.0066,0.01341,0.01525,0.01765,0.0122,0.01092,0.00849,0.0184,0.00897,0.01049,0.01378,0.00826,0.01483,0.00764,0.0093,0.00662,0.02179]},"DRUG_FREQUENCY_DISTRIBUTION":{"Y_NUM_PERSONS":[0,0,0,0,0,0,0,0,0,0,0,0,0],"X_COUNT":[1,2,3,4,5,6,8,9,10,12,14,16,17]},"QUANTITY_DISTRIBUTION":{"CATEGORY":[],"MIN_VALUE":[],"P10_VALUE":[],"P25_VALUE":[],"MEDIAN_VALUE":[],"P75_VALUE":[],"P90_VALUE":[],"MAX_VALUE":[]},"REFILLS_DISTRIBUTION":{"CATEGORY":[],"MIN_VALUE":[],"P10_VALUE":[],"P25_VALUE":[],"MEDIAN_VALUE":[],"P75_VALUE":[],"P90_VALUE":[],"MAX_VALUE":[]}}
