{"AGE_AT_FIRST_EXPOSURE":{"CATEGORY":["MALE","FEMALE"],"MIN_VALUE":[20,26],"P10_VALUE":[51,55],"P25_VALUE":[58,62],"MEDIAN_VALUE":[66,71],"P75_VALUE":[74,78],"P90_VALUE":[80,83],"MAX_VALUE":[94,103]},"DAYS_SUPPLY_DISTRIBUTION":{"CATEGORY":"Days supply","MIN_VALUE":0,"P10_VALUE":1,"P25_VALUE":3,"MEDIAN_VALUE":3,"P75_VALUE":51,"P90_VALUE":112,"MAX_VALUE":367},"DRUGS_BY_TYPE":{"CONCEPT_NAME":"EHR","COUNT_VALUE":21208},"PREVALENCE_BY_GENDER_AGE_YEAR":{"TRELLIS_NAME":["50-59","50-59","70-79","60-69","60-69","60-69","80-89","40-49","50-59","70-79","70-79","60-69","50-59","80-89","80-89","60-69","70-79","50-59","40-49","50-59","80-89","70-79","60-69","80-89","40-49","70-79","70-79","60-69","60-69","30-39","80-89","50-59","50-59","40-49","70-79","40-49","60-69","30-39","70-79","50-59","80-89","50-59","60-69","80-89","50-59","40-49","50-59","80-89","70-79","70-79","40-49","60-69","60-69","80-89","40-49","90-99","60-69","50-59","50-59","40-49","30-39","80-89","80-89","70-79","60-69","70-79"],"SERIES_NAME":["MALE","FEMALE","FEMALE","FEMALE","MALE","FEMALE","MALE","MALE","FEMALE","FEMALE","MALE","MALE","MALE","FEMALE","MALE","MALE","FEMALE","FEMALE","MALE","MALE","FEMALE","MALE","FEMALE","FEMALE","MALE","MALE","FEMALE","FEMALE","MALE","MALE","MALE","MALE","FEMALE","MALE","MALE","FEMALE","FEMALE","MALE","FEMALE","FEMALE","MALE","MALE","MALE","FEMALE","MALE","FEMALE","FEMALE","FEMALE","FEMALE","MALE","MALE","FEMALE","MALE","MALE","MALE","FEMALE","FEMALE","FEMALE","MALE","FEMALE","MALE","MALE","FEMALE","FEMALE","MALE","MALE"],"X_CALENDAR_YEAR":[2012,2012,2012,2012,2012,2013,2013,2013,2013,2013,2013,2013,2013,2013,2014,2014,2014,2014,2014,2014,2014,2014,2014,2015,2015,2015,2015,2015,2015,2015,2015,2015,2015,2016,2016,2016,2016,2016,2016,2016,2016,2016,2016,2016,2017,2017,2017,2017,2017,2017,2017,2017,2017,2017,2018,2018,2018,2018,2018,2018,2018,2018,2018,2018,2018,2018],"Y_PREVALENCE_1000PP":[0.08982,0.05289,0.08682,0.07672,0.09144,0.1897,0.39342,0.29559,0.09825,0.22546,0.40183,0.65256,0.34726,0.16677,0.97521,0.9796,0.41379,0.12989,0.35265,0.72135,0.31122,1.0539,0.27456,0.45445,0.77449,1.55723,0.84752,0.26636,1.79132,0.28896,1.01745,1.02251,0.23506,1.17777,2.07203,0.15517,0.55622,0.48237,0.8792,0.26413,1.16411,2.06705,2.16988,0.47386,2.5065,0.15405,0.32964,0.62502,1.32082,2.73861,1.65891,0.61252,3.06715,1.6962,2.16025,0.35507,0.83187,0.469,3.6556,0.16488,0.46762,2.18217,0.99175,1.37159,3.82418,3.74117]},"PREVALENCE_BY_MONTH":{"X_CALENDAR_MONTH":[201306,201703,201309,201402,201609,201706,201610,201311,201705,201704,201612,201302,201502,201308,201209,201210,201604,201310,201812,201507,201801,201412,201611,201805,201511,201603,201608,201401,201211,201509,201411,201506,201702,201312,201212,201301,201508,201602,201305,201304,201711,201811,201601,201606,201708,201405,201607,201510,201504,201802,201404,201303,201808,201709,201512,201407,201406,201807,201410,201501,201503,201710,201809,201409,201505,201605,201408,201701,201810,201712,201806,201307,201707,201803,201804,201403],"Y_PREVALENCE_1000PP":[0.04589,0.24955,0.06087,0.05806,0.20145,0.27431,0.19837,0.06975,0.2325,0.21928,0.23907,0.01912,0.1054,0.03156,0.01299,0.01538,0.17043,0.06469,0.93071,0.15198,0.35617,0.10711,0.21501,0.43076,0.16916,0.18176,0.22261,0.07263,0.02135,0.14004,0.09914,0.14484,0.19747,0.06627,0.02616,0.02861,0.12762,0.15119,0.0277,0.02763,0.32084,0.6292,0.16929,0.17078,0.33173,0.08729,0.20763,0.14059,0.1321,0.31126,0.09074,0.03354,0.39827,0.27997,0.17789,0.08782,0.06504,0.3917,0.08615,0.11135,0.12642,0.27177,0.3508,0.10103,0.1209,0.18909,0.08811,0.22197,0.50732,0.28971,0.37941,0.04358,0.26615,0.33309,0.35962,0.08301]},"DRUG_FREQUENCY_DISTRIBUTION":{"Y_NUM_PERSONS":[0,0,0,0,0,0,0,0,0,0,0,0,0,0,0,0,0,0,0,0,0,0,0,0,0,0,0,0,0,0,0,0,0,0,0,0,0,0,0,0,0,0,0,0,0,0,0,0,0,0,0,0,0,0,0,0,0],"X_COUNT":[1,2,3,4,5,6,7,8,9,10,11,12,13,14,15,16,17,18,19,20,21,22,23,24,25,26,27,28,29,30,31,32,33,34,35,36,37,38,39,40,41,45,46,47,48,49,50,52,53,55,57,59,61,66,75,82,91]},"QUANTITY_DISTRIBUTION":{"CATEGORY":[],"MIN_VALUE":[],"P10_VALUE":[],"P25_VALUE":[],"MEDIAN_VALUE":[],"P75_VALUE":[],"P90_VALUE":[],"MAX_VALUE":[]},"REFILLS_DISTRIBUTION":{"CATEGORY":[],"MIN_VALUE":[],"P10_VALUE":[],"P25_VALUE":[],"MEDIAN_VALUE":[],"P75_VALUE":[],"P90_VALUE":[],"MAX_VALUE":[]}}
