{"AGE_AT_FIRST_EXPOSURE":{"CATEGORY":["MALE","FEMALE"],"MIN_VALUE":[6,7],"P10_VALUE":[30,31],"P25_VALUE":[43,41],"MEDIAN_VALUE":[53,49],"P75_VALUE":[63,58],"P90_VALUE":[74,70],"MAX_VALUE":[90,87]},"DAYS_SUPPLY_DISTRIBUTION":{"CATEGORY":"Days supply","MIN_VALUE":0,"P10_VALUE":14,"P25_VALUE":28,"MEDIAN_VALUE":42,"P75_VALUE":56,"P90_VALUE":84,"MAX_VALUE":168},"DRUGS_BY_TYPE":{"CONCEPT_NAME":"EHR","COUNT_VALUE":1162},"PREVALENCE_BY_GENDER_AGE_YEAR":{"TRELLIS_NAME":["70-79","60-69","60-69","40-49","20-29","50-59","50-59","30-39","30-39","40-49","40-49","50-59","50-59","70-79","60-69","70-79","60-69","40-49","30-39","30-39","40-49","40-49","60-69","60-69","30-39","50-59","70-79","50-59","70-79","30-39","60-69","70-79","60-69","30-39","40-49","70-79","40-49","50-59","50-59","30-39","40-49","50-59","40-49","30-39","70-79","50-59","60-69","60-69"],"SERIES_NAME":["MALE","FEMALE","MALE","FEMALE","FEMALE","FEMALE","MALE","MALE","FEMALE","MALE","FEMALE","MALE","FEMALE","MALE","FEMALE","FEMALE","MALE","MALE","FEMALE","MALE","FEMALE","MALE","FEMALE","MALE","MALE","FEMALE","FEMALE","MALE","MALE","FEMALE","FEMALE","MALE","MALE","FEMALE","FEMALE","FEMALE","MALE","FEMALE","MALE","MALE","FEMALE","FEMALE","MALE","FEMALE","MALE","MALE","MALE","FEMALE"],"X_CALENDAR_YEAR":[2006,2006,2006,2006,2006,2006,2006,2006,2006,2006,2007,2007,2007,2007,2007,2007,2007,2007,2007,2007,2008,2008,2008,2008,2008,2008,2008,2008,2008,2008,2009,2009,2009,2009,2009,2009,2009,2009,2009,2009,2010,2010,2010,2010,2010,2010,2010,2010],"Y_PREVALENCE_1000PP":[0.25659,0.24574,0.39293,0.49435,0.41139,0.31728,0.39796,0.39223,0.56207,0.6703,0.25393,0.37013,0.36156,0.22794,0.13183,0.10929,0.37913,0.35065,0.31923,0.21875,0.27422,0.26842,0.21163,0.35413,0.3054,0.32916,0.11576,0.34683,0.17908,0.18502,0.17701,0.126,0.22939,0.14205,0.24576,0.10443,0.18431,0.27787,0.24973,0.26314,0.10655,0.0607,0.12222,0.13305,0.13,0.1331,0.09365,0.08457]},"PREVALENCE_BY_MONTH":{"X_CALENDAR_MONTH":[200802,200608,200812,201005,200811,200710,200612,200703,200908,200606,200711,200603,200604,200807,200804,200806,200702,200907,200611,200903,200712,200805,200902,200610,200602,200704,201001,200901,200709,200803,200810,200701,201002,200906,200706,200801,200910,200609,200911,200607,200808,200707,200905,200705,200708,200904,201004,201003,200912,200601,200605,200809],"Y_PREVALENCE_1000PP":[0.03042,0.04034,0.01851,0.01004,0.0208,0.02073,0.03722,0.02902,0.00879,0.0602,0.04104,0.06371,0.05687,0.02246,0.0368,0.03058,0.03078,0.01867,0.02661,0.02514,0.01315,0.02738,0.02184,0.02571,0.06624,0.02216,0.01994,0.02618,0.01602,0.03364,0.02202,0.02982,0.01554,0.01974,0.02801,0.02597,0.01213,0.01896,0.02097,0.03226,0.02343,0.02266,0.02629,0.03605,0.02738,0.02079,0.01782,0.01889,0.01769,0.04206,0.0412,0.03103]},"DRUG_FREQUENCY_DISTRIBUTION":{"Y_NUM_PERSONS":[0,0,0,0,0,0,0,0],"X_COUNT":[1,2,3,4,5,6,7,8]},"QUANTITY_DISTRIBUTION":{"CATEGORY":[],"MIN_VALUE":[],"P10_VALUE":[],"P25_VALUE":[],"MEDIAN_VALUE":[],"P75_VALUE":[],"P90_VALUE":[],"MAX_VALUE":[]},"REFILLS_DISTRIBUTION":{"CATEGORY":[],"MIN_VALUE":[],"P10_VALUE":[],"P25_VALUE":[],"MEDIAN_VALUE":[],"P75_VALUE":[],"P90_VALUE":[],"MAX_VALUE":[]}}
