{"AGE_AT_FIRST_EXPOSURE":{"CATEGORY":["FEMALE","MALE"],"MIN_VALUE":[10,13],"P10_VALUE":[26,34],"P25_VALUE":[49,49],"MEDIAN_VALUE":[68,63],"P75_VALUE":[79,75],"P90_VALUE":[85,81],"MAX_VALUE":[99,93]},"DAYS_SUPPLY_DISTRIBUTION":{"CATEGORY":"Days supply","MIN_VALUE":0,"P10_VALUE":0,"P25_VALUE":0,"MEDIAN_VALUE":3,"P75_VALUE":7,"P90_VALUE":7,"MAX_VALUE":112},"DRUGS_BY_TYPE":{"CONCEPT_NAME":"EHR","COUNT_VALUE":3050},"PREVALENCE_BY_GENDER_AGE_YEAR":{"TRELLIS_NAME":["60-69","60-69","70-79","80-89","40-49","70-79","30-39","80-89","50-59","40-49","70-79","60-69","40-49","80-89","70-79","80-89","60-69","50-59","90-99","80-89","20-29","70-79","80-89","50-59","60-69","60-69","40-49","20-29","70-79","40-49","70-79","50-59","40-49","80-89","70-79","60-69","80-89","60-69","60-69","80-89","40-49","70-79","80-89","70-79","60-69","80-89","70-79","50-59","60-69","40-49","50-59","60-69","80-89","70-79"],"SERIES_NAME":["MALE","FEMALE","FEMALE","FEMALE","MALE","MALE","FEMALE","MALE","FEMALE","MALE","FEMALE","MALE","FEMALE","MALE","MALE","FEMALE","FEMALE","MALE","FEMALE","MALE","FEMALE","FEMALE","FEMALE","MALE","FEMALE","MALE","MALE","MALE","MALE","MALE","MALE","MALE","FEMALE","FEMALE","FEMALE","MALE","MALE","FEMALE","FEMALE","FEMALE","MALE","MALE","MALE","FEMALE","MALE","FEMALE","FEMALE","FEMALE","MALE","MALE","FEMALE","MALE","FEMALE","MALE"],"X_CALENDAR_YEAR":[2006,2006,2006,2006,2006,2006,2006,2006,2007,2007,2007,2007,2007,2007,2007,2007,2007,2007,2007,2008,2008,2008,2008,2008,2008,2008,2008,2008,2008,2009,2009,2009,2009,2009,2009,2009,2009,2009,2010,2010,2010,2010,2010,2010,2010,2011,2011,2011,2011,2011,2012,2012,2013,2013],"Y_PREVALENCE_1000PP":[0.18792,0.11468,0.19222,0.17634,0.16757,0.22238,0.14663,0.29597,0.05863,0.22146,0.20491,0.18198,0.0808,0.35663,0.25833,0.17504,0.08789,0.13219,0.89172,0.2616,0.27717,0.14148,0.21628,0.19654,0.17195,0.31327,0.13421,0.29955,0.3306,0.12902,0.112,0.1427,0.0782,0.14766,0.22192,0.12144,0.18898,0.13908,0.08457,0.12125,0.12222,0.11556,0.20714,0.1212,0.09365,0.19611,0.11157,0.05251,0.09235,0.13326,0.07051,0.07838,0.11118,0.12859]},"PREVALENCE_BY_MONTH":{"X_CALENDAR_MONTH":[201103,200708,201011,201001,200602,200901,200606,200909,201006,200701,201102,200807,200806,200801,200904,200910,201305,200705,201201,200703,201408,201109,200604,200712,200809,201401,200902,200804,200608,200907,200905,200808,200908,201111,200603,201212,201008,200611,200702,201108,201301,201004,201207,201010,200601,200906,200612,200607,201303,200903,201002,200709,200810,200811,201009,200704,201204,201208,201007,201104,201003,200710,201012,201304,200610,201308,200912,200706,201302,201409,201005,200812,201502,200707,201505,200805,200609,201107,200802,200803,200711,200911,201101,200605],"Y_PREVALENCE_1000PP":[0.00909,0.0112,0.01126,0.00886,0.01449,0.01418,0.02693,0.01101,0.01564,0.02575,0.0136,0.02133,0.01812,0.0177,0.01094,0.00772,0.00843,0.01931,0.00927,0.00923,0.00755,0.0069,0.01034,0.02032,0.0133,0.00862,0.01419,0.0207,0.01345,0.01537,0.01643,0.02008,0.01869,0.01038,0.01638,0.00713,0.01121,0.01401,0.01606,0.01376,0.00834,0.00779,0.0094,0.00787,0.02629,0.00877,0.0193,0.02151,0.00839,0.01421,0.00777,0.02464,0.02422,0.02298,0.00674,0.02086,0.007,0.00707,0.01119,0.01252,0.01111,0.02439,0.01241,0.00721,0.02286,0.00728,0.01216,0.00891,0.00956,0.0101,0.01004,0.02505,0.00771,0.01636,0.0078,0.01483,0.01459,0.00801,0.02574,0.0174,0.02414,0.00662,0.0147,0.03132]},"DRUG_FREQUENCY_DISTRIBUTION":{"Y_NUM_PERSONS":[0,0,0,0,0,0,0,0,0,0,0,0,0,0,0,0,0,0,0,0,0,0,0,0,0,0],"X_COUNT":[1,2,3,4,5,6,7,8,9,10,11,12,13,14,15,16,18,19,20,21,23,24,25,27,28,30]},"QUANTITY_DISTRIBUTION":{"CATEGORY":[],"MIN_VALUE":[],"P10_VALUE":[],"P25_VALUE":[],"MEDIAN_VALUE":[],"P75_VALUE":[],"P90_VALUE":[],"MAX_VALUE":[]},"REFILLS_DISTRIBUTION":{"CATEGORY":[],"MIN_VALUE":[],"P10_VALUE":[],"P25_VALUE":[],"MEDIAN_VALUE":[],"P75_VALUE":[],"P90_VALUE":[],"MAX_VALUE":[]}}
