{"AGE_AT_FIRST_EXPOSURE":{"CATEGORY":["MALE","FEMALE"],"MIN_VALUE":[15,18],"P10_VALUE":[20,27],"P25_VALUE":[33,39],"MEDIAN_VALUE":[45,50],"P75_VALUE":[58,60],"P90_VALUE":[74,73],"MAX_VALUE":[79,80]},"DAYS_SUPPLY_DISTRIBUTION":{"CATEGORY":"Days supply","MIN_VALUE":0,"P10_VALUE":3,"P25_VALUE":7,"MEDIAN_VALUE":84,"P75_VALUE":112,"P90_VALUE":168,"MAX_VALUE":364},"DRUGS_BY_TYPE":{"CONCEPT_NAME":"EHR","COUNT_VALUE":2455},"PREVALENCE_BY_GENDER_AGE_YEAR":{"TRELLIS_NAME":["30-39","30-39","40-49","40-49","50-59","20-29","30-39","40-49","50-59","50-59","50-59","50-59","40-49","60-69","50-59","40-49","60-69","30-39","50-59","40-49","40-49","50-59","50-59","40-49","30-39","60-69","50-59","30-39","40-49","40-49","50-59","50-59","40-49","50-59","50-59","40-49","50-59"],"SERIES_NAME":["FEMALE","MALE","FEMALE","MALE","FEMALE","FEMALE","FEMALE","FEMALE","FEMALE","MALE","FEMALE","MALE","FEMALE","FEMALE","FEMALE","FEMALE","FEMALE","FEMALE","FEMALE","FEMALE","FEMALE","FEMALE","FEMALE","FEMALE","FEMALE","FEMALE","FEMALE","FEMALE","FEMALE","FEMALE","FEMALE","FEMALE","FEMALE","FEMALE","FEMALE","FEMALE","FEMALE"],"X_CALENDAR_YEAR":[2006,2006,2006,2006,2006,2006,2007,2007,2007,2007,2008,2008,2008,2008,2009,2009,2009,2010,2010,2010,2011,2011,2012,2012,2012,2012,2013,2013,2013,2014,2014,2015,2015,2016,2017,2017,2018],"Y_PREVALENCE_1000PP":[0.17107,0.26148,0.16912,0.12568,0.1813,0.31997,0.15961,0.12697,0.14658,0.10575,0.11261,0.06937,0.13711,0.09259,0.1042,0.11171,0.08851,0.11404,0.11274,0.09471,0.08789,0.11378,0.08814,0.08115,0.13329,0.06576,0.08932,0.17165,0.10298,0.11189,0.07422,0.07835,0.12258,0.07396,0.07064,0.13204,0.08277]},"PREVALENCE_BY_MONTH":{"X_CALENDAR_MONTH":[200601,200602,200603,200604,200605,200606,200607,200608,200609,200610,200611,200612,200701,200702,200703,200704,200705,200706,200707,200708,200709,200710,200711,200712,200801,200802,200803,200804,200805,200806,200807,200808,200809,200810,200811,200812,200901,200902,200903,200904,200905,200906,200907,200908,200909,200910,200911,200912,201001,201002,201003,201004,201005,201006,201007,201008,201009,201010,201011,201012,201101,201102,201103,201104,201105,201106,201107,201109,201110,201111,201112,201201,201202,201203,201204,201205,201206,201208,201209,201210,201211,201301,201302,201303,201304,201305,201306,201307,201308,201310,201311,201312,201401,201403,201404,201405,201406,201407,201410,201411,201412,201501,201502,201503,201504,201505,201506,201507,201508,201510,201511,201601,201602,201606,201607,201608,201609,201610,201611,201612,201701,201702,201703,201704,201705,201707,201708,201711,201712,201802,201803,201807,201808,201810,201811,201812],"Y_PREVALENCE_1000PP":[0.0552,0.04968,0.03459,0.03102,0.03461,0.03802,0.03072,0.03287,0.03501,0.03,0.03222,0.02343,0.03117,0.02676,0.02243,0.02477,0.03605,0.02037,0.03147,0.01618,0.02711,0.02561,0.03138,0.02152,0.02006,0.02457,0.01624,0.0276,0.01825,0.02039,0.01797,0.0145,0.02438,0.02312,0.01642,0.02396,0.01418,0.01747,0.01749,0.0197,0.01534,0.01974,0.01208,0.01539,0.01871,0.01323,0.01656,0.01437,0.0144,0.00999,0.02334,0.01559,0.01227,0.01564,0.0179,0.01345,0.01347,0.02024,0.01352,0.0158,0.0147,0.01814,0.01363,0.01707,0.01254,0.01486,0.02061,0.01149,0.01612,0.01154,0.01387,0.00811,0.0209,0.01164,0.01517,0.01637,0.01641,0.01884,0.00827,0.01183,0.01542,0.02265,0.00837,0.01198,0.01201,0.01204,0.01087,0.01937,0.0085,0.00854,0.01101,0.00859,0.01354,0.00743,0.01367,0.00998,0.00876,0.01631,0.0152,0.01144,0.00765,0.00896,0.01542,0.01935,0.01295,0.0078,0.01044,0.01834,0.00921,0.01061,0.00932,0.01209,0.01215,0.01102,0.00969,0.01252,0.01259,0.01125,0.01273,0.00996,0.01575,0.01153,0.01596,0.00877,0.01177,0.01346,0.01206,0.0093,0.01253,0.00963,0.00975,0.01749,0.01267,0.01486,0.02996,0.03257]},"DRUG_FREQUENCY_DISTRIBUTION":{"Y_NUM_PERSONS":[0,0,0,0,0,0,0,0,0,0,0,0,0,0,0,0,0,0,0,0,0,0,0,0,0,0,0,0,0,0,0,0,0,0,0,0,0,0,0,0,0,0],"X_COUNT":[1,2,3,4,5,6,7,8,9,10,12,13,14,15,16,18,19,21,22,23,24,26,27,28,29,30,31,32,34,35,36,37,38,40,45,46,47,48,51,53,54,55]},"QUANTITY_DISTRIBUTION":{"CATEGORY":[],"MIN_VALUE":[],"P10_VALUE":[],"P25_VALUE":[],"MEDIAN_VALUE":[],"P75_VALUE":[],"P90_VALUE":[],"MAX_VALUE":[]},"REFILLS_DISTRIBUTION":{"CATEGORY":[],"MIN_VALUE":[],"P10_VALUE":[],"P25_VALUE":[],"MEDIAN_VALUE":[],"P75_VALUE":[],"P90_VALUE":[],"MAX_VALUE":[]}}
