{"AGE_AT_FIRST_EXPOSURE":{"CATEGORY":["FEMALE","MALE"],"MIN_VALUE":[15,17],"P10_VALUE":[51,49],"P25_VALUE":[57,56],"MEDIAN_VALUE":[65,63],"P75_VALUE":[73,71],"P90_VALUE":[80,77],"MAX_VALUE":[101,101]},"DAYS_SUPPLY_DISTRIBUTION":{"CATEGORY":"Days supply","MIN_VALUE":0,"P10_VALUE":3,"P25_VALUE":42,"MEDIAN_VALUE":98,"P75_VALUE":125,"P90_VALUE":168,"MAX_VALUE":364},"DRUGS_BY_TYPE":{"CONCEPT_NAME":"EHR","COUNT_VALUE":20345},"PREVALENCE_BY_GENDER_AGE_YEAR":{"TRELLIS_NAME":["70-79","40-49","50-59","60-69","70-79","50-59","40-49","60-69","40-49","60-69","50-59","50-59","70-79","70-79","60-69","70-79","60-69","70-79","50-59","40-49","40-49","80-89","60-69","50-59","80-89","80-89","70-79","30-39","50-59","60-69","80-89","60-69","70-79","40-49","50-59","40-49","60-69","60-69","80-89","70-79","50-59","40-49","40-49","50-59","70-79","80-89","70-79","40-49","30-39","80-89","70-79","50-59","40-49","60-69","50-59","80-89","30-39","20-29","60-69","40-49","50-59","70-79","30-39","60-69","70-79","80-89","40-49","60-69","50-59","80-89","80-89","70-79","70-79","40-49","50-59","60-69","60-69","30-39","40-49","80-89","90-99","50-59"],"SERIES_NAME":["MALE","MALE","MALE","FEMALE","FEMALE","FEMALE","FEMALE","MALE","MALE","MALE","FEMALE","MALE","MALE","FEMALE","FEMALE","MALE","MALE","FEMALE","FEMALE","MALE","FEMALE","MALE","FEMALE","MALE","FEMALE","MALE","FEMALE","MALE","FEMALE","MALE","FEMALE","FEMALE","MALE","MALE","MALE","FEMALE","FEMALE","MALE","FEMALE","FEMALE","FEMALE","FEMALE","MALE","MALE","MALE","MALE","FEMALE","FEMALE","MALE","FEMALE","MALE","FEMALE","MALE","FEMALE","MALE","MALE","FEMALE","MALE","MALE","MALE","MALE","FEMALE","MALE","FEMALE","MALE","FEMALE","FEMALE","MALE","FEMALE","MALE","MALE","FEMALE","MALE","MALE","MALE","MALE","FEMALE","MALE","FEMALE","FEMALE","FEMALE","FEMALE"],"X_CALENDAR_YEAR":[2011,2011,2011,2011,2011,2011,2011,2011,2012,2012,2012,2012,2012,2012,2012,2013,2013,2013,2013,2013,2013,2013,2013,2013,2013,2014,2014,2014,2014,2014,2014,2014,2014,2014,2014,2014,2015,2015,2015,2015,2015,2015,2015,2015,2015,2015,2016,2016,2016,2016,2016,2016,2016,2016,2016,2016,2016,2016,2016,2017,2017,2017,2017,2017,2017,2017,2017,2017,2017,2017,2018,2018,2018,2018,2018,2018,2018,2018,2018,2018,2018,2018],"Y_PREVALENCE_1000PP":[0.1493,0.19989,0.32376,0.36812,0.22314,0.17504,0.07534,0.25068,0.19608,0.30045,0.21154,0.34644,0.2472,0.30385,0.3288,0.62686,0.80918,0.72148,0.46447,0.42995,0.14711,0.34097,0.63233,0.70787,0.27794,0.64158,1.22605,0.311,0.7886,1.59348,0.56752,1.03723,1.31737,0.85224,1.28711,0.33566,1.40086,1.94709,0.63622,1.49101,0.97941,0.40275,1.06493,1.73979,1.77969,0.63591,1.93111,0.48491,0.37517,0.8566,2.21251,1.28895,1.4276,1.84432,2.48719,0.98697,0.2103,0.31243,2.44605,1.65891,3.09515,2.37747,0.62147,2.12404,2.79195,1.0846,0.83625,3.08084,1.62468,1.34177,1.46334,2.68084,3.57772,1.81658,3.95077,3.72161,2.5372,0.8573,0.93435,1.40342,0.53261,1.75187]},"PREVALENCE_BY_MONTH":{"X_CALENDAR_MONTH":[201607,201810,201706,201811,201302,201510,201203,201312,201210,201802,201501,201211,201812,201603,201509,201512,201208,201809,201409,201109,201505,201610,201805,201401,201103,201105,201511,201306,201502,201201,201212,201609,201202,201507,201612,201808,201106,201404,201712,201601,201104,201408,201308,201307,201611,201012,201304,201705,201608,201101,201301,201305,201708,201804,201506,201701,201711,201402,201605,201504,201207,201508,201411,201602,201205,201707,201710,201204,201704,201407,201206,201410,201111,201110,201702,201311,201310,201405,201604,201806,201403,201112,201503,201011,201303,201102,201406,201412,201807,201107,201801,201709,201209,201606,201108,201309,201703,201803],"Y_PREVALENCE_1000PP":[0.31006,0.76416,0.43741,0.96423,0.04184,0.29976,0.04539,0.11167,0.02958,0.42196,0.24319,0.0593,1.51241,0.3052,0.26423,0.30227,0.04358,0.67491,0.24751,0.01839,0.22229,0.36156,0.57323,0.16864,0.01477,0.03877,0.27305,0.10144,0.21851,0.01854,0.04756,0.39591,0.03019,0.28299,0.40842,0.6318,0.04685,0.19391,0.47763,0.31171,0.03415,0.20518,0.10682,0.08112,0.41445,0.0079,0.06968,0.44881,0.42574,0.01357,0.06794,0.0807,0.49006,0.50479,0.26488,0.39383,0.48204,0.16923,0.34804,0.22276,0.04583,0.24734,0.21734,0.32264,0.03392,0.47099,0.45448,0.03034,0.41955,0.2233,0.04573,0.2217,0.03576,0.01842,0.38197,0.14685,0.12816,0.21199,0.31632,0.56911,0.16602,0.03352,0.26446,0.00676,0.07188,0.0204,0.19512,0.22825,0.63127,0.04694,0.5398,0.50821,0.05313,0.35121,0.03211,0.1193,0.47009,0.62069]},"DRUG_FREQUENCY_DISTRIBUTION":{"Y_NUM_PERSONS":[0,0,0,0,0,0,0,0,0,0,0,0,0,0,0,0,0,0,0,0,0,0,0,0,0,0,0,0,0,0,0,0,0,0,0,0,0,0,0,0,0,0,0,0,0,0,0,0,0,0,0],"X_COUNT":[1,2,3,4,5,6,7,8,9,10,11,12,13,14,15,16,17,18,19,20,21,22,23,24,25,26,27,28,29,30,31,32,33,34,35,36,37,38,39,40,41,43,45,46,49,50,52,55,59,63,64]},"QUANTITY_DISTRIBUTION":{"CATEGORY":[],"MIN_VALUE":[],"P10_VALUE":[],"P25_VALUE":[],"MEDIAN_VALUE":[],"P75_VALUE":[],"P90_VALUE":[],"MAX_VALUE":[]},"REFILLS_DISTRIBUTION":{"CATEGORY":[],"MIN_VALUE":[],"P10_VALUE":[],"P25_VALUE":[],"MEDIAN_VALUE":[],"P75_VALUE":[],"P90_VALUE":[],"MAX_VALUE":[]}}
