{"AGE_AT_FIRST_EXPOSURE":{"CATEGORY":["FEMALE","MALE"],"MIN_VALUE":[42,9],"P10_VALUE":[52,41],"P25_VALUE":[61,51],"MEDIAN_VALUE":[73,61],"P75_VALUE":[81,72],"P90_VALUE":[87,79],"MAX_VALUE":[98,100]},"DAYS_SUPPLY_DISTRIBUTION":{"CATEGORY":"Days supply","MIN_VALUE":1,"P10_VALUE":2,"P25_VALUE":3,"MEDIAN_VALUE":28,"P75_VALUE":91,"P90_VALUE":112,"MAX_VALUE":147},"DRUGS_BY_TYPE":{"CONCEPT_NAME":"EHR","COUNT_VALUE":634},"PREVALENCE_BY_GENDER_AGE_YEAR":{"TRELLIS_NAME":["70-79","40-49","70-79","50-59","60-69","70-79","60-69","70-79","50-59","80-89"],"SERIES_NAME":["FEMALE","MALE","MALE","MALE","MALE","MALE","MALE","FEMALE","MALE","FEMALE"],"X_CALENDAR_YEAR":[2007,2007,2007,2007,2007,2008,2008,2008,2008,2008],"Y_PREVALENCE_1000PP":[0.13661,0.12919,0.16715,0.17185,0.16682,0.1653,0.2043,0.15434,0.17342,0.23791]},"PREVALENCE_BY_MONTH":{"X_CALENDAR_MONTH":[200804,200806,200803,200808,200707,200805,200710,200812,200705,200709,200801,200811,200703,200711,200807,200708,200810,200802,200712,200706,200612,200704,200809],"Y_PREVALENCE_1000PP":[0.01955,0.01586,0.02204,0.01562,0.02391,0.01597,0.02195,0.02069,0.01802,0.01355,0.03305,0.01204,0.01319,0.02655,0.01011,0.01867,0.01541,0.0117,0.02988,0.02164,0.00965,0.00913,0.01441]},"DRUG_FREQUENCY_DISTRIBUTION":{"Y_NUM_PERSONS":[0,0,0,0,0,0,0,0,0,0,0,0,0,0],"X_COUNT":[1,2,3,4,5,6,7,8,9,10,11,12,13,14]},"QUANTITY_DISTRIBUTION":{"CATEGORY":[],"MIN_VALUE":[],"P10_VALUE":[],"P25_VALUE":[],"MEDIAN_VALUE":[],"P75_VALUE":[],"P90_VALUE":[],"MAX_VALUE":[]},"REFILLS_DISTRIBUTION":{"CATEGORY":[],"MIN_VALUE":[],"P10_VALUE":[],"P25_VALUE":[],"MEDIAN_VALUE":[],"P75_VALUE":[],"P90_VALUE":[],"MAX_VALUE":[]}}
