{"AGE_AT_FIRST_EXPOSURE":{"CATEGORY":["MALE","FEMALE"],"MIN_VALUE":[17,19],"P10_VALUE":[43,36],"P25_VALUE":[52,51],"MEDIAN_VALUE":[60,59],"P75_VALUE":[69,70],"P90_VALUE":[78,82],"MAX_VALUE":[86,94]},"DAYS_SUPPLY_DISTRIBUTION":{"CATEGORY":"Days supply","MIN_VALUE":0,"P10_VALUE":1,"P25_VALUE":25,"MEDIAN_VALUE":84,"P75_VALUE":112,"P90_VALUE":126,"MAX_VALUE":196},"DRUGS_BY_TYPE":{"CONCEPT_NAME":"EHR","COUNT_VALUE":733},"PREVALENCE_BY_GENDER_AGE_YEAR":{"TRELLIS_NAME":["50-59","70-79","30-39","60-69","70-79","50-59","60-69","40-49","50-59","40-49","60-69","80-89","70-79","60-69","70-79","80-89","50-59"],"SERIES_NAME":["FEMALE","FEMALE","FEMALE","FEMALE","MALE","MALE","MALE","FEMALE","MALE","MALE","FEMALE","FEMALE","FEMALE","MALE","MALE","MALE","FEMALE"],"X_CALENDAR_YEAR":[2017,2017,2017,2017,2017,2017,2017,2018,2018,2018,2018,2018,2018,2018,2018,2018,2018],"Y_PREVALENCE_1000PP":[0.20014,0.12431,0.25001,0.15807,0.17783,0.30382,0.23277,0.16488,0.43141,0.29458,0.17677,0.11227,0.20262,0.29304,0.19977,0.17971,0.30347]},"PREVALENCE_BY_MONTH":{"X_CALENDAR_MONTH":[201704,201707,201706,201703,201808,201811,201802,201805,201801,201709,201807,201806,201708,201705,201803,201712,201710,201804,201711],"Y_PREVALENCE_1000PP":[0.01316,0.05233,0.02965,0.02176,0.03078,0.02179,0.04813,0.05699,0.06965,0.04869,0.05946,0.05982,0.0573,0.02649,0.09424,0.05168,0.06295,0.07423,0.06355]},"DRUG_FREQUENCY_DISTRIBUTION":{"Y_NUM_PERSONS":[0,0,0,0,0,0,0,0,0,0,0,0,0,0,0],"X_COUNT":[1,2,3,4,5,6,7,8,9,10,11,12,13,14,16]},"QUANTITY_DISTRIBUTION":{"CATEGORY":[],"MIN_VALUE":[],"P10_VALUE":[],"P25_VALUE":[],"MEDIAN_VALUE":[],"P75_VALUE":[],"P90_VALUE":[],"MAX_VALUE":[]},"REFILLS_DISTRIBUTION":{"CATEGORY":[],"MIN_VALUE":[],"P10_VALUE":[],"P25_VALUE":[],"MEDIAN_VALUE":[],"P75_VALUE":[],"P90_VALUE":[],"MAX_VALUE":[]}}
