{"AGE_AT_FIRST_EXPOSURE":{"CATEGORY":["FEMALE","MALE"],"MIN_VALUE":[18,34],"P10_VALUE":[57,63],"P25_VALUE":[67,70],"MEDIAN_VALUE":[78,77],"P75_VALUE":[85,83],"P90_VALUE":[90,87],"MAX_VALUE":[101,99]},"DAYS_SUPPLY_DISTRIBUTION":{"CATEGORY":"Days supply","MIN_VALUE":0,"P10_VALUE":2,"P25_VALUE":4,"MEDIAN_VALUE":30,"P75_VALUE":84,"P90_VALUE":119,"MAX_VALUE":273},"DRUGS_BY_TYPE":{"CONCEPT_NAME":"EHR","COUNT_VALUE":13924},"PREVALENCE_BY_GENDER_AGE_YEAR":{"TRELLIS_NAME":["80-89","60-69","70-79","50-59","70-79","90-99","80-89","60-69","80-89","50-59","60-69","70-79","70-79","90-99","70-79","60-69","80-89","50-59","80-89","60-69","50-59","80-89","90-99","70-79","80-89","70-79","50-59","60-69","60-69","90-99"],"SERIES_NAME":["MALE","MALE","MALE","MALE","MALE","MALE","FEMALE","FEMALE","MALE","MALE","MALE","FEMALE","FEMALE","MALE","MALE","MALE","FEMALE","MALE","MALE","FEMALE","MALE","FEMALE","FEMALE","MALE","MALE","FEMALE","FEMALE","MALE","FEMALE","MALE"],"X_CALENDAR_YEAR":[2015,2015,2015,2015,2016,2016,2016,2016,2016,2016,2016,2016,2017,2017,2017,2017,2017,2017,2017,2017,2018,2018,2018,2018,2018,2018,2018,2018,2018,2018],"Y_PREVALENCE_1000PP":[1.01745,0.41538,1.18076,0.15261,3.3012,2.80071,0.23693,0.05855,3.39112,0.33611,1.13097,0.1884,0.31078,4.52861,4.78367,1.54727,0.56987,0.37977,5.16456,0.14819,0.68117,0.6175,1.06521,5.04876,6.62354,0.38966,0.12415,2.05128,0.18717,5.89855]},"PREVALENCE_BY_MONTH":{"X_CALENDAR_MONTH":[201707,201810,201607,201611,201512,201812,201811,201704,201808,201702,201712,201809,201709,201804,201602,201505,201705,201507,201711,201803,201601,201806,201708,201608,201706,201603,201701,201606,201509,201501,201605,201610,201612,201609,201511,201703,201510,201710,201805,201502,201802,201506,201508,201807,201801,201504,201503,201604],"Y_PREVALENCE_1000PP":[0.30503,0.57312,0.18825,0.23057,0.10165,1.20993,0.71092,0.28067,0.52499,0.22774,0.35549,0.4671,0.29062,0.42066,0.0999,0.0312,0.29872,0.04848,0.37354,0.44521,0.09136,0.45289,0.30761,0.20174,0.28617,0.15463,0.25778,0.2121,0.04492,0.00768,0.16443,0.21666,0.2348,0.21684,0.07059,0.31629,0.05438,0.33933,0.45255,0.02057,0.39629,0.03523,0.03421,0.47739,0.40366,0.03108,0.03483,0.13089]},"DRUG_FREQUENCY_DISTRIBUTION":{"Y_NUM_PERSONS":[0,0,0,0,0,0,0,0,0,0,0,0,0,0,0,0,0,0,0,0,0,0,0,0,0,0,0,0,0,0,0,0,0,0,0,0,0,0,0,0,0,0,0,0,0,0,0,0,0,0,0,0,0,0,0,0,0,0,0,0,0],"X_COUNT":[1,2,3,4,5,6,7,8,9,10,11,12,13,14,15,16,17,18,19,20,21,22,23,24,25,26,27,28,29,30,31,32,33,34,35,36,37,38,39,40,41,42,43,44,45,46,48,52,53,54,56,57,58,59,63,66,71,73,78,80,83]},"QUANTITY_DISTRIBUTION":{"CATEGORY":[],"MIN_VALUE":[],"P10_VALUE":[],"P25_VALUE":[],"MEDIAN_VALUE":[],"P75_VALUE":[],"P90_VALUE":[],"MAX_VALUE":[]},"REFILLS_DISTRIBUTION":{"CATEGORY":[],"MIN_VALUE":[],"P10_VALUE":[],"P25_VALUE":[],"MEDIAN_VALUE":[],"P75_VALUE":[],"P90_VALUE":[],"MAX_VALUE":[]}}
