{"AGE_AT_FIRST_EXPOSURE":{"CATEGORY":["MALE","FEMALE"],"MIN_VALUE":[34,25],"P10_VALUE":[66,68],"P25_VALUE":[71,76],"MEDIAN_VALUE":[78,81],"P75_VALUE":[84,86],"P90_VALUE":[89,90],"MAX_VALUE":[96,98]},"DAYS_SUPPLY_DISTRIBUTION":{"CATEGORY":"Days supply","MIN_VALUE":0,"P10_VALUE":2,"P25_VALUE":5,"MEDIAN_VALUE":63,"P75_VALUE":105,"P90_VALUE":119,"MAX_VALUE":392},"DRUGS_BY_TYPE":{"CONCEPT_NAME":"EHR","COUNT_VALUE":8848},"PREVALENCE_BY_GENDER_AGE_YEAR":{"TRELLIS_NAME":["80-89","50-59","90-99","80-89","70-79","90-99","60-69","70-79","90-99","80-89","90-99","70-79","70-79","60-69","80-89","50-59","50-59","70-79","80-89","60-69","70-79","80-89","90-99","90-99","90-99","70-79","50-59","80-89","70-79","60-69","80-89","90-99","90-99","80-89","70-79","50-59","60-69","70-79","80-89","90-99","70-79","80-89","80-89","60-69","70-79","70-79","80-89","80-89","90-99","70-79","70-79","70-79","90-99","80-89","80-89","80-89","70-79","80-89","70-79","90-99"],"SERIES_NAME":["MALE","FEMALE","FEMALE","FEMALE","MALE","MALE","MALE","FEMALE","FEMALE","MALE","MALE","MALE","FEMALE","MALE","FEMALE","FEMALE","FEMALE","MALE","MALE","MALE","FEMALE","FEMALE","MALE","FEMALE","MALE","MALE","FEMALE","FEMALE","FEMALE","MALE","MALE","FEMALE","FEMALE","FEMALE","MALE","FEMALE","MALE","FEMALE","MALE","FEMALE","FEMALE","FEMALE","MALE","MALE","MALE","FEMALE","MALE","FEMALE","FEMALE","MALE","MALE","FEMALE","FEMALE","FEMALE","MALE","MALE","MALE","FEMALE","FEMALE","FEMALE"],"X_CALENDAR_YEAR":[2006,2006,2006,2006,2006,2006,2006,2006,2007,2007,2007,2007,2007,2007,2007,2007,2008,2008,2008,2008,2008,2008,2008,2008,2009,2009,2009,2009,2009,2009,2009,2009,2010,2010,2010,2010,2010,2010,2010,2011,2011,2011,2011,2011,2011,2012,2012,2012,2012,2012,2013,2013,2013,2013,2013,2014,2014,2014,2014,2014],"Y_PREVALENCE_1000PP":[1.03591,0.10198,3.72376,2.82137,0.65004,4.24403,0.13667,0.76888,4.96815,1.38691,3.70233,0.68381,0.68303,0.13649,2.62559,0.08795,0.07796,0.56478,1.2753,0.09534,0.7074,2.42235,3.95987,4.63374,1.74259,0.462,0.06947,1.96182,0.58744,0.09446,1.0394,3.14166,1.9827,1.39439,0.33223,0.06938,0.09365,0.3232,0.73978,1.54652,0.32076,0.86288,0.68368,0.07916,0.26874,0.27492,0.63048,0.64858,1.21349,0.1854,0.16073,0.27055,0.84576,0.48177,0.57702,0.4876,0.13174,0.38445,0.24521,0.50305]},"PREVALENCE_BY_MONTH":{"X_CALENDAR_MONTH":[200606,201311,201411,201110,201103,200705,201302,200702,200604,201011,201212,200910,201402,200707,201101,200605,200905,201306,201109,200603,200809,201408,201202,201409,201007,201006,201201,201010,201305,201002,200610,201309,201209,201104,201105,201405,200708,200712,201111,201004,200701,201106,200811,201404,201312,201304,200607,200801,201012,201407,201112,200909,201308,201009,201204,201208,201008,201501,200611,201001,201107,200706,200907,200911,200609,200904,200804,201003,200601,201406,201203,200703,201102,200704,201307,200803,201005,201303,201206,201412,200812,200906,200612,201205,201108,200902,201211,201403,201301,200903,200806,200912,201210,200802,200602,200901,200709,200908,200711,200808,201310,201207,200710,200608,201410,200810,200805,200807,201401],"Y_PREVALENCE_1000PP":[0.15526,0.03059,0.01652,0.03454,0.05338,0.13776,0.0251,0.10972,0.12064,0.05632,0.0321,0.08047,0.02347,0.12335,0.05428,0.14998,0.08984,0.03381,0.04712,0.17111,0.11303,0.02266,0.04529,0.02021,0.06601,0.06256,0.03244,0.05735,0.03734,0.06548,0.10714,0.03287,0.04014,0.03642,0.05246,0.02619,0.12072,0.11714,0.04268,0.0579,0.13012,0.05142,0.10179,0.02362,0.02577,0.03124,0.13057,0.13219,0.04966,0.02509,0.03237,0.07375,0.02671,0.06623,0.02918,0.04004,0.05379,0.00768,0.10925,0.06535,0.04007,0.12985,0.08894,0.08169,0.14149,0.08753,0.10925,0.07335,0.21292,0.02627,0.03375,0.11213,0.04081,0.11864,0.02663,0.11367,0.05242,0.03474,0.03283,0.0204,0.09692,0.09103,0.1144,0.0386,0.0585,0.09718,0.02728,0.03469,0.04172,0.0918,0.10307,0.0785,0.02603,0.10646,0.13249,0.09054,0.12446,0.09454,0.11346,0.11713,0.03662,0.02585,0.12438,0.12549,0.0304,0.11891,0.11064,0.11566,0.04431]},"DRUG_FREQUENCY_DISTRIBUTION":{"Y_NUM_PERSONS":[0,0,0,0,0,0,0,0,0,0,0,0,0,0,0,0,0,0,0,0,0,0,0,0,0,0,0,0,0,0,0,0,0,0,0,0,0,0,0,0,0,0,0,0,0,0,0,0,0,0,0,0,0,0,0],"X_COUNT":[1,2,3,4,5,6,7,8,9,10,11,12,13,14,15,16,17,18,19,20,21,22,23,24,25,26,27,28,29,30,31,32,33,34,35,36,37,38,39,40,41,42,43,44,46,47,48,49,50,53,54,57,58,68,71]},"QUANTITY_DISTRIBUTION":{"CATEGORY":[],"MIN_VALUE":[],"P10_VALUE":[],"P25_VALUE":[],"MEDIAN_VALUE":[],"P75_VALUE":[],"P90_VALUE":[],"MAX_VALUE":[]},"REFILLS_DISTRIBUTION":{"CATEGORY":[],"MIN_VALUE":[],"P10_VALUE":[],"P25_VALUE":[],"MEDIAN_VALUE":[],"P75_VALUE":[],"P90_VALUE":[],"MAX_VALUE":[]}}
