{"AGE_AT_FIRST_EXPOSURE":{"CATEGORY":["FEMALE","MALE"],"MIN_VALUE":[8,6],"P10_VALUE":[14,12],"P25_VALUE":[26,20],"MEDIAN_VALUE":[40,40],"P75_VALUE":[54,53],"P90_VALUE":[66,63],"MAX_VALUE":[79,80]},"DAYS_SUPPLY_DISTRIBUTION":{"CATEGORY":"Days supply","MIN_VALUE":0,"P10_VALUE":1,"P25_VALUE":3,"MEDIAN_VALUE":14,"P75_VALUE":42,"P90_VALUE":98,"MAX_VALUE":532},"DRUGS_BY_TYPE":{"CONCEPT_NAME":"EHR","COUNT_VALUE":2434},"PREVALENCE_BY_GENDER_AGE_YEAR":{"TRELLIS_NAME":["10-19","10-19","50-59","10-19","10-19","50-59","50-59","30-39","40-49"],"SERIES_NAME":["MALE","MALE","FEMALE","MALE","MALE","FEMALE","FEMALE","FEMALE","MALE"],"X_CALENDAR_YEAR":[2006,2007,2007,2008,2009,2009,2010,2014,2018],"Y_PREVALENCE_1000PP":[0.47214,0.28832,0.0684,0.24916,0.26777,0.0521,0.05203,0.16385,0.29458]},"PREVALENCE_BY_MONTH":{"X_CALENDAR_MONTH":[200806,200701,201007,201208,200802,201108,201709,201502,200912,201309,201607,200707,200908,201403,201102,201105,201605,201511,201707,201601,201505,200810,200607,201109,201804,200909,201501,200703,201008,201410,200711,200808,200903,200902,200911,201012,201112,200805,201509,200801,201101,201003,201610,201705,201201,201407,201606,201803,200710,200704,201009,201103,201701,201405,201306,200804,201404,201307,201810,200706,200910,200905,200606,201712,201408,201001,201402,201304,200807,200709,200608,200705,201503,201704,201205,201611,201811,200609,200610,201406,200901,201711,200612,201005,200604,201308,201710,200602,201202,200702,200603,201409,201011,201806,200809,200708,201809,201703,201311,201106,200906,201002,201211,200605,201504,200904,201808,201612,201604,201401,200803,200712,200812,201010,201702,200907,201104,200811,201004,201801,201206,201508,200601,200611,201312,201608,201310,201006,201706],"Y_PREVALENCE_1000PP":[0.01246,0.01762,0.01007,0.00707,0.01755,0.00803,0.01065,0.01157,0.01437,0.0073,0.00969,0.01636,0.01209,0.00991,0.00907,0.00684,0.01096,0.00799,0.01047,0.00806,0.013,0.00771,0.02611,0.0069,0.0165,0.01321,0.00768,0.01847,0.01121,0.00887,0.01207,0.0145,0.01093,0.01638,0.01545,0.01016,0.0104,0.01027,0.01057,0.01888,0.01018,0.01334,0.01125,0.0103,0.00927,0.01255,0.00826,0.01462,0.01951,0.01825,0.00674,0.00909,0.01146,0.00873,0.01087,0.0138,0.0087,0.0109,0.0191,0.01273,0.01433,0.01205,0.02218,0.01409,0.01133,0.01218,0.00988,0.00961,0.01011,0.01355,0.02689,0.01674,0.01419,0.00877,0.00702,0.01132,0.01907,0.02334,0.02286,0.01001,0.01418,0.0124,0.01792,0.01115,0.02068,0.0085,0.01228,0.03105,0.00929,0.01873,0.02912,0.0101,0.01126,0.01196,0.00776,0.01742,0.02097,0.01016,0.00857,0.008,0.01206,0.01776,0.00712,0.02472,0.00907,0.01204,0.01267,0.00854,0.01227,0.00985,0.0116,0.02391,0.01089,0.01349,0.01009,0.01537,0.00911,0.01532,0.01225,0.02058,0.00938,0.00921,0.04206,0.01821,0.00982,0.01113,0.00976,0.01229,0.02224]},"DRUG_FREQUENCY_DISTRIBUTION":{"Y_NUM_PERSONS":[0,0,0,0,0,0,0,0,0,0,0,0,0,0,0,0,0,0,0,0,0,0,0,0,0,0,0,0,0,0,0,0,0,0,0,0,0,0,0,0,0],"X_COUNT":[1,2,3,4,5,6,7,8,9,10,11,12,13,14,15,16,17,18,19,20,21,22,24,25,26,27,28,29,30,31,32,33,35,36,41,42,44,45,46,47,53]},"QUANTITY_DISTRIBUTION":{"CATEGORY":[],"MIN_VALUE":[],"P10_VALUE":[],"P25_VALUE":[],"MEDIAN_VALUE":[],"P75_VALUE":[],"P90_VALUE":[],"MAX_VALUE":[]},"REFILLS_DISTRIBUTION":{"CATEGORY":[],"MIN_VALUE":[],"P10_VALUE":[],"P25_VALUE":[],"MEDIAN_VALUE":[],"P75_VALUE":[],"P90_VALUE":[],"MAX_VALUE":[]}}
