{"AGE_AT_FIRST_EXPOSURE":{"CATEGORY":["MALE","FEMALE"],"MIN_VALUE":[26,25],"P10_VALUE":[33,28],"P25_VALUE":[37,36],"MEDIAN_VALUE":[46,41],"P75_VALUE":[56,54],"P90_VALUE":[59,72],"MAX_VALUE":[73,77]},"DAYS_SUPPLY_DISTRIBUTION":{"CATEGORY":"Days supply","MIN_VALUE":0,"P10_VALUE":7,"P25_VALUE":14,"MEDIAN_VALUE":33,"P75_VALUE":56,"P90_VALUE":84,"MAX_VALUE":112},"DRUGS_BY_TYPE":{"CONCEPT_NAME":"EHR","COUNT_VALUE":942},"PREVALENCE_BY_GENDER_AGE_YEAR":{"TRELLIS_NAME":["30-39","50-59","40-49","30-39","50-59","40-49","40-49","50-59","40-49","40-49"],"SERIES_NAME":["MALE","MALE","MALE","MALE","MALE","MALE","MALE","MALE","MALE","MALE"],"X_CALENDAR_YEAR":[2006,2006,2007,2007,2007,2008,2011,2012,2013,2015],"Y_PREVALENCE_1000PP":[0.26148,0.10714,0.11073,0.2552,0.07931,0.10066,0.13326,0.08982,0.16123,0.19362]},"PREVALENCE_BY_MONTH":{"X_CALENDAR_MONTH":[201008,200703,201606,201111,200610,201206,200605,200706,201209,200802,201203,201304,201609,200602,200606,201605,201106,200603,201306,201608,200710,201406,200609,201405,200801,200604,201110,200803,200607,200701,201410,201104,201506,201301,200712,200708,201007,201401,201509,200911,201202,201412,200809,201204,200612,201010,201205,200805,201112,201403,201307,200601,200711,200611,200704,200709,201303,201308],"Y_PREVALENCE_1000PP":[0.00897,0.01319,0.00964,0.00807,0.01143,0.00703,0.01154,0.01018,0.00708,0.00819,0.00698,0.00841,0.00839,0.01449,0.01109,0.00959,0.00686,0.01274,0.00725,0.00835,0.01219,0.0075,0.01167,0.00748,0.01298,0.01379,0.00806,0.00696,0.01229,0.0122,0.0076,0.00683,0.00783,0.00715,0.00837,0.01618,0.00783,0.00739,0.01189,0.00773,0.00813,0.00893,0.00776,0.007,0.00965,0.00675,0.00702,0.01027,0.00694,0.00991,0.00969,0.0184,0.01448,0.0098,0.01043,0.00986,0.00839,0.00728]},"DRUG_FREQUENCY_DISTRIBUTION":{"Y_NUM_PERSONS":[0,0,0,0,0,0,0,0,0,0,0,0,0,0,0,0,0,0,0,0,0,0,0],"X_COUNT":[1,2,3,4,5,6,7,8,9,10,11,12,13,14,15,16,18,21,23,25,26,28,30]},"QUANTITY_DISTRIBUTION":{"CATEGORY":[],"MIN_VALUE":[],"P10_VALUE":[],"P25_VALUE":[],"MEDIAN_VALUE":[],"P75_VALUE":[],"P90_VALUE":[],"MAX_VALUE":[]},"REFILLS_DISTRIBUTION":{"CATEGORY":[],"MIN_VALUE":[],"P10_VALUE":[],"P25_VALUE":[],"MEDIAN_VALUE":[],"P75_VALUE":[],"P90_VALUE":[],"MAX_VALUE":[]}}
