{"AGE_AT_FIRST_EXPOSURE":{"CATEGORY":["MALE","FEMALE"],"MIN_VALUE":[10,16],"P10_VALUE":[40,39],"P25_VALUE":[49,47],"MEDIAN_VALUE":[59,54],"P75_VALUE":[68,63],"P90_VALUE":[77,74],"MAX_VALUE":[93,89]},"DAYS_SUPPLY_DISTRIBUTION":{"CATEGORY":"Days supply","MIN_VALUE":0,"P10_VALUE":5,"P25_VALUE":7,"MEDIAN_VALUE":7,"P75_VALUE":14,"P90_VALUE":14,"MAX_VALUE":182},"DRUGS_BY_TYPE":{"CONCEPT_NAME":"EHR","COUNT_VALUE":1904},"PREVALENCE_BY_GENDER_AGE_YEAR":{"TRELLIS_NAME":["70-79","50-59","50-59","40-49","60-69","30-39","70-79","60-69","40-49","70-79","50-59","30-39","60-69","40-49","50-59","60-69","70-79","30-39","40-49","40-49","20-29","70-79","30-39","60-69","40-49","30-39","80-89","70-79","50-59","60-69","50-59","80-89","70-79","60-69","60-69","30-39","80-89","50-59","40-49","40-49","70-79","30-39","50-59","50-59","40-49","80-89","60-69","60-69","50-59","30-39","70-79","40-49","70-79","40-49","80-89","40-49","70-79","70-79","30-39","60-69","50-59","50-59","60-69","50-59","80-89","60-69","40-49","50-59","70-79","80-89","70-79","60-69"],"SERIES_NAME":["FEMALE","FEMALE","MALE","FEMALE","FEMALE","FEMALE","MALE","MALE","MALE","FEMALE","FEMALE","FEMALE","MALE","MALE","MALE","FEMALE","MALE","MALE","FEMALE","FEMALE","MALE","FEMALE","FEMALE","MALE","MALE","MALE","MALE","MALE","MALE","FEMALE","FEMALE","FEMALE","FEMALE","MALE","FEMALE","FEMALE","MALE","FEMALE","MALE","FEMALE","MALE","MALE","MALE","MALE","MALE","MALE","FEMALE","MALE","FEMALE","FEMALE","FEMALE","FEMALE","MALE","MALE","MALE","FEMALE","MALE","FEMALE","FEMALE","MALE","MALE","FEMALE","FEMALE","MALE","MALE","MALE","FEMALE","FEMALE","FEMALE","FEMALE","MALE","FEMALE"],"X_CALENDAR_YEAR":[2006,2006,2006,2006,2006,2006,2006,2006,2006,2007,2007,2007,2007,2007,2007,2007,2007,2007,2007,2008,2008,2008,2008,2008,2008,2008,2008,2008,2008,2008,2008,2009,2009,2009,2009,2009,2009,2009,2009,2009,2009,2009,2009,2010,2010,2010,2010,2010,2010,2010,2010,2010,2010,2011,2011,2011,2011,2011,2011,2011,2011,2011,2011,2012,2012,2012,2012,2012,2012,2012,2012,2012],"Y_PREVALENCE_1000PP":[0.1035,0.47592,0.30612,0.41629,0.32765,0.1955,0.23949,0.35876,0.41894,0.19125,0.37134,0.17957,0.33363,0.3322,0.37013,0.32226,0.13676,0.2552,0.32319,0.37969,0.2621,0.2701,0.2523,0.29965,0.35231,0.24432,0.1962,0.09643,0.27747,0.17195,0.47642,0.16876,0.22192,0.53975,0.41724,0.26635,0.31497,0.51232,0.4792,0.50269,0.35,0.26314,0.49946,0.363,0.3463,0.20714,0.53157,0.46826,0.46829,0.30412,0.29626,0.43806,0.24556,0.17768,0.25638,0.37668,0.37325,0.30682,0.22435,0.409,0.38602,0.42885,0.44865,0.21813,0.16447,0.23513,0.18935,0.23799,0.08682,0.15261,0.1854,0.26304]},"PREVALENCE_BY_MONTH":{"X_CALENDAR_MONTH":[200601,200602,200603,200604,200605,200606,200607,200608,200609,200610,200611,200612,200701,200702,200703,200704,200705,200706,200707,200708,200709,200710,200711,200712,200801,200802,200803,200804,200805,200806,200807,200808,200809,200810,200811,200812,200901,200902,200903,200904,200905,200906,200907,200908,200909,200910,200911,200912,201001,201002,201003,201004,201005,201006,201007,201008,201009,201010,201011,201012,201101,201102,201103,201104,201105,201106,201107,201108,201109,201110,201111,201112,201201,201202,201203,201204,201205,201206,201207,201208],"Y_PREVALENCE_1000PP":[0.03943,0.03726,0.02184,0.0224,0.03461,0.03802,0.04608,0.03137,0.03063,0.01571,0.02521,0.0193,0.03117,0.02141,0.01319,0.01695,0.03476,0.02037,0.0214,0.0224,0.02341,0.01707,0.02776,0.03108,0.02243,0.01638,0.02204,0.0207,0.01939,0.02605,0.0247,0.02454,0.02881,0.02422,0.02627,0.03376,0.024,0.05023,0.02951,0.02954,0.03396,0.04387,0.04063,0.02309,0.03523,0.02756,0.03091,0.03538,0.02659,0.0222,0.02445,0.02784,0.02788,0.0324,0.02685,0.02914,0.03368,0.03486,0.03041,0.02596,0.02262,0.0102,0.0318,0.02959,0.02395,0.03085,0.0332,0.03097,0.02069,0.02418,0.03345,0.02774,0.02433,0.03251,0.02212,0.02217,0.01988,0.01524,0.00823,0.01296]},"DRUG_FREQUENCY_DISTRIBUTION":{"Y_NUM_PERSONS":[0,0,0,0,0],"X_COUNT":[1,2,3,4,5]},"QUANTITY_DISTRIBUTION":{"CATEGORY":[],"MIN_VALUE":[],"P10_VALUE":[],"P25_VALUE":[],"MEDIAN_VALUE":[],"P75_VALUE":[],"P90_VALUE":[],"MAX_VALUE":[]},"REFILLS_DISTRIBUTION":{"CATEGORY":[],"MIN_VALUE":[],"P10_VALUE":[],"P25_VALUE":[],"MEDIAN_VALUE":[],"P75_VALUE":[],"P90_VALUE":[],"MAX_VALUE":[]}}
