{"PREVALENCE_BY_GENDER_AGE_YEAR":{"TRELLIS_NAME":["0-9","0-9","0-9","0-9","0-9","0-9","0-9","0-9","20-29","0-9","0-9","0-9","0-9","0-9","0-9","0-9","0-9","0-9","0-9","0-9","0-9","0-9","0-9","0-9","0-9","0-9","0-9"],"SERIES_NAME":["FEMALE","MALE","FEMALE","MALE","FEMALE","MALE","FEMALE","MALE","FEMALE","MALE","FEMALE","FEMALE","MALE","FEMALE","MALE","MALE","FEMALE","FEMALE","MALE","MALE","MALE","FEMALE","MALE","FEMALE","MALE","FEMALE","FEMALE"],"X_CALENDAR_YEAR":[2002,2002,2003,2003,2004,2004,2005,2005,2005,2006,2006,2007,2007,2008,2008,2009,2009,2010,2010,2011,2012,2012,2013,2013,2015,2015,2016],"Y_PREVALENCE_1000PP":[0.09062,0.13189,0.15131,0.20682,0.18893,0.20678,0.17612,0.15497,0.01877,0.35657,0.30399,0.20483,0.2237,0.25282,0.25922,0.14571,0.13362,0.02489,0.03862,0.02008,0.0396,0.01776,0.02809,0.02652,0.0228,0.03419,0.02846]},"PREVALENCE_BY_MONTH":{"X_CALENDAR_MONTH":[200205,200208,200210,200301,200302,200304,200309,200311,200401,200402,200403,200404,200406,200409,200410,200411,200412,200502,200503,200505,200506,200507,200508,200509,200510,200512,200601,200602,200603,200604,200605,200606,200607,200608,200609,200610,200611,200612,200701,200702,200703,200705,200706,200707,200708,200709,200711,200712,200801,200802,200803,200804,200805,200806,200807,200808,200809,200810,200811,200812,200901,200902,200903,200904,200905,200907,201001,201211,201505],"Y_PREVALENCE_1000PP":[0.00443,0.00437,0.00403,0.00398,0.00423,0.00472,0.00383,0.00152,0.00346,0.00148,0.00411,0.00167,0.00352,0.00162,0.00368,0.00183,0.00138,0.00181,0.00158,0.00135,0.00134,0.00289,0.00444,0.00198,0.00219,0.00328,0.00281,0.00412,0.00347,0.00151,0.00623,0.00192,0.00513,0.00362,0.00297,0.00148,0.00147,0.00609,0.00187,0.00166,0.00186,0.00553,0.00122,0.00281,0.00181,0.00179,0.0039,0.00293,0.00194,0.00524,0.00156,0.00155,0.00445,0.00423,0.00115,0.0021,0.0019,0.0036,0.00133,0.00208,0.00207,0.00113,0.00226,0.00435,0.00207,0.00301,0.00208,0.0011,0.0013]},"OBS_FREQUENCY_DISTRIBUTION":{"Y_NUM_PERSONS":[0,0],"X_COUNT":[1,2]},"OBSERVATIONS_BY_TYPE":{"CONCEPT_NAME":"Observation recorded from EHR","COUNT_VALUE":1032},"AGE_AT_FIRST_OCCURRENCE":{"CATEGORY":["MALE","FEMALE"],"MIN_VALUE":[0,0],"P10_VALUE":[0,0],"P25_VALUE":[0,0],"MEDIAN_VALUE":[1,1],"P75_VALUE":[1,1],"P90_VALUE":[1,1],"MAX_VALUE":[3,38]}}
