{"PREVALENCE_BY_GENDER_AGE_YEAR":{"TRELLIS_NAME":["70-79","50-59","60-69","40-49","60-69","50-59","50-59","60-69","70-79","70-79","70-79","50-59","60-69","60-69","70-79","40-49","50-59","60-69","60-69","70-79","70-79","60-69","30-39"],"SERIES_NAME":["FEMALE","MALE","MALE","MALE","FEMALE","MALE","FEMALE","MALE","MALE","FEMALE","FEMALE","MALE","FEMALE","MALE","MALE","MALE","FEMALE","MALE","FEMALE","MALE","FEMALE","MALE","FEMALE"],"X_CALENDAR_YEAR":[2002,2002,2003,2004,2004,2004,2004,2004,2004,2004,2005,2005,2005,2005,2005,2005,2006,2006,2006,2006,2006,2009,2013],"Y_PREVALENCE_1000PP":[0.03723,0.02646,0.04481,0.01983,0.07447,0.05251,0.05408,0.12009,0.05909,0.06042,0.05315,0.04082,0.05002,0.0465,0.05065,0.01597,0.02192,0.03536,0.02708,0.04228,0.03064,0.01967,0.01735]},"PREVALENCE_BY_MONTH":{"X_CALENDAR_MONTH":[200211,200302,200404,200407,200408,200409,200410,200411,200412,200501,200502,200503,200504,200505,200507,200508,200512,200602,200603,200607,200706,201504],"Y_PREVALENCE_1000PP":[0.00161,0.00158,0.0019,0.0028,0.00232,0.00463,0.00414,0.00573,0.00275,0.00294,0.00294,0.00136,0.00135,0.0018,0.002,0.00155,0.00153,0.0013,0.00282,0.00128,0.00122,0.0013]},"OBS_FREQUENCY_DISTRIBUTION":{"Y_NUM_PERSONS":[0,0,0],"X_COUNT":[1,2,3]},"OBSERVATIONS_BY_TYPE":{"CONCEPT_NAME":"Observation recorded from EHR","COUNT_VALUE":696},"AGE_AT_FIRST_OCCURRENCE":{"CATEGORY":["MALE","FEMALE"],"MIN_VALUE":[13,9],"P10_VALUE":[47,29],"P25_VALUE":[54,35],"MEDIAN_VALUE":[63,56],"P75_VALUE":[70,70],"P90_VALUE":[77,78],"MAX_VALUE":[91,90]}}
