{"PREVALENCE_BY_GENDER_AGE_YEAR":{"TRELLIS_NAME":["50-59","60-69","50-59","80-89","70-79","40-49","60-69","70-79","40-49","80-89","50-59","40-49","70-79","70-79","60-69","50-59","80-89","80-89","60-69","70-79","30-39","30-39","70-79","80-89","80-89","40-49","50-59","60-69","50-59","60-69","40-49","90-99","90-99","70-79","40-49","70-79","50-59","80-89","80-89","50-59","60-69","60-69","50-59","70-79","40-49","80-89","20-29","70-79","30-39","50-59","80-89","60-69","40-49","60-69","90-99","30-39","60-69","40-49","50-59","80-89","50-59","70-79","40-49","80-89","70-79","60-69"],"SERIES_NAME":["MALE","MALE","FEMALE","FEMALE","MALE","FEMALE","FEMALE","FEMALE","MALE","MALE","MALE","MALE","MALE","FEMALE","MALE","FEMALE","FEMALE","MALE","FEMALE","FEMALE","FEMALE","MALE","MALE","FEMALE","MALE","FEMALE","FEMALE","FEMALE","MALE","MALE","MALE","MALE","FEMALE","MALE","MALE","FEMALE","MALE","MALE","FEMALE","FEMALE","MALE","FEMALE","FEMALE","FEMALE","FEMALE","MALE","FEMALE","MALE","MALE","MALE","FEMALE","FEMALE","MALE","MALE","FEMALE","FEMALE","MALE","FEMALE","MALE","FEMALE","FEMALE","FEMALE","MALE","MALE","MALE","FEMALE"],"X_CALENDAR_YEAR":[2014,2014,2014,2014,2014,2014,2014,2014,2014,2014,2015,2015,2015,2015,2015,2015,2015,2015,2015,2016,2016,2016,2016,2016,2016,2016,2016,2016,2016,2016,2016,2016,2016,2017,2017,2017,2017,2017,2017,2017,2017,2017,2018,2018,2018,2018,2018,2018,2018,2018,2018,2018,2018,2018,2018,2018,2019,2019,2019,2019,2019,2019,2019,2019,2019,2019],"Y_PREVALENCE_1000PP":[0.04281,0.0729,0.02989,0.04391,0.09139,0.02021,0.05141,0.04936,0.01468,0.07401,0.08635,0.02201,0.15922,0.13667,0.13347,0.04968,0.16794,0.23975,0.08733,0.62254,0.02699,0.05416,1.06623,0.69249,0.97995,0.09652,0.2978,0.48635,0.37079,0.6455,0.17688,0.60015,0.26412,0.11693,0.04157,0.09217,0.07816,0.15113,0.08646,0.05666,0.13751,0.08617,0.65363,0.93468,0.27325,1.21023,0.0308,1.2149,0.11493,0.71226,0.97429,0.93225,0.39969,1.30318,0.38478,0.11479,0.23168,0.09993,0.15447,0.15957,0.13307,0.17332,0.09153,0.27162,0.28007,0.10485]},"PREVALENCE_BY_MONTH":{"X_CALENDAR_MONTH":[201406,201407,201408,201409,201410,201411,201412,201501,201502,201503,201504,201505,201507,201509,201511,201512,201601,201602,201603,201604,201605,201606,201607,201608,201609,201610,201611,201612,201701,201702,201703,201705,201706,201707,201708,201709,201712,201801,201802,201803,201804,201805,201806,201807,201808,201809,201810,201811,201812,201901,201902,201903],"Y_PREVALENCE_1000PP":[0.00136,0.00431,0.00138,0.00674,0.00324,0.00347,0.00456,0.00934,0.00606,0.00626,0.00259,0.00173,0.0027,0.00315,0.0045,0.01328,0.01113,0.00672,0.00822,0.008,0.01391,0.03215,0.03885,0.04194,0.04022,0.03692,0.02628,0.00931,0.00767,0.00448,0.0051,0.00371,0.00262,0.01053,0.00412,0.00177,0.00304,0.01913,0.01236,0.01328,0.01975,0.03825,0.04339,0.08513,0.06363,0.0345,0.04949,0.05091,0.04407,0.04265,0.02642,0.01618]},"OBS_FREQUENCY_DISTRIBUTION":{"Y_NUM_PERSONS":[0,0,0,0],"X_COUNT":[1,2,3,4]},"OBSERVATIONS_BY_TYPE":{"CONCEPT_NAME":"Observation recorded from EHR","COUNT_VALUE":3454},"AGE_AT_FIRST_OCCURRENCE":{"CATEGORY":["FEMALE","MALE"],"MIN_VALUE":[17,16],"P10_VALUE":[47,47],"P25_VALUE":[56,55],"MEDIAN_VALUE":[66,65],"P75_VALUE":[76,74],"P90_VALUE":[82,81],"MAX_VALUE":[103,96]}}
