{"PREVALENCE_BY_GENDER_AGE_YEAR":{"TRELLIS_NAME":["80-89","30-39","70-79","80-89","50-59","70-79","60-69","80-89","70-79","60-69","50-59","80-89","70-79","60-69","70-79","70-79","60-69","70-79","60-69","70-79","80-89","80-89","70-79","60-69","60-69","70-79","60-69","60-69","80-89","60-69"],"SERIES_NAME":["FEMALE","FEMALE","MALE","FEMALE","FEMALE","FEMALE","FEMALE","FEMALE","MALE","FEMALE","FEMALE","FEMALE","FEMALE","FEMALE","MALE","FEMALE","MALE","FEMALE","FEMALE","MALE","FEMALE","FEMALE","FEMALE","MALE","MALE","FEMALE","FEMALE","MALE","FEMALE","FEMALE"],"X_CALENDAR_YEAR":[2003,2004,2004,2004,2004,2005,2005,2005,2005,2006,2006,2007,2007,2008,2008,2008,2008,2009,2010,2010,2011,2012,2012,2012,2013,2013,2013,2014,2014,2016],"Y_PREVALENCE_1000PP":[0.05443,0.022,0.04596,0.09279,0.02366,0.12224,0.05002,0.07285,0.05065,0.02321,0.01879,0.07218,0.03316,0.04294,0.04278,0.03221,0.03011,0.02736,0.01886,0.047,0.04809,0.04827,0.03121,0.01882,0.02814,0.02623,0.03036,0.01988,0.05122,0.02516]},"PREVALENCE_BY_MONTH":{"X_CALENDAR_MONTH":[200309,200310,200311,200401,200402,200410,200411,200501,200506,200508,200509,200510,200511,200601,200610,200611,200612,200702,200709,200710,200712,200801,200802,200810,200811,200812,200910,200911,200912,201010,201011,201012,201111,201112,201201,201202,201210,201301,201302,201310,201312,201402,201409,201410,201511,201610,201611,201710],"Y_PREVALENCE_1000PP":[0.00179,0.00407,0.00203,0.00296,0.00148,0.00253,0.00321,0.00181,0.00291,0.00155,0.00154,0.00373,0.00416,0.00151,0.00169,0.0021,0.00126,0.00124,0.0012,0.00157,0.00156,0.00174,0.00175,0.00247,0.00265,0.00114,0.00188,0.00132,0.00114,0.00151,0.00187,0.00113,0.00164,0.00109,0.00109,0.00127,0.00127,0.00147,0.00147,0.00262,0.00115,0.00134,0.00119,0.00162,0.00166,0.00299,0.00164,0.00266]},"OBS_FREQUENCY_DISTRIBUTION":{"Y_NUM_PERSONS":[0,0],"X_COUNT":[1,2]},"OBSERVATIONS_BY_TYPE":{"CONCEPT_NAME":"Observation recorded from EHR","COUNT_VALUE":727},"AGE_AT_FIRST_OCCURRENCE":{"CATEGORY":["FEMALE","MALE"],"MIN_VALUE":[1,0],"P10_VALUE":[26,15],"P25_VALUE":[44,43],"MEDIAN_VALUE":[66,62],"P75_VALUE":[77,72],"P90_VALUE":[87,78],"MAX_VALUE":[99,98]}}
