{"PREVALENCE_BY_GENDER_AGE_YEAR":{"TRELLIS_NAME":["80-89","70-79","10-19","80-89","80-89","60-69","30-39","70-79","90-99","10-19","70-79","80-89","40-49","10-19","70-79","50-59","60-69","80-89","10-19","80-89","10-19","0-9","20-29","60-69","90-99","40-49","50-59","40-49","90-99","90-99","70-79","50-59","0-9","30-39","20-29","0-9","70-79","10-19","80-89","60-69","10-19","80-89","40-49","30-39","80-89","60-69","50-59","90-99","10-19","40-49","70-79","0-9","40-49","30-39","80-89","10-19","90-99","30-39","20-29","0-9","60-69","0-9","70-79","90-99","50-59","70-79","60-69","90-99","50-59","80-89","80-89","10-19","40-49","30-39","30-39","20-29","10-19","60-69","90-99","50-59","80-89","90-99","70-79","10-19","70-79","0-9","60-69","80-89","70-79","60-69","90-99","80-89","80-89","10-19","0-9","80-89","10-19","50-59","10-19","90-99","80-89","70-79","10-19","70-79","90-99","80-89","10-19"],"SERIES_NAME":["FEMALE","FEMALE","FEMALE","MALE","FEMALE","MALE","MALE","FEMALE","FEMALE","MALE","MALE","MALE","FEMALE","FEMALE","FEMALE","MALE","MALE","MALE","MALE","FEMALE","FEMALE","FEMALE","FEMALE","FEMALE","FEMALE","FEMALE","FEMALE","MALE","FEMALE","MALE","MALE","FEMALE","MALE","MALE","FEMALE","FEMALE","FEMALE","MALE","FEMALE","MALE","FEMALE","MALE","FEMALE","FEMALE","FEMALE","MALE","FEMALE","MALE","MALE","FEMALE","MALE","FEMALE","MALE","FEMALE","MALE","FEMALE","FEMALE","MALE","FEMALE","MALE","MALE","MALE","FEMALE","MALE","FEMALE","MALE","FEMALE","FEMALE","MALE","MALE","FEMALE","FEMALE","MALE","MALE","FEMALE","FEMALE","MALE","MALE","MALE","MALE","MALE","FEMALE","FEMALE","FEMALE","MALE","MALE","FEMALE","FEMALE","FEMALE","MALE","FEMALE","FEMALE","MALE","FEMALE","MALE","FEMALE","MALE","MALE","FEMALE","FEMALE","MALE","FEMALE","FEMALE","MALE","FEMALE","FEMALE","FEMALE"],"X_CALENDAR_YEAR":[2009,2009,2009,2009,2010,2010,2010,2010,2010,2010,2010,2010,2010,2010,2011,2011,2011,2011,2011,2011,2011,2011,2011,2011,2011,2011,2011,2011,2012,2012,2012,2012,2012,2012,2012,2012,2012,2012,2012,2012,2012,2012,2012,2012,2013,2013,2013,2013,2013,2013,2013,2013,2013,2013,2013,2013,2013,2013,2013,2013,2014,2014,2014,2014,2014,2014,2014,2014,2014,2014,2014,2014,2014,2014,2015,2015,2015,2015,2015,2015,2015,2015,2015,2015,2015,2015,2015,2015,2016,2016,2016,2016,2016,2016,2016,2017,2017,2017,2017,2017,2017,2017,2018,2018,2018,2018,2019],"Y_PREVALENCE_1000PP":[0.10334,0.05017,0.02367,0.07712,0.18735,0.02565,0.01967,0.04083,0.20756,0.02146,0.03133,0.14088,0.01623,0.02349,0.03129,0.03178,0.02496,0.15776,0.03633,0.20611,0.03274,0.02697,0.01483,0.01825,0.19725,0.01592,0.01896,0.0153,0.14418,0.48573,0.07117,0.02147,0.02829,0.01969,0.02709,0.02071,0.06687,0.02752,0.24824,0.0345,0.03271,0.1345,0.01613,0.02737,0.181,0.03127,0.0158,0.46888,0.02141,0.01636,0.06447,0.01768,0.02033,0.01735,0.12281,0.1557,0.33106,0.01975,0.0148,0.01966,0.03976,0.01785,0.09423,0.95012,0.03261,0.10663,0.02249,0.7485,0.02943,0.17975,0.34393,0.41073,0.01713,0.01578,0.02014,0.02031,0.03532,0.03607,0.50157,0.01727,0.22834,0.62035,0.10739,0.36772,0.06589,0.02932,0.02795,0.31988,0.06791,0.03033,0.59428,0.2116,0.21777,0.76677,0.02712,0.30259,0.04627,0.02605,0.879,0.52838,0.15113,0.04916,1.05818,0.05315,0.68405,0.23139,0.4255]},"PREVALENCE_BY_MONTH":{"X_CALENDAR_MONTH":[200812,200901,200903,200905,200906,200907,200908,200909,200910,200911,201001,201002,201003,201004,201005,201006,201007,201008,201009,201010,201011,201012,201101,201102,201103,201104,201105,201106,201107,201108,201109,201110,201111,201112,201201,201202,201203,201204,201205,201206,201207,201208,201209,201210,201211,201212,201301,201302,201303,201304,201305,201306,201307,201308,201309,201310,201311,201312,201401,201402,201403,201404,201405,201406,201407,201408,201409,201410,201411,201412,201501,201502,201503,201504,201505,201506,201507,201508,201509,201510,201511,201512,201601,201602,201603,201604,201605,201606,201607,201608,201609,201610,201611,201612,201701,201702,201703,201704,201705,201706,201707,201708,201709,201710,201711,201712,201801,201802,201803,201804,201805,201806,201807,201808,201809,201810,201811,201812,201901,201902,201903],"Y_PREVALENCE_1000PP":[0.00189,0.00132,0.00132,0.00189,0.00113,0.00169,0.00245,0.00113,0.00207,0.00189,0.00151,0.00266,0.0019,0.00228,0.00248,0.0021,0.0021,0.0021,0.00266,0.0032,0.00394,0.00131,0.0028,0.00485,0.0026,0.00185,0.0024,0.00331,0.00239,0.00311,0.00328,0.00436,0.00292,0.00383,0.00455,0.00273,0.00345,0.00345,0.00291,0.00236,0.00292,0.00454,0.00218,0.00381,0.00384,0.00331,0.00367,0.00295,0.00222,0.00463,0.00316,0.00409,0.00315,0.0013,0.00408,0.00655,0.00471,0.00326,0.00649,0.00725,0.00612,0.0067,0.00575,0.00659,0.00548,0.01007,0.00952,0.00809,0.00654,0.00394,0.00643,0.00689,0.00561,0.008,0.00605,0.00833,0.00405,0.00292,0.01102,0.00605,0.00828,0.00492,0.00544,0.00945,0.01096,0.011,0.01239,0.0108,0.00341,0.00294,0.01421,0.00977,0.00986,0.00411,0.0126,0.00952,0.01191,0.00741,0.00856,0.01195,0.00292,0.00294,0.01417,0.0074,0.01658,0.0067,0.01296,0.01391,0.00834,0.01173,0.01666,0.01457,0.00788,0.00191,0.01182,0.01335,0.0115,0.00428,0.01476,0.0076,0.01189]},"OBS_FREQUENCY_DISTRIBUTION":{"Y_NUM_PERSONS":[0,0,0,0,0,0,0,0,0,0,0,0,0,0],"X_COUNT":[1,2,3,4,5,6,7,8,9,10,11,12,13,14]},"OBSERVATIONS_BY_TYPE":{"CONCEPT_NAME":"Observation recorded from EHR","COUNT_VALUE":3438},"AGE_AT_FIRST_OCCURRENCE":{"CATEGORY":["FEMALE","MALE"],"MIN_VALUE":[0,0],"P10_VALUE":[12,11],"P25_VALUE":[14,31],"MEDIAN_VALUE":[27,64],"P75_VALUE":[82,83],"P90_VALUE":[89,89],"MAX_VALUE":[101,98]}}
