{"PREVALENCE_BY_GENDER_AGE_YEAR":{"TRELLIS_NAME":["50-59","70-79","70-79","60-69","90-99","60-69","80-89","50-59","90-99","30-39","60-69","40-49","80-89","70-79","70-79","60-69","30-39","60-69","50-59","60-69","80-89","70-79","40-49","70-79","70-79","80-89","60-69","70-79","50-59","70-79","50-59","80-89","40-49","60-69","70-79","80-89","80-89","70-79","60-69","50-59","60-69","70-79","50-59","40-49","60-69","40-49","60-69","50-59","70-79","80-89","50-59","40-49","70-79","80-89","60-69","50-59","70-79","40-49","70-79","60-69","60-69","50-59","70-79","60-69","70-79","40-49","80-89","50-59","80-89","70-79","70-79","40-49","40-49","60-69","60-69","80-89","50-59","80-89","80-89","80-89","70-79"],"SERIES_NAME":["FEMALE","MALE","FEMALE","MALE","FEMALE","FEMALE","FEMALE","FEMALE","FEMALE","FEMALE","MALE","FEMALE","FEMALE","MALE","FEMALE","FEMALE","MALE","FEMALE","FEMALE","MALE","FEMALE","MALE","FEMALE","FEMALE","MALE","FEMALE","FEMALE","FEMALE","FEMALE","MALE","FEMALE","FEMALE","FEMALE","FEMALE","FEMALE","FEMALE","FEMALE","MALE","FEMALE","MALE","MALE","FEMALE","FEMALE","MALE","MALE","FEMALE","FEMALE","MALE","MALE","FEMALE","FEMALE","MALE","FEMALE","FEMALE","FEMALE","FEMALE","MALE","FEMALE","FEMALE","MALE","MALE","MALE","MALE","FEMALE","FEMALE","FEMALE","FEMALE","FEMALE","MALE","FEMALE","MALE","FEMALE","MALE","MALE","FEMALE","MALE","FEMALE","FEMALE","FEMALE","FEMALE","MALE"],"X_CALENDAR_YEAR":[2002,2002,2002,2002,2002,2002,2002,2003,2003,2003,2003,2003,2003,2003,2003,2003,2003,2004,2004,2004,2004,2004,2004,2004,2005,2005,2005,2005,2005,2006,2006,2006,2006,2006,2006,2007,2010,2010,2010,2010,2010,2010,2010,2010,2011,2011,2011,2011,2011,2011,2011,2011,2011,2012,2012,2012,2012,2012,2012,2012,2013,2013,2013,2013,2013,2013,2013,2013,2013,2014,2014,2014,2014,2014,2014,2014,2014,2014,2017,2018,2018],"Y_PREVALENCE_1000PP":[0.03891,0.09903,0.12408,0.05933,0.22981,0.06891,0.18327,0.05127,0.24881,0.02647,0.03485,0.02999,0.13609,0.06475,0.10708,0.08333,0.01721,0.06133,0.04056,0.03558,0.1181,0.06566,0.02383,0.08239,0.05065,0.08095,0.03751,0.04252,0.02586,0.04228,0.02192,0.07762,0.01855,0.04643,0.05107,0.05052,0.04857,0.04177,0.07228,0.02184,0.01924,0.07712,0.03648,0.01554,0.02496,0.01819,0.06388,0.02383,0.06143,0.05496,0.02438,0.01749,0.03576,0.08964,0.06709,0.03489,0.0305,0.02996,0.08025,0.04391,0.04377,0.0181,0.04464,0.06072,0.11802,0.02804,0.06265,0.03423,0.0614,0.06731,0.06093,0.03032,0.01468,0.03314,0.0739,0.07401,0.0625,0.07318,0.09726,0.07307,0.04556]},"PREVALENCE_BY_MONTH":{"X_CALENDAR_MONTH":[200201,200202,200203,200204,200205,200206,200207,200208,200209,200210,200211,200212,200301,200302,200303,200304,200305,200306,200307,200308,200309,200310,200311,200312,200401,200402,200403,200404,200405,200406,200407,200408,200409,200410,200411,200412,200501,200502,200503,200504,200505,200507,200508,200509,200510,200511,200512,200601,200602,200603,200604,200605,200606,200607,200608,201002,201003,201004,201005,201006,201007,201008,201009,201010,201011,201012,201101,201102,201103,201104,201105,201106,201107,201108,201109,201110,201111,201112,201201,201202,201203,201204,201205,201206,201207,201208,201209,201210,201211,201212,201301,201302,201303,201304,201305,201306,201307,201308,201309,201310,201311,201312,201401,201402,201403,201404,201405,201406,201407,201408,201409,201410,201411,201412,201501,201706,201707,201807],"Y_PREVALENCE_1000PP":[0.00499,0.00494,0.00402,0.00419,0.00305,0.00248,0.00521,0.0041,0.00597,0.00914,0.00536,0.00403,0.0077,0.00581,0.00552,0.00708,0.00679,0.00597,0.00643,0.00308,0.00409,0.00509,0.00253,0.00202,0.00321,0.0032,0.00459,0.00357,0.00355,0.00493,0.0063,0.00163,0.00416,0.00184,0.00321,0.0016,0.00181,0.00203,0.00203,0.00226,0.00135,0.00178,0.00133,0.00132,0.00154,0.00175,0.00153,0.0026,0.00174,0.00303,0.00194,0.00301,0.0047,0.00385,0.00128,0.00114,0.00304,0.0019,0.00191,0.00267,0.00325,0.00267,0.00437,0.00358,0.00394,0.00169,0.00355,0.00205,0.00278,0.00259,0.00332,0.0035,0.00239,0.00128,0.00109,0.00218,0.0031,0.00128,0.00327,0.00255,0.00218,0.002,0.00346,0.00309,0.00255,0.00309,0.00272,0.00363,0.00402,0.00423,0.0033,0.00313,0.0013,0.0037,0.00371,0.0039,0.00204,0.0039,0.00519,0.00468,0.00377,0.00346,0.00477,0.00248,0.00459,0.00364,0.0023,0.00349,0.0047,0.00316,0.00278,0.00283,0.00306,0.0027,0.00291,0.00175,0.00175,0.00221]},"OBS_FREQUENCY_DISTRIBUTION":{"Y_NUM_PERSONS":[0,0,0,0,0,0,0,0,0,0,0,0,0,0,0,0,0,0,0,0,0,0,0,0],"X_COUNT":[1,2,3,4,5,6,7,8,9,10,11,12,13,14,15,16,17,18,19,23,24,26,28,32]},"OBSERVATIONS_BY_TYPE":{"CONCEPT_NAME":"Observation recorded from EHR","COUNT_VALUE":3156},"AGE_AT_FIRST_OCCURRENCE":{"CATEGORY":["FEMALE","MALE"],"MIN_VALUE":[7,9],"P10_VALUE":[38,28],"P25_VALUE":[52,45],"MEDIAN_VALUE":[65,62],"P75_VALUE":[77,74],"P90_VALUE":[86,80],"MAX_VALUE":[98,95]}}
