{"PREVALENCE_BY_GENDER_AGE_YEAR":{"TRELLIS_NAME":["60-69","70-79","80-89","70-79","80-89","50-59","70-79","70-79","60-69","80-89","90-99","40-49","80-89","60-69","80-89","50-59","40-49","70-79","70-79","60-69","80-89","90-99","60-69","50-59","60-69","70-79","90-99","80-89","60-69","50-59","80-89","70-79","50-59","40-49","90-99","50-59","60-69","90-99","80-89","80-89","40-49","70-79","60-69","70-79","50-59","60-69","80-89","60-69","40-49","80-89","90-99","70-79","70-79","50-59","90-99","40-49","90-99","50-59","60-69","80-89","50-59","40-49","70-79","80-89","40-49","90-99","60-69","70-79","50-59","90-99","60-69","80-89","70-79","80-89","60-69","70-79","60-69","70-79","70-79","80-89","80-89","70-79","80-89","70-79","60-69","60-69"],"SERIES_NAME":["FEMALE","FEMALE","FEMALE","MALE","MALE","FEMALE","FEMALE","MALE","FEMALE","FEMALE","FEMALE","MALE","MALE","MALE","FEMALE","MALE","MALE","MALE","FEMALE","MALE","MALE","FEMALE","FEMALE","FEMALE","MALE","FEMALE","FEMALE","MALE","FEMALE","MALE","FEMALE","MALE","MALE","MALE","FEMALE","FEMALE","MALE","MALE","FEMALE","MALE","FEMALE","FEMALE","FEMALE","MALE","MALE","FEMALE","MALE","MALE","MALE","FEMALE","MALE","MALE","FEMALE","FEMALE","FEMALE","FEMALE","FEMALE","FEMALE","FEMALE","MALE","MALE","MALE","FEMALE","FEMALE","FEMALE","MALE","MALE","MALE","FEMALE","FEMALE","MALE","FEMALE","FEMALE","MALE","FEMALE","MALE","MALE","FEMALE","MALE","FEMALE","MALE","FEMALE","FEMALE","MALE","MALE","FEMALE"],"X_CALENDAR_YEAR":[2009,2009,2009,2009,2009,2010,2010,2010,2010,2010,2010,2010,2010,2010,2011,2011,2011,2011,2011,2011,2011,2011,2011,2011,2012,2012,2012,2012,2012,2012,2012,2012,2013,2013,2013,2013,2013,2013,2013,2013,2013,2013,2013,2013,2014,2014,2014,2014,2014,2014,2014,2014,2014,2014,2014,2014,2015,2015,2015,2015,2015,2015,2015,2015,2015,2015,2015,2015,2016,2016,2016,2016,2016,2016,2016,2016,2017,2017,2017,2017,2017,2018,2018,2018,2018,2018],"Y_PREVALENCE_1000PP":[0.03228,0.06841,0.08957,0.03687,0.11017,0.02245,0.29942,0.22453,0.12257,0.45797,0.25945,0.01554,0.27092,0.08017,0.61145,0.02383,0.0153,0.22525,0.33971,0.08422,0.42069,0.59175,0.12472,0.05417,0.03763,0.11592,0.2403,0.19658,0.06404,0.01577,0.22065,0.09151,0.0543,0.02033,0.70942,0.0474,0.06879,0.35166,0.71705,0.74707,0.01636,0.4065,0.14876,0.24302,0.09365,0.29882,0.62383,0.16569,0.03916,1.0391,0.77197,0.40111,0.58783,0.08968,0.92315,0.03284,0.78218,0.09351,0.19911,0.65076,0.06044,0.03027,0.58086,1.01562,0.02833,0.37618,0.16954,0.39531,0.03423,0.46221,0.04332,0.34625,0.23204,0.27221,0.07966,0.0952,0.0442,0.07373,0.04127,0.19453,0.12091,0.10234,0.12179,0.09112,0.06626,0.0542]},"PREVALENCE_BY_MONTH":{"X_CALENDAR_MONTH":[200611,200704,200903,200908,200910,200911,201001,201002,201003,201005,201006,201007,201008,201009,201012,201101,201102,201103,201104,201105,201106,201107,201109,201112,201201,201202,201203,201205,201206,201207,201208,201209,201210,201211,201212,201301,201302,201303,201304,201305,201306,201307,201308,201309,201310,201311,201312,201401,201402,201403,201404,201405,201406,201407,201408,201409,201410,201411,201412,201501,201502,201503,201504,201505,201506,201507,201508,201509,201510,201511,201601,201602,201603,201605,201607,201608,201609,201611,201701,201704,201705,201707,201708,201710,201711,201712,201802,201803,201804,201805,201806,201807,201808,201809],"Y_PREVALENCE_1000PP":[0.00126,0.00124,0.00188,0.00226,0.00527,0.00227,0.00114,0.00247,0.00989,0.00114,0.00439,0.02578,0.00477,0.00114,0.00581,0.00505,0.04687,0.00612,0.00204,0.00129,0.00276,0.00257,0.00255,0.00201,0.00255,0.00218,0.00273,0.00473,0.002,0.0031,0.00182,0.00181,0.00236,0.00238,0.00313,0.00918,0.00608,0.00667,0.00481,0.00408,0.00539,0.00723,0.00668,0.00296,0.00281,0.02975,0.00941,0.01986,0.01775,0.03005,0.00785,0.00479,0.01647,0.01234,0.015,0.00892,0.00162,0.01042,0.00643,0.01972,0.01818,0.00626,0.01037,0.00886,0.0081,0.00989,0.03281,0.00517,0.00977,0.00284,0.00519,0.00722,0.00947,0.00835,0.0042,0.00454,0.00295,0.00192,0.00164,0.00171,0.00314,0.00205,0.00206,0.00178,0.00332,0.00304,0.00185,0.00371,0.00309,0.00308,0.00248,0.00315,0.00191,0.00192]},"OBS_FREQUENCY_DISTRIBUTION":{"Y_NUM_PERSONS":[0,0,0,0],"X_COUNT":[1,2,3,4]},"OBSERVATIONS_BY_TYPE":{"CONCEPT_NAME":"Observation recorded from EHR","COUNT_VALUE":3271},"AGE_AT_FIRST_OCCURRENCE":{"CATEGORY":["FEMALE","MALE"],"MIN_VALUE":[12,13],"P10_VALUE":[59,53],"P25_VALUE":[68,65],"MEDIAN_VALUE":[77,74],"P75_VALUE":[83,81],"P90_VALUE":[89,86],"MAX_VALUE":[103,100]}}
