{"PREVALENCE_BY_GENDER_AGE_YEAR":{"TRELLIS_NAME":["10-19","0-9","0-9","0-9","0-9","10-19","10-19","0-9","10-19","0-9","10-19","10-19","0-9","0-9","10-19","0-9","0-9","10-19","10-19","0-9","10-19","0-9","10-19","10-19","0-9","0-9"],"SERIES_NAME":["FEMALE","MALE","FEMALE","MALE","FEMALE","MALE","FEMALE","MALE","MALE","FEMALE","FEMALE","MALE","FEMALE","MALE","FEMALE","FEMALE","MALE","MALE","FEMALE","MALE","FEMALE","FEMALE","MALE","FEMALE","MALE","FEMALE"],"X_CALENDAR_YEAR":[2013,2013,2013,2014,2014,2014,2014,2015,2015,2015,2015,2016,2016,2016,2016,2017,2017,2017,2017,2018,2018,2018,2018,2019,2019,2019],"Y_PREVALENCE_1000PP":[0.01946,0.03933,0.02357,0.31237,0.23682,0.0939,0.09926,0.29318,0.11303,0.21537,0.14115,0.09644,0.2236,0.34479,0.11392,0.20843,0.35459,0.09717,0.09126,0.34279,0.15499,0.33297,0.10334,0.04728,0.12131,0.14613]},"PREVALENCE_BY_MONTH":{"X_CALENDAR_MONTH":[201310,201311,201312,201401,201402,201403,201404,201405,201406,201407,201408,201409,201410,201411,201412,201501,201502,201503,201504,201505,201506,201507,201508,201509,201510,201511,201512,201601,201602,201603,201604,201605,201606,201607,201608,201609,201610,201611,201612,201701,201702,201703,201704,201705,201706,201707,201709,201710,201711,201712,201801,201802,201803,201804,201805,201806,201807,201808,201809,201810,201811,201812,201901,201902,201903],"Y_PREVALENCE_1000PP":[0.00224,0.00264,0.00115,0.00267,0.00477,0.00536,0.00364,0.00402,0.00426,0.00411,0.00336,0.00436,0.00324,0.0047,0.00228,0.00374,0.00481,0.0041,0.00303,0.00389,0.00518,0.00427,0.00449,0.0054,0.00465,0.00189,0.00418,0.00371,0.00299,0.00673,0.005,0.00379,0.00592,0.00341,0.00561,0.00483,0.00353,0.00219,0.00356,0.00493,0.00532,0.00397,0.00399,0.00342,0.00408,0.00351,0.00472,0.00355,0.00724,0.00304,0.00555,0.00525,0.00556,0.0037,0.00771,0.00465,0.0041,0.00414,0.00383,0.00554,0.0046,0.00362,0.00459,0.00793,0.00594]},"OBS_FREQUENCY_DISTRIBUTION":{"Y_NUM_PERSONS":[0,0],"X_COUNT":[1,2]},"OBSERVATIONS_BY_TYPE":{"CONCEPT_NAME":"Observation recorded from EHR","COUNT_VALUE":1113},"AGE_AT_FIRST_OCCURRENCE":{"CATEGORY":["FEMALE","MALE"],"MIN_VALUE":[0,0],"P10_VALUE":[1,1],"P25_VALUE":[2,1],"MEDIAN_VALUE":[6,4],"P75_VALUE":[11,9],"P90_VALUE":[14,13],"MAX_VALUE":[19,19]}}
