{"PREVALENCE_BY_GENDER_AGE_YEAR":{"TRELLIS_NAME":["50-59","40-49","40-49","50-59","30-39","40-49","40-49","30-39","50-59","40-49","30-39","50-59","40-49","40-49","50-59","40-49","40-49","50-59","50-59","30-39","30-39","60-69","50-59","50-59","40-49","60-69","40-49","50-59","40-49","30-39","40-49","50-59","60-69","60-69","40-49","0-9","50-59","50-59","40-49","60-69","50-59","40-49","40-49","60-69","40-49","40-49","50-59","50-59","60-69","50-59","40-49","40-49","50-59","40-49","40-49","60-69","50-59","50-59","40-49","30-39","50-59","50-59","40-49","60-69","50-59","50-59","60-69","40-49","50-59","50-59","40-49","50-59","40-49","50-59","50-59","40-49","60-69","60-69"],"SERIES_NAME":["FEMALE","MALE","FEMALE","FEMALE","FEMALE","FEMALE","FEMALE","FEMALE","FEMALE","MALE","FEMALE","FEMALE","MALE","FEMALE","MALE","FEMALE","MALE","FEMALE","MALE","FEMALE","FEMALE","FEMALE","FEMALE","MALE","MALE","MALE","FEMALE","MALE","MALE","FEMALE","FEMALE","FEMALE","FEMALE","MALE","MALE","FEMALE","MALE","FEMALE","FEMALE","FEMALE","FEMALE","MALE","FEMALE","FEMALE","MALE","FEMALE","MALE","FEMALE","FEMALE","MALE","FEMALE","MALE","FEMALE","FEMALE","MALE","FEMALE","FEMALE","MALE","MALE","FEMALE","MALE","FEMALE","FEMALE","FEMALE","FEMALE","MALE","FEMALE","MALE","MALE","FEMALE","FEMALE","FEMALE","FEMALE","FEMALE","MALE","FEMALE","FEMALE","MALE"],"X_CALENDAR_YEAR":[2001,2002,2002,2003,2003,2003,2004,2004,2004,2004,2005,2005,2005,2005,2005,2006,2006,2006,2006,2006,2007,2007,2007,2007,2007,2007,2007,2008,2008,2008,2008,2008,2009,2009,2009,2009,2009,2009,2009,2010,2010,2010,2010,2011,2011,2011,2011,2011,2012,2012,2012,2012,2012,2013,2013,2013,2013,2013,2014,2014,2014,2014,2014,2014,2015,2015,2015,2016,2016,2016,2016,2017,2017,2018,2018,2018,2018,2018],"Y_PREVALENCE_1000PP":[0.03102,0.02742,0.0288,0.03662,0.03529,0.02333,0.02978,0.02475,0.03042,0.01699,0.01624,0.0291,0.02662,0.05047,0.0314,0.06094,0.02261,0.03757,0.03346,0.0185,0.01773,0.02763,0.07397,0.02879,0.01625,0.03156,0.04399,0.02815,0.01801,0.02769,0.04732,0.04045,0.02582,0.02623,0.02907,0.01909,0.0195,0.04873,0.04681,0.03771,0.03368,0.0222,0.0371,0.01825,0.01312,0.03411,0.01854,0.05417,0.0183,0.02629,0.05762,0.01337,0.04295,0.03271,0.01807,0.01822,0.03423,0.02844,0.02447,0.02365,0.03746,0.03805,0.048,0.01928,0.04091,0.02303,0.02795,0.0267,0.02697,0.03765,0.02413,0.02644,0.03921,0.07215,0.03332,0.03136,0.03252,0.03313]},"PREVALENCE_BY_MONTH":{"X_CALENDAR_MONTH":[200109,200203,200209,200210,200307,200310,200312,200401,200404,200406,200408,200506,200507,200509,200510,200511,200602,200603,200604,200606,200607,200608,200609,200612,200701,200702,200703,200706,200707,200708,200710,200711,200801,200802,200803,200805,200806,200808,200810,200901,200902,200903,200905,200906,200908,200909,200910,200911,201001,201004,201005,201007,201008,201011,201102,201104,201105,201109,201110,201201,201202,201205,201207,201209,201210,201211,201212,201301,201303,201305,201307,201309,201310,201311,201402,201403,201405,201406,201408,201409,201411,201412,201502,201506,201510,201605,201608,201611,201702,201801,201802,201804,201807],"Y_PREVALENCE_1000PP":[0.0019,0.00201,0.00217,0.00161,0.00154,0.00204,0.00202,0.00148,0.00167,0.00164,0.00186,0.00224,0.00222,0.0022,0.00176,0.00197,0.0013,0.00217,0.00172,0.00214,0.0015,0.00149,0.00212,0.00189,0.00187,0.00124,0.00124,0.00203,0.00181,0.00221,0.00433,0.00156,0.00136,0.00214,0.00233,0.00116,0.00134,0.00134,0.00133,0.00189,0.00113,0.00207,0.00151,0.00188,0.00113,0.00207,0.00207,0.00189,0.00132,0.00133,0.00172,0.00115,0.00134,0.00187,0.00261,0.00148,0.00203,0.00109,0.00182,0.00146,0.002,0.00146,0.00109,0.00145,0.002,0.00146,0.00166,0.00128,0.0013,0.00111,0.00111,0.00222,0.00131,0.00169,0.00134,0.0023,0.00134,0.00155,0.00118,0.00159,0.00286,0.00124,0.00188,0.00135,0.0014,0.00177,0.0016,0.00329,0.00168,0.00185,0.00402,0.00185,0.00189]},"OBS_FREQUENCY_DISTRIBUTION":{"Y_NUM_PERSONS":[0,0,0,0],"X_COUNT":[1,2,3,4]},"OBSERVATIONS_BY_TYPE":{"CONCEPT_NAME":"Observation recorded from EHR","COUNT_VALUE":1190},"AGE_AT_FIRST_OCCURRENCE":{"CATEGORY":["FEMALE","MALE"],"MIN_VALUE":[0,0],"P10_VALUE":[32,27],"P25_VALUE":[41,42],"MEDIAN_VALUE":[48,49],"P75_VALUE":[55,56],"P90_VALUE":[60,62],"MAX_VALUE":[76,82]}}
