{"PREVALENCE_BY_GENDER_AGE_YEAR":{"TRELLIS_NAME":["0-9","0-9","0-9","0-9","30-39","0-9","20-29","0-9","20-29","0-9","0-9","30-39","0-9","30-39","0-9","20-29","0-9","20-29","0-9","30-39","0-9","20-29","30-39","0-9","0-9","30-39","20-29","0-9","0-9","0-9","30-39","0-9","0-9","0-9","0-9","0-9","0-9","0-9","0-9","0-9","0-9","0-9","0-9","0-9","0-9","0-9","0-9","0-9","0-9","0-9","0-9"],"SERIES_NAME":["MALE","MALE","MALE","FEMALE","FEMALE","MALE","FEMALE","FEMALE","FEMALE","FEMALE","MALE","FEMALE","MALE","FEMALE","FEMALE","FEMALE","FEMALE","FEMALE","MALE","FEMALE","MALE","FEMALE","FEMALE","FEMALE","MALE","FEMALE","FEMALE","FEMALE","MALE","FEMALE","FEMALE","FEMALE","MALE","MALE","FEMALE","FEMALE","MALE","MALE","FEMALE","MALE","FEMALE","MALE","FEMALE","MALE","FEMALE","MALE","FEMALE","FEMALE","MALE","MALE","FEMALE"],"X_CALENDAR_YEAR":[2000,2001,2002,2002,2003,2003,2003,2003,2004,2004,2004,2004,2005,2005,2005,2005,2006,2006,2006,2006,2007,2007,2007,2007,2008,2008,2008,2008,2009,2009,2009,2010,2010,2011,2011,2012,2012,2013,2013,2014,2014,2015,2015,2016,2016,2017,2017,2018,2018,2019,2019],"Y_PREVALENCE_1000PP":[0.0566,0.03957,0.14068,0.15262,0.02353,0.63701,0.03628,0.63194,0.02641,0.67532,0.65794,0.03574,0.87217,0.03247,0.88443,0.02502,1.16531,0.03213,1.13142,0.03965,0.96831,0.01616,0.03039,0.93012,0.89801,0.02014,0.0232,0.97239,1.01089,1.03075,0.01766,0.96752,0.9864,0.76305,0.89895,0.9144,0.86272,0.75844,0.73077,0.75266,0.76968,0.69061,0.76233,0.68958,0.74805,0.60541,0.66607,0.57749,0.6359,0.15771,0.24143]},"PREVALENCE_BY_MONTH":{"X_CALENDAR_MONTH":[200112,200205,200207,200208,200210,200211,200212,200301,200302,200303,200304,200305,200306,200307,200308,200309,200310,200311,200312,200401,200402,200403,200404,200405,200406,200407,200408,200409,200410,200411,200412,200501,200502,200503,200504,200505,200506,200507,200508,200509,200510,200511,200512,200601,200602,200603,200604,200605,200606,200607,200608,200609,200610,200611,200612,200701,200702,200703,200704,200705,200706,200707,200708,200709,200710,200711,200712,200801,200802,200803,200804,200805,200806,200807,200808,200809,200810,200811,200812,200901,200902,200903,200904,200905,200906,200907,200908,200909,200910,200911,200912,201001,201002,201003,201004,201005,201006,201007,201008,201009,201010,201011,201012,201101,201102,201103,201104,201105,201106,201107,201108,201109,201110,201111,201112,201201,201202,201203,201204,201205,201206,201207,201208,201209,201210,201211,201212,201301,201302,201303,201304,201305,201306,201307,201308,201309,201310,201311,201312,201401,201402,201403,201404,201405,201406,201407,201408,201409,201410,201411,201412,201501,201502,201503,201504,201505,201506,201507,201508,201509,201510,201511,201512,201601,201602,201603,201604,201605,201606,201607,201608,201609,201610,201611,201612,201701,201702,201703,201704,201705,201706,201707,201708,201709,201710,201711,201712,201801,201802,201803,201804,201805,201806,201807,201808,201809,201810,201811,201812,201901,201902,201903],"Y_PREVALENCE_1000PP":[0.00274,0.00166,0.00165,0.00219,0.00457,0.00214,0.00295,0.00611,0.00555,0.00578,0.0055,0.00444,0.00805,0.00875,0.00821,0.01099,0.00662,0.00735,0.00454,0.00914,0.0069,0.00676,0.00738,0.00733,0.00869,0.0063,0.00767,0.00601,0.00829,0.00849,0.00459,0.00815,0.00701,0.00633,0.00451,0.00901,0.00874,0.00934,0.01286,0.01032,0.01141,0.01116,0.01269,0.01514,0.01237,0.01365,0.01098,0.0131,0.0126,0.01389,0.01172,0.01104,0.01034,0.01239,0.01217,0.01247,0.01036,0.01139,0.01052,0.01208,0.00811,0.01226,0.01085,0.00996,0.00649,0.0121,0.00722,0.00755,0.01165,0.00739,0.00678,0.01142,0.00595,0.00995,0.01052,0.0116,0.01385,0.00985,0.01268,0.01169,0.00999,0.01073,0.01172,0.00679,0.00979,0.00959,0.01149,0.01108,0.00998,0.00982,0.01483,0.01098,0.01006,0.01103,0.01065,0.0101,0.00898,0.01203,0.00897,0.01025,0.01225,0.01068,0.00938,0.00897,0.00784,0.01354,0.00888,0.00793,0.00865,0.00899,0.0108,0.00747,0.00654,0.00784,0.00802,0.00619,0.01091,0.00963,0.00891,0.01001,0.00709,0.01257,0.00799,0.0087,0.01108,0.01006,0.00975,0.00789,0.00442,0.00907,0.00888,0.00854,0.00799,0.01038,0.00761,0.00908,0.00655,0.00941,0.00691,0.01146,0.00801,0.01091,0.00555,0.009,0.0093,0.00725,0.0077,0.00912,0.0089,0.00511,0.00581,0.00789,0.00794,0.00669,0.00648,0.00648,0.00833,0.01147,0.00764,0.009,0.00745,0.01017,0.00787,0.00643,0.00622,0.00772,0.00825,0.0086,0.00926,0.00788,0.00641,0.00778,0.00815,0.01205,0.00602,0.00739,0.00588,0.00822,0.00599,0.0077,0.007,0.00643,0.00883,0.0065,0.00592,0.00724,0.007,0.00864,0.00494,0.00834,0.00617,0.00648,0.00434,0.00757,0.00509,0.00639,0.00554,0.00591,0.00592,0.00689,0.00793,0.00661]},"OBS_FREQUENCY_DISTRIBUTION":{"Y_NUM_PERSONS":[0,0],"X_COUNT":[1,2]},"OBSERVATIONS_BY_TYPE":{"CONCEPT_NAME":"Observation recorded from EHR","COUNT_VALUE":8196},"AGE_AT_FIRST_OCCURRENCE":{"CATEGORY":["MALE","FEMALE"],"MIN_VALUE":[0,0],"P10_VALUE":[0,0],"P25_VALUE":[0,0],"MEDIAN_VALUE":[0,0],"P75_VALUE":[0,0],"P90_VALUE":[1,1],"MAX_VALUE":[4,44]}}
