{"PREVALENCE_BY_GENDER_AGE_YEAR":{"TRELLIS_NAME":["90-99","10-19","40-49","80-89","80-89","40-49","30-39","30-39","60-69","10-19","50-59","60-69","50-59","70-79","70-79","20-29","40-49","50-59","80-89","80-89","70-79","60-69","30-39","20-29","50-59","60-69","10-19","70-79","20-29","90-99","40-49","80-89","40-49","70-79","50-59","60-69","70-79","80-89","60-69","40-49","50-59","60-69","50-59","40-49","60-69","80-89","50-59","80-89","40-49","70-79","70-79","70-79","50-59","70-79","80-89","60-69","60-69","40-49","50-59","40-49","80-89"],"SERIES_NAME":["FEMALE","MALE","MALE","MALE","FEMALE","FEMALE","FEMALE","MALE","FEMALE","FEMALE","FEMALE","MALE","MALE","MALE","FEMALE","MALE","FEMALE","MALE","FEMALE","MALE","MALE","MALE","FEMALE","FEMALE","FEMALE","FEMALE","MALE","FEMALE","MALE","FEMALE","MALE","MALE","MALE","FEMALE","MALE","FEMALE","MALE","FEMALE","MALE","FEMALE","FEMALE","FEMALE","FEMALE","MALE","MALE","FEMALE","MALE","MALE","FEMALE","MALE","FEMALE","MALE","MALE","FEMALE","FEMALE","MALE","FEMALE","MALE","FEMALE","FEMALE","MALE"],"X_CALENDAR_YEAR":[2014,2014,2014,2014,2014,2014,2014,2014,2014,2014,2014,2014,2014,2014,2014,2014,2015,2015,2015,2015,2015,2015,2015,2015,2015,2015,2015,2015,2015,2015,2015,2016,2016,2016,2016,2016,2016,2016,2016,2016,2016,2017,2017,2017,2017,2017,2017,2017,2017,2017,2017,2018,2018,2018,2018,2018,2018,2018,2018,2018,2018],"Y_PREVALENCE_1000PP":[0.1996,0.03238,0.04895,0.27491,0.32197,0.048,0.04204,0.02892,0.1478,0.02054,0.06794,0.17563,0.10168,0.25895,0.20193,0.01655,0.051,0.10362,0.23191,0.29684,0.24707,0.13347,0.03165,0.02322,0.08766,0.12576,0.02119,0.24406,0.03648,0.16183,0.04678,0.20416,0.03337,0.11885,0.07753,0.14674,0.14597,0.13465,0.09964,0.02068,0.05819,0.23935,0.10954,0.06425,0.25537,0.35663,0.10049,0.31738,0.03921,0.45395,0.32566,0.42522,0.08331,0.32066,0.37754,0.28714,0.17886,0.04728,0.09338,0.03584,0.35298]},"PREVALENCE_BY_MONTH":{"X_CALENDAR_MONTH":[201409,201410,201411,201412,201501,201502,201503,201505,201605,201606,201607,201608,201609,201610,201611,201612,201701,201702,201703,201704,201705,201706,201707,201708,201709,201711,201801,201802,201803,201805,201806,201807,201810],"Y_PREVALENCE_1000PP":[0.01824,0.02689,0.01961,0.02344,0.02345,0.02591,0.01662,0.01448,0.00455,0.00334,0.00683,0.00214,0.00965,0.00489,0.00821,0.00931,0.03697,0.03304,0.00397,0.00314,0.00171,0.00233,0.00643,0.00971,0.01033,0.00724,0.01697,0.02071,0.00185,0.01974,0.01891,0.02018,0.00195]},"OBS_FREQUENCY_DISTRIBUTION":{"Y_NUM_PERSONS":[0,0,0],"X_COUNT":[1,2,3]},"OBSERVATIONS_BY_TYPE":{"CONCEPT_NAME":"Observation recorded from EHR","COUNT_VALUE":1766},"AGE_AT_FIRST_OCCURRENCE":{"CATEGORY":["FEMALE","MALE"],"MIN_VALUE":[2,6],"P10_VALUE":[44,43],"P25_VALUE":[56,55],"MEDIAN_VALUE":[68,66],"P75_VALUE":[78,74],"P90_VALUE":[84,82],"MAX_VALUE":[96,95]}}
