{"PREVALENCE_BY_GENDER_AGE_YEAR":{"TRELLIS_NAME":["50-59","50-59","60-69","40-49","30-39","20-29","30-39","20-29","50-59","30-39","20-29","30-39","50-59","30-39","40-49","70-79","20-29","0-9","0-9"],"SERIES_NAME":["FEMALE","FEMALE","FEMALE","FEMALE","MALE","FEMALE","FEMALE","MALE","MALE","FEMALE","FEMALE","MALE","FEMALE","FEMALE","MALE","FEMALE","FEMALE","FEMALE","MALE"],"X_CALENDAR_YEAR":[2005,2006,2006,2008,2008,2008,2008,2008,2009,2009,2009,2010,2010,2010,2010,2010,2010,2012,2013],"Y_PREVALENCE_1000PP":[0.0194,0.02505,0.02321,0.01656,0.01466,0.01546,0.0151,0.01603,0.0195,0.02019,0.01778,0.01967,0.03087,0.02009,0.01998,0.02722,0.02028,0.01776,0.01685]},"PREVALENCE_BY_MONTH":{"X_CALENDAR_MONTH":[200401,200509,200602,200606,200704,200809,200810,200811,200812,200901,200903,200906,200908,201001,201002,201003,201004,201005,201006,201009,201303,201309,201401,201402],"Y_PREVALENCE_1000PP":[0.00173,0.00154,0.00152,0.00128,0.00124,0.00133,0.00133,0.00133,0.00208,0.00151,0.00169,0.0017,0.00132,0.00227,0.00133,0.00266,0.00171,0.00191,0.00172,0.00171,0.0013,0.00111,0.00115,0.00114]},"OBS_FREQUENCY_DISTRIBUTION":{"Y_NUM_PERSONS":0,"X_COUNT":1},"OBSERVATIONS_BY_TYPE":{"CONCEPT_NAME":"Observation recorded from EHR","COUNT_VALUE":530},"AGE_AT_FIRST_OCCURRENCE":{"CATEGORY":["MALE","FEMALE"],"MIN_VALUE":[0,0],"P10_VALUE":[9,17],"P25_VALUE":[27,28],"MEDIAN_VALUE":[41,42],"P75_VALUE":[55,59],"P90_VALUE":[66,71],"MAX_VALUE":[84,96]}}
