{"PREVALENCE_BY_GENDER_AGE_YEAR":{"TRELLIS_NAME":["50-59","40-49","30-39","20-29","30-39","30-39","20-29","30-39","50-59","40-49","40-49","20-29","20-29","40-49","30-39","50-59","10-19","50-59","60-69","40-49","20-29","30-39","50-59","60-69","30-39","20-29","10-19","30-39","50-59","40-49","20-29","40-49","20-29","60-69","10-19","60-69","40-49","50-59","70-79","30-39","20-29","10-19","40-49","50-59","30-39","40-49","20-29","30-39","50-59","10-19","30-39","40-49","50-59","20-29","60-69"],"SERIES_NAME":["FEMALE","FEMALE","MALE","FEMALE","FEMALE","MALE","FEMALE","FEMALE","FEMALE","MALE","FEMALE","MALE","FEMALE","MALE","MALE","MALE","FEMALE","FEMALE","FEMALE","FEMALE","MALE","FEMALE","FEMALE","FEMALE","FEMALE","MALE","FEMALE","MALE","MALE","MALE","FEMALE","FEMALE","FEMALE","FEMALE","MALE","MALE","FEMALE","MALE","FEMALE","MALE","MALE","FEMALE","MALE","FEMALE","FEMALE","FEMALE","FEMALE","MALE","FEMALE","FEMALE","FEMALE","MALE","MALE","MALE","FEMALE"],"X_CALENDAR_YEAR":[2014,2014,2014,2014,2014,2015,2015,2015,2015,2015,2015,2015,2016,2016,2016,2016,2016,2016,2016,2016,2016,2016,2017,2017,2017,2017,2017,2017,2017,2017,2017,2017,2018,2018,2018,2018,2018,2018,2018,2018,2018,2018,2018,2018,2018,2019,2019,2019,2019,2019,2019,2019,2019,2019,2019],"Y_PREVALENCE_1000PP":[0.02989,0.02274,0.01578,0.02884,0.05255,0.01728,0.04063,0.07194,0.0263,0.02201,0.0425,0.0456,0.10087,0.06007,0.03385,0.04382,0.03067,0.04792,0.06289,0.07239,0.06549,0.08773,0.07932,0.03351,0.13959,0.07296,0.02882,0.08862,0.04094,0.03779,0.1479,0.13331,0.40034,0.07046,0.05167,0.0497,0.24637,0.09997,0.06822,0.16829,0.27701,0.0962,0.12463,0.21222,0.27468,0.07495,0.15748,0.07966,0.05965,0.04137,0.11722,0.03372,0.0318,0.05332,0.0466]},"PREVALENCE_BY_MONTH":{"X_CALENDAR_MONTH":[201403,201404,201405,201406,201407,201408,201409,201410,201411,201412,201501,201502,201503,201504,201506,201507,201508,201509,201510,201511,201512,201601,201602,201603,201604,201605,201606,201607,201608,201609,201610,201611,201612,201701,201702,201703,201704,201705,201706,201707,201708,201709,201710,201711,201712,201801,201802,201803,201804,201805,201806,201807,201808,201809,201810,201811,201812,201901,201902,201903],"Y_PREVALENCE_1000PP":[0.00172,0.00172,0.00153,0.00252,0.00137,0.00217,0.00218,0.00384,0.00184,0.00187,0.00145,0.00167,0.00259,0.00216,0.00248,0.00135,0.00202,0.00225,0.00675,0.00308,0.00344,0.00421,0.00448,0.00623,0.00525,0.00582,0.00514,0.00604,0.00748,0.00268,0.00407,0.00575,0.00493,0.00411,0.00756,0.00454,0.00171,0.00456,0.00437,0.00497,0.00795,0.00561,0.00503,0.01116,0.01248,0.0145,0.01267,0.00803,0.01266,0.01789,0.01488,0.01482,0.01623,0.01597,0.01856,0.02266,0.01217,0.0164,0.01387,0.02114]},"OBS_FREQUENCY_DISTRIBUTION":{"Y_NUM_PERSONS":[0,0,0,0,0,0],"X_COUNT":[1,2,3,4,5,6]},"OBSERVATIONS_BY_TYPE":{"CONCEPT_NAME":"Observation recorded from EHR","COUNT_VALUE":1595},"AGE_AT_FIRST_OCCURRENCE":{"CATEGORY":["FEMALE","MALE"],"MIN_VALUE":[7,6],"P10_VALUE":[21,22],"P25_VALUE":[26,26],"MEDIAN_VALUE":[36,35],"P75_VALUE":[48,48],"P90_VALUE":[58,56],"MAX_VALUE":[88,78]}}
