{"PREVALENCE_BY_GENDER_AGE_YEAR":{"TRELLIS_NAME":["40-49","50-59","60-69","30-39","30-39","40-49","50-59","40-49","20-29","50-59","40-49","50-59","30-39","60-69","20-29","40-49","30-39","40-49","50-59","50-59","20-29","30-39","50-59","20-29","40-49","50-59","40-49","60-69","20-29","30-39","60-69","40-49","50-59","30-39","30-39","40-49","50-59","40-49"],"SERIES_NAME":["FEMALE","FEMALE","FEMALE","FEMALE","FEMALE","MALE","FEMALE","FEMALE","FEMALE","MALE","MALE","FEMALE","FEMALE","FEMALE","FEMALE","FEMALE","FEMALE","FEMALE","FEMALE","MALE","FEMALE","FEMALE","FEMALE","FEMALE","FEMALE","FEMALE","FEMALE","FEMALE","FEMALE","FEMALE","FEMALE","FEMALE","FEMALE","FEMALE","FEMALE","FEMALE","FEMALE","FEMALE"],"X_CALENDAR_YEAR":[2011,2011,2011,2011,2012,2012,2012,2012,2012,2013,2013,2013,2013,2013,2013,2013,2014,2014,2014,2014,2014,2015,2015,2015,2015,2016,2016,2016,2016,2016,2017,2017,2017,2017,2018,2018,2018,2019],"Y_PREVALENCE_1000PP":[0.03865,0.05146,0.01825,0.02479,0.03981,0.03119,0.03758,0.06453,0.01478,0.01551,0.01581,0.07373,0.03965,0.02732,0.01727,0.04907,0.04467,0.04295,0.05979,0.02141,0.0236,0.03165,0.06429,0.01741,0.07083,0.0445,0.06205,0.02516,0.02783,0.03037,0.02872,0.04313,0.03399,0.04041,0.041,0.05823,0.05518,0.02998]},"PREVALENCE_BY_MONTH":{"X_CALENDAR_MONTH":[201105,201106,201107,201108,201109,201110,201111,201204,201205,201206,201207,201208,201209,201210,201212,201301,201302,201303,201304,201305,201306,201307,201308,201309,201310,201311,201401,201402,201404,201405,201406,201407,201408,201410,201411,201412,201501,201502,201503,201504,201505,201507,201510,201511,201512,201604,201605,201607,201608,201609,201610,201701,201703,201705,201803,201806,201807,201810,201811,201812,201901,201902],"Y_PREVALENCE_1000PP":[0.0024,0.00203,0.00128,0.0011,0.00164,0.00127,0.00164,0.00236,0.00127,0.00109,0.00146,0.00163,0.00218,0.002,0.00166,0.00147,0.00239,0.00148,0.00148,0.00186,0.00167,0.00222,0.0013,0.00167,0.00168,0.00151,0.00153,0.00172,0.00134,0.00115,0.00233,0.00157,0.00217,0.00182,0.00204,0.00145,0.00208,0.00125,0.00129,0.00173,0.00195,0.00247,0.00303,0.00166,0.00148,0.00275,0.00202,0.00184,0.00187,0.00161,0.0019,0.00192,0.00198,0.00171,0.00216,0.00186,0.00189,0.00195,0.00197,0.0023,0.00197,0.0033]},"OBS_FREQUENCY_DISTRIBUTION":{"Y_NUM_PERSONS":[0,0,0],"X_COUNT":[1,2,3]},"OBSERVATIONS_BY_TYPE":{"CONCEPT_NAME":"Observation recorded from EHR","COUNT_VALUE":680},"AGE_AT_FIRST_OCCURRENCE":{"CATEGORY":["FEMALE","MALE"],"MIN_VALUE":[18,17],"P10_VALUE":[29,29],"P25_VALUE":[36,40],"MEDIAN_VALUE":[45,47],"P75_VALUE":[53,54],"P90_VALUE":[59,58],"MAX_VALUE":[71,70]}}
