{"PREVALENCE_BY_GENDER_AGE_YEAR":{"TRELLIS_NAME":["60-69","70-79","80-89","70-79","70-79","80-89","80-89","70-79","80-89","60-69","80-89","70-79","80-89","80-89","70-79","70-79","40-49","60-69","80-89","80-89","50-59","70-79","80-89","60-69","80-89","70-79","60-69","60-69","70-79","80-89","80-89","60-69","70-79","80-89","60-69","80-89","50-59","80-89","70-79","50-59","70-79","50-59","70-79","50-59","60-69","70-79","60-69","80-89"],"SERIES_NAME":["MALE","MALE","FEMALE","FEMALE","FEMALE","FEMALE","MALE","MALE","FEMALE","MALE","MALE","FEMALE","FEMALE","MALE","MALE","FEMALE","MALE","MALE","MALE","FEMALE","MALE","FEMALE","FEMALE","MALE","FEMALE","MALE","FEMALE","MALE","FEMALE","MALE","MALE","MALE","MALE","FEMALE","MALE","MALE","MALE","FEMALE","MALE","MALE","MALE","MALE","FEMALE","FEMALE","FEMALE","MALE","MALE","FEMALE"],"X_CALENDAR_YEAR":[2006,2008,2008,2008,2009,2009,2009,2010,2010,2010,2010,2010,2011,2011,2012,2012,2012,2012,2012,2012,2013,2013,2013,2013,2014,2014,2014,2014,2014,2014,2015,2015,2015,2015,2016,2016,2016,2016,2016,2017,2017,2018,2018,2018,2018,2018,2018,2018],"Y_PREVALENCE_1000PP":[0.02357,0.04278,0.04863,0.05522,0.05017,0.04134,0.1322,0.04177,0.05551,0.01924,0.10837,0.0499,0.06183,0.08414,0.04067,0.03567,0.01337,0.01882,0.10346,0.06206,0.02586,0.03934,0.09746,0.02501,0.08049,0.04062,0.01928,0.02651,0.04487,0.10573,0.09133,0.02525,0.0549,0.05598,0.02599,0.1361,0.02023,0.06733,0.03808,0.02233,0.0619,0.03332,0.04776,0.02547,0.05962,0.08352,0.04418,0.07307]},"PREVALENCE_BY_MONTH":{"X_CALENDAR_MONTH":[200610,200804,200806,200808,200809,200901,200906,200910,201005,201009,201010,201011,201104,201105,201109,201112,201201,201203,201205,201207,201210,201211,201302,201304,201305,201306,201307,201308,201309,201311,201401,201402,201403,201405,201406,201407,201409,201410,201411,201501,201502,201504,201505,201506,201508,201510,201601,201604,201608,201609,201610,201612,201702,201703,201708,201710,201711,201801,201802,201803,201804,201805,201806,201807,201808,201809,201810,201811],"Y_PREVALENCE_1000PP":[0.00127,0.00116,0.00134,0.00153,0.00114,0.00151,0.00113,0.00113,0.00152,0.00171,0.00151,0.00131,0.00111,0.00111,0.00109,0.00128,0.00127,0.00127,0.00146,0.00164,0.00163,0.00165,0.00147,0.0013,0.00111,0.00204,0.00167,0.00186,0.00148,0.00151,0.0021,0.00134,0.00172,0.00153,0.00155,0.00196,0.00159,0.00142,0.00123,0.00145,0.00125,0.0013,0.00151,0.00135,0.00157,0.00163,0.00173,0.0025,0.0016,0.00161,0.0019,0.00246,0.00224,0.00198,0.00235,0.00207,0.00271,0.00278,0.00247,0.00247,0.00185,0.00278,0.00217,0.00252,0.0035,0.00224,0.0026,0.00328]},"OBS_FREQUENCY_DISTRIBUTION":{"Y_NUM_PERSONS":[0,0,0,0],"X_COUNT":[1,2,3,4]},"OBSERVATIONS_BY_TYPE":{"CONCEPT_NAME":"Observation recorded from EHR","COUNT_VALUE":1053},"AGE_AT_FIRST_OCCURRENCE":{"CATEGORY":["FEMALE","MALE"],"MIN_VALUE":[11,10],"P10_VALUE":[43,38],"P25_VALUE":[59,53],"MEDIAN_VALUE":[73,68],"P75_VALUE":[82,80],"P90_VALUE":[87,85],"MAX_VALUE":[98,97]}}
