{"PREVALENCE_BY_GENDER_AGE_YEAR":{"TRELLIS_NAME":["40-49","50-59","60-69","40-49","60-69","50-59","40-49","50-59","40-49","60-69","60-69","40-49","40-49","60-69","50-59","60-69","50-59","40-49","50-59","60-69","50-59","60-69","40-49","60-69","40-49","50-59","50-59","40-49","60-69","50-59","50-59","60-69","40-49","50-59"],"SERIES_NAME":["MALE","MALE","MALE","FEMALE","FEMALE","MALE","MALE","FEMALE","FEMALE","MALE","FEMALE","MALE","FEMALE","MALE","FEMALE","FEMALE","MALE","MALE","MALE","MALE","FEMALE","FEMALE","FEMALE","FEMALE","FEMALE","FEMALE","MALE","MALE","MALE","MALE","FEMALE","FEMALE","MALE","MALE"],"X_CALENDAR_YEAR":[2007,2007,2007,2007,2007,2008,2008,2008,2008,2008,2008,2009,2009,2009,2009,2009,2009,2010,2010,2010,2010,2010,2010,2011,2011,2011,2011,2011,2012,2012,2012,2012,2012,2013],"Y_PREVALENCE_1000PP":[0.01857,0.0403,0.02104,0.01711,0.03799,0.08163,0.05853,0.09246,0.03076,0.09033,0.07927,0.02907,0.02575,0.17376,0.10318,0.08393,0.14765,0.04883,0.07918,0.09941,0.087,0.08171,0.03478,0.03955,0.02046,0.01625,0.02383,0.04154,0.0345,0.0184,0.01611,0.03049,0.03119,0.01551]},"PREVALENCE_BY_MONTH":{"X_CALENDAR_MONTH":[200611,200708,200710,200711,200801,200802,200803,200804,200806,200807,200808,200809,200810,200811,200901,200905,200906,200908,200909,200910,201003,201005,201006,201007,201008,201011,201103,201106,201107,201201,201211],"Y_PREVALENCE_1000PP":[0.00168,0.00201,0.00197,0.00137,0.00136,0.00233,0.00253,0.00252,0.00403,0.00363,0.0021,0.0019,0.00398,0.00455,0.0247,0.00132,0.00113,0.00113,0.00113,0.0032,0.00209,0.00191,0.00477,0.00153,0.00267,0.01405,0.00297,0.00239,0.00239,0.00509,0.00128]},"OBS_FREQUENCY_DISTRIBUTION":{"Y_NUM_PERSONS":[0,0],"X_COUNT":[1,2]},"OBSERVATIONS_BY_TYPE":{"CONCEPT_NAME":"Observation recorded from EHR","COUNT_VALUE":722},"AGE_AT_FIRST_OCCURRENCE":{"CATEGORY":["FEMALE","MALE"],"MIN_VALUE":[40,39],"P10_VALUE":[47,46],"P25_VALUE":[51,49],"MEDIAN_VALUE":[57,56],"P75_VALUE":[62,62],"P90_VALUE":[65,65],"MAX_VALUE":[68,68]}}
