{"PREVALENCE_BY_GENDER_AGE_YEAR":{"TRELLIS_NAME":["20-29","20-29","10-19","20-29","20-29","20-29","20-29","20-29","20-29","20-29","20-29","20-29","20-29","20-29","20-29","20-29"],"SERIES_NAME":["FEMALE","FEMALE","FEMALE","FEMALE","FEMALE","FEMALE","FEMALE","FEMALE","FEMALE","FEMALE","FEMALE","FEMALE","FEMALE","FEMALE","FEMALE","FEMALE"],"X_CALENDAR_YEAR":[1998,1999,1999,2000,2001,2002,2003,2004,2005,2006,2007,2008,2009,2010,2011,2013],"Y_PREVALENCE_1000PP":[0.05868,0.04774,0.06127,0.0486,0.09929,0.09189,0.10883,0.10893,0.11887,0.06718,0.0377,0.02835,0.03557,0.04563,0.02718,0.02713]},"PREVALENCE_BY_MONTH":{"X_CALENDAR_MONTH":[199911,200109,200312,200407,200411,200504,200602,200609],"Y_PREVALENCE_1000PP":[0.0032,0.0019,0.00252,0.0014,0.00138,0.00203,0.00152,0.00127]},"OBS_FREQUENCY_DISTRIBUTION":{"Y_NUM_PERSONS":0,"X_COUNT":1},"OBSERVATIONS_BY_TYPE":{"CONCEPT_NAME":"Observation recorded from EHR","COUNT_VALUE":392},"AGE_AT_FIRST_OCCURRENCE":{"CATEGORY":["MALE","FEMALE"],"MIN_VALUE":[11,17],"P10_VALUE":[18,19],"P25_VALUE":[22,20],"MEDIAN_VALUE":[24,23],"P75_VALUE":[27,26],"P90_VALUE":[35,28],"MAX_VALUE":[47,59]}}
