{"PREVALENCE_BY_GENDER_AGE_YEAR":{"TRELLIS_NAME":["60-69","60-69","60-69","60-69","50-59","30-39","60-69","40-49","50-59"],"SERIES_NAME":["FEMALE","FEMALE","FEMALE","MALE","FEMALE","MALE","FEMALE","FEMALE","FEMALE"],"X_CALENDAR_YEAR":[2003,2007,2010,2010,2010,2013,2013,2013,2013],"Y_PREVALENCE_1000PP":[0.02941,0.02763,0.02828,0.02245,0.02806,0.01728,0.01822,0.01869,0.01843]},"PREVALENCE_BY_MONTH":{"X_CALENDAR_MONTH":[200109,200307,200506,200607,201008,201301,201307,201309,201503,201507],"Y_PREVALENCE_1000PP":[0.00254,0.00154,0.00134,0.0015,0.00134,0.00202,0.00241,0.00167,0.00151,0.00157]},"OBS_FREQUENCY_DISTRIBUTION":{"Y_NUM_PERSONS":0,"X_COUNT":1},"OBSERVATIONS_BY_TYPE":{"CONCEPT_NAME":"Observation recorded from EHR","COUNT_VALUE":466},"AGE_AT_FIRST_OCCURRENCE":{"CATEGORY":["FEMALE","MALE"],"MIN_VALUE":[1,3],"P10_VALUE":[26,26],"P25_VALUE":[40,37],"MEDIAN_VALUE":[55,51],"P75_VALUE":[66,64],"P90_VALUE":[72,73],"MAX_VALUE":[94,91]}}
