{"PREVALENCE_BY_GENDER_AGE_YEAR":{"TRELLIS_NAME":["20-29","30-39","20-29","30-39","30-39","10-19","20-29","20-29","10-19","30-39","20-29","30-39","30-39","10-19","20-29","20-29","10-19","30-39","30-39","20-29","10-19","20-29","40-49","10-19","30-39","30-39","20-29","10-19","40-49","40-49","10-19","30-39","20-29","30-39","10-19","20-29","30-39","20-29","40-49","10-19","20-29","10-19","30-39","40-49","20-29","30-39","40-49","40-49","20-29","30-39","30-39","20-29"],"SERIES_NAME":["FEMALE","FEMALE","FEMALE","FEMALE","FEMALE","FEMALE","FEMALE","FEMALE","FEMALE","FEMALE","FEMALE","FEMALE","FEMALE","FEMALE","FEMALE","FEMALE","FEMALE","FEMALE","FEMALE","FEMALE","FEMALE","FEMALE","FEMALE","FEMALE","FEMALE","FEMALE","FEMALE","FEMALE","FEMALE","FEMALE","FEMALE","FEMALE","FEMALE","FEMALE","FEMALE","FEMALE","FEMALE","FEMALE","FEMALE","FEMALE","FEMALE","FEMALE","FEMALE","FEMALE","FEMALE","FEMALE","FEMALE","FEMALE","FEMALE","FEMALE","FEMALE","FEMALE"],"X_CALENDAR_YEAR":[2002,2002,2003,2003,2004,2004,2004,2005,2005,2005,2006,2006,2007,2007,2007,2008,2008,2008,2009,2009,2009,2010,2010,2010,2010,2011,2011,2011,2011,2012,2012,2012,2012,2013,2013,2013,2014,2014,2014,2014,2015,2015,2015,2015,2016,2016,2016,2017,2017,2017,2018,2018],"Y_PREVALENCE_1000PP":[0.03063,0.04,0.06167,0.08235,0.14847,0.02573,0.17495,0.2002,0.05711,0.18129,0.11099,0.11101,0.12155,0.02863,0.12119,0.08505,0.02063,0.08306,0.11861,0.15497,0.03382,0.21039,0.01855,0.03691,0.18579,0.23551,0.30149,0.03929,0.03183,0.02535,0.03598,0.30104,0.31773,0.26022,0.03244,0.29104,0.22861,0.25698,0.02526,0.0308,0.28439,0.02971,0.25611,0.03117,0.24347,0.27331,0.02413,0.03529,0.1479,0.16897,0.0697,0.05719]},"PREVALENCE_BY_MONTH":{"X_CALENDAR_MONTH":[200211,200302,200304,200305,200306,200307,200401,200402,200403,200407,200408,200409,200410,200411,200412,200501,200502,200503,200504,200505,200506,200507,200508,200509,200510,200511,200512,200601,200602,200603,200604,200605,200606,200607,200610,200611,200701,200702,200703,200704,200705,200706,200707,200708,200709,200710,200711,200712,200801,200802,200803,200804,200806,200807,200809,200810,200812,200901,200902,200903,200904,200905,200906,200907,200908,200909,200911,200912,201001,201002,201003,201004,201005,201006,201007,201008,201009,201010,201011,201012,201101,201102,201103,201104,201105,201106,201107,201108,201109,201110,201111,201112,201201,201202,201203,201204,201205,201206,201207,201208,201209,201210,201211,201212,201301,201302,201303,201304,201305,201306,201307,201308,201309,201310,201311,201312,201401,201402,201403,201404,201405,201406,201407,201408,201409,201410,201411,201412,201501,201502,201503,201504,201505,201506,201507,201508,201509,201510,201511,201512,201601,201602,201603,201604,201605,201606,201607,201608,201609,201611,201612,201701,201702,201703,201704,201705,201706,201707,201708,201709,201711],"Y_PREVALENCE_1000PP":[0.00241,0.00158,0.00157,0.00157,0.00208,0.00206,0.00173,0.00148,0.00242,0.0021,0.00256,0.00532,0.0053,0.00275,0.00527,0.00294,0.00362,0.0043,0.00384,0.00315,0.00358,0.00333,0.002,0.00242,0.00329,0.0035,0.00416,0.00346,0.00239,0.00152,0.00151,0.00236,0.00128,0.00192,0.00169,0.00189,0.00187,0.00352,0.00186,0.00206,0.00184,0.00203,0.00201,0.00221,0.0012,0.00315,0.00117,0.00117,0.00174,0.00136,0.00136,0.00213,0.00134,0.00191,0.00152,0.00152,0.00132,0.0017,0.0017,0.00245,0.00208,0.00358,0.00301,0.00207,0.00245,0.00282,0.00151,0.00209,0.00246,0.00247,0.004,0.00152,0.00419,0.00267,0.00477,0.00382,0.00228,0.00358,0.00375,0.00413,0.00318,0.00317,0.00464,0.00333,0.00313,0.00239,0.00495,0.00604,0.00619,0.00491,0.00565,0.00602,0.004,0.00546,0.00727,0.00473,0.00728,0.00455,0.0051,0.00744,0.00471,0.00508,0.00512,0.00644,0.00587,0.00405,0.00555,0.00537,0.0052,0.00446,0.00463,0.00316,0.00463,0.00542,0.00377,0.00518,0.00439,0.00324,0.00364,0.00498,0.00575,0.00388,0.00392,0.00572,0.00456,0.00546,0.00347,0.00539,0.0054,0.00501,0.00453,0.00692,0.00584,0.0054,0.00427,0.00562,0.00472,0.00675,0.00497,0.00639,0.00371,0.00373,0.00498,0.00725,0.00733,0.00592,0.00473,0.00427,0.00617,0.00356,0.00329,0.00411,0.00336,0.00567,0.00171,0.00257,0.007,0.00175,0.00206,0.00207,0.00181]},"OBS_FREQUENCY_DISTRIBUTION":{"Y_NUM_PERSONS":[0,0,0,0,0,0],"X_COUNT":[1,2,3,4,5,6]},"OBSERVATIONS_BY_TYPE":{"CONCEPT_NAME":"Observation recorded from EHR","COUNT_VALUE":2977},"AGE_AT_FIRST_OCCURRENCE":{"CATEGORY":["FEMALE","MALE"],"MIN_VALUE":[15,17],"P10_VALUE":[21,23],"P25_VALUE":[25,27],"MEDIAN_VALUE":[29,35],"P75_VALUE":[33,42],"P90_VALUE":[37,72],"MAX_VALUE":[77,85]}}
