{"PREVALENCE_BY_GENDER_AGE_YEAR":{"TRELLIS_NAME":["60-69","60-69","20-29","30-39","20-29","40-49","50-59","30-39","60-69","50-59","30-39","40-49","40-49","20-29","40-49","30-39","40-49","50-59","30-39","40-49","40-49","50-59","60-69","20-29","30-39","50-59","60-69","40-49","40-49","50-59","30-39","50-59","40-49","50-59","40-49","30-39","30-39","50-59","70-79","60-69","60-69","20-29","40-49","60-69"],"SERIES_NAME":["MALE","MALE","FEMALE","FEMALE","FEMALE","MALE","MALE","FEMALE","MALE","FEMALE","FEMALE","FEMALE","MALE","FEMALE","MALE","FEMALE","FEMALE","MALE","MALE","FEMALE","MALE","MALE","MALE","FEMALE","MALE","MALE","MALE","MALE","FEMALE","MALE","FEMALE","FEMALE","MALE","FEMALE","FEMALE","MALE","FEMALE","MALE","MALE","MALE","FEMALE","MALE","FEMALE","FEMALE"],"X_CALENDAR_YEAR":[1999,2000,2001,2002,2002,2002,2003,2003,2003,2003,2004,2004,2004,2005,2005,2005,2005,2005,2006,2006,2006,2006,2006,2007,2007,2007,2007,2007,2008,2008,2008,2008,2008,2009,2009,2009,2009,2009,2009,2009,2009,2009,2011,2011],"Y_PREVALENCE_1000PP":[0.06091,0.04756,0.0259,0.01846,0.02297,0.02742,0.02136,0.02059,0.02987,0.03662,0.0165,0.02085,0.01983,0.02502,0.03993,0.02706,0.01682,0.02198,0.02562,0.0159,0.02512,0.01825,0.03536,0.01885,0.0172,0.03742,0.02455,0.02553,0.0142,0.03941,0.01762,0.026,0.03602,0.02293,0.01638,0.02212,0.04038,0.02229,0.03161,0.01967,0.03228,0.02107,0.01592,0.02129]},"PREVALENCE_BY_MONTH":{"X_CALENDAR_MONTH":[199901,200001,200003,200110,200203,200207,200208,200209,200303,200304,200305,200401,200405,200407,200501,200502,200503,200504,200507,200508,200509,200510,200511,200601,200604,200608,200609,200612,200706,200708,200709,200711,200804,200805,200806,200807,200808,200809,200811,200812,200901,200902,200903,200904,200905,200906,200910,200911,200912,201106,201110,201203],"Y_PREVALENCE_1000PP":[0.00414,0.0027,0.00264,0.00217,0.00201,0.00165,0.00246,0.00217,0.0021,0.00183,0.00183,0.00148,0.00142,0.0014,0.00159,0.00136,0.00203,0.00135,0.00133,0.00133,0.0022,0.00219,0.00153,0.00151,0.00194,0.00234,0.00276,0.00168,0.00142,0.00201,0.00179,0.00273,0.00136,0.00155,0.00173,0.00134,0.00153,0.00114,0.00189,0.00303,0.00264,0.00151,0.00169,0.0034,0.0017,0.00188,0.00113,0.00283,0.00114,0.00184,0.00164,0.00109]},"OBS_FREQUENCY_DISTRIBUTION":{"Y_NUM_PERSONS":[0,0,0],"X_COUNT":[1,2,3]},"OBSERVATIONS_BY_TYPE":{"CONCEPT_NAME":"Observation recorded from EHR","COUNT_VALUE":984},"AGE_AT_FIRST_OCCURRENCE":{"CATEGORY":["FEMALE","MALE"],"MIN_VALUE":[1,1],"P10_VALUE":[23,26],"P25_VALUE":[33,37],"MEDIAN_VALUE":[45,48],"P75_VALUE":[59,62],"P90_VALUE":[70,71],"MAX_VALUE":[102,85]}}
