{"PREVALENCE_BY_GENDER_AGE_YEAR":{"TRELLIS_NAME":["30-39","40-49","30-39","20-29","50-59","0-9","10-19","10-19","50-59","0-9","20-29","0-9","10-19","20-29","20-29","70-79","60-69","30-39","50-59","40-49","40-49","10-19","30-39","0-9","20-29","10-19","50-59","20-29","0-9","0-9","60-69","40-49","10-19","10-19","0-9","0-9","30-39","0-9","30-39","10-19","0-9","0-9","10-19","50-59","0-9","20-29","30-39","20-29","10-19","50-59","10-19","80-89","50-59","0-9","10-19","60-69","70-79","30-39","30-39","70-79","0-9","40-49","50-59","20-29","60-69","20-29","0-9","0-9"],"SERIES_NAME":["FEMALE","FEMALE","FEMALE","FEMALE","MALE","FEMALE","MALE","FEMALE","FEMALE","MALE","MALE","FEMALE","FEMALE","FEMALE","MALE","FEMALE","MALE","MALE","FEMALE","MALE","FEMALE","MALE","FEMALE","MALE","MALE","FEMALE","MALE","FEMALE","FEMALE","MALE","FEMALE","FEMALE","MALE","MALE","MALE","FEMALE","FEMALE","MALE","FEMALE","MALE","FEMALE","FEMALE","FEMALE","FEMALE","MALE","FEMALE","FEMALE","MALE","MALE","MALE","MALE","FEMALE","FEMALE","MALE","FEMALE","MALE","FEMALE","FEMALE","MALE","MALE","FEMALE","FEMALE","MALE","MALE","FEMALE","FEMALE","MALE","FEMALE"],"X_CALENDAR_YEAR":[2011,2012,2012,2012,2012,2012,2012,2012,2012,2012,2012,2013,2013,2013,2013,2013,2013,2013,2013,2013,2013,2013,2013,2013,2014,2014,2014,2014,2014,2014,2014,2014,2014,2015,2015,2015,2015,2016,2016,2016,2016,2017,2017,2017,2017,2017,2017,2017,2017,2017,2018,2018,2018,2018,2018,2018,2018,2018,2018,2018,2018,2018,2018,2018,2018,2018,2019,2019],"Y_PREVALENCE_1000PP":[0.01983,0.01383,0.01493,0.02956,0.01577,0.02663,0.04587,0.02944,0.03221,0.0396,0.02312,0.05304,0.02271,0.0518,0.04642,0.04808,0.04065,0.02716,0.0474,0.02259,0.02336,0.05505,0.02478,0.04494,0.02482,0.0308,0.03211,0.03147,0.03739,0.04462,0.01928,0.02021,0.068,0.05298,0.02606,0.03077,0.02014,0.03874,0.02699,0.02935,0.03659,0.07703,0.03843,0.02266,0.09946,0.02725,0.02571,0.03648,0.03702,0.02605,0.06201,0.12179,0.04669,0.14407,0.05344,0.07179,0.0614,0.0533,0.03284,0.06075,0.17169,0.03584,0.02499,0.0277,0.03252,0.12318,0.04852,0.03812]},"PREVALENCE_BY_MONTH":{"X_CALENDAR_MONTH":[201010,201101,201103,201105,201108,201111,201112,201201,201202,201203,201204,201205,201206,201207,201208,201209,201210,201211,201212,201301,201302,201303,201304,201305,201306,201307,201308,201309,201310,201311,201312,201401,201402,201403,201404,201405,201406,201407,201408,201409,201501,201503,201506,201507,201508,201509,201511,201604,201606,201609,201611,201706,201707,201708,201709,201710,201711,201712,201801,201802,201803,201804,201805,201806,201807,201808,201809,201810,201811,201812,201901,201902,201903],"Y_PREVALENCE_1000PP":[0.00113,0.00112,0.00111,0.00111,0.0011,0.00128,0.00109,0.00127,0.002,0.00236,0.00109,0.002,0.00218,0.00255,0.002,0.00163,0.00291,0.00165,0.0011,0.00312,0.00239,0.00241,0.00148,0.00223,0.00502,0.00463,0.00316,0.00278,0.00224,0.00452,0.00307,0.00286,0.00286,0.00287,0.00364,0.00345,0.00368,0.00157,0.00178,0.00119,0.00145,0.00173,0.00135,0.0018,0.00225,0.00225,0.00166,0.002,0.00206,0.00214,0.00329,0.00233,0.00322,0.00265,0.00413,0.00503,0.00693,0.0067,0.00586,0.00278,0.00525,0.00525,0.00524,0.00775,0.00662,0.00382,0.00511,0.00749,0.00788,0.00855,0.00525,0.00462,0.00462]},"OBS_FREQUENCY_DISTRIBUTION":{"Y_NUM_PERSONS":[0,0],"X_COUNT":[1,2]},"OBSERVATIONS_BY_TYPE":{"CONCEPT_NAME":"Observation recorded from EHR","COUNT_VALUE":1089},"AGE_AT_FIRST_OCCURRENCE":{"CATEGORY":["MALE","FEMALE"],"MIN_VALUE":[0,0],"P10_VALUE":[3,4],"P25_VALUE":[9,13],"MEDIAN_VALUE":[22,32],"P75_VALUE":[52,55],"P90_VALUE":[68,77],"MAX_VALUE":[95,103]}}
