{"PREVALENCE_BY_GENDER_AGE_YEAR":{"TRELLIS_NAME":["50-59","50-59","50-59","80-89","80-89","80-89"],"SERIES_NAME":["FEMALE","FEMALE","FEMALE","FEMALE","MALE","FEMALE"],"X_CALENDAR_YEAR":[2009,2011,2012,2014,2015,2016],"Y_PREVALENCE_1000PP":[0.02006,0.01896,0.02953,0.04391,0.0685,0.05771]},"PREVALENCE_BY_MONTH":{"X_CALENDAR_MONTH":[201112,201203,201211,201212,201312,201501],"Y_PREVALENCE_1000PP":[0.00164,0.00145,0.0011,0.00221,0.00134,0.00145]},"OBS_FREQUENCY_DISTRIBUTION":{"Y_NUM_PERSONS":[0,0,0,0,0],"X_COUNT":[1,2,3,4,5]},"OBSERVATIONS_BY_TYPE":{"CONCEPT_NAME":"Observation recorded from EHR","COUNT_VALUE":228},"AGE_AT_FIRST_OCCURRENCE":{"CATEGORY":["FEMALE","MALE"],"MIN_VALUE":[26,39],"P10_VALUE":[46,47],"P25_VALUE":[56,59],"MEDIAN_VALUE":[77,77],"P75_VALUE":[85,87],"P90_VALUE":[90,91],"MAX_VALUE":[99,97]}}
