{"PREVALENCE_BY_GENDER_AGE_YEAR":{"TRELLIS_NAME":["40-49","20-29","20-29","30-39","40-49","20-29","30-39","30-39","40-49","30-39","40-49","40-49","30-39","40-49","40-49","40-49"],"SERIES_NAME":["FEMALE","FEMALE","FEMALE","FEMALE","FEMALE","FEMALE","FEMALE","FEMALE","FEMALE","FEMALE","FEMALE","FEMALE","FEMALE","FEMALE","FEMALE","FEMALE"],"X_CALENDAR_YEAR":[1998,1998,1999,2000,2001,2001,2001,2002,2002,2003,2003,2004,2004,2005,2006,2007],"Y_PREVALENCE_1000PP":[0.06006,0.05868,0.04092,0.06162,0.03732,0.04749,0.0381,0.04923,0.0396,0.02941,0.03332,0.03872,0.02475,0.02804,0.0212,0.01466]},"PREVALENCE_BY_MONTH":{"X_CALENDAR_MONTH":[200106,200110,200204,200306,201705],"Y_PREVALENCE_1000PP":[0.00201,0.00186,0.00167,0.00156,0.00171]},"OBS_FREQUENCY_DISTRIBUTION":{"Y_NUM_PERSONS":[0,0],"X_COUNT":[1,2]},"OBSERVATIONS_BY_TYPE":{"CONCEPT_NAME":"Observation recorded from EHR","COUNT_VALUE":307},"AGE_AT_FIRST_OCCURRENCE":{"CATEGORY":"FEMALE","MIN_VALUE":17,"P10_VALUE":26,"P25_VALUE":31,"MEDIAN_VALUE":37,"P75_VALUE":43,"P90_VALUE":48,"MAX_VALUE":84}}
