{"PREVALENCE_BY_GENDER_AGE_YEAR":{"TRELLIS_NAME":["60-69","70-79","60-69","50-59","60-69","50-59","40-49","30-39","60-69","70-79","40-49","60-69","50-59","50-59","60-69","70-79","70-79","50-59","70-79","60-69","30-39","40-49","50-59","50-59","70-79","60-69","40-49","60-69","30-39","60-69","50-59","70-79","80-89","50-59","40-49","60-69"],"SERIES_NAME":["FEMALE","FEMALE","MALE","FEMALE","FEMALE","FEMALE","FEMALE","FEMALE","FEMALE","FEMALE","FEMALE","FEMALE","FEMALE","FEMALE","FEMALE","FEMALE","FEMALE","MALE","FEMALE","FEMALE","FEMALE","FEMALE","FEMALE","FEMALE","FEMALE","FEMALE","FEMALE","MALE","FEMALE","FEMALE","FEMALE","FEMALE","FEMALE","FEMALE","FEMALE","FEMALE"],"X_CALENDAR_YEAR":[2003,2003,2004,2004,2004,2005,2005,2005,2005,2006,2006,2006,2006,2007,2007,2007,2008,2008,2009,2009,2009,2009,2009,2010,2010,2010,2010,2010,2010,2011,2011,2011,2011,2012,2013,2015],"Y_PREVALENCE_1000PP":[0.03431,0.03569,0.02669,0.02366,0.03504,0.02263,0.02243,0.01894,0.03751,0.03064,0.02385,0.04256,0.01879,0.02071,0.02072,0.02842,0.04602,0.01689,0.04561,0.04842,0.02776,0.02106,0.02866,0.02806,0.03629,0.02828,0.01623,0.02565,0.01506,0.03042,0.01896,0.02682,0.04122,0.01611,0.02336,0.02096]},"PREVALENCE_BY_MONTH":{"X_CALENDAR_MONTH":[200311,200404,200405,200407,200408,200505,200510,200602,200606,200608,200611,200703,200706,200710,200803,200904,200906,200907,200908,200909,200911,201004,201008,201009,201010,201011,201012,201103,201104,201110,201111,201201,201205,201207,201304,201305,201505],"Y_PREVALENCE_1000PP":[0.00152,0.00143,0.00142,0.0014,0.00139,0.00135,0.00176,0.00152,0.00128,0.00128,0.00147,0.00145,0.00162,0.00177,0.00117,0.00132,0.00113,0.00188,0.00245,0.00169,0.00113,0.00133,0.00134,0.00152,0.00113,0.00112,0.00113,0.00111,0.00111,0.00109,0.00128,0.00127,0.00109,0.00109,0.0013,0.0013,0.0013]},"OBS_FREQUENCY_DISTRIBUTION":{"Y_NUM_PERSONS":[0,0,0],"X_COUNT":[1,2,3]},"OBSERVATIONS_BY_TYPE":{"CONCEPT_NAME":"Observation recorded from EHR","COUNT_VALUE":692},"AGE_AT_FIRST_OCCURRENCE":{"CATEGORY":["MALE","FEMALE"],"MIN_VALUE":[21,17],"P10_VALUE":[34,33],"P25_VALUE":[45,41],"MEDIAN_VALUE":[58,56],"P75_VALUE":[68,69],"P90_VALUE":[76,79],"MAX_VALUE":[91,98]}}
