{"PREVALENCE_BY_GENDER_AGE_YEAR":{"TRELLIS_NAME":["60-69","60-69","40-49","60-69","50-59","60-69","70-79","50-59","50-59","60-69","50-59","60-69","40-49"],"SERIES_NAME":["FEMALE","FEMALE","MALE","FEMALE","MALE","FEMALE","FEMALE","MALE","FEMALE","FEMALE","MALE","FEMALE","FEMALE"],"X_CALENDAR_YEAR":[2010,2011,2012,2012,2013,2013,2014,2014,2014,2014,2015,2015,2016],"Y_PREVALENCE_1000PP":[0.01886,0.01825,0.01782,0.0183,0.01551,0.01822,0.0359,0.02943,0.01902,0.02892,0.02015,0.03144,0.02068]},"PREVALENCE_BY_MONTH":{"X_CALENDAR_MONTH":[201106,201201,201306,201307,201308,201309,201312,201403,201407,201409,201410,201411,201412,201503,201504,201511,201603,201606,201901],"Y_PREVALENCE_1000PP":[0.0011,0.00127,0.00167,0.00111,0.00111,0.00111,0.00154,0.00115,0.00137,0.00218,0.00121,0.00184,0.00145,0.00237,0.00216,0.00142,0.0015,0.00206,0.00197]},"OBS_FREQUENCY_DISTRIBUTION":{"Y_NUM_PERSONS":[0,0,0,0],"X_COUNT":[1,2,3,4]},"OBSERVATIONS_BY_TYPE":{"CONCEPT_NAME":"Observation recorded from EHR","COUNT_VALUE":373},"AGE_AT_FIRST_OCCURRENCE":{"CATEGORY":["FEMALE","MALE"],"MIN_VALUE":[19,7],"P10_VALUE":[33,32],"P25_VALUE":[48,45],"MEDIAN_VALUE":[60,54],"P75_VALUE":[68,68],"P90_VALUE":[78,78],"MAX_VALUE":[94,87]}}
