{"PREVALENCE_BY_GENDER_AGE_YEAR":{"TRELLIS_NAME":["60-69","60-69","20-29","50-59","70-79"],"SERIES_NAME":["FEMALE","MALE","FEMALE","FEMALE","MALE"],"X_CALENDAR_YEAR":[2004,2007,2008,2010,2010],"Y_PREVALENCE_1000PP":[0.02628,0.02104,0.01546,0.01964,0.03133]},"PREVALENCE_BY_MONTH":{"X_CALENDAR_MONTH":[200505,200801,200807,200903,201111,201207],"Y_PREVALENCE_1000PP":[0.00158,0.00116,0.00115,0.00113,0.00109,0.00109]},"OBS_FREQUENCY_DISTRIBUTION":{"Y_NUM_PERSONS":[0,0,0,0],"X_COUNT":[1,2,3,4]},"OBSERVATIONS_BY_TYPE":{"CONCEPT_NAME":"Observation recorded from EHR","COUNT_VALUE":548},"AGE_AT_FIRST_OCCURRENCE":{"CATEGORY":["FEMALE","MALE"],"MIN_VALUE":[2,3],"P10_VALUE":[18,18],"P25_VALUE":[32,34],"MEDIAN_VALUE":[46,48],"P75_VALUE":[61,61],"P90_VALUE":[71,72],"MAX_VALUE":[92,80]}}
