{"PREVALENCE_BY_GENDER_AGE_YEAR":{"TRELLIS_NAME":["0-9","0-9","0-9","0-9","0-9","0-9","0-9","0-9","0-9","0-9","0-9","0-9","0-9","0-9","0-9","0-9","0-9","0-9","0-9","0-9","0-9","0-9","0-9","0-9","0-9","0-9","0-9","0-9","0-9","0-9","0-9","0-9"],"SERIES_NAME":["FEMALE","MALE","FEMALE","MALE","FEMALE","MALE","MALE","FEMALE","MALE","FEMALE","FEMALE","MALE","MALE","FEMALE","MALE","FEMALE","MALE","FEMALE","MALE","FEMALE","MALE","FEMALE","MALE","FEMALE","MALE","FEMALE","FEMALE","MALE","FEMALE","MALE","FEMALE","MALE"],"X_CALENDAR_YEAR":[2003,2003,2004,2004,2005,2005,2006,2006,2007,2007,2008,2008,2009,2009,2010,2010,2011,2011,2012,2012,2013,2013,2014,2014,2015,2015,2016,2016,2017,2017,2018,2018],"Y_PREVALENCE_1000PP":[0.0623,0.04136,0.14069,0.11279,0.16463,0.22345,0.22628,0.20266,0.16298,0.14439,0.18151,0.19133,0.22161,0.21633,0.2258,0.1991,0.2381,0.24571,0.20932,0.13908,0.2163,0.20332,0.16065,0.15581,0.17591,0.1846,0.2114,0.17821,0.14499,0.1773,0.16648,0.15898]},"PREVALENCE_BY_MONTH":{"X_CALENDAR_MONTH":[200404,200406,200407,200408,200409,200410,200411,200412,200502,200503,200505,200506,200507,200508,200509,200510,200511,200512,200601,200602,200603,200605,200606,200607,200608,200609,200610,200611,200612,200701,200702,200703,200704,200705,200706,200707,200708,200709,200711,200801,200802,200803,200804,200805,200806,200807,200808,200809,200810,200811,200812,200901,200902,200903,200904,200905,200906,200907,200908,200909,200910,200911,200912,201001,201002,201003,201004,201005,201006,201007,201008,201009,201010,201011,201012,201101,201102,201103,201104,201105,201106,201107,201108,201109,201110,201111,201112,201201,201202,201203,201205,201206,201207,201208,201209,201210,201211,201212,201301,201302,201303,201304,201305,201306,201307,201308,201309,201310,201312,201401,201402,201403,201404,201405,201406,201407,201408,201410,201412,201501,201502,201503,201504,201505,201507,201509,201510,201512,201601,201602,201603,201604,201605,201608,201609,201610,201611,201612,201703,201705,201708,201710,201711,201801,201803,201807],"Y_PREVALENCE_1000PP":[0.00143,0.00164,0.00187,0.00163,0.00208,0.00138,0.00161,0.00138,0.00136,0.00136,0.0018,0.00179,0.00245,0.00377,0.00307,0.00219,0.00263,0.00241,0.00238,0.00195,0.00195,0.00258,0.00171,0.00171,0.00277,0.00318,0.00296,0.00231,0.00168,0.00145,0.00228,0.00124,0.00206,0.00205,0.00122,0.00281,0.00201,0.00139,0.00176,0.00252,0.00155,0.00175,0.00291,0.00155,0.00154,0.0021,0.00191,0.00247,0.00209,0.00114,0.00114,0.0017,0.00207,0.00245,0.00246,0.00189,0.00151,0.00263,0.00132,0.003,0.00245,0.00245,0.00285,0.00189,0.00266,0.0019,0.00228,0.00152,0.00248,0.00286,0.00153,0.00171,0.00151,0.00262,0.00375,0.00187,0.00373,0.00223,0.00167,0.0024,0.00203,0.00128,0.00348,0.00401,0.00254,0.00237,0.00292,0.00237,0.00182,0.00327,0.00146,0.00236,0.00219,0.00109,0.00181,0.00182,0.00183,0.00129,0.00312,0.00221,0.00204,0.00111,0.00297,0.00204,0.00222,0.00167,0.00333,0.00318,0.00288,0.00229,0.00172,0.00191,0.00153,0.00115,0.00194,0.00235,0.00118,0.00303,0.00145,0.00249,0.0023,0.00324,0.00216,0.00238,0.00225,0.00157,0.00163,0.00271,0.00223,0.00224,0.00249,0.00175,0.00228,0.00267,0.00214,0.00244,0.00192,0.00274,0.00198,0.002,0.00383,0.00296,0.00302,0.00401,0.00247,0.00284]},"OBS_FREQUENCY_DISTRIBUTION":{"Y_NUM_PERSONS":0,"X_COUNT":1},"OBSERVATIONS_BY_TYPE":{"CONCEPT_NAME":"Observation recorded from EHR","COUNT_VALUE":1716},"AGE_AT_FIRST_OCCURRENCE":{"CATEGORY":["MALE","FEMALE"],"MIN_VALUE":[0,0],"P10_VALUE":[0,0],"P25_VALUE":[0,0],"MEDIAN_VALUE":[0,0],"P75_VALUE":[0,0],"P90_VALUE":[1,1],"MAX_VALUE":[1,36]}}
