{"PREVALENCE_BY_GENDER_AGE_YEAR":{"TRELLIS_NAME":["50-59","100-109","80-89","60-69","40-49","70-79","60-69","50-59","30-39","70-79","40-49","80-89","90-99","90-99","50-59","80-89","40-49","90-99","100-109","30-39","60-69","40-49","70-79","60-69","70-79","20-29","90-99","30-39","80-89","50-59","40-49","90-99","50-59","90-99","60-69","70-79","80-89","80-89","100-109","40-49","60-69","50-59","70-79","90-99","60-69","50-59","90-99","60-69","70-79","40-49","70-79","80-89","50-59","40-49","80-89","60-69","40-49","50-59","90-99","70-79","80-89","80-89","50-59","70-79","60-69","40-49","90-99","50-59","50-59","90-99","60-69","70-79","70-79","80-89","80-89","90-99","60-69","60-69","50-59","70-79","60-69","90-99","70-79","50-59","80-89","80-89"],"SERIES_NAME":["FEMALE","FEMALE","MALE","MALE","MALE","MALE","FEMALE","MALE","MALE","FEMALE","FEMALE","FEMALE","FEMALE","MALE","FEMALE","MALE","FEMALE","FEMALE","FEMALE","FEMALE","FEMALE","MALE","MALE","MALE","FEMALE","MALE","MALE","MALE","FEMALE","MALE","FEMALE","MALE","MALE","FEMALE","MALE","FEMALE","FEMALE","MALE","FEMALE","MALE","FEMALE","FEMALE","MALE","MALE","FEMALE","MALE","FEMALE","MALE","MALE","FEMALE","FEMALE","FEMALE","FEMALE","MALE","MALE","MALE","FEMALE","MALE","FEMALE","MALE","MALE","FEMALE","FEMALE","FEMALE","FEMALE","MALE","MALE","FEMALE","MALE","MALE","MALE","FEMALE","MALE","MALE","FEMALE","FEMALE","FEMALE","FEMALE","FEMALE","FEMALE","MALE","FEMALE","MALE","MALE","FEMALE","MALE"],"X_CALENDAR_YEAR":[2013,2013,2013,2013,2013,2013,2013,2013,2013,2013,2013,2013,2013,2013,2014,2014,2014,2014,2014,2014,2014,2014,2014,2014,2014,2014,2014,2014,2014,2014,2015,2015,2015,2015,2015,2015,2015,2015,2015,2015,2015,2015,2015,2016,2016,2016,2016,2016,2016,2016,2016,2016,2016,2016,2016,2017,2017,2017,2017,2017,2017,2017,2017,2017,2017,2017,2017,2018,2018,2018,2018,2018,2018,2018,2018,2018,2018,2019,2019,2019,2019,2019,2019,2019,2019,2019],"Y_PREVALENCE_1000PP":[0.05266,7.48417,1.84209,0.29703,0.04518,0.72409,0.14573,0.12152,0.01481,0.54637,0.0257,1.63598,2.71945,2.9891,0.16577,3.6161,0.03789,6.06287,8.7007,0.01839,0.47875,0.09055,1.38105,0.67931,1.0545,0.01655,6.17577,0.01841,2.88313,0.2435,0.05383,6.39498,0.21587,6.01467,0.56274,0.92254,2.54304,2.95696,5.05689,0.09081,0.38775,0.14026,1.2079,4.05101,0.2893,0.17191,3.53264,0.53719,0.95199,0.03102,0.74705,1.6062,0.08557,0.06675,2.04157,0.1817,0.03529,0.06327,1.16999,0.43331,0.93702,0.78891,0.03022,0.30722,0.13404,0.03023,1.69851,0.0382,0.04998,1.4159,0.16566,0.17738,0.27335,0.45383,0.62111,0.89782,0.1084,0.08738,0.03212,0.07221,0.07129,0.529,0.14404,0.04543,0.31914,0.16297]},"PREVALENCE_BY_MONTH":{"X_CALENDAR_MONTH":[201301,201302,201303,201304,201305,201306,201307,201308,201309,201310,201311,201312,201401,201402,201403,201404,201405,201406,201407,201408,201409,201410,201411,201412,201501,201502,201503,201504,201505,201506,201507,201508,201509,201510,201511,201512,201601,201602,201603,201604,201605,201606,201607,201608,201609,201610,201611,201612,201701,201702,201703,201704,201708,201709,201710,201711,201712,201801,201802,201803,201804,201805,201806,201807,201810,201811,201812,201901,201902,201903],"Y_PREVALENCE_1000PP":[0.00257,0.01602,0.03481,0.00592,0.00891,0.00557,0.0076,0.01652,0.01686,0.02974,0.02919,0.03955,0.08174,0.08815,0.11599,0.0069,0.00556,0.00717,0.00744,0.01579,0.01844,0.0273,0.02676,0.04189,0.05894,0.08734,0.11588,0.01859,0.00908,0.01148,0.01034,0.01303,0.01709,0.01582,0.02484,0.01943,0.05392,0.05473,0.07276,0.0075,0.00936,0.03138,0.00683,0.00775,0.0067,0.00896,0.01068,0.0115,0.0241,0.02688,0.0326,0.00257,0.00412,0.00384,0.00503,0.01296,0.00487,0.01728,0.01051,0.02409,0.0034,0.00401,0.00403,0.00189,0.00488,0.00985,0.00493,0.00328,0.01453,0.02378]},"OBS_FREQUENCY_DISTRIBUTION":{"Y_NUM_PERSONS":[0,0,0,0,0,0],"X_COUNT":[1,2,3,4,5,6]},"OBSERVATIONS_BY_TYPE":{"CONCEPT_NAME":"Observation recorded from EHR","COUNT_VALUE":7243},"AGE_AT_FIRST_OCCURRENCE":{"CATEGORY":["FEMALE","MALE"],"MIN_VALUE":[2,1],"P10_VALUE":[62,56],"P25_VALUE":[72,66],"MEDIAN_VALUE":[82,76],"P75_VALUE":[89,84],"P90_VALUE":[94,90],"MAX_VALUE":[105,103]}}
