{"PREVALENCE_BY_GENDER_AGE_YEAR":{"TRELLIS_NAME":["70-79","60-69","80-89","80-89","70-79","80-89","70-79","80-89","50-59","60-69","80-89","70-79","40-49","80-89","70-79","50-59","60-69","50-59","60-69","70-79","50-59","70-79","80-89","50-59","80-89","70-79","60-69","70-79","80-89","50-59","80-89","60-69","70-79","20-29","50-59","60-69","50-59","90-99","80-89","60-69","80-89","70-79","50-59","90-99","80-89","70-79","80-89","40-49","60-69","70-79","60-69","50-59","80-89","60-69","70-79","50-59","80-89"],"SERIES_NAME":["FEMALE","MALE","MALE","FEMALE","FEMALE","MALE","MALE","FEMALE","FEMALE","FEMALE","FEMALE","MALE","MALE","MALE","FEMALE","FEMALE","MALE","MALE","MALE","FEMALE","FEMALE","MALE","FEMALE","MALE","MALE","FEMALE","MALE","MALE","FEMALE","MALE","MALE","FEMALE","FEMALE","MALE","FEMALE","FEMALE","MALE","FEMALE","FEMALE","MALE","MALE","MALE","FEMALE","FEMALE","MALE","MALE","FEMALE","MALE","FEMALE","FEMALE","MALE","MALE","FEMALE","MALE","FEMALE","MALE","MALE"],"X_CALENDAR_YEAR":[2012,2012,2012,2012,2013,2013,2013,2013,2013,2014,2014,2014,2014,2014,2014,2014,2014,2014,2015,2015,2015,2015,2015,2015,2015,2016,2016,2016,2016,2016,2016,2016,2017,2017,2017,2017,2017,2017,2017,2017,2017,2017,2018,2018,2018,2018,2018,2018,2018,2018,2018,2018,2019,2019,2019,2019,2019],"Y_PREVALENCE_1000PP":[0.04012,0.01882,0.06208,0.04827,0.04371,0.0614,0.05455,0.09746,0.0237,0.03534,0.09513,0.07108,0.01713,0.10573,0.06282,0.02446,0.03645,0.02408,0.02886,0.04881,0.0263,0.07687,0.10396,0.02303,0.14842,0.05659,0.03466,0.06347,0.1058,0.02023,0.12249,0.04612,0.12903,0.02432,0.02644,0.06702,0.0335,0.26419,0.21614,0.07858,0.18136,0.1238,0.04244,0.25652,0.16809,0.16705,0.32882,0.03438,0.05962,0.12963,0.07179,0.02916,0.10638,0.04158,0.05777,0.02726,0.14486]},"PREVALENCE_BY_MONTH":{"X_CALENDAR_MONTH":[201207,201210,201212,201301,201303,201304,201305,201307,201308,201309,201310,201312,201401,201403,201404,201405,201406,201407,201408,201409,201410,201411,201412,201501,201502,201503,201504,201505,201506,201507,201509,201511,201512,201601,201603,201604,201605,201606,201607,201608,201609,201610,201611,201612,201701,201702,201703,201704,201705,201706,201707,201708,201709,201710,201711,201712,201801,201802,201803,201804,201805,201806,201807,201808,201809,201810,201811,201812,201901,201902,201903],"Y_PREVALENCE_1000PP":[0.00128,0.00109,0.00129,0.0011,0.00185,0.00111,0.00111,0.00204,0.00111,0.00185,0.00168,0.00173,0.00115,0.00134,0.00153,0.00211,0.00136,0.00411,0.00197,0.00178,0.00263,0.00204,0.00166,0.00187,0.00125,0.00259,0.00151,0.00173,0.00158,0.0027,0.00157,0.0026,0.00172,0.00148,0.00249,0.002,0.00177,0.0018,0.00236,0.00187,0.00241,0.00272,0.00274,0.00246,0.00411,0.00308,0.0017,0.00285,0.00257,0.00496,0.00439,0.00324,0.00591,0.00474,0.00452,0.00365,0.00309,0.00247,0.00432,0.00309,0.00463,0.00558,0.00536,0.00891,0.00447,0.00521,0.00657,0.00263,0.00722,0.00528,0.00694]},"OBS_FREQUENCY_DISTRIBUTION":{"Y_NUM_PERSONS":[0,0,0],"X_COUNT":[1,2,3]},"OBSERVATIONS_BY_TYPE":{"CONCEPT_NAME":"Observation recorded from EHR","COUNT_VALUE":872},"AGE_AT_FIRST_OCCURRENCE":{"CATEGORY":["MALE","FEMALE"],"MIN_VALUE":[10,3],"P10_VALUE":[40,45],"P25_VALUE":[55,58],"MEDIAN_VALUE":[69,74],"P75_VALUE":[79,82],"P90_VALUE":[87,88],"MAX_VALUE":[98,101]}}
