{"PREVALENCE_BY_GENDER_AGE_YEAR":{"TRELLIS_NAME":["60-69","50-59","20-29","30-39","60-69","30-39","40-49","50-59","70-79","80-89","40-49","70-79","30-39","50-59","50-59","70-79","70-79","40-49","60-69","60-69","30-39","50-59","70-79","30-39","60-69","20-29","40-49"],"SERIES_NAME":["MALE","FEMALE","FEMALE","FEMALE","FEMALE","MALE","MALE","MALE","MALE","FEMALE","FEMALE","FEMALE","FEMALE","MALE","FEMALE","FEMALE","MALE","FEMALE","MALE","FEMALE","FEMALE","FEMALE","FEMALE","FEMALE","FEMALE","FEMALE","FEMALE"],"X_CALENDAR_YEAR":[2015,2015,2015,2015,2015,2015,2015,2015,2015,2015,2015,2015,2016,2016,2016,2016,2016,2017,2017,2017,2017,2017,2017,2018,2018,2018,2018],"Y_PREVALENCE_1000PP":[0.09379,0.12857,0.04063,0.04892,0.11877,0.01728,0.04678,0.0921,0.04941,0.04798,0.085,0.08298,0.03374,0.03034,0.06161,0.03962,0.03808,0.03921,0.0442,0.05745,0.02939,0.04533,0.03687,0.0533,0.03252,0.03519,0.02688]},"PREVALENCE_BY_MONTH":{"X_CALENDAR_MONTH":[201501,201502,201503,201504,201505,201506,201507,201508,201509,201510,201511,201512,201601,201603,201604,201605,201606,201609,201701,201702,201703,201704,201706,201707,201708,201709,201711,201801,201803,201804,201807,201808,201903],"Y_PREVALENCE_1000PP":[0.03383,0.00167,0.00194,0.00367,0.00281,0.00383,0.00157,0.0018,0.00135,0.00163,0.00189,0.00172,0.00173,0.00199,0.0025,0.00354,0.00232,0.00268,0.00274,0.00196,0.00227,0.002,0.00233,0.00175,0.00206,0.00177,0.00211,0.00216,0.00185,0.00185,0.00189,0.00191,0.00198]},"OBS_FREQUENCY_DISTRIBUTION":{"Y_NUM_PERSONS":[0,0,0],"X_COUNT":[1,2,3]},"OBSERVATIONS_BY_TYPE":{"CONCEPT_NAME":"Observation recorded from EHR","COUNT_VALUE":528},"AGE_AT_FIRST_OCCURRENCE":{"CATEGORY":["FEMALE","MALE"],"MIN_VALUE":[19,20],"P10_VALUE":[29,35],"P25_VALUE":[38,46],"MEDIAN_VALUE":[52,55],"P75_VALUE":[62,66],"P90_VALUE":[71,71],"MAX_VALUE":[86,87]}}
