{"PREVALENCE_BY_GENDER_AGE_YEAR":{"TRELLIS_NAME":["30-39","0-9","0-9","10-19","60-69","50-59","60-69","40-49","50-59","50-59","60-69","70-79","40-49","80-89","70-79","40-49","60-69","50-59","50-59","50-59"],"SERIES_NAME":["FEMALE","FEMALE","MALE","MALE","MALE","MALE","FEMALE","MALE","FEMALE","FEMALE","FEMALE","MALE","MALE","MALE","FEMALE","FEMALE","MALE","MALE","MALE","FEMALE"],"X_CALENDAR_YEAR":[2014,2014,2014,2014,2016,2016,2016,2016,2016,2017,2017,2017,2017,2017,2017,2017,2017,2017,2018,2018],"Y_PREVALENCE_1000PP":[0.01577,0.02181,0.03867,0.01943,0.03466,0.03371,0.03773,0.02002,0.03765,0.07554,0.05266,0.05502,0.04157,0.09068,0.06759,0.02353,0.05402,0.05955,0.02916,0.0382]},"PREVALENCE_BY_MONTH":{"X_CALENDAR_MONTH":[200912,201403,201405,201601,201602,201603,201604,201605,201703,201704,201706,201708,201709,201710,201711,201712,201801,201802,201803],"Y_PREVALENCE_1000PP":[0.00114,0.00345,0.0023,0.00297,0.00174,0.00299,0.00175,0.00177,0.00539,0.00257,0.00291,0.00177,0.00266,0.00533,0.00693,0.00335,0.00463,0.0034,0.00432]},"OBS_FREQUENCY_DISTRIBUTION":{"Y_NUM_PERSONS":[0,0],"X_COUNT":[1,2]},"OBSERVATIONS_BY_TYPE":{"CONCEPT_NAME":"Observation recorded from EHR","COUNT_VALUE":371},"AGE_AT_FIRST_OCCURRENCE":{"CATEGORY":["MALE","FEMALE"],"MIN_VALUE":[1,0],"P10_VALUE":[7,19],"P25_VALUE":[37,43],"MEDIAN_VALUE":[55,57],"P75_VALUE":[68,69],"P90_VALUE":[79,81],"MAX_VALUE":[89,100]}}
