{"PREVALENCE_BY_GENDER_AGE_YEAR":{"TRELLIS_NAME":["30-39","20-29","10-19","30-39","30-39","50-59","30-39","20-29","40-49","40-49","50-59","50-59","40-49","50-59","30-39","20-29","30-39","50-59","80-89","30-39","10-19","50-59"],"SERIES_NAME":["MALE","FEMALE","MALE","FEMALE","MALE","FEMALE","FEMALE","FEMALE","MALE","FEMALE","FEMALE","MALE","FEMALE","MALE","FEMALE","FEMALE","FEMALE","FEMALE","FEMALE","FEMALE","FEMALE","FEMALE"],"X_CALENDAR_YEAR":[2004,2004,2005,2006,2006,2007,2008,2009,2009,2009,2009,2010,2010,2011,2011,2013,2013,2014,2014,2015,2016,2016],"Y_PREVALENCE_1000PP":[0.01605,0.02311,0.02164,0.01586,0.01537,0.01775,0.0151,0.03557,0.02012,0.02341,0.0172,0.0273,0.01855,0.02648,0.01487,0.01727,0.0223,0.01902,0.05854,0.01727,0.03067,0.02054]},"PREVALENCE_BY_MONTH":{"X_CALENDAR_MONTH":[200402,200409,200507,200607,200612,200702,200703,200706,200711,200802,200804,200810,200812,200901,200902,200903,200904,200905,200906,201007,201009,201010,201011,201105,201106,201107,201306,201308,201407,201408,201409,201501,201606,201609],"Y_PREVALENCE_1000PP":[0.00148,0.00185,0.00156,0.00128,0.00147,0.00166,0.00186,0.00122,0.00117,0.00116,0.00116,0.00152,0.00114,0.00113,0.0017,0.00245,0.00208,0.00189,0.00132,0.00134,0.00152,0.00188,0.00206,0.00129,0.00166,0.00128,0.0013,0.00167,0.00176,0.00138,0.00436,0.00125,0.00232,0.00214]},"OBS_FREQUENCY_DISTRIBUTION":{"Y_NUM_PERSONS":[0,0,0],"X_COUNT":[1,2,3]},"OBSERVATIONS_BY_TYPE":{"CONCEPT_NAME":"Observation recorded from EHR","COUNT_VALUE":701},"AGE_AT_FIRST_OCCURRENCE":{"CATEGORY":["MALE","FEMALE"],"MIN_VALUE":[1,2],"P10_VALUE":[9,18],"P25_VALUE":[18,27],"MEDIAN_VALUE":[39,41],"P75_VALUE":[52,56],"P90_VALUE":[68,70],"MAX_VALUE":[91,94]}}
