{"PREVALENCE_BY_GENDER_AGE_YEAR":{"TRELLIS_NAME":["60-69","90-99","70-79","80-89","80-89","70-79","90-99","60-69","90-99","90-99","50-59","80-89","80-89","60-69","70-79","70-79","60-69","80-89","90-99","50-59","70-79","60-69","90-99","70-79","60-69","80-89","70-79","70-79","60-69","80-89","80-89","60-69","90-99","80-89","80-89","80-89","70-79","80-89"],"SERIES_NAME":["FEMALE","MALE","FEMALE","MALE","FEMALE","MALE","FEMALE","MALE","FEMALE","MALE","MALE","FEMALE","MALE","MALE","FEMALE","MALE","FEMALE","MALE","FEMALE","MALE","FEMALE","FEMALE","MALE","MALE","MALE","FEMALE","MALE","FEMALE","MALE","FEMALE","MALE","FEMALE","FEMALE","MALE","FEMALE","MALE","FEMALE","FEMALE"],"X_CALENDAR_YEAR":[2013,2013,2013,2013,2013,2013,2013,2013,2014,2014,2014,2014,2014,2014,2014,2014,2014,2015,2015,2015,2015,2015,2015,2015,2015,2015,2016,2016,2016,2016,2016,2016,2016,2017,2017,2018,2018,2018],"Y_PREVALENCE_1000PP":[0.06072,0.82054,0.20106,0.64473,0.54301,0.30253,0.56754,0.12819,1.74651,1.84086,0.02408,1.04642,0.81415,0.13586,0.30513,0.40111,0.08997,0.57084,1.34858,0.01727,0.23429,0.06288,1.06583,0.2306,0.08297,0.58378,0.10789,0.07923,0.05199,0.15389,0.2586,0.02935,0.36317,0.10579,0.08646,0.13447,0.04093,0.07307]},"PREVALENCE_BY_MONTH":{"X_CALENDAR_MONTH":[201305,201306,201307,201308,201309,201310,201311,201312,201401,201402,201403,201404,201405,201406,201407,201408,201409,201410,201411,201412,201501,201502,201503,201504,201505,201506,201507,201508,201509,201510,201511,201512,201601,201602,201603,201604,201605,201606,201607,201609,201711],"Y_PREVALENCE_1000PP":[0.00464,0.00297,0.00686,0.00817,0.01056,0.0144,0.01036,0.00787,0.01241,0.01088,0.01129,0.00498,0.00498,0.00756,0.00881,0.00829,0.01071,0.01112,0.01165,0.00705,0.00809,0.00982,0.00798,0.00411,0.00519,0.0081,0.00675,0.0036,0.00585,0.00605,0.00497,0.0032,0.00371,0.00473,0.00399,0.0025,0.00152,0.00206,0.00263,0.00188,0.00211]},"OBS_FREQUENCY_DISTRIBUTION":{"Y_NUM_PERSONS":[0,0],"X_COUNT":[1,2]},"OBSERVATIONS_BY_TYPE":{"CONCEPT_NAME":"Observation recorded from EHR","COUNT_VALUE":1428},"AGE_AT_FIRST_OCCURRENCE":{"CATEGORY":["MALE","FEMALE"],"MIN_VALUE":[17,32],"P10_VALUE":[63,69],"P25_VALUE":[70,76],"MEDIAN_VALUE":[78,83],"P75_VALUE":[85,88],"P90_VALUE":[90,92],"MAX_VALUE":[99,101]}}
