{"PREVALENCE_BY_GENDER_AGE_YEAR":{"TRELLIS_NAME":["20-29","20-29","30-39","20-29","30-39","30-39","40-49","30-39","20-29","20-29","30-39","30-39"],"SERIES_NAME":["FEMALE","FEMALE","FEMALE","FEMALE","FEMALE","FEMALE","FEMALE","FEMALE","FEMALE","FEMALE","FEMALE","FEMALE"],"X_CALENDAR_YEAR":[1997,1998,1998,1999,2000,2001,2001,2002,2002,2003,2003,2004],"Y_PREVALENCE_1000PP":[0.07748,0.06846,0.04978,0.04092,0.03081,0.0381,0.02902,0.03077,0.02297,0.02177,0.02353,0.01925]},"PREVALENCE_BY_MONTH":{"X_CALENDAR_MONTH":[200105,200109,200304],"Y_PREVALENCE_1000PP":[0.00205,0.0019,0.00157]},"OBS_FREQUENCY_DISTRIBUTION":{"Y_NUM_PERSONS":0,"X_COUNT":1},"OBSERVATIONS_BY_TYPE":{"CONCEPT_NAME":"Observation recorded from EHR","COUNT_VALUE":280},"AGE_AT_FIRST_OCCURRENCE":{"CATEGORY":["FEMALE","MALE"],"MIN_VALUE":[18,18],"P10_VALUE":[23,21],"P25_VALUE":[28,25],"MEDIAN_VALUE":[33,31],"P75_VALUE":[44,39],"P90_VALUE":[56,48],"MAX_VALUE":[91,89]}}
