{"PREVALENCE_BY_GENDER_AGE_YEAR":{"TRELLIS_NAME":["30-39","30-39","50-59","40-49","20-29","30-39","50-59","60-69","40-49","20-29","40-49","30-39","50-59","60-69","40-49","30-39","20-29","50-59","60-69","60-69","30-39","70-79","40-49","50-59","20-29","30-39","20-29","70-79","50-59","40-49","60-69","70-79","50-59","40-49","30-39","20-29","60-69","20-29","50-59","60-69","30-39","40-49","30-39","40-49","60-69","20-29","50-59","60-69","20-29","50-59","40-49","30-39","40-49","20-29","30-39","50-59","60-69","50-59","30-39","40-49","20-29","60-69","30-39","50-59","60-69","40-49","20-29","40-49","50-59","30-39","20-29","60-69","40-49","20-29","60-69","30-39","50-59"],"SERIES_NAME":["FEMALE","FEMALE","FEMALE","FEMALE","FEMALE","FEMALE","FEMALE","FEMALE","FEMALE","FEMALE","FEMALE","FEMALE","FEMALE","FEMALE","FEMALE","FEMALE","FEMALE","FEMALE","FEMALE","FEMALE","FEMALE","FEMALE","FEMALE","FEMALE","FEMALE","FEMALE","FEMALE","FEMALE","FEMALE","FEMALE","FEMALE","FEMALE","FEMALE","FEMALE","FEMALE","FEMALE","FEMALE","FEMALE","FEMALE","FEMALE","FEMALE","FEMALE","FEMALE","FEMALE","FEMALE","FEMALE","FEMALE","FEMALE","FEMALE","FEMALE","FEMALE","FEMALE","FEMALE","FEMALE","FEMALE","FEMALE","FEMALE","FEMALE","FEMALE","FEMALE","FEMALE","FEMALE","FEMALE","FEMALE","FEMALE","FEMALE","FEMALE","FEMALE","FEMALE","FEMALE","FEMALE","FEMALE","FEMALE","FEMALE","FEMALE","FEMALE","FEMALE"],"X_CALENDAR_YEAR":[2004,2005,2005,2005,2006,2006,2006,2006,2006,2007,2007,2007,2007,2007,2008,2008,2008,2008,2008,2009,2009,2009,2009,2009,2009,2010,2010,2010,2010,2010,2010,2011,2011,2011,2011,2011,2011,2012,2012,2012,2012,2012,2013,2013,2013,2013,2013,2014,2014,2014,2014,2014,2015,2015,2015,2015,2015,2016,2016,2016,2016,2016,2017,2017,2017,2017,2017,2018,2018,2018,2018,2018,2019,2019,2019,2019,2019],"Y_PREVALENCE_1000PP":[0.0165,0.02706,0.0194,0.02804,0.02337,0.06344,0.03444,0.02708,0.07949,1.00991,0.98986,1.23827,0.72197,0.25556,1.47396,1.62593,1.2861,0.91303,0.36002,0.40349,1.81695,0.04105,1.57752,1.15795,1.4659,2.09888,1.63243,0.06805,1.26007,1.79925,0.59397,0.04917,2.30224,3.21275,3.42351,2.36498,1.1316,3.55905,3.09222,1.3631,4.2543,4.10255,2.74592,2.4977,0.94115,3.25077,2.23026,1.15029,3.30661,2.80994,2.93558,2.96662,2.45356,2.37672,2.61582,2.24709,1.02352,3.40245,4.43701,3.84686,3.63125,1.5513,3.63289,2.50426,1.08667,3.1054,2.88798,2.38312,2.3556,2.07036,1.72894,1.15989,0.57958,0.54595,0.28543,0.57204,0.42675]},"PREVALENCE_BY_MONTH":{"X_CALENDAR_MONTH":[200507,200509,200604,200605,200608,200609,200611,200612,200701,200702,200703,200704,200705,200706,200707,200708,200709,200710,200711,200712,200801,200802,200803,200804,200805,200806,200807,200808,200809,200810,200811,200812,200901,200902,200903,200904,200905,200906,200907,200908,200909,200910,200911,200912,201001,201002,201003,201004,201005,201006,201007,201008,201009,201010,201011,201012,201101,201102,201103,201104,201105,201106,201107,201108,201109,201110,201111,201112,201201,201202,201203,201204,201205,201206,201207,201208,201209,201210,201211,201212,201301,201302,201303,201304,201305,201306,201307,201308,201309,201310,201311,201312,201401,201402,201403,201404,201405,201406,201407,201408,201409,201410,201411,201412,201501,201502,201503,201504,201505,201506,201507,201508,201509,201510,201511,201512,201601,201602,201603,201604,201605,201606,201607,201608,201609,201610,201611,201612,201701,201702,201703,201704,201705,201706,201707,201708,201709,201710,201711,201712,201801,201802,201803,201804,201805,201806,201807,201808,201809,201810,201811,201812,201901,201902,201903],"Y_PREVALENCE_1000PP":[0.00267,0.00198,0.00194,0.00129,0.0017,0.00191,0.00252,0.00357,0.01413,0.02094,0.00911,0.00928,0.01924,0.02779,0.02714,0.03456,0.03028,0.05117,0.04313,0.03494,0.03292,0.05415,0.04417,0.03431,0.03388,0.04897,0.03424,0.01798,0.03175,0.03661,0.02994,0.02725,0.04545,0.04526,0.04931,0.031,0.03187,0.03974,0.04024,0.02995,0.06761,0.02844,0.03096,0.03899,0.04996,0.05317,0.04509,0.02606,0.02878,0.06303,0.03915,0.0496,0.04424,0.05146,0.06952,0.05346,0.06523,0.08011,0.10534,0.06311,0.0957,0.07585,0.06111,0.06007,0.09944,0.06944,0.07078,0.0837,0.21049,0.09221,0.17082,0.05507,0.07847,0.06001,0.10915,0.09878,0.06038,0.10787,0.08413,0.07692,0.15526,0.07073,0.07258,0.04755,0.03954,0.08563,0.07394,0.05568,0.05002,0.06285,0.07871,0.0912,0.16865,0.08338,0.10355,0.05612,0.041,0.09475,0.08226,0.07756,0.10289,0.05096,0.04331,0.0701,0.0824,0.04659,0.03884,0.06809,0.05858,0.07024,0.11467,0.05955,0.06274,0.06609,0.07807,0.08116,0.15336,0.16694,0.07351,0.06148,0.12064,0.08566,0.06537,0.05129,0.1295,0.09231,0.21325,0.06627,0.07339,0.07477,0.0876,0.04847,0.06276,0.0685,0.09272,0.05769,0.03159,0.06543,0.29246,0.04811,0.06171,0.05841,0.17638,0.04692,0.05676,0.04029,0.05202,0.03722,0.0131,0.0573,0.05223,0.04276,0.05939,0.07201,0.02873]},"OBS_FREQUENCY_DISTRIBUTION":{"Y_NUM_PERSONS":[0,0,0,0,0,0,0,0],"X_COUNT":[1,2,3,4,5,6,7,8]},"OBSERVATIONS_BY_TYPE":{"CONCEPT_NAME":"Observation recorded from EHR","COUNT_VALUE":45834},"AGE_AT_FIRST_OCCURRENCE":{"CATEGORY":"FEMALE","MIN_VALUE":19,"P10_VALUE":26,"P25_VALUE":30,"MEDIAN_VALUE":39,"P75_VALUE":50,"P90_VALUE":58,"MAX_VALUE":82}}
