{"PREVALENCE_BY_GENDER_AGE_YEAR":{"TRELLIS_NAME":["70-79","50-59","60-69","60-69","70-79"],"SERIES_NAME":["MALE","MALE","FEMALE","MALE","MALE"],"X_CALENDAR_YEAR":[2006,2012,2012,2013,2013],"Y_PREVALENCE_1000PP":[0.03624,0.02366,0.0183,0.01876,0.03472]},"PREVALENCE_BY_MONTH":{"X_CALENDAR_MONTH":[200511,200512,200602,200603,201111,201202,201208,201210,201302,201303,201809],"Y_PREVALENCE_1000PP":[0.00175,0.00153,0.0013,0.00152,0.00109,0.00164,0.00145,0.00109,0.00111,0.0013,0.00224]},"OBS_FREQUENCY_DISTRIBUTION":{"Y_NUM_PERSONS":[0,0,0],"X_COUNT":[1,2,3]},"OBSERVATIONS_BY_TYPE":{"CONCEPT_NAME":"Observation recorded from EHR","COUNT_VALUE":280},"AGE_AT_FIRST_OCCURRENCE":{"CATEGORY":["MALE","FEMALE"],"MIN_VALUE":[13,0],"P10_VALUE":[35,32],"P25_VALUE":[48,48],"MEDIAN_VALUE":[63,67],"P75_VALUE":[74,78],"P90_VALUE":[80,85],"MAX_VALUE":[91,93]}}
