{"PREVALENCE_BY_GENDER_AGE_YEAR":{"TRELLIS_NAME":["30-39","40-49","10-19","20-29","30-39","40-49","10-19","20-29","20-29","10-19"],"SERIES_NAME":["FEMALE","FEMALE","FEMALE","FEMALE","FEMALE","FEMALE","FEMALE","FEMALE","FEMALE","FEMALE"],"X_CALENDAR_YEAR":[2014,2014,2014,2014,2015,2015,2015,2015,2016,2016],"Y_PREVALENCE_1000PP":[0.09985,0.03789,0.04107,0.18093,0.05755,0.034,0.02971,0.12479,0.05913,0.03067]},"PREVALENCE_BY_MONTH":{"X_CALENDAR_MONTH":[201401,201402,201403,201404,201405,201406,201407,201408,201409,201411,201412,201501,201502,201504,201506,201507,201510,201511,201605,201607],"Y_PREVALENCE_1000PP":[0.00363,0.00305,0.00325,0.00364,0.00441,0.00194,0.00274,0.00296,0.00238,0.00204,0.00166,0.00145,0.00334,0.00259,0.00203,0.00247,0.00186,0.0026,0.00152,0.00158]},"OBS_FREQUENCY_DISTRIBUTION":{"Y_NUM_PERSONS":[0,0,0],"X_COUNT":[1,2,3]},"OBSERVATIONS_BY_TYPE":{"CONCEPT_NAME":"Observation recorded from EHR","COUNT_VALUE":341},"AGE_AT_FIRST_OCCURRENCE":{"CATEGORY":["FEMALE","MALE"],"MIN_VALUE":[5,0],"P10_VALUE":[19,10],"P25_VALUE":[23,24],"MEDIAN_VALUE":[27,60],"P75_VALUE":[36,72],"P90_VALUE":[47,77],"MAX_VALUE":[95,84]}}
