{"PREVALENCE_BY_GENDER_AGE_YEAR":{"TRELLIS_NAME":["90-99","60-69","70-79","70-79","90-99","80-89","80-89","90-99","60-69","70-79","80-89","50-59","80-89","90-99","70-79","60-69","80-89","90-99","90-99","50-59","70-79","80-89","60-69","90-99","90-99","80-89","80-89","70-79","70-79","80-89","70-79","60-69","70-79","80-89","90-99","80-89","70-79","80-89"],"SERIES_NAME":["MALE","MALE","MALE","FEMALE","FEMALE","FEMALE","MALE","MALE","FEMALE","FEMALE","FEMALE","MALE","MALE","FEMALE","MALE","MALE","MALE","MALE","FEMALE","FEMALE","FEMALE","FEMALE","MALE","MALE","FEMALE","FEMALE","MALE","FEMALE","MALE","FEMALE","FEMALE","MALE","MALE","MALE","FEMALE","MALE","MALE","FEMALE"],"X_CALENDAR_YEAR":[2013,2013,2013,2013,2013,2013,2013,2014,2014,2014,2014,2014,2014,2014,2014,2014,2015,2015,2015,2015,2015,2015,2015,2016,2016,2016,2016,2016,2016,2017,2017,2017,2017,2017,2017,2018,2018,2018],"Y_PREVALENCE_1000PP":[0.52749,0.03439,0.04464,0.03497,0.33106,0.14619,0.12281,0.59382,0.03213,0.08077,0.27075,0.01606,0.26433,0.499,0.1117,0.03645,0.12559,0.43887,0.32366,0.01753,0.05369,0.07197,0.02525,0.60015,0.33015,0.09618,0.23138,0.06225,0.06347,0.1513,0.06759,0.03438,0.0619,0.21159,0.67935,0.11766,0.04556,0.13396]},"PREVALENCE_BY_MONTH":{"X_CALENDAR_MONTH":[201306,201307,201308,201309,201310,201311,201312,201401,201402,201403,201405,201406,201407,201408,201409,201411,201412,201501,201502,201503,201504,201505,201508,201510,201512,201601,201602,201603,201609,201611,201612,201701,201702,201705,201706,201707,201708,201709,201711,201712,201802,201805,201901,201902],"Y_PREVALENCE_1000PP":[0.00149,0.0013,0.00223,0.00278,0.00299,0.00264,0.00211,0.0042,0.00363,0.00746,0.00211,0.00194,0.00118,0.00237,0.00297,0.00204,0.00187,0.00145,0.00209,0.00151,0.00151,0.0013,0.00135,0.00186,0.00246,0.00322,0.00149,0.0015,0.00241,0.00356,0.00192,0.00164,0.00196,0.00257,0.00262,0.00439,0.00324,0.00207,0.00211,0.00183,0.00185,0.00247,0.00262,0.00198]},"OBS_FREQUENCY_DISTRIBUTION":{"Y_NUM_PERSONS":0,"X_COUNT":1},"OBSERVATIONS_BY_TYPE":{"CONCEPT_NAME":"Observation recorded from EHR","COUNT_VALUE":573},"AGE_AT_FIRST_OCCURRENCE":{"CATEGORY":["MALE","FEMALE"],"MIN_VALUE":[31,0],"P10_VALUE":[61,61],"P25_VALUE":[70,73],"MEDIAN_VALUE":[80,83],"P75_VALUE":[87,90],"P90_VALUE":[91,94],"MAX_VALUE":[103,103]}}
