{"PREVALENCE_BY_GENDER_AGE_YEAR":{"TRELLIS_NAME":["0-9","60-69","10-19","80-89","0-9","70-79","60-69","20-29","70-79","70-79","80-89","70-79","80-89","70-79","10-19","60-69","70-79","70-79","80-89","70-79","0-9","80-89","70-79","60-69","80-89","60-69","50-59","0-9","60-69","70-79","70-79","80-89","60-69","70-79","70-79","0-9","80-89","80-89","0-9","70-79","70-79","60-69","70-79","20-29","70-79","80-89","50-59","80-89","80-89","60-69","70-79","70-79","60-69","70-79","50-59","70-79","70-79"],"SERIES_NAME":["MALE","FEMALE","MALE","FEMALE","MALE","FEMALE","FEMALE","FEMALE","FEMALE","FEMALE","FEMALE","MALE","FEMALE","FEMALE","MALE","MALE","FEMALE","MALE","FEMALE","FEMALE","MALE","MALE","MALE","MALE","FEMALE","FEMALE","FEMALE","FEMALE","FEMALE","FEMALE","MALE","FEMALE","MALE","MALE","FEMALE","MALE","FEMALE","FEMALE","FEMALE","FEMALE","MALE","FEMALE","FEMALE","FEMALE","MALE","FEMALE","FEMALE","FEMALE","MALE","MALE","FEMALE","FEMALE","MALE","FEMALE","FEMALE","MALE","FEMALE"],"X_CALENDAR_YEAR":[1997,1999,2001,2002,2002,2002,2003,2003,2003,2004,2004,2005,2005,2005,2006,2006,2006,2006,2007,2007,2007,2008,2008,2008,2008,2008,2008,2008,2009,2009,2009,2009,2009,2010,2010,2010,2010,2011,2011,2012,2012,2013,2013,2013,2013,2013,2013,2014,2014,2014,2014,2015,2016,2017,2017,2018,2018],"Y_PREVALENCE_1000PP":[0.1079,0.05905,0.03127,0.06752,0.03517,0.04343,0.02941,0.02177,0.04164,0.06042,0.05061,0.05065,0.08095,0.04252,0.02061,0.02357,0.04086,0.03624,0.07218,0.03789,0.02237,0.10155,0.03743,0.02342,0.09031,0.03303,0.02311,0.02593,0.02905,0.02736,0.05268,0.05512,0.02623,0.04177,0.04537,0.02674,0.06245,0.04809,0.01798,0.03121,0.04575,0.02429,0.0306,0.0148,0.02976,0.04177,0.02106,0.08049,0.06344,0.02651,0.03141,0.03417,0.03466,0.03687,0.02266,0.04556,0.04093]},"PREVALENCE_BY_MONTH":{"X_CALENDAR_MONTH":[199906,200005,200106,200107,200110,200201,200205,200207,200208,200301,200303,200304,200305,200307,200309,200406,200407,200408,200409,200501,200506,200507,200509,200511,200603,200605,200607,200608,200702,200703,200705,200706,200707,200711,200801,200802,200804,200805,200806,200807,200808,200809,200811,200812,200901,200903,200904,200905,200907,200908,200910,200911,201001,201002,201003,201005,201006,201007,201009,201010,201105,201106,201107,201108,201109,201110,201203,201204,201206,201208,201209,201211,201301,201304,201306,201307,201308,201309,201310,201312,201401,201402,201404,201405,201407,201412,201508,201701,201706,201807],"Y_PREVALENCE_1000PP":[0.00445,0.00258,0.00302,0.00298,0.00186,0.00235,0.00194,0.00329,0.00246,0.00159,0.00158,0.00183,0.00235,0.00154,0.00179,0.00188,0.0021,0.00186,0.00185,0.00136,0.00246,0.00156,0.00132,0.00197,0.00173,0.0015,0.00171,0.0017,0.00124,0.00124,0.00123,0.00264,0.00181,0.00117,0.00136,0.00136,0.00155,0.00155,0.0025,0.00249,0.00153,0.00133,0.00171,0.00114,0.00132,0.00132,0.00113,0.00113,0.00132,0.00151,0.00132,0.00113,0.00132,0.00133,0.00209,0.00172,0.00153,0.00248,0.00171,0.00132,0.00129,0.00129,0.00147,0.00183,0.00127,0.00109,0.00109,0.00127,0.00109,0.00163,0.00109,0.0011,0.0022,0.00185,0.00149,0.00111,0.00148,0.00148,0.00112,0.00134,0.00115,0.0021,0.00134,0.00134,0.00215,0.00124,0.00135,0.00164,0.00175,0.00189]},"OBS_FREQUENCY_DISTRIBUTION":{"Y_NUM_PERSONS":[0,0],"X_COUNT":[1,2]},"OBSERVATIONS_BY_TYPE":{"CONCEPT_NAME":"Observation recorded from EHR","COUNT_VALUE":1285},"AGE_AT_FIRST_OCCURRENCE":{"CATEGORY":["FEMALE","MALE"],"MIN_VALUE":[0,0],"P10_VALUE":[9,4],"P25_VALUE":[28,16],"MEDIAN_VALUE":[62,58],"P75_VALUE":[77,73],"P90_VALUE":[85,81],"MAX_VALUE":[101,99]}}
