{"PREVALENCE_BY_GENDER_AGE_YEAR":{"TRELLIS_NAME":["10-19","30-39","30-39","50-59","20-29","60-69","20-29","30-39","20-29","10-19","20-29","60-69","40-49","10-19","10-19","20-29","30-39","30-39","40-49","20-29","20-29","10-19","40-49","30-39","20-29","50-59","20-29","50-59","10-19","30-39","40-49","20-29","30-39","20-29","20-29","20-29","30-39","20-29","20-29","30-39","20-29","30-39","40-49","50-59","10-19","20-29","30-39","40-49","40-49"],"SERIES_NAME":["FEMALE","MALE","FEMALE","MALE","FEMALE","MALE","MALE","FEMALE","FEMALE","FEMALE","FEMALE","MALE","FEMALE","FEMALE","FEMALE","FEMALE","MALE","FEMALE","MALE","FEMALE","MALE","FEMALE","FEMALE","FEMALE","MALE","MALE","FEMALE","FEMALE","FEMALE","MALE","MALE","FEMALE","MALE","MALE","MALE","FEMALE","MALE","FEMALE","MALE","FEMALE","MALE","MALE","MALE","FEMALE","FEMALE","FEMALE","FEMALE","FEMALE","MALE"],"X_CALENDAR_YEAR":[2009,2009,2009,2009,2009,2010,2010,2010,2010,2010,2011,2011,2011,2011,2012,2012,2013,2013,2013,2013,2013,2013,2014,2014,2014,2014,2014,2014,2014,2014,2014,2015,2015,2015,2016,2016,2017,2017,2017,2017,2018,2018,2018,2018,2018,2018,2018,2018,2019],"Y_PREVALENCE_1000PP":[0.03044,0.01721,0.02271,0.01671,0.07368,0.01924,0.02629,0.02762,0.0583,0.03691,0.0346,0.02184,0.01364,0.02619,0.0229,0.03448,0.02469,0.01735,0.01355,0.04193,0.049,0.01946,0.01768,0.02628,0.07446,0.01606,0.10489,0.01631,0.0308,0.04207,0.01958,0.02612,0.02016,0.0304,0.02547,0.04174,0.02585,0.09341,0.0689,0.04041,0.09234,0.04105,0.03008,0.04669,0.03741,0.11878,0.0656,0.04927,0.02891]},"PREVALENCE_BY_MONTH":{"X_CALENDAR_MONTH":[200904,200907,200908,200910,200911,201001,201003,201004,201005,201006,201008,201010,201011,201012,201109,201112,201201,201203,201205,201305,201309,201310,201311,201312,201401,201402,201403,201404,201405,201406,201407,201408,201409,201410,201411,201412,201501,201503,201511,201611,201703,201707,201708,201709,201710,201711,201712,201801,201802,201803,201804,201805,201806,201807,201808,201809,201810,201811,201812,201901,201903],"Y_PREVALENCE_1000PP":[0.00208,0.00226,0.0032,0.00132,0.00151,0.00151,0.00114,0.00171,0.00152,0.00153,0.0021,0.00113,0.00131,0.00131,0.00109,0.00109,0.00146,0.00145,0.00109,0.0013,0.00222,0.00337,0.00339,0.00154,0.00267,0.00191,0.00172,0.00134,0.00211,0.00194,0.00215,0.00276,0.00377,0.00324,0.00163,0.00228,0.00208,0.00129,0.00142,0.00192,0.00284,0.00175,0.0053,0.00325,0.00355,0.00271,0.00183,0.00185,0.00433,0.00247,0.00247,0.00339,0.00217,0.00252,0.00541,0.00447,0.00228,0.00427,0.00428,0.00262,0.00231]},"OBS_FREQUENCY_DISTRIBUTION":{"Y_NUM_PERSONS":[0,0],"X_COUNT":[1,2]},"OBSERVATIONS_BY_TYPE":{"CONCEPT_NAME":"Observation recorded from EHR","COUNT_VALUE":790},"AGE_AT_FIRST_OCCURRENCE":{"CATEGORY":["MALE","FEMALE"],"MIN_VALUE":[15,15],"P10_VALUE":[21,19],"P25_VALUE":[25,22],"MEDIAN_VALUE":[33,27],"P75_VALUE":[47,36],"P90_VALUE":[62,52],"MAX_VALUE":[88,83]}}
