{"PREVALENCE_BY_GENDER_AGE_YEAR":{"TRELLIS_NAME":["50-59","50-59","80-89","40-49","60-69","80-89","70-79","60-69","70-79","70-79","80-89","70-79","30-39","70-79","30-39","60-69","50-59","40-49","20-29","50-59","20-29","60-69","80-89","90-99","40-49"],"SERIES_NAME":["FEMALE","FEMALE","FEMALE","FEMALE","FEMALE","FEMALE","FEMALE","FEMALE","MALE","FEMALE","MALE","MALE","FEMALE","FEMALE","MALE","MALE","MALE","MALE","MALE","FEMALE","FEMALE","FEMALE","FEMALE","FEMALE","FEMALE"],"X_CALENDAR_YEAR":[2011,2012,2012,2012,2012,2013,2013,2013,2013,2017,2018,2018,2018,2018,2018,2018,2018,2018,2018,2018,2018,2018,2018,2018,2018],"Y_PREVALENCE_1000PP":[0.01625,0.01879,0.05516,0.01383,0.03659,0.04177,0.05245,0.02125,0.03472,0.04301,0.2017,0.07593,0.0697,0.11598,0.06978,0.06074,0.10413,0.06017,0.05078,0.1528,0.03959,0.16802,0.21922,0.38478,0.09407]},"PREVALENCE_BY_MONTH":{"X_CALENDAR_MONTH":[201110,201111,201112,201201,201202,201204,201205,201211,201302,201702,201811],"Y_PREVALENCE_1000PP":[0.00254,0.00255,0.00146,0.00164,0.00236,0.00109,0.00146,0.00183,0.00424,0.00336,0.08277]},"OBS_FREQUENCY_DISTRIBUTION":{"Y_NUM_PERSONS":[0,0],"X_COUNT":[1,2]},"OBSERVATIONS_BY_TYPE":{"CONCEPT_NAME":"Observation recorded from EHR","COUNT_VALUE":507},"AGE_AT_FIRST_OCCURRENCE":{"CATEGORY":["FEMALE","MALE"],"MIN_VALUE":[22,4],"P10_VALUE":[36,30],"P25_VALUE":[50,42],"MEDIAN_VALUE":[64,55],"P75_VALUE":[74,70],"P90_VALUE":[83,80],"MAX_VALUE":[100,95]}}
