{"PREVALENCE_BY_GENDER_AGE_YEAR":{"TRELLIS_NAME":["70-79","50-59","60-69","70-79","60-69","70-79","50-59","40-49","50-59","80-89","40-49","60-69","70-79","50-59","70-79","50-59","40-49","80-89","30-39","60-69","80-89","50-59","50-59","40-49","80-89","70-79","70-79","40-49","60-69","60-69","70-79","40-49","60-69","40-49","50-59","50-59","60-69"],"SERIES_NAME":["MALE","FEMALE","FEMALE","FEMALE","MALE","MALE","MALE","FEMALE","FEMALE","MALE","MALE","MALE","MALE","FEMALE","FEMALE","MALE","FEMALE","FEMALE","FEMALE","FEMALE","MALE","FEMALE","MALE","FEMALE","FEMALE","MALE","FEMALE","MALE","FEMALE","MALE","FEMALE","MALE","FEMALE","FEMALE","FEMALE","MALE","MALE"],"X_CALENDAR_YEAR":[2011,2013,2016,2016,2016,2016,2016,2016,2016,2017,2017,2017,2017,2017,2017,2017,2017,2017,2017,2017,2018,2018,2018,2018,2018,2018,2018,2018,2018,2018,2019,2019,2019,2019,2019,2019,2019],"Y_PREVALENCE_1000PP":[0.03583,0.01843,0.08805,0.09621,0.09531,0.0952,0.03034,0.03447,0.05134,0.39295,0.02268,0.29466,0.28887,0.12465,0.30108,0.0856,0.05097,0.29179,0.02939,0.28723,0.30256,0.17402,0.14578,0.17918,0.28011,0.34169,0.2115,0.15902,0.26558,0.25401,0.08666,0.03854,0.08738,0.02998,0.0413,0.05452,0.10099]},"PREVALENCE_BY_MONTH":{"X_CALENDAR_MONTH":[201207,201510,201511,201512,201601,201609,201610,201611,201701,201702,201703,201704,201705,201706,201707,201708,201709,201710,201711,201712,201801,201802,201803,201804,201805,201806,201807,201808,201809,201810,201811,201812,201901,201902,201903],"Y_PREVALENCE_1000PP":[0.00109,0.0014,0.00166,0.00172,0.00223,0.00402,0.0076,0.01232,0.00246,0.00336,0.00652,0.01711,0.01426,0.00758,0.00497,0.0206,0.00325,0.00918,0.00754,0.00639,0.00432,0.00309,0.00371,0.00988,0.01203,0.0093,0.01419,0.01241,0.01246,0.01791,0.00953,0.00921,0.00853,0.00628,0.01585]},"OBS_FREQUENCY_DISTRIBUTION":{"Y_NUM_PERSONS":[0,0],"X_COUNT":[1,2]},"OBSERVATIONS_BY_TYPE":{"CONCEPT_NAME":"Observation recorded from EHR","COUNT_VALUE":1049},"AGE_AT_FIRST_OCCURRENCE":{"CATEGORY":["MALE","FEMALE"],"MIN_VALUE":[14,18],"P10_VALUE":[46,42],"P25_VALUE":[54,50],"MEDIAN_VALUE":[65,62],"P75_VALUE":[72,71],"P90_VALUE":[79,78],"MAX_VALUE":[95,94]}}
