{"PREVALENCE_BY_GENDER_AGE_YEAR":{"TRELLIS_NAME":["60-69","50-59","60-69","60-69","80-89","80-89","40-49","70-79","50-59","70-79","60-69","50-59","40-49","90-99","60-69","30-39","80-89","70-79","50-59","60-69","40-49","50-59","80-89","40-49","30-39","70-79","30-39","20-29","80-89","80-89","60-69","40-49","50-59","90-99","50-59","60-69","70-79","20-29","40-49","70-79","90-99","30-39","70-79","90-99","20-29","90-99","40-49","40-49","50-59","80-89","30-39","50-59","60-69","70-79","80-89","30-39","60-69","20-29","70-79","30-39","60-69","70-79","40-49","20-29","90-99","60-69","50-59","90-99","30-39","50-59","40-49","80-89","80-89","80-89","70-79","30-39","50-59","20-29","50-59","60-69","70-79","80-89","40-49","60-69","90-99","30-39","40-49","90-99","20-29","80-89","40-49","60-69","90-99","50-59","80-89","20-29","30-39","50-59","70-79","60-69","30-39","70-79","40-49","50-59","40-49","60-69","60-69","80-89","80-89","70-79","70-79","50-59","40-49"],"SERIES_NAME":["MALE","MALE","FEMALE","FEMALE","FEMALE","MALE","FEMALE","FEMALE","FEMALE","MALE","MALE","MALE","MALE","FEMALE","MALE","MALE","FEMALE","MALE","MALE","FEMALE","FEMALE","FEMALE","MALE","MALE","FEMALE","FEMALE","MALE","MALE","FEMALE","MALE","FEMALE","MALE","FEMALE","FEMALE","MALE","MALE","FEMALE","FEMALE","FEMALE","MALE","MALE","FEMALE","FEMALE","FEMALE","FEMALE","MALE","FEMALE","MALE","MALE","MALE","MALE","FEMALE","FEMALE","MALE","FEMALE","FEMALE","MALE","FEMALE","MALE","MALE","FEMALE","FEMALE","FEMALE","MALE","FEMALE","MALE","FEMALE","MALE","FEMALE","MALE","MALE","MALE","FEMALE","MALE","FEMALE","MALE","MALE","MALE","FEMALE","MALE","MALE","FEMALE","MALE","FEMALE","FEMALE","FEMALE","FEMALE","MALE","FEMALE","MALE","FEMALE","FEMALE","MALE","MALE","FEMALE","MALE","MALE","FEMALE","FEMALE","MALE","FEMALE","MALE","MALE","FEMALE","FEMALE","FEMALE","MALE","FEMALE","MALE","MALE","FEMALE","MALE","MALE"],"X_CALENDAR_YEAR":[2011,2011,2011,2012,2012,2012,2012,2012,2012,2012,2012,2012,2012,2013,2013,2013,2013,2013,2013,2013,2013,2013,2013,2013,2013,2013,2014,2014,2014,2014,2014,2014,2014,2014,2014,2014,2014,2014,2014,2014,2014,2014,2015,2015,2015,2015,2015,2015,2015,2015,2015,2015,2015,2015,2015,2015,2015,2016,2016,2016,2016,2016,2016,2016,2016,2016,2016,2016,2016,2016,2016,2016,2016,2017,2017,2017,2017,2017,2017,2017,2017,2017,2017,2017,2017,2017,2017,2017,2018,2018,2018,2018,2018,2018,2018,2018,2018,2018,2018,2018,2018,2018,2018,2019,2019,2019,2019,2019,2019,2019,2019,2019,2019],"Y_PREVALENCE_1000PP":[0.02807,0.02119,0.01825,0.07929,0.09654,0.20693,0.02766,0.15158,0.07516,0.14234,0.12545,0.07097,0.04233,0.16553,0.44399,0.03456,0.30631,0.51083,0.25597,0.21859,0.07944,0.13692,0.37865,0.1152,0.03717,0.4371,0.07363,0.02482,0.73908,1.03619,0.44662,0.23495,0.32882,0.47405,0.54587,0.79529,0.89296,0.01573,0.17432,1.00025,0.83135,0.0289,0.94206,0.53943,0.02902,0.87774,0.23232,0.3137,0.63608,1.11885,0.09794,0.38279,0.62529,1.16946,1.02362,0.06331,1.10023,0.02087,1.45338,0.11849,0.71695,1.02436,0.23095,0.02911,0.46221,1.29533,0.41761,1.12528,0.10122,0.73822,0.35042,1.29299,1.18301,1.45087,0.81721,0.11816,0.68854,0.03648,0.38527,1.06567,1.25867,0.96182,0.34014,0.62232,0.41516,0.09183,0.19213,0.50955,0.03519,0.9749,0.15678,0.47154,1.13272,0.55398,0.69418,0.0277,0.07388,0.28013,0.84599,0.93321,0.09429,0.93395,0.33093,0.13766,0.05996,0.13398,0.16039,0.11968,0.19919,0.21606,0.16609,0.14993,0.07226]},"PREVALENCE_BY_MONTH":{"X_CALENDAR_MONTH":[201105,201107,201110,201112,201201,201202,201203,201204,201205,201206,201207,201208,201209,201210,201211,201212,201301,201302,201303,201304,201305,201306,201307,201308,201309,201310,201311,201312,201401,201402,201403,201404,201405,201406,201407,201408,201409,201410,201411,201412,201501,201502,201503,201504,201505,201506,201507,201508,201509,201510,201511,201512,201601,201602,201603,201604,201605,201606,201607,201608,201609,201610,201611,201612,201701,201702,201703,201704,201705,201706,201707,201708,201709,201710,201711,201712,201801,201802,201803,201804,201805,201806,201807,201808,201809,201810,201811,201812,201901,201902,201903],"Y_PREVALENCE_1000PP":[0.00111,0.0011,0.00109,0.00128,0.00218,0.00146,0.00436,0.00145,0.0031,0.00527,0.00583,0.00599,0.00562,0.00418,0.00677,0.00331,0.00826,0.00774,0.00685,0.00981,0.01114,0.00762,0.01168,0.00928,0.00963,0.0245,0.02373,0.01747,0.0254,0.025,0.02527,0.02663,0.02414,0.03061,0.02429,0.02033,0.03112,0.03155,0.02574,0.028,0.03653,0.03427,0.0397,0.03134,0.02594,0.04165,0.03732,0.03101,0.03058,0.03281,0.03217,0.03492,0.03834,0.03831,0.04087,0.03499,0.04047,0.03961,0.03413,0.04194,0.03807,0.04263,0.04845,0.0304,0.04491,0.03921,0.04763,0.03564,0.04022,0.02915,0.03042,0.03561,0.02953,0.02872,0.02412,0.02101,0.03795,0.03152,0.03398,0.03241,0.03979,0.02913,0.02838,0.02227,0.01406,0.01661,0.01642,0.01677,0.02001,0.01883,0.03402]},"OBS_FREQUENCY_DISTRIBUTION":{"Y_NUM_PERSONS":[0,0,0,0,0],"X_COUNT":[1,2,3,4,5]},"OBSERVATIONS_BY_TYPE":{"CONCEPT_NAME":"Observation recorded from EHR","COUNT_VALUE":9201},"AGE_AT_FIRST_OCCURRENCE":{"CATEGORY":["FEMALE","MALE"],"MIN_VALUE":[19,18],"P10_VALUE":[45,45],"P25_VALUE":[55,53],"MEDIAN_VALUE":[67,64],"P75_VALUE":[76,73],"P90_VALUE":[83,80],"MAX_VALUE":[103,99]}}
