{"PREVALENCE_BY_GENDER_AGE_YEAR":{"TRELLIS_NAME":["50-59","30-39","40-49","40-49","20-29","60-69","60-69","40-49","40-49","50-59","30-39","50-59","20-29","30-39","30-39","50-59","20-29","50-59","30-39","20-29","40-49","20-29"],"SERIES_NAME":["FEMALE","FEMALE","MALE","FEMALE","FEMALE","FEMALE","FEMALE","MALE","FEMALE","FEMALE","FEMALE","FEMALE","FEMALE","FEMALE","FEMALE","FEMALE","FEMALE","FEMALE","FEMALE","FEMALE","FEMALE","FEMALE"],"X_CALENDAR_YEAR":[2012,2012,2012,2012,2012,2012,2013,2013,2013,2013,2013,2014,2014,2015,2016,2016,2016,2017,2017,2017,2017,2018],"Y_PREVALENCE_1000PP":[0.02684,0.02985,0.01782,0.02535,0.01724,0.02745,0.02429,0.01581,0.0257,0.0316,0.02974,0.01902,0.02884,0.01727,0.03037,0.02054,0.02087,0.02266,0.02571,0.04671,0.04313,0.0264]},"PREVALENCE_BY_MONTH":{"X_CALENDAR_MONTH":[201207,201208,201209,201210,201211,201212,201301,201302,201303,201304,201305,201306,201308,201311,201403,201404,201407,201412,201503,201509,201511,201512,201602,201604,201605,201606,201609,201703,201706,201707,201709,201710,201711],"Y_PREVALENCE_1000PP":[0.00492,0.00472,0.00326,0.00182,0.00274,0.00221,0.00385,0.00203,0.00222,0.00259,0.0013,0.00241,0.00204,0.00132,0.00134,0.00172,0.00176,0.00124,0.00129,0.00157,0.00189,0.00148,0.00199,0.00175,0.00152,0.00206,0.00161,0.00227,0.00175,0.00351,0.00207,0.00207,0.00181]},"OBS_FREQUENCY_DISTRIBUTION":{"Y_NUM_PERSONS":[0,0,0,0,0,0,0],"X_COUNT":[1,2,3,4,5,6,7]},"OBSERVATIONS_BY_TYPE":{"CONCEPT_NAME":"Observation recorded from EHR","COUNT_VALUE":599},"AGE_AT_FIRST_OCCURRENCE":{"CATEGORY":["MALE","FEMALE"],"MIN_VALUE":[11,9],"P10_VALUE":[24,21],"P25_VALUE":[29,28],"MEDIAN_VALUE":[43,39],"P75_VALUE":[53,51],"P90_VALUE":[64,61],"MAX_VALUE":[79,74]}}
