{"PREVALENCE_BY_GENDER_AGE_YEAR":{"TRELLIS_NAME":["30-39","30-39","40-49","60-69","50-59","80-89","40-49","30-39","50-59","20-29","30-39","40-49","60-69","30-39","50-59","30-39","50-59","40-49","20-29","50-59","50-59","70-79","30-39","40-49","20-29","60-69","30-39","40-49","20-29","50-59","70-79","40-49","40-49","70-79","50-59","20-29","20-29","60-69","30-39","30-39","60-69","30-39","60-69","50-59","40-49","50-59","40-49","80-89","20-29","20-29","50-59","30-39","70-79","40-49","40-49","60-69","40-49","40-49","30-39","50-59","20-29","30-39","30-39","60-69","40-49","40-49","30-39","50-59","30-39","30-39","60-69","40-49","50-59","50-59","40-49","40-49","30-39","30-39","40-49","80-89","50-59","50-59","70-79","40-49","20-29","30-39","40-49","50-59","50-59","30-39","40-49","20-29","40-49","20-29","30-39","40-49","20-29","40-49","40-49","30-39","50-59","30-39"],"SERIES_NAME":["FEMALE","FEMALE","FEMALE","FEMALE","MALE","FEMALE","MALE","MALE","FEMALE","FEMALE","FEMALE","FEMALE","FEMALE","FEMALE","FEMALE","MALE","MALE","MALE","FEMALE","MALE","FEMALE","MALE","MALE","MALE","MALE","FEMALE","FEMALE","FEMALE","FEMALE","FEMALE","FEMALE","MALE","FEMALE","MALE","MALE","MALE","FEMALE","FEMALE","FEMALE","MALE","MALE","FEMALE","FEMALE","MALE","FEMALE","FEMALE","MALE","FEMALE","FEMALE","FEMALE","FEMALE","FEMALE","FEMALE","MALE","FEMALE","MALE","MALE","FEMALE","FEMALE","FEMALE","FEMALE","MALE","FEMALE","FEMALE","FEMALE","MALE","FEMALE","FEMALE","MALE","FEMALE","MALE","FEMALE","MALE","FEMALE","MALE","FEMALE","FEMALE","MALE","MALE","FEMALE","FEMALE","FEMALE","FEMALE","FEMALE","FEMALE","FEMALE","FEMALE","FEMALE","FEMALE","FEMALE","MALE","FEMALE","FEMALE","FEMALE","FEMALE","FEMALE","FEMALE","FEMALE","MALE","MALE","FEMALE","FEMALE"],"X_CALENDAR_YEAR":[1999,2000,2001,2001,2001,2001,2001,2001,2001,2001,2001,2002,2002,2002,2002,2002,2002,2002,2002,2003,2003,2003,2003,2003,2003,2003,2003,2003,2003,2004,2004,2004,2004,2004,2004,2004,2004,2004,2004,2004,2004,2005,2005,2005,2005,2005,2005,2005,2005,2006,2006,2006,2006,2006,2006,2007,2007,2007,2007,2007,2007,2008,2008,2008,2009,2009,2009,2009,2010,2010,2010,2010,2010,2010,2010,2011,2011,2011,2011,2011,2011,2012,2012,2012,2012,2012,2013,2013,2014,2014,2014,2014,2014,2015,2015,2015,2016,2016,2016,2016,2016,2016],"Y_PREVALENCE_1000PP":[0.0449,0.03521,0.0539,0.06062,0.03447,0.0661,0.03556,0.02367,0.04431,0.04317,0.05195,0.0288,0.04241,0.0523,0.02335,0.02103,0.02646,0.02056,0.03063,0.02492,0.02197,0.05755,0.04016,0.04122,0.03024,0.06863,0.07353,0.04332,0.03265,0.08451,0.04394,0.03399,0.10424,0.04596,0.02954,0.03767,0.04291,0.04819,0.09898,0.05082,0.02669,0.04871,0.02501,0.04082,0.05608,0.02263,0.0213,0.04857,0.02815,0.03505,0.04384,0.037,0.03064,0.01507,0.0424,0.02455,0.02785,0.04888,0.02279,0.02071,0.03232,0.02198,0.02014,0.03633,0.02341,0.01565,0.02524,0.0172,0.01475,0.03766,0.01924,0.03014,0.01911,0.01684,0.02442,0.04775,0.01487,0.01705,0.01968,0.04809,0.01896,0.02684,0.03121,0.02074,0.01724,0.02488,0.03505,0.0316,0.01631,0.03679,0.01713,0.02884,0.03789,0.02902,0.02878,0.034,0.02435,0.04136,0.02336,0.02031,0.02396,0.03374]},"PREVALENCE_BY_MONTH":{"X_CALENDAR_MONTH":[200008,200012,200101,200102,200103,200104,200106,200107,200109,200110,200111,200112,200201,200203,200204,200205,200207,200208,200209,200210,200211,200301,200303,200304,200305,200306,200307,200308,200309,200310,200311,200312,200401,200402,200403,200404,200405,200406,200407,200408,200409,200410,200411,200412,200501,200502,200503,200504,200505,200506,200507,200508,200509,200510,200512,200601,200602,200603,200605,200606,200607,200608,200609,200610,200611,200612,200701,200702,200703,200704,200705,200706,200709,200711,200801,200802,200804,200806,200811,200812,200905,200906,200907,200908,200911,201001,201002,201003,201005,201007,201008,201009,201010,201011,201012,201101,201102,201104,201105,201106,201107,201110,201112,201201,201205,201209,201210,201211,201301,201302,201303,201307,201308,201309,201310,201311,201401,201403,201406,201409,201410,201411,201502,201503,201507,201508,201509,201510,201511,201512,201601,201602,201604,201606,201607,201610,201611,201612,201701,201702,201703,201704],"Y_PREVALENCE_1000PP":[0.00329,0.00742,0.00773,0.00362,0.00387,0.00487,0.00436,0.00562,0.00222,0.00248,0.00368,0.00274,0.00176,0.00345,0.00223,0.00277,0.00192,0.00328,0.0019,0.00215,0.00214,0.00212,0.00184,0.00288,0.00366,0.00208,0.00489,0.00462,0.00434,0.00407,0.00684,0.00177,0.00544,0.00444,0.00556,0.00476,0.00568,0.00751,0.00327,0.00279,0.00393,0.00484,0.00229,0.00436,0.00362,0.00136,0.00316,0.00406,0.0027,0.00246,0.00133,0.002,0.00198,0.00154,0.00219,0.00281,0.0013,0.00195,0.00172,0.00256,0.00171,0.00277,0.00297,0.0019,0.00147,0.0021,0.00187,0.00477,0.0029,0.00186,0.00123,0.00162,0.00199,0.00137,0.00136,0.00214,0.00194,0.00134,0.00114,0.00151,0.00132,0.00132,0.00132,0.00132,0.00113,0.00208,0.00228,0.00133,0.00172,0.00172,0.00114,0.00247,0.00113,0.00169,0.00113,0.00168,0.00131,0.00148,0.00111,0.00203,0.0011,0.00127,0.00237,0.00127,0.00182,0.00163,0.00109,0.0011,0.0011,0.00129,0.0013,0.00185,0.00111,0.00167,0.00168,0.00113,0.00153,0.00172,0.00213,0.00119,0.00142,0.00163,0.00125,0.00151,0.00225,0.00202,0.0027,0.00163,0.00284,0.00172,0.00173,0.00199,0.00225,0.00206,0.0021,0.00163,0.00192,0.00164,0.00164,0.00224,0.0017,0.00257]},"OBS_FREQUENCY_DISTRIBUTION":{"Y_NUM_PERSONS":[0,0,0,0,0,0,0],"X_COUNT":[1,2,3,4,5,6,7]},"OBSERVATIONS_BY_TYPE":{"CONCEPT_NAME":"Observation recorded from EHR","COUNT_VALUE":1808},"AGE_AT_FIRST_OCCURRENCE":{"CATEGORY":["FEMALE","MALE"],"MIN_VALUE":[9,8],"P10_VALUE":[26,26],"P25_VALUE":[33,32],"MEDIAN_VALUE":[43,44],"P75_VALUE":[57,55],"P90_VALUE":[75,68],"MAX_VALUE":[98,92]}}
