{"PREVALENCE_BY_GENDER_AGE_YEAR":{"TRELLIS_NAME":["10-19","20-29","10-19","40-49","10-19","10-19","20-29","30-39","40-49","10-19","20-29","40-49","30-39","10-19","20-29","10-19","10-19","20-29","10-19","10-19","30-39","20-29","10-19","10-19","30-39","20-29"],"SERIES_NAME":["FEMALE","FEMALE","MALE","FEMALE","FEMALE","MALE","FEMALE","FEMALE","FEMALE","MALE","FEMALE","FEMALE","FEMALE","FEMALE","MALE","MALE","FEMALE","FEMALE","MALE","FEMALE","FEMALE","FEMALE","MALE","FEMALE","FEMALE","FEMALE"],"X_CALENDAR_YEAR":[2005,2005,2005,2005,2006,2006,2006,2006,2006,2007,2007,2007,2007,2007,2008,2008,2008,2008,2009,2009,2009,2009,2010,2010,2010,2010],"Y_PREVALENCE_1000PP":[0.04487,0.03128,0.04689,0.02243,0.06181,0.04121,0.02045,0.02379,0.0159,0.0288,0.01616,0.02444,0.01519,0.04295,0.01603,0.03099,0.04471,0.01546,0.02458,0.05411,0.01514,0.01778,0.01839,0.0604,0.02762,0.03295]},"PREVALENCE_BY_MONTH":{"X_CALENDAR_MONTH":[200501,200503,200505,200509,200510,200511,200602,200604,200606,200609,200611,200612,200701,200703,200706,200710,200711,200801,200803,200804,200805,200806,200907,200910,200912,201002,201003,201004,201006,201009,201010,201011],"Y_PREVALENCE_1000PP":[0.00136,0.00158,0.00135,0.0022,0.00154,0.00131,0.00174,0.00172,0.00128,0.00149,0.00126,0.00168,0.00187,0.00145,0.00142,0.00157,0.00176,0.00136,0.00136,0.00136,0.00174,0.00115,0.00113,0.00151,0.00133,0.00114,0.00209,0.00171,0.00153,0.00209,0.00132,0.00187]},"OBS_FREQUENCY_DISTRIBUTION":{"Y_NUM_PERSONS":[0,0,0],"X_COUNT":[1,2,3]},"OBSERVATIONS_BY_TYPE":{"CONCEPT_NAME":"Observation recorded from EHR","COUNT_VALUE":434},"AGE_AT_FIRST_OCCURRENCE":{"CATEGORY":["FEMALE","MALE"],"MIN_VALUE":[4,1],"P10_VALUE":[14,11],"P25_VALUE":[17,15],"MEDIAN_VALUE":[25,19],"P75_VALUE":[38,34],"P90_VALUE":[49,49],"MAX_VALUE":[74,67]}}
