{"PREVALENCE_BY_GENDER_AGE_YEAR":{"TRELLIS_NAME":["60-69","80-89","60-69","40-49","40-49","70-79","70-79","50-59","50-59","30-39","20-29","70-79","40-49","50-59","40-49","70-79","30-39","60-69","30-39","20-29","60-69","50-59","50-59","60-69","40-49","50-59","20-29","30-39","70-79","60-69","50-59"],"SERIES_NAME":["FEMALE","FEMALE","MALE","MALE","FEMALE","FEMALE","MALE","FEMALE","MALE","FEMALE","FEMALE","FEMALE","FEMALE","MALE","MALE","MALE","MALE","FEMALE","FEMALE","FEMALE","MALE","FEMALE","MALE","FEMALE","FEMALE","FEMALE","MALE","FEMALE","FEMALE","MALE","FEMALE"],"X_CALENDAR_YEAR":[2011,2011,2011,2011,2011,2011,2011,2011,2011,2011,2011,2012,2012,2012,2012,2012,2012,2012,2012,2012,2012,2012,2013,2013,2013,2013,2013,2013,2013,2013,2018],"Y_PREVALENCE_1000PP":[0.07605,0.04809,0.03119,0.02405,0.04547,0.07152,0.04095,0.0623,0.01589,0.02975,0.0173,0.09362,0.05992,0.02891,0.02896,0.05084,0.01969,0.12503,0.03732,0.03695,0.04704,0.07784,0.02068,0.03036,0.06542,0.07636,0.01547,0.0223,0.04371,0.01876,0.04669]},"PREVALENCE_BY_MONTH":{"X_CALENDAR_MONTH":[201009,201104,201105,201106,201107,201108,201109,201110,201111,201112,201201,201202,201203,201204,201205,201206,201207,201208,201209,201210,201211,201212,201301,201302,201303,201304,201305,201306,201308,201309,201803],"Y_PREVALENCE_1000PP":[0.00133,0.00278,0.00313,0.00405,0.00239,0.00385,0.00419,0.002,0.00438,0.00237,0.00346,0.00218,0.00309,0.004,0.00455,0.00382,0.00364,0.00418,0.00544,0.00381,0.00311,0.00258,0.0022,0.00368,0.00315,0.00463,0.00483,0.00334,0.00111,0.0013,0.00185]},"OBS_FREQUENCY_DISTRIBUTION":{"Y_NUM_PERSONS":[0,0,0],"X_COUNT":[1,2,3]},"OBSERVATIONS_BY_TYPE":{"CONCEPT_NAME":"Observation recorded from EHR","COUNT_VALUE":690},"AGE_AT_FIRST_OCCURRENCE":{"CATEGORY":["FEMALE","MALE"],"MIN_VALUE":[3,3],"P10_VALUE":[27,24],"P25_VALUE":[41,39],"MEDIAN_VALUE":[53,53],"P75_VALUE":[63,67],"P90_VALUE":[75,75],"MAX_VALUE":[92,92]}}
