{"PREVALENCE_BY_GENDER_AGE_YEAR":{"TRELLIS_NAME":["30-39","30-39","50-59","20-29","30-39","20-29","40-49","40-49","30-39","20-29","50-59","50-59"],"SERIES_NAME":["MALE","FEMALE","MALE","FEMALE","MALE","FEMALE","MALE","MALE","FEMALE","FEMALE","MALE","MALE"],"X_CALENDAR_YEAR":[2001,2003,2003,2003,2004,2004,2004,2006,2007,2008,2012,2015],"Y_PREVALENCE_1000PP":[0.03043,0.02059,0.03559,0.02177,0.02407,0.01981,0.01699,0.01507,0.02026,0.01546,0.01577,0.01727]},"PREVALENCE_BY_MONTH":{"X_CALENDAR_MONTH":[200309,200312,200401,200402,200403,200404,200406,200603,200604,200705,200803,200904,200907,201107,201201],"Y_PREVALENCE_1000PP":[0.00179,0.00177,0.00247,0.00173,0.00266,0.00143,0.00188,0.00152,0.00151,0.00143,0.00117,0.00132,0.00113,0.00147,0.00109]},"OBS_FREQUENCY_DISTRIBUTION":{"Y_NUM_PERSONS":[0,0,0],"X_COUNT":[1,2,3]},"OBSERVATIONS_BY_TYPE":{"CONCEPT_NAME":"Observation recorded from EHR","COUNT_VALUE":570},"AGE_AT_FIRST_OCCURRENCE":{"CATEGORY":["FEMALE","MALE"],"MIN_VALUE":[0,0],"P10_VALUE":[23,25],"P25_VALUE":[31,34],"MEDIAN_VALUE":[41,45],"P75_VALUE":[54,56],"P90_VALUE":[68,64],"MAX_VALUE":[92,83]}}
