{"PREVALENCE_BY_GENDER_AGE_YEAR":{"TRELLIS_NAME":["70-79","30-39","50-59","50-59","40-49","30-39","60-69","40-49","20-29","20-29","30-39","20-29","10-19","30-39","10-19","40-49","60-69","20-29","30-39","10-19","50-59","20-29","50-59","10-19","30-39","10-19","20-29","30-39","40-49","10-19","50-59","20-29","10-19","40-49","20-29","40-49","10-19","30-39","20-29","60-69","20-29","40-49","10-19","60-69","30-39","10-19","0-9","30-39","20-29","10-19"],"SERIES_NAME":["FEMALE","FEMALE","FEMALE","FEMALE","FEMALE","FEMALE","FEMALE","FEMALE","FEMALE","FEMALE","FEMALE","FEMALE","FEMALE","FEMALE","MALE","FEMALE","FEMALE","FEMALE","FEMALE","FEMALE","FEMALE","FEMALE","FEMALE","FEMALE","FEMALE","FEMALE","FEMALE","FEMALE","FEMALE","FEMALE","FEMALE","FEMALE","FEMALE","FEMALE","FEMALE","FEMALE","FEMALE","FEMALE","FEMALE","FEMALE","FEMALE","FEMALE","FEMALE","MALE","FEMALE","FEMALE","FEMALE","FEMALE","FEMALE","FEMALE"],"X_CALENDAR_YEAR":[2000,2001,2001,2002,2002,2002,2003,2003,2004,2005,2006,2006,2007,2007,2007,2007,2008,2008,2008,2009,2009,2010,2010,2010,2010,2011,2011,2011,2011,2012,2012,2012,2013,2013,2013,2014,2014,2015,2015,2016,2016,2016,2016,2016,2017,2017,2017,2018,2018,2018],"Y_PREVALENCE_1000PP":[0.06932,0.02424,0.02659,0.02335,0.0252,0.03384,0.02941,0.02333,0.03301,0.0219,0.02115,0.02921,0.02863,0.02026,0.0224,0.022,0.01982,0.01804,0.0151,0.02706,0.0172,0.02028,0.01684,0.0302,0.0226,0.04256,0.01483,0.01983,0.02046,0.02617,0.01611,0.02217,0.01946,0.01402,0.03206,0.01516,0.03423,0.04317,0.04353,0.02516,0.02783,0.02068,0.04382,0.02599,0.02939,0.07205,0.02719,0.0287,0.0308,0.05879]},"PREVALENCE_BY_MONTH":{"X_CALENDAR_MONTH":[200003,200004,200009,200111,200112,200203,200211,200306,200307,200308,200502,200607,200608,200609,200703,200706,200707,200710,200711,200805,200806,200809,200810,200811,200907,200908,200910,201004,201005,201007,201008,201011,201103,201106,201108,201111,201201,201203,201204,201207,201212,201304,201305,201307,201406,201407,201502,201505,201506,201508,201510,201511,201601,201602,201603,201609,201612,201701,201702,201703,201707,201708,201803,201804,201808,201809],"Y_PREVALENCE_1000PP":[0.00308,0.00478,0.00242,0.00184,0.00213,0.00201,0.00188,0.00312,0.0018,0.00154,0.00181,0.00278,0.00149,0.00127,0.00166,0.00264,0.00161,0.00118,0.00117,0.00136,0.00115,0.00133,0.00114,0.00114,0.0015,0.00113,0.00169,0.00247,0.00114,0.00153,0.00153,0.00131,0.00148,0.00129,0.0011,0.00146,0.00109,0.00109,0.00109,0.00273,0.0011,0.00111,0.00149,0.00111,0.00136,0.00176,0.00146,0.00238,0.00158,0.0018,0.0014,0.00142,0.00148,0.00174,0.00174,0.00188,0.00219,0.00246,0.0028,0.0017,0.00175,0.00177,0.00216,0.00185,0.00318,0.00256]},"OBS_FREQUENCY_DISTRIBUTION":{"Y_NUM_PERSONS":[0,0,0,0],"X_COUNT":[1,2,3,4]},"OBSERVATIONS_BY_TYPE":{"CONCEPT_NAME":"Observation recorded from EHR","COUNT_VALUE":1164},"AGE_AT_FIRST_OCCURRENCE":{"CATEGORY":["FEMALE","MALE"],"MIN_VALUE":[0,0],"P10_VALUE":[13,5],"P25_VALUE":[19,11],"MEDIAN_VALUE":[33,27],"P75_VALUE":[50,51],"P90_VALUE":[65,66],"MAX_VALUE":[92,82]}}
