{"PREVALENCE_BY_GENDER_AGE_YEAR":{"TRELLIS_NAME":["0-9","10-19","20-29","10-19","10-19","0-9","20-29","20-29","10-19","10-19","30-39","0-9","0-9","10-19","20-29","0-9","20-29","0-9","10-19","20-29","0-9","0-9","0-9","10-19","0-9","0-9","0-9","0-9","10-19","10-19","0-9","0-9","10-19","0-9","10-19","20-29"],"SERIES_NAME":["MALE","FEMALE","FEMALE","FEMALE","FEMALE","FEMALE","FEMALE","FEMALE","FEMALE","MALE","FEMALE","FEMALE","MALE","FEMALE","FEMALE","FEMALE","FEMALE","MALE","FEMALE","FEMALE","FEMALE","MALE","FEMALE","FEMALE","MALE","MALE","FEMALE","MALE","FEMALE","FEMALE","FEMALE","FEMALE","FEMALE","FEMALE","FEMALE","FEMALE"],"X_CALENDAR_YEAR":[1998,2000,2001,2001,2002,2002,2002,2003,2003,2003,2004,2004,2004,2004,2004,2005,2005,2005,2005,2006,2006,2006,2007,2007,2007,2008,2008,2009,2009,2010,2011,2013,2013,2014,2014,2015],"Y_PREVALENCE_1000PP":[0.07034,0.05528,0.03885,0.07781,0.04656,0.05723,0.03446,0.02902,0.0336,0.02522,0.01925,0.02412,0.04512,0.05147,0.03301,0.0268,0.02502,0.03244,0.05303,0.01753,0.04343,0.03086,0.0235,0.03221,0.02237,0.03086,0.02593,0.02125,0.02029,0.02685,0.02996,0.01768,0.01946,0.03116,0.02054,0.02322]},"PREVALENCE_BY_MONTH":{"X_CALENDAR_MONTH":[200401,200403,200404,200407,200410,200502,200504,200507,200512,200602,200610,200704,200809,200810,200907,200910,201004,201402,201404],"Y_PREVALENCE_1000PP":[0.00198,0.00169,0.00143,0.0014,0.00161,0.00158,0.0018,0.00133,0.00131,0.0013,0.00148,0.00124,0.00114,0.00114,0.00113,0.00132,0.00152,0.00114,0.00134]},"OBS_FREQUENCY_DISTRIBUTION":{"Y_NUM_PERSONS":[0,0],"X_COUNT":[1,2]},"OBSERVATIONS_BY_TYPE":{"CONCEPT_NAME":"Observation recorded from EHR","COUNT_VALUE":661},"AGE_AT_FIRST_OCCURRENCE":{"CATEGORY":["MALE","FEMALE"],"MIN_VALUE":[2,1],"P10_VALUE":[4,5],"P25_VALUE":[6,9],"MEDIAN_VALUE":[12,18],"P75_VALUE":[24,25],"P90_VALUE":[35,34],"MAX_VALUE":[72,87]}}
