{"PREVALENCE_BY_GENDER_AGE_YEAR":{"TRELLIS_NAME":["70-79","50-59","60-69","60-69","70-79","50-59","70-79","80-89","60-69","80-89","70-79","60-69","60-69","60-69","70-79","80-89","70-79","60-69","50-59","80-89","40-49","70-79","50-59","50-59","80-89","90-99","60-69","70-79","60-69","70-79","50-59","60-69","40-49","70-79","60-69","80-89","60-69","70-79","70-79","50-59","80-89","60-69","80-89","60-69","70-79","80-89","90-99"],"SERIES_NAME":["FEMALE","FEMALE","FEMALE","FEMALE","MALE","FEMALE","FEMALE","FEMALE","FEMALE","FEMALE","FEMALE","MALE","FEMALE","MALE","MALE","FEMALE","FEMALE","FEMALE","FEMALE","FEMALE","FEMALE","MALE","MALE","FEMALE","MALE","FEMALE","MALE","FEMALE","FEMALE","MALE","FEMALE","FEMALE","FEMALE","FEMALE","MALE","FEMALE","MALE","FEMALE","MALE","FEMALE","FEMALE","FEMALE","FEMALE","MALE","FEMALE","FEMALE","FEMALE"],"X_CALENDAR_YEAR":[2001,2002,2002,2003,2005,2005,2005,2005,2005,2006,2006,2006,2006,2007,2007,2007,2007,2007,2007,2008,2008,2008,2008,2008,2008,2008,2008,2008,2008,2009,2009,2009,2009,2009,2009,2009,2010,2010,2010,2010,2010,2011,2011,2011,2011,2012,2012],"Y_PREVALENCE_1000PP":[0.04165,0.02724,0.0318,0.02941,0.04432,0.02263,0.06378,0.05666,0.02501,0.0621,0.05107,0.03929,0.03095,0.04559,0.03331,0.11548,0.09947,0.0518,0.02663,0.15284,0.01893,0.06417,0.02533,0.02889,0.0677,0.17282,0.04014,0.09203,0.05615,0.04741,0.02866,0.05487,0.02575,0.05473,0.03606,0.04134,0.02565,0.09073,0.03655,0.01684,0.05551,0.02129,0.04122,0.01872,0.03576,0.05516,0.14418]},"PREVALENCE_BY_MONTH":{"X_CALENDAR_MONTH":[200203,200206,200506,200507,200508,200509,200512,200601,200605,200607,200608,200610,200611,200612,200701,200702,200703,200704,200705,200706,200707,200708,200709,200710,200711,200712,200801,200802,200803,200804,200805,200806,200807,200808,200809,200810,200811,200812,200901,200902,200903,200905,200907,200908,200909,200911,200912,201001,201002,201004,201005,201006,201007,201008,201103,201210],"Y_PREVALENCE_1000PP":[0.0023,0.00165,0.00134,0.00245,0.00177,0.00132,0.00197,0.00151,0.00172,0.00171,0.0017,0.00169,0.00126,0.00126,0.00125,0.00187,0.00207,0.00186,0.00143,0.00142,0.00161,0.00201,0.00179,0.00197,0.00273,0.00215,0.00426,0.00194,0.00195,0.00252,0.00194,0.00307,0.00153,0.00249,0.0019,0.0019,0.00246,0.00208,0.0017,0.00132,0.00226,0.00245,0.0015,0.00113,0.00282,0.00189,0.00133,0.00151,0.00133,0.00114,0.00114,0.00153,0.00172,0.00172,0.00148,0.00109]},"OBS_FREQUENCY_DISTRIBUTION":{"Y_NUM_PERSONS":[0,0,0],"X_COUNT":[1,2,3]},"OBSERVATIONS_BY_TYPE":{"CONCEPT_NAME":"Observation recorded from EHR","COUNT_VALUE":889},"AGE_AT_FIRST_OCCURRENCE":{"CATEGORY":["MALE","FEMALE"],"MIN_VALUE":[1,4],"P10_VALUE":[40,43],"P25_VALUE":[53,54],"MEDIAN_VALUE":[66,69],"P75_VALUE":[73,79],"P90_VALUE":[81,87],"MAX_VALUE":[98,104]}}
