{"PREVALENCE_BY_GENDER_AGE_YEAR":{"TRELLIS_NAME":["20-29","20-29","10-19","20-29","30-39","20-29","20-29","30-39","10-19","40-49","10-19","30-39","40-49","10-19","20-29","10-19","20-29","30-39","40-49"],"SERIES_NAME":["FEMALE","FEMALE","FEMALE","MALE","FEMALE","FEMALE","MALE","FEMALE","MALE","FEMALE","FEMALE","FEMALE","FEMALE","FEMALE","FEMALE","FEMALE","FEMALE","FEMALE","FEMALE"],"X_CALENDAR_YEAR":[2011,2012,2012,2012,2012,2013,2013,2013,2013,2013,2013,2014,2014,2014,2014,2015,2015,2015,2015],"Y_PREVALENCE_1000PP":[0.01977,0.03941,0.05233,0.01542,0.04478,0.08633,0.02063,0.06196,0.02446,0.03271,0.05514,0.05781,0.02526,0.0445,0.07604,0.02971,0.06675,0.04029,0.03683]},"PREVALENCE_BY_MONTH":{"X_CALENDAR_MONTH":[201203,201204,201206,201207,201209,201210,201212,201301,201302,201303,201304,201305,201306,201307,201308,201309,201310,201311,201312,201401,201402,201403,201404,201405,201406,201407,201408,201409,201410,201412,201501,201503,201504,201505,201506,201507],"Y_PREVALENCE_1000PP":[0.00127,0.002,0.00109,0.00146,0.00181,0.00109,0.00166,0.00128,0.00239,0.00148,0.00111,0.00167,0.00204,0.00241,0.00186,0.00167,0.00187,0.00207,0.00211,0.00134,0.00114,0.00211,0.00172,0.00192,0.00155,0.00137,0.00158,0.00139,0.00162,0.00145,0.00145,0.00281,0.00216,0.00238,0.00158,0.00225]},"OBS_FREQUENCY_DISTRIBUTION":{"Y_NUM_PERSONS":[0,0],"X_COUNT":[1,2]},"OBSERVATIONS_BY_TYPE":{"CONCEPT_NAME":"Observation recorded from EHR","COUNT_VALUE":397},"AGE_AT_FIRST_OCCURRENCE":{"CATEGORY":["MALE","FEMALE"],"MIN_VALUE":[12,12],"P10_VALUE":[17,18],"P25_VALUE":[19,21],"MEDIAN_VALUE":[25,28],"P75_VALUE":[31,36],"P90_VALUE":[40,44],"MAX_VALUE":[54,62]}}
