{"PREVALENCE_BY_GENDER_AGE_YEAR":{"TRELLIS_NAME":["30-39","30-39","60-69","70-79","30-39","60-69","40-49","70-79","50-59"],"SERIES_NAME":["FEMALE","FEMALE","MALE","FEMALE","FEMALE","FEMALE","FEMALE","MALE","FEMALE"],"X_CALENDAR_YEAR":[2016,2017,2017,2018,2018,2018,2018,2018,2018],"Y_PREVALENCE_1000PP":[0.02024,0.02571,0.03438,0.04776,0.0287,0.03252,0.03584,0.05315,0.02547]},"PREVALENCE_BY_MONTH":{"X_CALENDAR_MONTH":[201406,201409,201506,201611,201703,201704,201705,201801,201806,201807,201810,201811,201812,201901,201902,201903],"Y_PREVALENCE_1000PP":[0.00116,0.00139,0.00135,0.00192,0.00227,0.00228,0.00285,0.00278,0.00372,0.00189,0.00293,0.0023,0.00296,0.00295,0.0033,0.00198]},"OBS_FREQUENCY_DISTRIBUTION":{"Y_NUM_PERSONS":[0,0],"X_COUNT":[1,2]},"OBSERVATIONS_BY_TYPE":{"CONCEPT_NAME":"Observation recorded from EHR","COUNT_VALUE":263},"AGE_AT_FIRST_OCCURRENCE":{"CATEGORY":["FEMALE","MALE"],"MIN_VALUE":[0,9],"P10_VALUE":[18,21],"P25_VALUE":[28,30],"MEDIAN_VALUE":[41,49],"P75_VALUE":[60,68],"P90_VALUE":[74,74],"MAX_VALUE":[98,89]}}
