{"PREVALENCE_BY_GENDER_AGE_YEAR":{"TRELLIS_NAME":["70-79","60-69","60-69","70-79","50-59","60-69","70-79","50-59","60-69","70-79","50-59","70-79","60-69","60-69","50-59","60-69","70-79","80-89","50-59","70-79","60-69","50-59","70-79","60-69","70-79","80-89","70-79","50-59","60-69","60-69","50-59","70-79","60-69","60-69","70-79","50-59","70-79","50-59","80-89","50-59","80-89","70-79","60-69","60-69","70-79","50-59","80-89","60-69","60-69","50-59","80-89","70-79","50-59","70-79","70-79","80-89","50-59","50-59","60-69","60-69","70-79","70-79","50-59","80-89","80-89","60-69","70-79","60-69","70-79","50-59","60-69","70-79","50-59","60-69","60-69","70-79","60-69","70-79","50-59","80-89","70-79","80-89","60-69","60-69","70-79","50-59","60-69","70-79","70-79","60-69","60-69","80-89","50-59","70-79","60-69","70-79","60-69","60-69","70-79","70-79","70-79","60-69","60-69","80-89","70-79","60-69","70-79","80-89","70-79","60-69","50-59","70-79","60-69"],"SERIES_NAME":["MALE","MALE","FEMALE","MALE","FEMALE","MALE","FEMALE","FEMALE","MALE","MALE","MALE","FEMALE","FEMALE","FEMALE","FEMALE","MALE","FEMALE","MALE","MALE","MALE","FEMALE","MALE","MALE","MALE","FEMALE","MALE","FEMALE","MALE","FEMALE","MALE","FEMALE","MALE","MALE","FEMALE","MALE","MALE","FEMALE","FEMALE","MALE","MALE","MALE","MALE","FEMALE","MALE","FEMALE","FEMALE","FEMALE","FEMALE","MALE","MALE","MALE","FEMALE","FEMALE","MALE","MALE","MALE","FEMALE","MALE","MALE","FEMALE","FEMALE","FEMALE","FEMALE","FEMALE","MALE","MALE","MALE","FEMALE","FEMALE","FEMALE","MALE","MALE","MALE","FEMALE","FEMALE","FEMALE","MALE","MALE","FEMALE","MALE","FEMALE","MALE","MALE","FEMALE","MALE","FEMALE","FEMALE","MALE","FEMALE","MALE","FEMALE","MALE","FEMALE","FEMALE","MALE","MALE","MALE","FEMALE","MALE","FEMALE","FEMALE","FEMALE","MALE","MALE","MALE","FEMALE","MALE","FEMALE","FEMALE","MALE","FEMALE","MALE","FEMALE"],"X_CALENDAR_YEAR":[1999,1999,2000,2000,2000,2000,2000,2001,2001,2001,2001,2001,2001,2002,2002,2002,2002,2002,2002,2002,2003,2003,2003,2003,2003,2003,2004,2004,2004,2004,2004,2004,2005,2005,2005,2005,2005,2005,2005,2006,2006,2006,2006,2006,2006,2006,2006,2007,2007,2007,2007,2007,2007,2007,2008,2008,2008,2008,2008,2008,2008,2009,2009,2009,2009,2009,2009,2009,2010,2010,2010,2010,2010,2010,2011,2011,2011,2011,2011,2011,2012,2012,2012,2012,2012,2013,2013,2013,2013,2013,2014,2014,2014,2014,2014,2014,2015,2015,2015,2015,2016,2016,2016,2016,2016,2017,2017,2017,2017,2017,2018,2018,2018],"Y_PREVALENCE_1000PP":[0.08334,0.08122,0.09267,0.12113,0.03446,0.10304,0.07798,0.03545,0.11787,0.11291,0.0474,0.13188,0.07275,0.07951,0.03891,0.07012,0.1489,0.12054,0.02646,0.09141,0.13235,0.03203,0.10072,0.08464,0.08328,0.17599,0.09887,0.02954,0.07885,0.07561,0.06423,0.19698,0.05919,0.10003,0.16461,0.05024,0.1063,0.02586,0.11037,0.03346,0.12968,0.10871,0.06578,0.09428,0.06639,0.02505,0.05433,0.04835,0.07364,0.02879,0.09533,0.08052,0.02071,0.14432,0.08556,0.19182,0.03756,0.03659,0.07694,0.05945,0.08743,0.09577,0.04013,0.07579,0.08814,0.05573,0.11589,0.06779,0.06805,0.01684,0.05451,0.09399,0.01638,0.06285,0.04259,0.06705,0.03743,0.1075,0.02438,0.08414,0.07579,0.08277,0.04077,0.03049,0.061,0.0158,0.0425,0.08927,0.03497,0.05628,0.0257,0.06344,0.02174,0.05833,0.06296,0.08124,0.04329,0.03843,0.09883,0.05369,0.03962,0.02516,0.03466,0.08166,0.10155,0.02872,0.0619,0.08646,0.06759,0.03929,0.02547,0.05315,0.04878]},"PREVALENCE_BY_MONTH":{"X_CALENDAR_MONTH":[200006,200008,200009,200010,200011,200101,200102,200103,200104,200105,200106,200107,200108,200109,200110,200111,200112,200201,200202,200203,200204,200205,200206,200207,200208,200210,200211,200212,200301,200302,200303,200304,200305,200306,200307,200308,200309,200310,200311,200312,200401,200402,200403,200404,200405,200406,200407,200408,200409,200410,200411,200412,200501,200502,200503,200504,200505,200506,200507,200508,200509,200510,200511,200512,200601,200602,200603,200605,200606,200607,200608,200609,200610,200611,200612,200702,200703,200704,200705,200706,200707,200708,200709,200710,200711,200712,200801,200802,200803,200804,200806,200807,200808,200809,200810,200811,200812,200901,200902,200903,200904,200905,200906,200907,200908,200909,200910,200911,200912,201001,201003,201004,201005,201007,201008,201009,201011,201012,201102,201103,201104,201106,201108,201109,201111,201112,201201,201202,201204,201207,201210,201301,201304,201305,201306,201307,201308,201309,201310,201312,201401,201403,201404,201405,201406,201407,201408,201409,201501,201503,201504,201505,201507,201509,201602,201605,201606,201607,201609,201707,201711,201712,201812,201901],"Y_PREVALENCE_1000PP":[0.0038,0.0037,0.00363,0.006,0.00356,0.00258,0.00253,0.00317,0.00383,0.00342,0.00235,0.00397,0.00323,0.0019,0.00217,0.00215,0.00304,0.00323,0.00233,0.00345,0.00223,0.00222,0.00248,0.00329,0.00273,0.00323,0.00241,0.00242,0.00212,0.00264,0.00289,0.00288,0.00287,0.0039,0.00283,0.00257,0.00281,0.00178,0.00228,0.00177,0.00247,0.0037,0.0029,0.00309,0.00213,0.00211,0.00303,0.00279,0.00254,0.00253,0.00183,0.00344,0.00226,0.00294,0.00203,0.00248,0.0018,0.00224,0.004,0.0031,0.00329,0.00176,0.00263,0.00131,0.00151,0.00325,0.00347,0.00215,0.00235,0.00171,0.00256,0.00191,0.00148,0.00252,0.00252,0.00145,0.00228,0.00206,0.00307,0.00162,0.00201,0.00241,0.00259,0.00216,0.00293,0.00156,0.00271,0.00175,0.00214,0.00252,0.00192,0.00134,0.0023,0.00323,0.0019,0.00303,0.00246,0.00207,0.00189,0.00188,0.00189,0.00226,0.00132,0.00338,0.00245,0.00263,0.00245,0.00132,0.0019,0.00265,0.00266,0.00152,0.0021,0.00134,0.00172,0.00152,0.00131,0.00113,0.00149,0.00111,0.00315,0.00184,0.00165,0.00237,0.00182,0.00128,0.002,0.00146,0.00182,0.00182,0.00218,0.00202,0.00167,0.00167,0.00111,0.00111,0.0013,0.00167,0.00206,0.00134,0.00248,0.00172,0.00153,0.00115,0.00155,0.00215,0.00118,0.00139,0.00125,0.00129,0.00259,0.00151,0.0027,0.00135,0.00149,0.00152,0.0018,0.00158,0.00161,0.00175,0.00181,0.00183,0.00296,0.00197]},"OBS_FREQUENCY_DISTRIBUTION":{"Y_NUM_PERSONS":[0,0,0,0,0],"X_COUNT":[1,2,3,4,5]},"OBSERVATIONS_BY_TYPE":{"CONCEPT_NAME":"Observation recorded from EHR","COUNT_VALUE":2015},"AGE_AT_FIRST_OCCURRENCE":{"CATEGORY":["MALE","FEMALE"],"MIN_VALUE":[13,27],"P10_VALUE":[54,55],"P25_VALUE":[62,61],"MEDIAN_VALUE":[69,68],"P75_VALUE":[76,75],"P90_VALUE":[81,80],"MAX_VALUE":[90,98]}}
