{"PREVALENCE_BY_GENDER_AGE_YEAR":{"TRELLIS_NAME":["70-79","40-49","80-89","60-69","50-59","70-79","80-89","60-69","90-99","80-89","50-59","60-69","70-79","60-69","80-89","40-49","60-69","70-79","50-59","70-79","80-89","60-69","70-79","60-69","80-89","50-59","50-59","80-89","70-79","40-49","50-59","70-79","70-79","80-89","60-69","60-69","80-89","80-89","90-99","60-69","80-89","70-79","70-79","60-69","50-59","50-59","60-69","80-89","70-79","60-69","80-89","70-79","60-69","50-59","70-79","60-69","80-89","70-79","80-89","90-99","60-69","80-89","80-89","70-79","70-79","60-69","70-79","80-89","60-69","80-89","70-79","60-69"],"SERIES_NAME":["MALE","MALE","MALE","MALE","MALE","FEMALE","MALE","FEMALE","FEMALE","FEMALE","FEMALE","MALE","MALE","MALE","MALE","MALE","FEMALE","FEMALE","MALE","MALE","FEMALE","FEMALE","FEMALE","MALE","MALE","MALE","FEMALE","FEMALE","MALE","MALE","MALE","MALE","FEMALE","FEMALE","FEMALE","MALE","MALE","FEMALE","FEMALE","FEMALE","MALE","MALE","FEMALE","MALE","MALE","MALE","FEMALE","MALE","FEMALE","MALE","FEMALE","MALE","MALE","MALE","FEMALE","FEMALE","FEMALE","MALE","MALE","FEMALE","MALE","MALE","FEMALE","MALE","FEMALE","FEMALE","MALE","MALE","FEMALE","FEMALE","FEMALE","MALE"],"X_CALENDAR_YEAR":[2006,2006,2006,2006,2007,2007,2007,2007,2007,2007,2007,2007,2007,2008,2008,2008,2008,2008,2008,2008,2008,2009,2009,2009,2009,2009,2009,2009,2009,2009,2010,2010,2010,2010,2010,2010,2010,2011,2011,2011,2011,2011,2011,2011,2011,2012,2012,2012,2012,2012,2012,2012,2013,2013,2013,2013,2013,2013,2013,2013,2014,2014,2014,2014,2014,2014,2015,2015,2015,2015,2015,2015],"Y_PREVALENCE_1000PP":[0.05435,0.01758,0.10374,0.055,0.05182,0.11841,0.17874,0.05526,0.17544,0.2454,0.02367,0.15079,0.14432,0.06691,0.07899,0.01351,0.04294,0.04602,0.02533,0.08021,0.06947,0.03874,0.06841,0.05901,0.18729,0.03622,0.02006,0.11712,0.14222,0.01342,0.02457,0.13054,0.07712,0.10408,0.02514,0.05131,0.13004,0.04122,0.17259,0.01825,0.07362,0.07167,0.05811,0.05927,0.02383,0.03943,0.0183,0.06208,0.02675,0.07527,0.05516,0.061,0.07504,0.0181,0.03497,0.03643,0.06265,0.10415,0.15351,0.14188,0.02651,0.06344,0.05122,0.0457,0.05385,0.02249,0.08236,0.09133,0.03144,0.05598,0.04881,0.07215]},"PREVALENCE_BY_MONTH":{"X_CALENDAR_MONTH":[200604,200611,200612,200702,200703,200704,200707,200708,200709,200710,200711,200712,200801,200802,200803,200804,200806,200807,200808,200809,200810,200812,200901,200902,200903,200904,200905,200906,200907,200908,200909,200910,200911,200912,201001,201002,201003,201005,201007,201012,201102,201103,201104,201105,201106,201110,201111,201201,201202,201203,201204,201205,201208,201210,201211,201212,201301,201302,201303,201304,201305,201306,201310,201311,201312,201401,201404,201408,201410,201412,201504,201505,201506,201507,201508],"Y_PREVALENCE_1000PP":[0.00323,0.00357,0.00189,0.00746,0.00331,0.00186,0.00121,0.00542,0.00379,0.01633,0.00156,0.00117,0.00213,0.00136,0.00156,0.00213,0.0023,0.0021,0.00134,0.00152,0.00133,0.00189,0.00189,0.0017,0.00188,0.00113,0.00207,0.00226,0.00113,0.00301,0.00469,0.00282,0.00245,0.00247,0.00606,0.00494,0.00342,0.00133,0.00153,0.00113,0.00131,0.00686,0.0013,0.00111,0.0011,0.00127,0.00128,0.00127,0.00146,0.00145,0.00109,0.00182,0.00127,0.002,0.00146,0.00239,0.00275,0.00147,0.00148,0.0013,0.00204,0.0013,0.00748,0.00188,0.00115,0.00115,0.00192,0.00138,0.00121,0.00145,0.00195,0.00562,0.00203,0.00202,0.0036]},"OBS_FREQUENCY_DISTRIBUTION":{"Y_NUM_PERSONS":[0,0,0],"X_COUNT":[1,2,3]},"OBSERVATIONS_BY_TYPE":{"CONCEPT_NAME":"Observation recorded from EHR","COUNT_VALUE":1108},"AGE_AT_FIRST_OCCURRENCE":{"CATEGORY":["FEMALE","MALE"],"MIN_VALUE":[29,0],"P10_VALUE":[54,52],"P25_VALUE":[64,61],"MEDIAN_VALUE":[74,69],"P75_VALUE":[82,76],"P90_VALUE":[88,83],"MAX_VALUE":[96,98]}}
