{"PREVALENCE_BY_GENDER_AGE_YEAR":{"TRELLIS_NAME":["30-39","20-29","30-39","30-39","30-39","20-29","30-39","20-29","20-29","30-39","30-39","20-29","30-39","20-29","30-39","20-29","30-39","30-39","20-29","30-39","30-39","30-39","30-39","30-39","30-39"],"SERIES_NAME":["FEMALE","FEMALE","FEMALE","FEMALE","FEMALE","FEMALE","FEMALE","FEMALE","FEMALE","FEMALE","FEMALE","FEMALE","FEMALE","FEMALE","FEMALE","FEMALE","FEMALE","FEMALE","FEMALE","FEMALE","FEMALE","FEMALE","FEMALE","FEMALE","FEMALE"],"X_CALENDAR_YEAR":[1999,2000,2002,2003,2004,2004,2005,2005,2006,2006,2007,2008,2008,2009,2009,2010,2010,2011,2012,2012,2013,2014,2015,2016,2017],"Y_PREVALENCE_1000PP":[0.03367,0.0378,0.02769,0.05294,0.03299,0.02641,0.03788,0.03441,0.01753,0.02907,0.03545,0.02062,0.02517,0.01524,0.02524,0.01521,0.0226,0.02975,0.0197,0.02239,0.0347,0.01839,0.02878,0.02699,0.03306]},"PREVALENCE_BY_MONTH":{"X_CALENDAR_MONTH":[],"Y_PREVALENCE_1000PP":[]},"OBS_FREQUENCY_DISTRIBUTION":{"Y_NUM_PERSONS":[0,0],"X_COUNT":[1,2]},"OBSERVATIONS_BY_TYPE":{"CONCEPT_NAME":"Observation recorded from EHR","COUNT_VALUE":351},"AGE_AT_FIRST_OCCURRENCE":{"CATEGORY":"FEMALE","MIN_VALUE":13,"P10_VALUE":24,"P25_VALUE":28,"MEDIAN_VALUE":32,"P75_VALUE":35,"P90_VALUE":38,"MAX_VALUE":74}}
