{"PREVALENCE_BY_GENDER_AGE_YEAR":{"TRELLIS_NAME":["20-29","30-39","20-29","30-39","30-39","10-19","20-29","20-29","20-29","30-39","20-29","10-19","20-29","20-29","30-39","20-29","30-39","20-29","30-39","20-29","30-39","30-39","20-29","30-39","30-39","20-29","20-29","20-29","20-29","30-39","30-39","20-29","20-29","0-9","20-29","20-29","20-29","20-29"],"SERIES_NAME":["FEMALE","FEMALE","FEMALE","MALE","FEMALE","FEMALE","FEMALE","FEMALE","MALE","FEMALE","FEMALE","FEMALE","FEMALE","MALE","FEMALE","MALE","MALE","FEMALE","FEMALE","FEMALE","MALE","FEMALE","MALE","MALE","FEMALE","FEMALE","MALE","MALE","FEMALE","FEMALE","FEMALE","FEMALE","MALE","MALE","FEMALE","FEMALE","FEMALE","MALE"],"X_CALENDAR_YEAR":[2003,2003,2004,2004,2004,2005,2005,2006,2008,2008,2008,2009,2009,2009,2009,2010,2010,2010,2010,2011,2011,2011,2011,2012,2012,2012,2012,2013,2013,2013,2014,2014,2014,2015,2015,2017,2018,2018],"Y_PREVALENCE_1000PP":[0.03265,0.02353,0.02971,0.01872,0.01925,0.02447,0.04692,0.03213,0.03205,0.02014,0.05928,0.02029,0.07876,0.01843,0.02019,0.03681,0.01475,0.06084,0.02009,0.05931,0.01705,0.02231,0.0257,0.02215,0.02239,0.07143,0.02569,0.03353,0.05426,0.03222,0.02102,0.0472,0.0193,0.01955,0.06094,0.04671,0.06599,0.03693]},"PREVALENCE_BY_MONTH":{"X_CALENDAR_MONTH":[200410,200509,200601,200809,200810,200811,200812,200901,200902,200909,201001,201005,201006,201009,201010,201012,201102,201103,201106,201108,201109,201110,201111,201201,201204,201209,201210,201302,201304,201306,201309,201310,201311,201401,201403,201409,201502,201509,201510,201511,201808,201809],"Y_PREVALENCE_1000PP":[0.00299,0.00132,0.0013,0.00456,0.00209,0.00114,0.0017,0.0017,0.00151,0.00394,0.00132,0.00114,0.00115,0.00247,0.00113,0.0015,0.00112,0.00111,0.00129,0.0011,0.00291,0.00127,0.00109,0.00127,0.00182,0.00363,0.00145,0.00111,0.0013,0.00111,0.00333,0.00112,0.00132,0.00134,0.00134,0.00297,0.00125,0.0027,0.0014,0.00142,0.00255,0.00256]},"OBS_FREQUENCY_DISTRIBUTION":{"Y_NUM_PERSONS":[0,0],"X_COUNT":[1,2]},"OBSERVATIONS_BY_TYPE":{"CONCEPT_NAME":"Observation recorded from EHR","COUNT_VALUE":761},"AGE_AT_FIRST_OCCURRENCE":{"CATEGORY":["MALE","FEMALE"],"MIN_VALUE":[0,0],"P10_VALUE":[14,20],"P25_VALUE":[22,23],"MEDIAN_VALUE":[28,26],"P75_VALUE":[38,32],"P90_VALUE":[49,41],"MAX_VALUE":[100,86]}}
