{"PREVALENCE_BY_GENDER_AGE_YEAR":{"TRELLIS_NAME":["80-89","80-89","80-89","70-79","70-79","80-89","80-89","80-89","70-79","80-89","80-89","70-79","90-99","70-79","70-79","80-89","90-99","70-79","50-59","50-59","60-69","90-99","80-89","60-69","70-79","90-99","80-89","80-89","80-89","80-89","90-99","70-79","70-79","80-89","70-79","80-89","80-89","90-99","70-79","70-79","80-89","90-99","80-89","80-89","80-89","80-89","80-89","70-79","80-89","90-99","70-79","80-89","80-89"],"SERIES_NAME":["FEMALE","FEMALE","FEMALE","MALE","FEMALE","MALE","FEMALE","MALE","FEMALE","MALE","FEMALE","FEMALE","FEMALE","MALE","FEMALE","MALE","FEMALE","MALE","MALE","FEMALE","FEMALE","MALE","FEMALE","MALE","FEMALE","FEMALE","MALE","FEMALE","FEMALE","MALE","FEMALE","FEMALE","MALE","FEMALE","FEMALE","FEMALE","MALE","FEMALE","FEMALE","FEMALE","MALE","FEMALE","FEMALE","MALE","FEMALE","FEMALE","FEMALE","MALE","FEMALE","FEMALE","FEMALE","FEMALE","MALE"],"X_CALENDAR_YEAR":[1997,1998,1999,1999,1999,1999,2000,2000,2000,2001,2001,2001,2001,2001,2002,2002,2002,2002,2002,2002,2002,2002,2002,2002,2003,2003,2003,2003,2004,2004,2004,2004,2004,2005,2005,2006,2006,2006,2006,2007,2007,2007,2007,2008,2008,2009,2010,2013,2013,2014,2014,2014,2014],"Y_PREVALENCE_1000PP":[0.20748,0.16012,0.41513,0.09723,0.09736,0.21661,0.38379,0.39544,0.15596,0.30031,0.46272,0.12494,0.27229,0.07817,0.46532,0.87822,1.72354,0.28184,0.02646,0.05059,0.16963,1.51445,1.68798,0.09169,0.11303,0.49762,0.33598,0.46269,0.2362,0.14618,0.32374,0.05493,0.04596,0.11333,0.05846,0.17077,0.15562,0.21193,0.06639,0.03316,0.08341,0.23392,0.06496,0.07899,0.06947,0.07579,0.04857,0.02976,0.04177,0.1996,0.0359,0.18294,0.08459]},"PREVALENCE_BY_MONTH":{"X_CALENDAR_MONTH":[199907,199909,199911,199912,200005,200006,200008,200011,200012,200102,200103,200104,200105,200107,200108,200110,200111,200201,200202,200203,200204,200205,200206,200207,200208,200211,200212,200302,200303,200304,200305,200306,200307,200309,200310,200312,200401,200402,200403,200404,200406,200408,200503,200512,200601,200602,200705,200706,200906,201011,201105,201301,201406,201408,201409],"Y_PREVALENCE_1000PP":[0.00373,0.0035,0.0048,0.00297,0.0043,0.00338,0.00329,0.00317,0.00234,0.00217,0.00282,0.00383,0.00377,0.00496,0.00291,0.00279,0.00246,0.05867,0.0154,0.01465,0.02764,0.00582,0.00331,0.00411,0.00382,0.00482,0.00751,0.0029,0.00316,0.0021,0.00392,0.00182,0.00515,0.0046,0.00204,0.00202,0.00173,0.00197,0.00483,0.00167,0.00211,0.00163,0.00136,0.00131,0.0013,0.00868,0.00123,0.00142,0.00151,0.00112,0.00111,0.00202,0.00717,0.00138,0.00119]},"OBS_FREQUENCY_DISTRIBUTION":{"Y_NUM_PERSONS":[0,0,0],"X_COUNT":[1,2,3]},"OBSERVATIONS_BY_TYPE":{"CONCEPT_NAME":"Observation recorded from EHR","COUNT_VALUE":1326},"AGE_AT_FIRST_OCCURRENCE":{"CATEGORY":["MALE","FEMALE"],"MIN_VALUE":[21,5],"P10_VALUE":[64,71],"P25_VALUE":[75,78],"MEDIAN_VALUE":[81,83],"P75_VALUE":[85,87],"P90_VALUE":[89,91],"MAX_VALUE":[101,105]}}
