{"PREVALENCE_BY_GENDER_AGE_YEAR":{"TRELLIS_NAME":["20-29","30-39","40-49","40-49","30-39","40-49","30-39","20-29","40-49","30-39","30-39","40-49","20-29","10-19","20-29","40-49","50-59","30-39","30-39","40-49","40-49","10-19","30-39","40-49","30-39","20-29","40-49","30-39","50-59","20-29","40-49","30-39","10-19","40-49","30-39","50-59","20-29","10-19","30-39","40-49","30-39","50-59","20-29","30-39","40-49","30-39","30-39","50-59","40-49","20-29","40-49","10-19","20-29","50-59","40-49","40-49","30-39","30-39","30-39","40-49","10-19","50-59","40-49","30-39","20-29","40-49","50-59","20-29","10-19","30-39","40-49","30-39","50-59","40-49","30-39","20-29","10-19","40-49","30-39","40-49","40-49","20-29","10-19","30-39","50-59","20-29","50-59","30-39","40-49","50-59","10-19","20-29","40-49","30-39","20-29","30-39","40-49"],"SERIES_NAME":["FEMALE","FEMALE","FEMALE","FEMALE","MALE","MALE","FEMALE","FEMALE","FEMALE","FEMALE","MALE","MALE","FEMALE","FEMALE","FEMALE","FEMALE","FEMALE","MALE","FEMALE","MALE","FEMALE","FEMALE","MALE","MALE","FEMALE","FEMALE","MALE","FEMALE","FEMALE","FEMALE","FEMALE","MALE","FEMALE","FEMALE","FEMALE","FEMALE","FEMALE","FEMALE","MALE","MALE","FEMALE","FEMALE","FEMALE","MALE","FEMALE","MALE","FEMALE","FEMALE","FEMALE","FEMALE","MALE","FEMALE","FEMALE","FEMALE","FEMALE","MALE","MALE","FEMALE","FEMALE","FEMALE","FEMALE","FEMALE","MALE","MALE","FEMALE","FEMALE","FEMALE","FEMALE","FEMALE","MALE","MALE","FEMALE","FEMALE","FEMALE","FEMALE","FEMALE","FEMALE","MALE","MALE","FEMALE","MALE","FEMALE","FEMALE","FEMALE","FEMALE","FEMALE","FEMALE","FEMALE","FEMALE","FEMALE","FEMALE","FEMALE","FEMALE","FEMALE","FEMALE","FEMALE","FEMALE"],"X_CALENDAR_YEAR":[2003,2003,2003,2004,2004,2004,2004,2004,2005,2005,2005,2005,2005,2006,2006,2006,2006,2006,2006,2006,2007,2007,2007,2007,2007,2007,2008,2008,2008,2008,2008,2008,2008,2009,2009,2009,2009,2009,2009,2010,2010,2010,2010,2010,2010,2011,2011,2011,2011,2011,2011,2012,2012,2012,2012,2012,2012,2012,2013,2013,2013,2013,2013,2013,2013,2014,2014,2014,2014,2014,2014,2014,2015,2015,2015,2015,2015,2015,2015,2016,2016,2016,2016,2016,2016,2017,2017,2017,2017,2018,2018,2018,2018,2018,2019,2019,2019],"Y_PREVALENCE_1000PP":[0.02902,0.05,0.02333,0.05957,0.04815,0.02549,0.07149,0.07592,0.03645,0.11906,0.02889,0.01863,0.08759,0.0309,0.11976,0.07949,0.01879,0.03074,0.14802,0.0201,0.1222,0.02863,0.01474,0.01857,0.19498,0.11311,0.02701,0.1787,0.026,0.16237,0.15852,0.03664,0.02063,0.11235,0.18422,0.0172,0.12449,0.02029,0.02704,0.01998,0.15817,0.03087,0.15462,0.02213,0.11825,0.0414,0.16609,0.01625,0.08867,0.10873,0.03935,0.04252,0.14039,0.02416,0.0968,0.05569,0.02462,0.12937,0.18091,0.14253,0.03244,0.0316,0.02936,0.02716,0.13319,0.13137,0.04076,0.13636,0.02396,0.02367,0.04161,0.1997,0.03214,0.17283,0.18417,0.17702,0.03714,0.02201,0.02592,0.08618,0.02002,0.11478,0.03943,0.15184,0.03765,0.13233,0.04155,0.16163,0.12547,0.06791,0.03207,0.14518,0.2419,0.17629,0.06299,0.05158,0.03997]},"PREVALENCE_BY_MONTH":{"X_CALENDAR_MONTH":[200309,200310,200403,200404,200405,200406,200407,200408,200409,200410,200501,200502,200503,200504,200505,200506,200507,200508,200509,200510,200511,200512,200601,200603,200604,200605,200606,200607,200608,200609,200610,200611,200612,200701,200702,200703,200704,200705,200706,200707,200708,200709,200710,200711,200712,200801,200802,200803,200804,200805,200806,200807,200808,200809,200810,200811,200812,200901,200902,200903,200904,200905,200906,200907,200908,200909,200910,200911,200912,201001,201002,201003,201004,201005,201006,201007,201008,201009,201010,201011,201012,201101,201102,201103,201104,201105,201106,201107,201108,201109,201110,201111,201112,201201,201202,201203,201204,201205,201206,201207,201208,201209,201210,201211,201212,201301,201302,201303,201304,201305,201306,201307,201308,201309,201310,201311,201312,201401,201402,201403,201404,201405,201406,201407,201408,201409,201410,201411,201412,201501,201502,201503,201504,201505,201506,201507,201508,201509,201510,201511,201512,201601,201602,201603,201604,201605,201606,201607,201608,201609,201610,201611,201612,201701,201702,201703,201704,201705,201706,201707,201708,201709,201710,201711,201712,201801,201802,201803,201804,201805,201806,201807,201808,201809,201810,201811,201812,201901,201902,201903],"Y_PREVALENCE_1000PP":[0.00179,0.00229,0.00242,0.00214,0.0026,0.00258,0.0021,0.00302,0.00347,0.0023,0.00181,0.00136,0.00249,0.00135,0.00158,0.00134,0.00222,0.00266,0.00264,0.00219,0.00241,0.00328,0.0026,0.00347,0.00237,0.00215,0.00299,0.0047,0.0032,0.00446,0.00317,0.00294,0.00231,0.00229,0.00373,0.0029,0.00371,0.0043,0.00446,0.00362,0.00422,0.00299,0.00374,0.00273,0.00254,0.00465,0.00602,0.0035,0.00426,0.00465,0.00499,0.0044,0.00268,0.00361,0.00266,0.00341,0.00322,0.00264,0.00245,0.00339,0.0034,0.00434,0.00433,0.00282,0.00264,0.00282,0.00358,0.00321,0.00285,0.00265,0.00399,0.00457,0.00361,0.00305,0.00401,0.00497,0.00324,0.00437,0.00151,0.0015,0.00356,0.00392,0.00504,0.00408,0.00315,0.00369,0.00387,0.00165,0.0044,0.002,0.00127,0.0031,0.00164,0.00473,0.00364,0.004,0.00273,0.00237,0.00364,0.002,0.00381,0.00272,0.00436,0.00293,0.00221,0.00275,0.00534,0.00426,0.0037,0.00408,0.0039,0.00389,0.00241,0.00315,0.00486,0.00377,0.00288,0.00363,0.00229,0.00134,0.00364,0.00421,0.00717,0.00431,0.00336,0.00416,0.00364,0.00409,0.00394,0.0054,0.0046,0.00432,0.00367,0.00411,0.0045,0.00607,0.00337,0.0036,0.00209,0.00379,0.00516,0.00272,0.00149,0.00174,0.003,0.0043,0.00283,0.00341,0.00294,0.00214,0.0038,0.00411,0.00274,0.00329,0.00448,0.0017,0.00314,0.00456,0.0035,0.00234,0.00177,0.00413,0.00385,0.00241,0.00244,0.0037,0.00278,0.0034,0.00278,0.00463,0.00465,0.00347,0.00477,0.00575,0.00749,0.00493,0.0023,0.00361,0.00429,0.00363]},"OBS_FREQUENCY_DISTRIBUTION":{"Y_NUM_PERSONS":[0,0,0],"X_COUNT":[1,2,3]},"OBSERVATIONS_BY_TYPE":{"CONCEPT_NAME":"Observation recorded from EHR","COUNT_VALUE":2995},"AGE_AT_FIRST_OCCURRENCE":{"CATEGORY":["MALE","FEMALE"],"MIN_VALUE":[19,13],"P10_VALUE":[31,22],"P25_VALUE":[35,27],"MEDIAN_VALUE":[39,34],"P75_VALUE":[43,42],"P90_VALUE":[47,48],"MAX_VALUE":[62,80]}}
