{"PREVALENCE_BY_GENDER_AGE_YEAR":{"TRELLIS_NAME":["70-79","40-49","50-59","50-59","60-69","50-59"],"SERIES_NAME":["FEMALE","FEMALE","FEMALE","MALE","FEMALE","FEMALE"],"X_CALENDAR_YEAR":[2013,2013,2013,2013,2013,2015],"Y_PREVALENCE_1000PP":[0.05245,0.01402,0.01843,0.02327,0.05465,0.01753]},"PREVALENCE_BY_MONTH":{"X_CALENDAR_MONTH":[201308,201309,201311,201312,201401,201412],"Y_PREVALENCE_1000PP":[0.0013,0.00408,0.00395,0.00134,0.00115,0.00124]},"OBS_FREQUENCY_DISTRIBUTION":{"Y_NUM_PERSONS":[0,0],"X_COUNT":[1,2]},"OBSERVATIONS_BY_TYPE":{"CONCEPT_NAME":"Observation recorded from EHR","COUNT_VALUE":159},"AGE_AT_FIRST_OCCURRENCE":{"CATEGORY":["FEMALE","MALE"],"MIN_VALUE":[19,24],"P10_VALUE":[46,40],"P25_VALUE":[54,52],"MEDIAN_VALUE":[64,58],"P75_VALUE":[75,68],"P90_VALUE":[80,75],"MAX_VALUE":[93,79]}}
