{"PREVALENCE_BY_GENDER_AGE_YEAR":{"TRELLIS_NAME":["80-89","70-79","70-79","80-89","80-89","60-69","90-99","80-89","70-79","70-79","80-89","90-99","60-69","90-99","80-89","60-69","80-89","40-49","40-49","90-99","60-69","70-79","70-79","50-59","50-59","90-99","70-79","60-69","50-59","80-89","30-39","40-49","70-79","60-69","40-49","90-99","80-89","50-59","50-59","50-59","70-79","40-49","90-99","60-69","70-79","40-49","80-89","90-99","80-89","60-69","70-79","60-69","60-69","70-79","40-49","80-89","80-89","90-99","50-59","50-59","40-49","90-99","80-89","90-99","60-69","90-99","50-59","70-79","70-79","40-49","60-69","80-89","40-49","50-59","60-69","80-89","90-99","70-79","90-99","60-69","50-59","40-49","80-89","70-79","50-59","90-99","80-89","90-99","70-79","60-69","80-89","70-79"],"SERIES_NAME":["FEMALE","MALE","FEMALE","FEMALE","MALE","MALE","FEMALE","FEMALE","FEMALE","MALE","MALE","FEMALE","MALE","FEMALE","FEMALE","MALE","MALE","FEMALE","MALE","MALE","FEMALE","FEMALE","MALE","MALE","FEMALE","MALE","FEMALE","MALE","MALE","FEMALE","MALE","MALE","MALE","FEMALE","FEMALE","FEMALE","MALE","FEMALE","FEMALE","MALE","MALE","MALE","FEMALE","FEMALE","FEMALE","FEMALE","MALE","MALE","FEMALE","MALE","FEMALE","MALE","FEMALE","MALE","MALE","FEMALE","MALE","MALE","MALE","FEMALE","FEMALE","FEMALE","MALE","MALE","MALE","FEMALE","FEMALE","MALE","FEMALE","FEMALE","FEMALE","FEMALE","MALE","MALE","MALE","MALE","MALE","FEMALE","FEMALE","FEMALE","FEMALE","MALE","FEMALE","MALE","MALE","FEMALE","MALE","MALE","MALE","MALE","FEMALE","FEMALE"],"X_CALENDAR_YEAR":[2010,2011,2011,2011,2011,2011,2011,2012,2012,2012,2012,2012,2012,2013,2013,2013,2013,2013,2013,2013,2013,2013,2013,2013,2013,2014,2014,2014,2014,2014,2014,2014,2014,2014,2014,2014,2014,2014,2015,2015,2015,2015,2015,2015,2015,2015,2015,2015,2015,2015,2016,2016,2016,2016,2016,2016,2016,2016,2016,2016,2016,2016,2017,2017,2017,2017,2017,2017,2017,2017,2017,2017,2017,2017,2018,2018,2018,2018,2018,2018,2018,2018,2018,2018,2018,2019,2019,2019,2019,2019,2019,2019],"Y_PREVALENCE_1000PP":[0.04857,0.07679,0.04023,0.08244,0.11569,0.02184,0.27122,0.11033,0.04012,0.07117,0.14485,0.19224,0.02509,1.06413,0.6892,0.0938,0.98245,0.02103,0.02259,2.05134,0.09411,0.20544,0.4166,0.04395,0.0237,3.08789,0.33654,0.17231,0.03746,1.0391,0.01841,0.02447,0.60929,0.16708,0.04547,1.92116,1.53314,0.08968,0.06136,0.06908,0.5161,0.01926,1.24069,0.14322,0.31727,0.03967,1.56411,2.88401,0.57578,0.15872,0.28863,0.18628,0.12997,0.54581,0.03004,0.9618,1.64686,3.45086,0.05056,0.03765,0.02068,1.48569,1.64735,3.82166,0.15715,2.03804,0.06043,0.57775,0.28879,0.03137,0.1484,0.89698,0.04913,0.05211,0.1767,1.83215,3.49254,0.26608,1.83839,0.17886,0.0764,0.02579,0.80379,0.59986,0.03332,0.67327,0.39838,1.0337,0.15204,0.06535,0.34574,0.1011]},"PREVALENCE_BY_MONTH":{"X_CALENDAR_MONTH":[201003,201102,201103,201104,201105,201108,201109,201110,201111,201202,201203,201204,201205,201208,201210,201211,201212,201301,201302,201303,201304,201305,201306,201307,201308,201309,201310,201311,201312,201401,201402,201403,201404,201405,201406,201407,201408,201409,201410,201411,201412,201501,201502,201503,201504,201505,201506,201507,201508,201509,201510,201511,201512,201601,201602,201603,201604,201605,201606,201607,201608,201609,201610,201611,201612,201701,201702,201703,201704,201705,201706,201707,201708,201709,201710,201711,201712,201801,201802,201803,201804,201805,201806,201807,201808,201809,201810,201811,201812,201901,201902,201903],"Y_PREVALENCE_1000PP":[0.00133,0.00149,0.00148,0.00111,0.00148,0.00201,0.00164,0.00109,0.00109,0.00127,0.00218,0.00127,0.002,0.00163,0.00218,0.00128,0.00276,0.00147,0.00184,0.0013,0.00333,0.00334,0.00316,0.00575,0.01244,0.0126,0.01422,0.02561,0.01363,0.0212,0.01794,0.02086,0.01149,0.01188,0.0093,0.01273,0.01066,0.00872,0.01314,0.01185,0.01182,0.01287,0.01818,0.01273,0.01016,0.01254,0.01238,0.00967,0.01079,0.00765,0.01187,0.01136,0.01131,0.01286,0.01468,0.01371,0.00925,0.01265,0.01158,0.0126,0.01389,0.01314,0.01303,0.01232,0.01177,0.00958,0.01876,0.01332,0.01026,0.01712,0.01137,0.01258,0.01501,0.00915,0.01066,0.01628,0.01401,0.01419,0.01453,0.01514,0.01389,0.01203,0.01674,0.0145,0.01145,0.01214,0.00847,0.0092,0.00954,0.0164,0.01189,0.01486]},"OBS_FREQUENCY_DISTRIBUTION":{"Y_NUM_PERSONS":[0,0,0,0,0],"X_COUNT":[1,2,3,4,5]},"OBSERVATIONS_BY_TYPE":{"CONCEPT_NAME":"Observation recorded from EHR","COUNT_VALUE":3967},"AGE_AT_FIRST_OCCURRENCE":{"CATEGORY":["FEMALE","MALE"],"MIN_VALUE":[6,2],"P10_VALUE":[58,61],"P25_VALUE":[70,71],"MEDIAN_VALUE":[82,80],"P75_VALUE":[89,86],"P90_VALUE":[93,91],"MAX_VALUE":[106,102]}}
