{"PREVALENCE_BY_GENDER_AGE_YEAR":{"TRELLIS_NAME":["60-69","70-79","50-59","80-89","80-89","70-79","70-79","70-79","80-89","80-89","60-69","70-79","70-79","80-89","70-79","70-79","70-79","60-69","80-89","60-69","80-89","70-79","90-99"],"SERIES_NAME":["FEMALE","FEMALE","FEMALE","FEMALE","MALE","MALE","MALE","FEMALE","MALE","FEMALE","FEMALE","FEMALE","MALE","MALE","MALE","FEMALE","MALE","FEMALE","MALE","MALE","FEMALE","FEMALE","FEMALE"],"X_CALENDAR_YEAR":[2015,2015,2015,2015,2015,2015,2016,2016,2016,2017,2017,2017,2017,2017,2018,2018,2019,2019,2019,2019,2019,2019,2019],"Y_PREVALENCE_1000PP":[0.04192,0.13667,0.02045,0.14395,0.137,0.08785,0.06347,0.05094,0.12249,0.22695,0.04308,0.04916,0.05502,0.18136,0.06075,0.04093,0.09603,0.05825,0.12676,0.05346,0.13298,0.12999,0.43282]},"PREVALENCE_BY_MONTH":{"X_CALENDAR_MONTH":[201501,201505,201506,201507,201508,201509,201510,201511,201601,201602,201610,201611,201701,201702,201703,201704,201705,201706,201710,201803,201902,201903],"Y_PREVALENCE_1000PP":[0.00145,0.00303,0.00405,0.00247,0.00225,0.00405,0.00186,0.00331,0.00198,0.00199,0.00217,0.00246,0.00246,0.00196,0.00312,0.00228,0.00428,0.0035,0.00178,0.00216,0.01354,0.01618]},"OBS_FREQUENCY_DISTRIBUTION":{"Y_NUM_PERSONS":[0,0,0,0],"X_COUNT":[1,2,3,4]},"OBSERVATIONS_BY_TYPE":{"CONCEPT_NAME":"Observation recorded from EHR","COUNT_VALUE":519},"AGE_AT_FIRST_OCCURRENCE":{"CATEGORY":["MALE","FEMALE"],"MIN_VALUE":[31,28],"P10_VALUE":[56,54],"P25_VALUE":[68,67],"MEDIAN_VALUE":[76,76],"P75_VALUE":[82,84],"P90_VALUE":[88,89],"MAX_VALUE":[98,103]}}
