{"PREVALENCE_BY_GENDER_AGE_YEAR":{"TRELLIS_NAME":["0-9","30-39","0-9","0-9","0-9","40-49","50-59","10-19","50-59","30-39","0-9","0-9","20-29","10-19","50-59","0-9","40-49","0-9","0-9","20-29","0-9","60-69","50-59","0-9","60-69","40-49","60-69","50-59","30-39","40-49","60-69","0-9","10-19","0-9","20-29","50-59","30-39","0-9","60-69","20-29","20-29","40-49","40-49","30-39","0-9","10-19","30-39","0-9","40-49","40-49","60-69","0-9","50-59","30-39","50-59","20-29","60-69","0-9","60-69","50-59","0-9","30-39","0-9","10-19","0-9","40-49","40-49","60-69","50-59","40-49","0-9","30-39","50-59","0-9","40-49","20-29","0-9","50-59","0-9","30-39","10-19","40-49","50-59","0-9"],"SERIES_NAME":["FEMALE","FEMALE","MALE","MALE","MALE","FEMALE","FEMALE","MALE","FEMALE","FEMALE","FEMALE","MALE","FEMALE","FEMALE","FEMALE","MALE","FEMALE","FEMALE","MALE","MALE","FEMALE","MALE","FEMALE","MALE","FEMALE","FEMALE","MALE","FEMALE","FEMALE","FEMALE","FEMALE","MALE","FEMALE","FEMALE","FEMALE","FEMALE","MALE","FEMALE","MALE","FEMALE","MALE","MALE","FEMALE","FEMALE","FEMALE","MALE","FEMALE","MALE","MALE","FEMALE","FEMALE","FEMALE","MALE","FEMALE","FEMALE","FEMALE","FEMALE","MALE","MALE","FEMALE","MALE","FEMALE","FEMALE","FEMALE","FEMALE","FEMALE","FEMALE","FEMALE","FEMALE","MALE","MALE","FEMALE","FEMALE","MALE","FEMALE","FEMALE","FEMALE","FEMALE","MALE","FEMALE","MALE","FEMALE","FEMALE","MALE"],"X_CALENDAR_YEAR":[2001,2001,2001,2002,2003,2003,2003,2004,2004,2004,2004,2004,2004,2005,2005,2005,2005,2005,2006,2006,2007,2007,2007,2007,2007,2007,2008,2008,2008,2008,2008,2008,2008,2008,2008,2009,2009,2009,2009,2009,2009,2009,2009,2009,2010,2010,2010,2010,2010,2010,2010,2011,2011,2011,2011,2011,2011,2011,2011,2012,2012,2012,2012,2012,2013,2013,2014,2014,2014,2014,2014,2015,2015,2015,2015,2015,2016,2016,2016,2016,2016,2017,2018,2018],"Y_PREVALENCE_1000PP":[0.03241,0.02078,0.02968,0.03077,0.03723,0.01999,0.02197,0.03397,0.02028,0.01925,0.02814,0.02256,0.02971,0.02447,0.0194,0.03964,0.01963,0.03063,0.02743,0.01821,0.0235,0.02104,0.02367,0.02237,0.02418,0.01466,0.02676,0.02311,0.03272,0.02602,0.01982,0.02469,0.02063,0.03565,0.02835,0.0172,0.01967,0.01909,0.02295,0.02541,0.0158,0.01342,0.01404,0.02271,0.028,0.02146,0.01506,0.03565,0.01554,0.01855,0.01886,0.03596,0.01589,0.01983,0.01896,0.02224,0.01825,0.0545,0.02496,0.02147,0.01697,0.0199,0.03551,0.01962,0.01768,0.01636,0.02526,0.01928,0.01631,0.01713,0.02082,0.03165,0.03214,0.03583,0.02267,0.02031,0.02846,0.03081,0.03487,0.02024,0.02516,0.02745,0.02547,0.03974]},"PREVALENCE_BY_MONTH":{"X_CALENDAR_MONTH":[200010,200102,200111,200112,200202,200204,200209,200303,200305,200311,200312,200401,200405,200406,200407,200409,200410,200411,200501,200504,200506,200508,200509,200510,200511,200601,200603,200605,200606,200608,200610,200701,200710,200711,200712,200801,200802,200803,200806,200807,200808,200809,200810,200811,200901,200904,200905,200906,200907,200909,200910,200911,201001,201003,201005,201006,201007,201008,201009,201010,201011,201103,201104,201105,201106,201107,201108,201109,201110,201111,201112,201201,201202,201203,201204,201205,201208,201210,201302,201304,201305,201309,201311,201401,201402,201404,201405,201408,201409,201411,201501,201503,201505,201506,201507,201509,201510,201511,201601,201602,201604,201605,201609,201610,201712,201806,201811],"Y_PREVALENCE_1000PP":[0.0024,0.00217,0.00246,0.00182,0.00203,0.00167,0.00163,0.00158,0.00183,0.00152,0.00177,0.00148,0.00213,0.00235,0.0021,0.00301,0.00184,0.00138,0.00136,0.00158,0.00157,0.00155,0.00132,0.00154,0.00197,0.00238,0.0013,0.00172,0.00128,0.00128,0.00148,0.00187,0.00138,0.00215,0.00293,0.00349,0.00272,0.00195,0.00173,0.00383,0.00153,0.00114,0.00152,0.00189,0.00151,0.0017,0.00151,0.00113,0.0015,0.003,0.00207,0.00151,0.00151,0.00152,0.00172,0.00115,0.00248,0.0021,0.00152,0.00132,0.0015,0.00148,0.00222,0.00129,0.00239,0.00202,0.00147,0.00273,0.00109,0.00128,0.00146,0.00164,0.00109,0.00109,0.00109,0.00127,0.00127,0.00254,0.00166,0.00111,0.0013,0.0013,0.00113,0.00191,0.0021,0.00115,0.00115,0.00118,0.00139,0.00184,0.00291,0.00194,0.00216,0.00135,0.00135,0.00157,0.0014,0.00213,0.00272,0.00149,0.002,0.00228,0.00241,0.00163,0.00213,0.00217,0.00296]},"OBS_FREQUENCY_DISTRIBUTION":{"Y_NUM_PERSONS":[0,0],"X_COUNT":[1,2]},"OBSERVATIONS_BY_TYPE":{"CONCEPT_NAME":"Observation recorded from EHR","COUNT_VALUE":1431},"AGE_AT_FIRST_OCCURRENCE":{"CATEGORY":["FEMALE","MALE"],"MIN_VALUE":[0,0],"P10_VALUE":[5,3],"P25_VALUE":[21,9],"MEDIAN_VALUE":[40,33],"P75_VALUE":[59,57],"P90_VALUE":[75,69],"MAX_VALUE":[97,93]}}
