{"PREVALENCE_BY_GENDER_AGE_YEAR":{"TRELLIS_NAME":["70-79","90-99","80-89","80-89","80-89","80-89","90-99","80-89","70-79","80-89","80-89","70-79","0-9","70-79","40-49","70-79","80-89","80-89","80-89","80-89","60-69","70-79"],"SERIES_NAME":["FEMALE","FEMALE","FEMALE","MALE","MALE","FEMALE","FEMALE","FEMALE","FEMALE","FEMALE","FEMALE","FEMALE","MALE","FEMALE","FEMALE","MALE","FEMALE","FEMALE","MALE","FEMALE","MALE","FEMALE"],"X_CALENDAR_YEAR":[2008,2008,2008,2008,2009,2009,2011,2011,2011,2012,2013,2013,2013,2014,2014,2014,2014,2015,2016,2016,2016,2018],"Y_PREVALENCE_1000PP":[0.05982,0.20162,0.07642,0.0677,0.0661,0.06201,0.36984,0.15115,0.03576,0.07585,0.06962,0.02623,0.01685,0.0359,0.01516,0.03554,0.18294,0.06398,0.08166,0.05771,0.02599,0.0614]},"PREVALENCE_BY_MONTH":{"X_CALENDAR_MONTH":[200806,200807,200809,200810,200901,200907,200908,201102,201105,201106,201107,201108,201110,201111,201202,201307,201308,201309,201310,201311,201403,201404,201407,201410,201411,201412,201510,201605,201708,201710,201810,201812],"Y_PREVALENCE_1000PP":[0.00134,0.00134,0.0019,0.00152,0.00113,0.00113,0.00207,0.00149,0.00166,0.00129,0.0011,0.00165,0.00145,0.00146,0.00109,0.0013,0.0013,0.00241,0.00131,0.00132,0.00191,0.00211,0.00215,0.00324,0.00143,0.00166,0.0014,0.00228,0.00177,0.00237,0.00195,0.00296]},"OBS_FREQUENCY_DISTRIBUTION":{"Y_NUM_PERSONS":[0,0,0],"X_COUNT":[1,2,3]},"OBSERVATIONS_BY_TYPE":{"CONCEPT_NAME":"Observation recorded from EHR","COUNT_VALUE":545},"AGE_AT_FIRST_OCCURRENCE":{"CATEGORY":["FEMALE","MALE"],"MIN_VALUE":[1,0],"P10_VALUE":[37,27],"P25_VALUE":[62,55],"MEDIAN_VALUE":[80,75],"P75_VALUE":[87,84],"P90_VALUE":[90,90],"MAX_VALUE":[103,99]}}
