{"PREVALENCE_BY_GENDER_AGE_YEAR":{"TRELLIS_NAME":["30-39","40-49","20-29","30-39","20-29","30-39","20-29","30-39","50-59","40-49","30-39","40-49","20-29","30-39","20-29","50-59","20-29","40-49","20-29","50-59","30-39","50-59","30-39","50-59","40-49","50-59","30-39","40-49","30-39","40-49"],"SERIES_NAME":["FEMALE","FEMALE","FEMALE","FEMALE","FEMALE","FEMALE","FEMALE","FEMALE","FEMALE","FEMALE","FEMALE","FEMALE","FEMALE","FEMALE","FEMALE","FEMALE","FEMALE","FEMALE","FEMALE","FEMALE","FEMALE","FEMALE","FEMALE","FEMALE","FEMALE","FEMALE","FEMALE","FEMALE","FEMALE","FEMALE"],"X_CALENDAR_YEAR":[2003,2004,2004,2004,2005,2005,2006,2006,2006,2006,2007,2007,2007,2008,2008,2008,2009,2010,2010,2010,2010,2011,2012,2013,2014,2015,2016,2016,2017,2018],"Y_PREVALENCE_1000PP":[0.02941,0.02383,0.03631,0.03024,0.02502,0.02165,0.05258,0.07137,0.02505,0.0265,0.03798,0.03177,0.02962,0.02265,0.02062,0.02023,0.01778,0.01391,0.01774,0.02245,0.02009,0.01896,0.01742,0.0237,0.01768,0.01753,0.02024,0.02413,0.02204,0.0448]},"PREVALENCE_BY_MONTH":{"X_CALENDAR_MONTH":[200407,200410,200501,200602,200603,200604,200607,200610,200707,200709,200710,200712,200803,200901,201002,201008,201108,201512,201705,201801,201804,201901],"Y_PREVALENCE_1000PP":[0.00163,0.00138,0.00136,0.00174,0.0013,0.00302,0.00171,0.00169,0.00141,0.0012,0.00118,0.00312,0.00136,0.00113,0.00133,0.00134,0.0011,0.00148,0.002,0.00185,0.00247,0.00197]},"OBS_FREQUENCY_DISTRIBUTION":{"Y_NUM_PERSONS":[0,0,0],"X_COUNT":[1,2,3]},"OBSERVATIONS_BY_TYPE":{"CONCEPT_NAME":"Observation recorded from EHR","COUNT_VALUE":480},"AGE_AT_FIRST_OCCURRENCE":{"CATEGORY":"FEMALE","MIN_VALUE":21,"P10_VALUE":26,"P25_VALUE":31,"MEDIAN_VALUE":39,"P75_VALUE":50,"P90_VALUE":59,"MAX_VALUE":76}}
