{"PREVALENCE_BY_GENDER_AGE_YEAR":{"TRELLIS_NAME":["70-79","50-59","80-89","60-69","60-69","60-69","40-49","30-39","50-59","40-49","50-59","30-39","50-59"],"SERIES_NAME":["MALE","FEMALE","FEMALE","MALE","FEMALE","FEMALE","FEMALE","FEMALE","MALE","FEMALE","FEMALE","FEMALE","FEMALE"],"X_CALENDAR_YEAR":[2009,2010,2010,2011,2011,2012,2012,2012,2013,2013,2013,2015,2015],"Y_PREVALENCE_1000PP":[0.03161,0.02526,0.04163,0.01872,0.02434,0.0183,0.02305,0.01742,0.01551,0.02103,0.02106,0.02302,0.02045]},"PREVALENCE_BY_MONTH":{"X_CALENDAR_MONTH":[200901,201001,201002,201101,201103,201111,201112,201201,201209,201210,201211,201212,201309,201310,201311,201501,201502],"Y_PREVALENCE_1000PP":[0.00113,0.00208,0.00133,0.00112,0.00204,0.00146,0.00237,0.00109,0.00127,0.00145,0.00183,0.0011,0.00111,0.00131,0.00132,0.00208,0.00167]},"OBS_FREQUENCY_DISTRIBUTION":{"Y_NUM_PERSONS":[0,0],"X_COUNT":[1,2]},"OBSERVATIONS_BY_TYPE":{"CONCEPT_NAME":"Observation recorded from EHR","COUNT_VALUE":493},"AGE_AT_FIRST_OCCURRENCE":{"CATEGORY":["MALE","FEMALE"],"MIN_VALUE":[6,9],"P10_VALUE":[24,28],"P25_VALUE":[34,39],"MEDIAN_VALUE":[52,54],"P75_VALUE":[69,69],"P90_VALUE":[80,81],"MAX_VALUE":[92,97]}}
