{"PREVALENCE_BY_GENDER_AGE_YEAR":{"TRELLIS_NAME":["40-49","30-39","30-39","60-69","40-49","30-39","50-59","40-49"],"SERIES_NAME":["FEMALE","FEMALE","MALE","MALE","MALE","FEMALE","MALE","FEMALE"],"X_CALENDAR_YEAR":[2004,2004,2005,2012,2012,2013,2013,2013],"Y_PREVALENCE_1000PP":[0.02085,0.0165,0.01576,0.01882,0.01559,0.01983,0.01551,0.01402]},"PREVALENCE_BY_MONTH":{"X_CALENDAR_MONTH":[200411,200801,201103,201303,201310],"Y_PREVALENCE_1000PP":[0.00183,0.00194,0.0013,0.00167,0.00112]},"OBS_FREQUENCY_DISTRIBUTION":{"Y_NUM_PERSONS":[0,0],"X_COUNT":[1,2]},"OBSERVATIONS_BY_TYPE":{"CONCEPT_NAME":"Observation recorded from EHR","COUNT_VALUE":277},"AGE_AT_FIRST_OCCURRENCE":{"CATEGORY":["FEMALE","MALE"],"MIN_VALUE":[5,12],"P10_VALUE":[22,29],"P25_VALUE":[32,35],"MEDIAN_VALUE":[42,46],"P75_VALUE":[53,56],"P90_VALUE":[64,70],"MAX_VALUE":[83,85]}}
