{"PREVALENCE_BY_GENDER_AGE_YEAR":{"TRELLIS_NAME":["60-69","60-69","80-89","20-29","50-59","70-79","40-49","40-49","30-39","70-79","80-89","50-59","60-69","30-39","40-49","30-39","60-69","50-59","80-89","70-79","70-79","80-89","50-59","20-29","30-39","40-49","60-69","30-39","70-79","60-69","50-59","80-89","40-49","50-59","70-79","60-69","40-49","20-29","80-89","40-49","60-69","70-79","40-49","50-59","50-59","30-39","60-69","30-39"],"SERIES_NAME":["FEMALE","MALE","MALE","FEMALE","MALE","FEMALE","MALE","FEMALE","FEMALE","MALE","FEMALE","FEMALE","FEMALE","MALE","FEMALE","FEMALE","MALE","MALE","MALE","MALE","FEMALE","FEMALE","FEMALE","FEMALE","MALE","MALE","FEMALE","MALE","FEMALE","MALE","FEMALE","FEMALE","MALE","MALE","MALE","FEMALE","FEMALE","FEMALE","MALE","MALE","FEMALE","MALE","FEMALE","MALE","FEMALE","FEMALE","MALE","MALE"],"X_CALENDAR_YEAR":[2014,2015,2015,2015,2015,2015,2015,2015,2015,2015,2015,2015,2015,2015,2016,2016,2016,2016,2016,2016,2016,2016,2016,2016,2016,2016,2016,2017,2017,2017,2017,2017,2017,2017,2017,2017,2017,2018,2018,2018,2018,2018,2018,2018,2018,2018,2018,2018],"Y_PREVALENCE_1000PP":[0.01928,0.13708,0.137,0.02031,0.10649,0.12691,0.07155,0.07083,0.04317,0.14824,0.07997,0.09935,0.09781,0.02304,0.08618,0.04724,0.22527,0.10113,0.10888,0.20309,0.13583,0.1058,0.10954,0.04522,0.03047,0.05006,0.12159,0.02585,0.13518,0.11786,0.06043,0.09726,0.03401,0.08188,0.21322,0.05745,0.03529,0.05719,0.15128,0.03868,0.03252,0.06834,0.06271,0.03749,0.05942,0.0451,0.07179,0.03284]},"PREVALENCE_BY_MONTH":{"X_CALENDAR_MONTH":[201412,201501,201502,201503,201504,201505,201506,201507,201508,201509,201510,201511,201512,201601,201602,201603,201604,201605,201606,201607,201608,201609,201610,201611,201612,201701,201702,201703,201704,201705,201706,201707,201708,201709,201710,201711,201712,201801,201802,201803,201804,201805,201806,201807,201808,201809,201810,201811,201812,201901],"Y_PREVALENCE_1000PP":[0.00166,0.00311,0.00418,0.00345,0.01167,0.00821,0.0072,0.00764,0.00719,0.00742,0.00349,0.00237,0.00344,0.00371,0.00323,0.00349,0.00725,0.00885,0.00772,0.01155,0.00614,0.00965,0.00896,0.00465,0.00329,0.0063,0.00252,0.00255,0.00371,0.00513,0.007,0.00643,0.00471,0.00472,0.00178,0.00422,0.00335,0.00309,0.00525,0.00494,0.00278,0.00339,0.00217,0.00378,0.00382,0.00319,0.00228,0.00361,0.00197,0.00427]},"OBS_FREQUENCY_DISTRIBUTION":{"Y_NUM_PERSONS":[0,0,0],"X_COUNT":[1,2,3]},"OBSERVATIONS_BY_TYPE":{"CONCEPT_NAME":"Observation recorded from EHR","COUNT_VALUE":974},"AGE_AT_FIRST_OCCURRENCE":{"CATEGORY":["FEMALE","MALE"],"MIN_VALUE":[20,18],"P10_VALUE":[31,39],"P25_VALUE":[43,50],"MEDIAN_VALUE":[54,61],"P75_VALUE":[69,71],"P90_VALUE":[78,78],"MAX_VALUE":[104,95]}}
