{"PREVALENCE_BY_GENDER_AGE_YEAR":{"TRELLIS_NAME":["20-29","30-39","20-29","10-19","30-39","40-49","40-49","20-29","10-19","20-29","30-39","40-49","20-29","40-49","10-19","30-39","20-29","10-19","30-39","10-19","40-49","30-39","20-29","30-39","40-49","20-29","0-9","40-49","40-49","0-9","20-29","30-39","30-39","20-29","20-29","20-29","50-59","30-39","30-39","40-49","30-39","20-29","10-19","20-29","40-49","40-49","30-39","0-9","20-29","30-39","10-19","30-39","40-49","20-29","50-59","50-59","40-49","20-29","30-39","0-9","20-29","0-9","40-49","40-49","30-39","10-19","60-69","40-49","10-19","30-39","20-29","20-29","30-39","50-59","0-9","0-9","20-29","40-49","60-69","10-19","30-39","20-29","30-39","40-49","10-19","30-39","40-49","10-19","20-29","20-29","30-39","20-29","30-39","40-49","10-19","10-19","20-29","30-39","30-39","20-29","30-39","20-29","40-49","20-29","30-39","30-39","30-39","40-49","30-39","20-29","30-39","20-29"],"SERIES_NAME":["MALE","FEMALE","FEMALE","FEMALE","FEMALE","MALE","FEMALE","FEMALE","FEMALE","MALE","MALE","FEMALE","MALE","MALE","FEMALE","MALE","FEMALE","MALE","FEMALE","FEMALE","MALE","FEMALE","MALE","MALE","FEMALE","FEMALE","MALE","FEMALE","MALE","MALE","FEMALE","MALE","FEMALE","MALE","FEMALE","MALE","FEMALE","FEMALE","MALE","MALE","FEMALE","MALE","FEMALE","FEMALE","FEMALE","MALE","MALE","MALE","MALE","MALE","FEMALE","FEMALE","FEMALE","FEMALE","FEMALE","MALE","MALE","FEMALE","FEMALE","MALE","MALE","FEMALE","MALE","FEMALE","MALE","MALE","FEMALE","MALE","FEMALE","FEMALE","FEMALE","MALE","MALE","FEMALE","MALE","FEMALE","MALE","MALE","FEMALE","FEMALE","MALE","FEMALE","FEMALE","FEMALE","FEMALE","FEMALE","FEMALE","MALE","FEMALE","MALE","MALE","FEMALE","FEMALE","MALE","FEMALE","MALE","MALE","MALE","MALE","FEMALE","FEMALE","MALE","MALE","FEMALE","MALE","MALE","FEMALE","MALE","FEMALE","MALE","MALE","FEMALE"],"X_CALENDAR_YEAR":[2002,2002,2002,2002,2003,2003,2003,2003,2003,2003,2003,2004,2004,2004,2004,2004,2004,2004,2004,2005,2005,2005,2005,2005,2005,2005,2005,2006,2006,2006,2006,2006,2006,2006,2007,2007,2007,2007,2007,2007,2008,2008,2008,2008,2008,2008,2008,2008,2009,2009,2009,2009,2009,2009,2009,2009,2009,2010,2010,2010,2010,2010,2010,2010,2010,2010,2011,2011,2011,2011,2011,2011,2011,2011,2011,2012,2012,2012,2012,2012,2012,2012,2012,2012,2013,2013,2013,2013,2013,2013,2013,2014,2014,2014,2014,2014,2014,2014,2015,2015,2015,2015,2016,2016,2016,2017,2017,2018,2018,2018,2018,2018],"Y_PREVALENCE_1000PP":[0.02393,0.03384,0.0268,0.03104,0.05588,0.02854,0.01999,0.05079,0.0432,0.03402,0.04303,0.0417,0.07534,0.03682,0.04718,0.09897,0.11553,0.0302,0.06324,0.04487,0.03993,0.10012,0.14891,0.14709,0.02243,0.15015,0.02523,0.03445,0.03266,0.02057,0.04673,0.06405,0.06079,0.06372,0.05656,0.03072,0.01775,0.03545,0.04176,0.02089,0.03524,0.04541,0.02063,0.05412,0.0142,0.02927,0.03908,0.0216,0.07636,0.04425,0.02706,0.04795,0.01872,0.05081,0.02006,0.01671,0.04025,0.08365,0.04519,0.0208,0.0447,0.01867,0.01998,0.01855,0.03196,0.01839,0.01825,0.02405,0.02619,0.07189,0.08896,0.0514,0.06332,0.01896,0.01721,0.01776,0.05395,0.02005,0.0183,0.01962,0.07385,0.07882,0.08956,0.03227,0.02271,0.03965,0.02103,0.02141,0.10112,0.05416,0.04691,0.07342,0.03153,0.01958,0.02054,0.04209,0.03585,0.05522,0.02304,0.03192,0.02302,0.05168,0.0267,0.0313,0.03047,0.02215,0.03673,0.03868,0.0328,0.03232,0.04925,0.0264]},"PREVALENCE_BY_MONTH":{"X_CALENDAR_MONTH":[200207,200209,200210,200301,200305,200306,200307,200308,200309,200310,200311,200312,200401,200403,200404,200405,200406,200407,200408,200409,200410,200411,200412,200501,200502,200503,200504,200505,200506,200507,200508,200509,200510,200511,200512,200601,200602,200603,200604,200605,200606,200607,200608,200609,200610,200612,200703,200704,200705,200707,200708,200709,200710,200711,200712,200803,200804,200805,200806,200807,200808,200809,200810,200811,200812,200901,200902,200903,200904,200905,200906,200907,200909,200910,200911,201001,201002,201003,201004,201005,201006,201007,201009,201010,201011,201101,201102,201103,201104,201105,201106,201107,201108,201109,201110,201111,201112,201201,201202,201203,201204,201205,201207,201208,201209,201210,201211,201212,201301,201302,201303,201305,201306,201307,201308,201309,201310,201311,201312,201401,201402,201403,201404,201405,201409,201410,201411,201412,201501,201505,201507,201602,201610,201611,201707,201807,201810,201901],"Y_PREVALENCE_1000PP":[0.00384,0.00217,0.00188,0.00186,0.00287,0.00208,0.00489,0.00154,0.00307,0.00306,0.00177,0.00151,0.00618,0.00387,0.00238,0.00355,0.00164,0.00233,0.00395,0.00254,0.00875,0.00161,0.00436,0.00317,0.00475,0.00723,0.00587,0.00473,0.00403,0.00511,0.00399,0.00593,0.00329,0.00416,0.00394,0.00433,0.00325,0.00152,0.00237,0.00193,0.00192,0.00299,0.00192,0.00255,0.00338,0.00168,0.00207,0.00124,0.00205,0.00161,0.00161,0.00239,0.00177,0.0041,0.00137,0.00175,0.00155,0.00116,0.00211,0.00172,0.00115,0.00399,0.00474,0.00133,0.00151,0.00207,0.00415,0.00132,0.00113,0.00151,0.00188,0.00244,0.00732,0.00358,0.0017,0.00284,0.0019,0.00133,0.00152,0.00172,0.00229,0.00134,0.0057,0.00283,0.00206,0.00168,0.00112,0.00334,0.00241,0.00184,0.00239,0.0011,0.00147,0.00528,0.00509,0.0031,0.00237,0.00291,0.004,0.004,0.00218,0.00237,0.00219,0.00163,0.00417,0.00309,0.00256,0.00258,0.00239,0.00295,0.00148,0.00111,0.00149,0.0013,0.0013,0.00315,0.00299,0.0049,0.00173,0.00325,0.00134,0.00191,0.00153,0.00153,0.00515,0.00344,0.00123,0.00145,0.00166,0.00173,0.00135,0.00249,0.00163,0.00164,0.00292,0.00221,0.00326,0.00262]},"OBS_FREQUENCY_DISTRIBUTION":{"Y_NUM_PERSONS":[0,0],"X_COUNT":[1,2]},"OBSERVATIONS_BY_TYPE":{"CONCEPT_NAME":"Observation recorded from EHR","COUNT_VALUE":2056},"AGE_AT_FIRST_OCCURRENCE":{"CATEGORY":["FEMALE","MALE"],"MIN_VALUE":[1,0],"P10_VALUE":[19,18],"P25_VALUE":[24,25],"MEDIAN_VALUE":[30,32],"P75_VALUE":[38,39],"P90_VALUE":[50,48],"MAX_VALUE":[80,78]}}
