{"PREVALENCE_BY_GENDER_AGE_YEAR":{"TRELLIS_NAME":["50-59","70-79","40-49","60-69","30-39","70-79","60-69","40-49","80-89","30-39","50-59","60-69","40-49","30-39","20-29","50-59","80-89","70-79","70-79","40-49","80-89","20-29","60-69","30-39","40-49","50-59","40-49","50-59","80-89","30-39","30-39","70-79","60-69","70-79","60-69","40-49","50-59","20-29","40-49","80-89","30-39","30-39","60-69","50-59","20-29","50-59","70-79","50-59","80-89","60-69","30-39","60-69","40-49","40-49","70-79","30-39","50-59","50-59","60-69","80-89","80-89","50-59","70-79","60-69","30-39","40-49","50-59","30-39","80-89","40-49","70-79","20-29","60-69","70-79","30-39","60-69","20-29","50-59","40-49","80-89","60-69","70-79","40-49","50-59","80-89","70-79","50-59","60-69","70-79","40-49","80-89","60-69","80-89","70-79","30-39","40-49","50-59","70-79","50-59","40-49","60-69","80-89","70-79","80-89","60-69","50-59","60-69","50-59","80-89","70-79","60-69","70-79"],"SERIES_NAME":["MALE","MALE","MALE","MALE","MALE","MALE","MALE","MALE","MALE","MALE","MALE","MALE","MALE","MALE","MALE","MALE","MALE","MALE","MALE","MALE","MALE","MALE","MALE","MALE","FEMALE","MALE","MALE","MALE","MALE","FEMALE","MALE","MALE","MALE","MALE","FEMALE","FEMALE","FEMALE","MALE","MALE","MALE","FEMALE","MALE","MALE","MALE","MALE","FEMALE","MALE","MALE","MALE","MALE","MALE","FEMALE","MALE","MALE","MALE","MALE","MALE","FEMALE","MALE","MALE","MALE","MALE","MALE","MALE","MALE","MALE","MALE","MALE","MALE","MALE","MALE","MALE","MALE","MALE","MALE","MALE","MALE","MALE","MALE","MALE","MALE","FEMALE","MALE","MALE","MALE","MALE","MALE","MALE","MALE","MALE","MALE","MALE","MALE","MALE","MALE","MALE","MALE","MALE","MALE","MALE","MALE","MALE","MALE","MALE","MALE","MALE","MALE","MALE","MALE","MALE","MALE","MALE"],"X_CALENDAR_YEAR":[2002,2002,2002,2002,2002,2003,2003,2003,2003,2003,2003,2004,2004,2004,2004,2004,2004,2004,2005,2005,2005,2005,2005,2005,2005,2005,2006,2006,2006,2006,2006,2006,2006,2007,2007,2007,2007,2007,2007,2007,2007,2007,2007,2007,2008,2008,2008,2008,2008,2008,2008,2008,2008,2009,2009,2009,2009,2009,2009,2009,2010,2010,2010,2010,2010,2010,2011,2011,2011,2011,2011,2011,2011,2012,2012,2012,2012,2012,2012,2012,2013,2013,2013,2013,2013,2013,2014,2014,2014,2014,2014,2015,2015,2015,2015,2015,2015,2016,2016,2016,2016,2016,2017,2017,2017,2017,2018,2018,2018,2018,2019,2019],"Y_PREVALENCE_1000PP":[0.15499,0.08379,0.07883,0.16181,0.04206,0.61152,0.69704,0.26,0.28798,0.07458,0.51256,0.85844,0.35971,0.12037,0.02397,0.59736,0.36545,0.66972,0.53182,0.21562,0.27592,0.02266,0.68912,0.07092,0.02243,0.45841,0.17836,0.44105,0.14265,0.01586,0.05124,0.42276,0.58535,0.43853,0.03454,0.022,0.02959,0.01676,0.188,0.25024,0.02026,0.08598,0.59965,0.4491,0.02137,0.02023,0.38502,0.38281,0.22567,0.53192,0.09282,0.01982,0.14408,0.14309,0.35293,0.04916,0.31201,0.0172,0.47537,0.18729,0.29259,0.28122,0.36552,0.44251,0.04918,0.07991,0.25157,0.02679,0.17879,0.0787,0.33275,0.01542,0.38993,0.28977,0.03692,0.35753,0.01542,0.23131,0.11584,0.32074,0.34706,0.02623,0.06099,0.23012,0.26608,0.38188,0.18196,0.32806,0.24879,0.04405,0.20089,0.34991,0.17125,0.25805,0.01728,0.03302,0.1324,0.25387,0.07416,0.03337,0.29459,0.20416,0.1857,0.09068,0.2701,0.10421,0.22088,0.07498,0.25213,0.22779,0.07129,0.04801]},"PREVALENCE_BY_MONTH":{"X_CALENDAR_MONTH":[200205,200206,200207,200208,200209,200210,200211,200212,200301,200302,200303,200304,200305,200306,200307,200308,200309,200310,200311,200312,200401,200402,200403,200404,200405,200406,200407,200408,200409,200410,200411,200412,200501,200502,200503,200504,200505,200506,200507,200508,200509,200510,200511,200512,200601,200602,200603,200604,200605,200606,200607,200608,200609,200610,200611,200612,200701,200702,200703,200704,200705,200706,200707,200708,200709,200710,200711,200712,200801,200802,200803,200804,200805,200806,200807,200808,200809,200810,200811,200812,200901,200902,200903,200904,200905,200906,200907,200908,200909,200910,200911,200912,201001,201002,201003,201004,201005,201006,201007,201008,201009,201010,201011,201012,201101,201102,201103,201104,201105,201106,201107,201108,201109,201110,201111,201112,201201,201202,201203,201204,201205,201206,201207,201208,201209,201210,201211,201212,201301,201302,201303,201304,201305,201306,201307,201308,201309,201310,201311,201312,201401,201402,201403,201404,201405,201406,201407,201408,201409,201410,201411,201412,201501,201502,201503,201504,201505,201506,201507,201508,201509,201510,201511,201512,201601,201602,201603,201604,201605,201606,201607,201608,201609,201610,201611,201612,201701,201702,201703,201704,201705,201706,201707,201708,201709,201710,201711,201801,201802,201803,201804,201805,201806,201807,201808,201810,201811,201812,201901,201902,201903],"Y_PREVALENCE_1000PP":[0.00249,0.00193,0.00411,0.00273,0.00488,0.00565,0.00616,0.00617,0.00876,0.00687,0.01262,0.01075,0.0094,0.00779,0.01133,0.00898,0.01405,0.01426,0.01293,0.01489,0.01606,0.01356,0.01667,0.01356,0.01395,0.01808,0.01353,0.01069,0.01041,0.01727,0.01812,0.00894,0.01064,0.01379,0.00949,0.0097,0.01013,0.00941,0.00956,0.01264,0.00703,0.01273,0.01116,0.00985,0.00974,0.00889,0.00866,0.00603,0.00816,0.00876,0.00812,0.01001,0.01168,0.01098,0.01008,0.00693,0.01122,0.0143,0.01263,0.00969,0.01003,0.01156,0.00784,0.01005,0.00897,0.01279,0.0082,0.00781,0.01065,0.00699,0.00759,0.00911,0.00968,0.00941,0.00593,0.0065,0.00856,0.01138,0.0108,0.00965,0.01037,0.0083,0.00772,0.0068,0.00603,0.00735,0.00602,0.00509,0.00526,0.01055,0.0068,0.00552,0.007,0.00646,0.0097,0.00495,0.00743,0.00535,0.00535,0.00687,0.00551,0.01018,0.00637,0.0045,0.0043,0.0071,0.00705,0.00426,0.00443,0.00571,0.00679,0.00623,0.0051,0.00673,0.00547,0.0062,0.00655,0.00655,0.00436,0.00473,0.00492,0.00491,0.00528,0.0089,0.00598,0.00763,0.00604,0.00313,0.00642,0.00626,0.005,0.00444,0.00501,0.00502,0.00537,0.00575,0.00537,0.00617,0.00659,0.00518,0.00497,0.00458,0.00421,0.00479,0.00402,0.00504,0.00372,0.00395,0.00278,0.00829,0.00347,0.00373,0.00457,0.00522,0.00561,0.00389,0.00303,0.00405,0.00585,0.00315,0.00562,0.00442,0.0045,0.00541,0.00519,0.00572,0.00349,0.004,0.00354,0.00463,0.00341,0.00374,0.00161,0.00272,0.00219,0.00356,0.00246,0.00476,0.00284,0.00285,0.00285,0.00408,0.00234,0.00412,0.00207,0.00533,0.00302,0.00432,0.00216,0.00309,0.00278,0.00494,0.00372,0.00599,0.00223,0.00326,0.00263,0.0023,0.00328,0.00198,0.00297]},"OBS_FREQUENCY_DISTRIBUTION":{"Y_NUM_PERSONS":[0,0,0,0,0,0,0],"X_COUNT":[1,2,3,4,5,6,7]},"OBSERVATIONS_BY_TYPE":{"CONCEPT_NAME":"Observation recorded from EHR","COUNT_VALUE":6590},"AGE_AT_FIRST_OCCURRENCE":{"CATEGORY":["FEMALE","MALE"],"MIN_VALUE":[16,18],"P10_VALUE":[23,43],"P25_VALUE":[34,51],"MEDIAN_VALUE":[50,60],"P75_VALUE":[62,68],"P90_VALUE":[73,75],"MAX_VALUE":[85,97]}}
