{"PREVALENCE_BY_GENDER_AGE_YEAR":{"TRELLIS_NAME":["10-19","10-19","0-9","0-9","10-19","10-19","0-9","10-19","0-9","0-9","30-39","10-19","0-9","30-39","0-9","10-19"],"SERIES_NAME":["MALE","FEMALE","FEMALE","MALE","MALE","FEMALE","FEMALE","FEMALE","MALE","FEMALE","FEMALE","FEMALE","FEMALE","FEMALE","MALE","MALE"],"X_CALENDAR_YEAR":[2014,2014,2014,2015,2015,2015,2016,2016,2017,2017,2017,2018,2018,2018,2018,2018],"Y_PREVALENCE_1000PP":[0.0259,0.03423,0.0187,0.04886,0.02473,0.026,0.04065,0.03505,0.03027,0.04078,0.02204,0.03741,0.03122,0.0328,0.05962,0.031]},"PREVALENCE_BY_MONTH":{"X_CALENDAR_MONTH":[201405,201406,201407,201408,201412,201504,201508,201509,201511,201606,201611,201612,201710,201801,201802,201808,201809],"Y_PREVALENCE_1000PP":[0.00153,0.00174,0.00118,0.00118,0.00124,0.00216,0.00157,0.00315,0.00213,0.0018,0.00219,0.00219,0.00355,0.00185,0.00278,0.00318,0.00256]},"OBS_FREQUENCY_DISTRIBUTION":{"Y_NUM_PERSONS":[0,0],"X_COUNT":[1,2]},"OBSERVATIONS_BY_TYPE":{"CONCEPT_NAME":"Observation recorded from EHR","COUNT_VALUE":402},"AGE_AT_FIRST_OCCURRENCE":{"CATEGORY":["FEMALE","MALE"],"MIN_VALUE":[0,0],"P10_VALUE":[5,3],"P25_VALUE":[11,6],"MEDIAN_VALUE":[26,12],"P75_VALUE":[41,35],"P90_VALUE":[73,66],"MAX_VALUE":[97,93]}}
