{"PREVALENCE_BY_GENDER_AGE_YEAR":{"TRELLIS_NAME":["30-39","20-29","30-39","20-29","30-39","20-29"],"SERIES_NAME":["FEMALE","FEMALE","FEMALE","FEMALE","FEMALE","FEMALE"],"X_CALENDAR_YEAR":[2013,2013,2014,2014,2015,2015],"Y_PREVALENCE_1000PP":[0.0793,0.0296,0.09722,0.03147,0.0777,0.02322]},"PREVALENCE_BY_MONTH":{"X_CALENDAR_MONTH":[201305,201401,201403,201405,201411,201508,201511],"Y_PREVALENCE_1000PP":[0.00167,0.00134,0.00115,0.00115,0.00225,0.00157,0.00142]},"OBS_FREQUENCY_DISTRIBUTION":{"Y_NUM_PERSONS":0,"X_COUNT":1},"OBSERVATIONS_BY_TYPE":{"CONCEPT_NAME":"Observation recorded from EHR","COUNT_VALUE":190},"AGE_AT_FIRST_OCCURRENCE":{"CATEGORY":["FEMALE","MALE"],"MIN_VALUE":[0,0],"P10_VALUE":[13,0],"P25_VALUE":[28,0],"MEDIAN_VALUE":[32,1],"P75_VALUE":[35,2],"P90_VALUE":[38,11],"MAX_VALUE":[79,19]}}
