{"PREVALENCE_BY_GENDER_AGE_YEAR":{"TRELLIS_NAME":["20-29","30-39","0-9","0-9","0-9","0-9"],"SERIES_NAME":["FEMALE","FEMALE","MALE","FEMALE","MALE","FEMALE"],"X_CALENDAR_YEAR":[2015,2015,2017,2017,2018,2018],"Y_PREVALENCE_1000PP":[0.1422,0.13813,0.05189,0.04531,0.06458,0.10926]},"PREVALENCE_BY_MONTH":{"X_CALENDAR_MONTH":[201504,201505,201506,201507,201508,201509,201510,201511,201806],"Y_PREVALENCE_1000PP":[0.00259,0.00259,0.00495,0.00315,0.0027,0.00292,0.00186,0.00213,0.00217]},"OBS_FREQUENCY_DISTRIBUTION":{"Y_NUM_PERSONS":0,"X_COUNT":1},"OBSERVATIONS_BY_TYPE":{"CONCEPT_NAME":"Observation recorded from EHR","COUNT_VALUE":159},"AGE_AT_FIRST_OCCURRENCE":{"CATEGORY":["FEMALE","MALE"],"MIN_VALUE":[0,0],"P10_VALUE":[1,0],"P25_VALUE":[1,0],"MEDIAN_VALUE":[27,1],"P75_VALUE":[33,1],"P90_VALUE":[36,1],"MAX_VALUE":[40,1]}}
