{"PREVALENCE_BY_GENDER_AGE_YEAR":{"TRELLIS_NAME":["70-79","60-69","70-79","60-69","80-89","50-59","70-79","60-69","80-89","50-59","60-69","80-89","50-59","70-79","40-49","70-79","60-69","90-99","80-89","80-89","70-79","50-59","60-69","50-59","40-49","80-89","60-69","40-49","70-79","50-59","50-59","60-69","70-79","80-89","80-89","60-69","80-89","70-79","70-79","50-59","60-69"],"SERIES_NAME":["FEMALE","MALE","MALE","FEMALE","MALE","MALE","MALE","MALE","FEMALE","FEMALE","FEMALE","MALE","MALE","FEMALE","MALE","FEMALE","MALE","FEMALE","FEMALE","MALE","MALE","FEMALE","FEMALE","MALE","MALE","FEMALE","MALE","MALE","MALE","MALE","FEMALE","FEMALE","FEMALE","MALE","MALE","MALE","FEMALE","FEMALE","MALE","MALE","FEMALE"],"X_CALENDAR_YEAR":[2001,2001,2001,2001,2001,2001,2002,2002,2002,2002,2002,2002,2002,2002,2002,2003,2003,2003,2003,2003,2003,2003,2003,2003,2003,2004,2004,2004,2004,2004,2004,2004,2004,2004,2005,2005,2005,2005,2005,2005,2005],"Y_PREVALENCE_1000PP":[2.72454,1.84602,3.12867,1.96192,4.36443,2.40691,3.43584,2.71089,2.48173,0.85187,1.80816,2.89482,1.78625,2.64114,0.95831,2.42808,2.9756,4.27046,3.21479,1.73762,2.38802,0.80192,1.75413,1.78364,0.77198,3.03398,2.30778,0.90827,2.29393,1.63132,1.05529,1.83115,2.22406,3.33788,1.43314,0.89704,1.18934,1.5545,1.61709,0.73425,0.85407]},"PREVALENCE_BY_MONTH":{"X_CALENDAR_MONTH":[200407,200401,200403,200204,200303,200308,200109,200311,200207,200404,200507,200501,200304,200111,200209,200203,200502,200108,200212,200201,200211,200105,200107,200208,200206,200410,200412,200112,200306,200408,200312,200503,200210,200106,200405,200505,200506,200409,200310,200205,200302,200309,200307,200402,200202,200411,200110,200305,200406,200301,200504],"Y_PREVALENCE_1000PP":[0.14139,0.16343,0.15713,0.16929,0.09805,0.19391,0.11442,0.2219,0.19112,0.17225,0.07656,0.12441,0.11922,0.12955,0.09488,0.22618,0.12804,0.26437,0.12837,0.17532,0.22162,0.09162,0.1937,0.13285,0.19678,0.09205,0.18949,0.27317,0.13745,0.15598,0.0959,0.14635,0.15145,0.28991,0.16948,0.17693,0.11142,0.12635,0.14622,0.12546,0.18468,0.14244,0.1633,0.11719,0.16989,0.0961,0.31802,0.08086,0.1382,0.20402,0.13445]},"LENGTH_OF_ERA":{"CATEGORY":"Length of era","MIN_VALUE":1,"P10_VALUE":1,"P25_VALUE":1,"MEDIAN_VALUE":1,"P75_VALUE":1,"P90_VALUE":1,"MAX_VALUE":63},"AGE_AT_FIRST_DIAGNOSIS":{"CATEGORY":["FEMALE","MALE"],"MIN_VALUE":[18,25],"P10_VALUE":[55,50],"P25_VALUE":[65,58],"MEDIAN_VALUE":[73,68],"P75_VALUE":[79,75],"P90_VALUE":[84,80],"MAX_VALUE":[97,88]}}
