{"PREVALENCE_BY_GENDER_AGE_YEAR":{"TRELLIS_NAME":[],"SERIES_NAME":[],"X_CALENDAR_YEAR":[],"Y_PREVALENCE_1000PP":[]},"PREVALENCE_BY_MONTH":{"X_CALENDAR_MONTH":[201806,200710,201401,201503,200704,201207,200806,201309,201509,201312,201305,201711,201710,201201,201606,201404,201409,201307,201208,201110,201205,201809,201811,201007,201104,200903,201612,201804,201508,200803,200705,200706,200610,200605,201501,201210,200711,200906,201303,200805,201810,201610,201106,201805,200608,201702,201004,200811,200912,200801,201512,201602,201006,201801,201707,201506,201003,200812,201108,201808,201510,201202,201708,200901,201607,201609,201102,201807,200807,201411,201204,201611,200702,200905,201112,200603,201306,200607,201311,201105,201212,201002,200902,201010,200712,201301,201402,201012,200809,200802,200609,201308,201408,201502,201504,200604,201803,201206,201511,200601,201706,200810,200708,201802,201601,200808,201005,200709,201209,201412,200909,201505,200701,201310,201403,201009,201712,201406,200703,201405,200611,200804,201211,200907,201203,200911,201103,201507,201011,201109,201703,201101,201701,200910,201604,201605,201410,201407,200602,201603,201709,201704,201302,200904,201111,201001,201812,200908,200612,200707,200606,201304,201608,201107,201008,201705],"Y_PREVALENCE_1000PP":[0.02905,0.07073,0.0357,0.03096,0.05736,0.04348,0.04644,0.04748,0.03171,0.03681,0.03975,0.0217,0.03685,0.03707,0.02204,0.0348,0.04041,0.03874,0.0424,0.03684,0.04444,0.03432,0.05992,0.04811,0.03528,0.06776,0.02562,0.04289,0.03289,0.058,0.06437,0.06238,0.07571,0.10054,0.032,0.03432,0.06518,0.04277,0.02875,0.06616,0.05094,0.03095,0.04343,0.03017,0.08366,0.04757,0.03675,0.0591,0.04644,0.05783,0.03611,0.02565,0.04915,0.04274,0.03589,0.02871,0.05113,0.05336,0.05964,0.03983,0.03581,0.04529,0.03167,0.05891,0.02907,0.03777,0.04421,0.04547,0.06737,0.0305,0.02684,0.04526,0.05085,0.04382,0.04855,0.11104,0.04347,0.09217,0.03549,0.04106,0.02972,0.03995,0.03712,0.04048,0.08009,0.03814,0.02965,0.04514,0.05762,0.0585,0.09044,0.03035,0.04154,0.02956,0.03626,0.07928,0.03087,0.03869,0.04129,0.16561,0.03114,0.05946,0.06845,0.01925,0.03359,0.05801,0.05465,0.04436,0.04251,0.02805,0.04403,0.0325,0.08539,0.04394,0.03221,0.04715,0.03758,0.03127,0.08971,0.03242,0.06583,0.0506,0.04863,0.04282,0.05005,0.05299,0.03635,0.0393,0.04731,0.04137,0.01741,0.0441,0.03007,0.04299,0.03681,0.04248,0.02787,0.0276,0.12421,0.04341,0.03804,0.04386,0.04781,0.0372,0.04153,0.03434,0.11169,0.04727,0.08546,0.07678,0.09347,0.03364,0.03896,0.03206,0.04931,0.0309]},"LENGTH_OF_ERA":{"CATEGORY":"Length of era","MIN_VALUE":1,"P10_VALUE":1,"P25_VALUE":1,"MEDIAN_VALUE":1,"P75_VALUE":1,"P90_VALUE":1,"MAX_VALUE":458},"AGE_AT_FIRST_DIAGNOSIS":{"CATEGORY":[],"MIN_VALUE":[],"P10_VALUE":[],"P25_VALUE":[],"MEDIAN_VALUE":[],"P75_VALUE":[],"P90_VALUE":[],"MAX_VALUE":[]}}
