{"PREVALENCE_BY_GENDER_AGE_YEAR":{"TRELLIS_NAME":[],"SERIES_NAME":[],"X_CALENDAR_YEAR":[],"Y_PREVALENCE_1000PP":[]},"PREVALENCE_BY_MONTH":{"X_CALENDAR_MONTH":[200901,201206,201010,201308,201611,201711,200706,200712,201007,201512,201505,200806,201401,201504,200609,201509,200801,201706,201005,201204,200601,201710,200603,201704,201506,200905,201603,201801,201811,201101,201006,201404,201402,201312,201304,201209,200701,201004,201802,201810,201009,201412,200906,201012,201602,201210,201106,201310,201207,200904,200802,201703,201301,200704,201510,200604,201501,201405,201804,201605,201707,200809,201002,201607,201201,200710,200908,200608,201108,201507,201609,200605,200702,201203,201303,201302,201307,201202,200711,201508,201409,200707,201212,201205,200803,201406,200607,201110,201608,200811,201109,201809,201701,201411,201208,201806,201812,201011,201306,200911,201309,200907,200602,201604,201807,200612,200805,201104,200810,200709,200912,201705,201601,201709,201112,201107,201008,201511,201612,201111,201103,200808,201502,201305,201410,201311,201001,200812,201803,200903,200606,201708,201407,200705,200910,200909,201105,200708,200804,201702,201610,201408,200611,201102,200807,201403,200902,200610,201003,201712,200703,201808,201606,201503,201805,201211],"Y_PREVALENCE_1000PP":[0.39927,0.37635,0.35312,0.40545,0.4286,0.45259,0.38956,0.32872,0.40167,0.37583,0.32889,0.35452,0.3619,0.32896,0.44052,0.30122,0.49099,0.43444,0.41155,0.33611,0.87798,0.40996,0.63346,0.36546,0.3497,0.32867,0.40693,0.47806,0.73271,0.36753,0.36418,0.38783,0.28905,0.32274,0.32677,0.3613,0.46897,0.36634,0.34014,0.49246,0.42769,0.35704,0.31586,0.38825,0.28754,0.33607,0.39768,0.34541,0.36079,0.33373,0.3732,0.39609,0.3814,0.33244,0.34618,0.48428,0.3955,0.38533,0.43221,0.3453,0.39025,0.3535,0.32739,0.41525,0.33365,0.37803,0.3364,0.47508,0.43011,0.34326,0.37912,0.43347,0.35995,0.40506,0.35102,0.31317,0.35352,0.40062,0.38503,0.35128,0.37759,0.34487,0.32457,0.35087,0.41061,0.34396,0.41321,0.40182,0.43687,0.37104,0.32637,0.42325,0.39812,0.3686,0.39572,0.41359,1.07963,0.42464,0.33572,0.38195,0.3445,0.36673,0.60033,0.40494,0.43717,0.39697,0.40378,0.3665,0.37765,0.34873,0.36264,0.40025,0.42861,0.42605,0.40688,0.3664,0.41352,0.36762,0.39276,0.44411,0.40321,0.35361,0.33161,0.33242,0.35598,0.3818,0.42425,0.38875,0.48745,0.44587,0.46579,0.46744,0.3337,0.40556,0.30205,0.36766,0.34327,0.39702,0.44162,0.40359,0.35312,0.39525,0.39639,0.31739,0.36943,0.35557,0.42037,0.40284,0.38344,0.34922,0.48547,0.4743,0.41043,0.38185,0.43579,0.39613]},"LENGTH_OF_ERA":{"CATEGORY":"Length of era","MIN_VALUE":1,"P10_VALUE":1,"P25_VALUE":1,"MEDIAN_VALUE":1,"P75_VALUE":1,"P90_VALUE":1,"MAX_VALUE":366},"AGE_AT_FIRST_DIAGNOSIS":{"CATEGORY":[],"MIN_VALUE":[],"P10_VALUE":[],"P25_VALUE":[],"MEDIAN_VALUE":[],"P75_VALUE":[],"P90_VALUE":[],"MAX_VALUE":[]}}
