{"PREVALENCE_BY_GENDER_AGE_YEAR":{"TRELLIS_NAME":[],"SERIES_NAME":[],"X_CALENDAR_YEAR":[],"Y_PREVALENCE_1000PP":[]},"PREVALENCE_BY_MONTH":{"X_CALENDAR_MONTH":[200507,200208,200707,200905,200512,200606,200909,200702,201406,201106,200612,201306,201301,201008,200710,200902,201110,200410,200306,200711,201111,200601,200305,201105,201107,201109,200706,200402,200203,200802,200804,201206,200102,200304,201309,200011,200608,200509,201302,200103,201002,201004,200703,201408,200308,201312,201108,200511,200508,201103,200906,200910,200212,200303,201006,200901,200709,200903,200810,201104,200202,201001,200911,200812,200503,200406,200907,201208,200607,200301,200409,201303,201205,201007,201003,200912,201010,200809,201304,200506,200808,200105,200504,200408,200412,200806,200501,201509,200404,201101,201310,201201,201102,200602,200204,201207,200610,201405,200609,200604,201009,201211,201202,201402,200205,201410,200807,201311,200206,200803,200407,200312,201308,200712,200708,200302,200311,201203,201512,200307,200401,200502,201011,200805,200904,200002,200210,201012,201005,200510,200209,200811,201307,201305,200008,200310,200704,201606,200603,200611,200801,200505,200908],"Y_PREVALENCE_1000PP":[0.04785,0.08857,0.01259,0.01424,0.05406,0.01584,0.01541,0.01472,0.01001,0.01028,0.01241,0.00845,0.01788,0.02241,0.01219,0.01092,0.01266,0.04873,0.05064,0.01811,0.00692,0.02892,0.08086,0.00912,0.00916,0.00804,0.01273,0.06168,0.07197,0.01638,0.01955,0.00938,0.1477,0.05216,0.00974,0.13698,0.00896,0.05135,0.00837,0.13722,0.0111,0.01782,0.01187,0.00755,0.0554,0.00736,0.01376,0.03646,0.05667,0.00795,0.00768,0.01654,0.05616,0.04525,0.00894,0.00873,0.01848,0.01421,0.00991,0.01024,0.08495,0.0144,0.01545,0.01198,0.04542,0.06334,0.01098,0.01178,0.0169,0.08632,0.04395,0.01318,0.00702,0.00671,0.01334,0.00774,0.01012,0.01441,0.00961,0.0436,0.01673,0.1527,0.03984,0.03342,0.04737,0.01472,0.06739,0.00925,0.0594,0.00905,0.01343,0.00811,0.0136,0.01656,0.05975,0.0094,0.01857,0.00873,0.03793,0.01379,0.01908,0.0083,0.01045,0.01235,0.07721,0.00887,0.01684,0.00734,0.07496,0.00928,0.0509,0.04475,0.01093,0.00956,0.01742,0.04617,0.05874,0.01862,0.0107,0.0568,0.03771,0.0461,0.01352,0.01939,0.01532,0.61977,0.06731,0.01241,0.01785,0.05074,0.05175,0.01861,0.01211,0.01325,0.20901,0.0864,0.01304,0.00826,0.02184,0.01541,0.01888,0.0344,0.01429]},"LENGTH_OF_ERA":{"CATEGORY":"Length of era","MIN_VALUE":1,"P10_VALUE":1,"P25_VALUE":1,"MEDIAN_VALUE":1,"P75_VALUE":1,"P90_VALUE":1,"MAX_VALUE":93},"AGE_AT_FIRST_DIAGNOSIS":{"CATEGORY":[],"MIN_VALUE":[],"P10_VALUE":[],"P25_VALUE":[],"MEDIAN_VALUE":[],"P75_VALUE":[],"P90_VALUE":[],"MAX_VALUE":[]}}
