{"PREVALENCE_BY_GENDER_AGE_YEAR":{"TRELLIS_NAME":[],"SERIES_NAME":[],"X_CALENDAR_YEAR":[],"Y_PREVALENCE_1000PP":[]},"PREVALENCE_BY_MONTH":{"X_CALENDAR_MONTH":[200910,201404,201007,200911,201811,201207,201202,201510,201012,201608,201106,201003,201108,201809,201212,201005,201302],"Y_PREVALENCE_1000PP":[0.00661,0.00994,0.00895,0.00994,0.01907,0.00705,0.00697,0.00796,0.00677,0.00835,0.00914,0.00889,0.00688,0.01144,0.00832,0.00669,0.00837]},"LENGTH_OF_ERA":{"CATEGORY":"Length of era","MIN_VALUE":1,"P10_VALUE":1,"P25_VALUE":1,"MEDIAN_VALUE":1,"P75_VALUE":31,"P90_VALUE":63,"MAX_VALUE":216},"AGE_AT_FIRST_DIAGNOSIS":{"CATEGORY":[],"MIN_VALUE":[],"P10_VALUE":[],"P25_VALUE":[],"MEDIAN_VALUE":[],"P75_VALUE":[],"P90_VALUE":[],"MAX_VALUE":[]}}
