{"PREVALENCE_BY_GENDER_AGE_YEAR":{"TRELLIS_NAME":[],"SERIES_NAME":[],"X_CALENDAR_YEAR":[],"Y_PREVALENCE_1000PP":[]},"PREVALENCE_BY_MONTH":{"X_CALENDAR_MONTH":[200609,201503,201602,201608,201311,201410,201002,200603,200712,201505,201301,201312,201004,200910,201112,201407,201509,200907,201204,201001,201512,201808,201203,200912,200810,200911,201411,201108,200806,200611,201706,200905,201710,201507,201604,201807,200607,201603,201009,201612,201202,201307,201211,200802,200902,200610,200602,201809,201106,201712,201201,201611,201708,200909,201405,200704,201105,201607,201711,201010,200605,201707,201601,200801,200708,201110,201402,201811,201806,201210,201510,201103,201804,201306,200606,201709,201511,201310,200612,201003,200811,201403,201212,201408,200709,201007,201107,201101,201302,200906,201005,200807,201305,200901,200809,201304,201702,200706,201012,200703,201508,201205,201609,201606,201802,201006,201206,201705,201610,200803,201502,200707,201308,200701,200711,201701,201501,201109,200903,200812,200804,201504,201209,201401,200904,200808,201104,201506,201309,201011,201008,201803,201208,200604,201801,201111,200702,201409,201805,201303,201704,201703,201406,201812,201207,201102,201404,200705,200805,200908,201810,201605,200608,201412,200710,200601],"Y_PREVALENCE_1000PP":[0.18817,0.11739,0.0891,0.13635,0.10524,0.13935,0.07436,0.2239,0.09802,0.13,0.07866,0.09081,0.08017,0.08819,0.09247,0.1518,0.10833,0.13176,0.08636,0.09526,0.10967,0.17198,0.11407,0.07518,0.15855,0.09273,0.0966,0.13419,0.16423,0.13166,0.13196,0.13366,0.15508,0.14412,0.11862,0.14864,0.22888,0.1058,0.1044,0.08681,0.09638,0.14286,0.10081,0.11699,0.09718,0.15571,0.17182,0.17159,0.11656,0.10022,0.08573,0.10043,0.14325,0.09797,0.12595,0.15253,0.13913,0.13842,0.12865,0.10121,0.23569,0.13307,0.07927,0.13101,0.14935,0.10592,0.07906,0.20701,0.13501,0.11833,0.11141,0.11131,0.10558,0.15578,0.25032,0.1339,0.14252,0.12083,0.13784,0.11225,0.12696,0.0892,0.08679,0.13091,0.16635,0.13874,0.1248,0.08368,0.07889,0.13161,0.14945,0.20212,0.14453,0.09163,0.15625,0.09851,0.09081,0.15913,0.09142,0.15303,0.15393,0.13099,0.11612,0.14737,0.06899,0.14188,0.14773,0.14862,0.09707,0.11019,0.10283,0.15859,0.12261,0.11114,0.11829,0.08449,0.08832,0.14824,0.106,0.10563,0.17711,0.10491,0.10154,0.08001,0.09738,0.14501,0.08764,0.14745,0.13269,0.09236,0.14232,0.12511,0.14015,0.18268,0.10131,0.11074,0.13916,0.12249,0.17432,0.10782,0.10233,0.10592,0.10757,0.29783,0.11752,0.06915,0.10317,0.15836,0.19277,0.10004,0.18467,0.13977,0.22111,0.07268,0.17682,0.22081]},"LENGTH_OF_ERA":{"CATEGORY":"Length of era","MIN_VALUE":1,"P10_VALUE":1,"P25_VALUE":1,"MEDIAN_VALUE":1,"P75_VALUE":1,"P90_VALUE":1,"MAX_VALUE":185},"AGE_AT_FIRST_DIAGNOSIS":{"CATEGORY":[],"MIN_VALUE":[],"P10_VALUE":[],"P25_VALUE":[],"MEDIAN_VALUE":[],"P75_VALUE":[],"P90_VALUE":[],"MAX_VALUE":[]}}
