{"PREVALENCE_BY_GENDER_AGE_YEAR":{"TRELLIS_NAME":["80-89","70-79","70-79","70-79","80-89","80-89","80-89","70-79","70-79","80-89","80-89","80-89","80-89","70-79","80-89","70-79","60-69","90-99","70-79","80-89","90-99","70-79","60-69","90-99","80-89","80-89","80-89","80-89","70-79","70-79","90-99","60-69","90-99","70-79","80-89","90-99","70-79","80-89"],"SERIES_NAME":["FEMALE","MALE","MALE","MALE","MALE","MALE","FEMALE","MALE","MALE","MALE","FEMALE","MALE","FEMALE","MALE","MALE","MALE","MALE","FEMALE","FEMALE","FEMALE","MALE","MALE","MALE","FEMALE","MALE","FEMALE","FEMALE","MALE","MALE","FEMALE","MALE","MALE","FEMALE","MALE","FEMALE","FEMALE","FEMALE","MALE"],"X_CALENDAR_YEAR":[2008,2008,2009,2010,2010,2011,2012,2012,2013,2013,2013,2014,2014,2014,2015,2015,2015,2015,2015,2015,2016,2016,2016,2016,2016,2016,2017,2017,2017,2017,2017,2017,2017,2018,2018,2018,2018,2018],"Y_PREVALENCE_1000PP":[0.17303,0.1102,0.098,0.10111,0.23673,0.19941,0.13353,0.0927,0.14466,0.52456,0.315,0.35929,0.14646,0.21407,0.53416,0.30802,0.07788,0.54304,0.09417,0.27267,0.88443,0.24583,0.0789,0.58693,0.58206,0.16403,0.29413,0.4557,0.40901,0.13985,1.09785,0.13693,0.43314,0.43586,0.39296,0.47343,0.15586,0.69316]},"PREVALENCE_BY_MONTH":{"X_CALENDAR_MONTH":[201608,201403,201707,201502,201706,201305,201306,201701,201811,201504,201601,201208,201310,201803,201510,201702,201805,201709,201703,201307,201808,201606,201304,201412,201710,201802,201708,201507,201812,201612,201607,201604,201309,201605,201809,201705,201409,201806,201602,201807,201711,201611,201505,201101,201804,201810,201308,201712,201407,201801,200911,201508,201503,201501],"Y_PREVALENCE_1000PP":[0.01391,0.00867,0.00897,0.00771,0.01038,0.00723,0.01087,0.01002,0.04086,0.01295,0.01209,0.00707,0.01343,0.01462,0.01724,0.02018,0.02514,0.01674,0.01741,0.00726,0.02715,0.01377,0.00841,0.0102,0.00921,0.01123,0.0196,0.01441,0.03723,0.00996,0.01384,0.015,0.01217,0.00822,0.01907,0.01619,0.00758,0.0188,0.00945,0.01224,0.0155,0.0099,0.0143,0.00679,0.01155,0.01486,0.0085,0.01253,0.00878,0.01266,0.00662,0.01447,0.00774,0.01152]},"LENGTH_OF_ERA":{"CATEGORY":"Length of era","MIN_VALUE":1,"P10_VALUE":1,"P25_VALUE":1,"MEDIAN_VALUE":1,"P75_VALUE":1,"P90_VALUE":31,"MAX_VALUE":123},"AGE_AT_FIRST_DIAGNOSIS":{"CATEGORY":["FEMALE","MALE"],"MIN_VALUE":[12,17],"P10_VALUE":[58,62],"P25_VALUE":[71,71],"MEDIAN_VALUE":[81,77],"P75_VALUE":[86,84],"P90_VALUE":[92,88],"MAX_VALUE":[104,97]}}
