{"PREVALENCE_BY_GENDER_AGE_YEAR":{"TRELLIS_NAME":[],"SERIES_NAME":[],"X_CALENDAR_YEAR":[],"Y_PREVALENCE_1000PP":[]},"PREVALENCE_BY_MONTH":{"X_CALENDAR_MONTH":[201005,201408,201309,201002,201510,200808,201203,200905,201808,200809,201512,201106,201007,200909,201804,201511,201307,200910,201305,201308,200901,200912,200804,201601,201403,201409,201111,200612,201401,201008,200908,201404,200705,200507,201411,201406,201112,201211,201009,201811,201809,200911,201812,200412,200805,201205,201108,201501,200802,200503,201703,201006,200711,200904,201503,201608,200801,201312,201003,201806,201705,201508,201110,201011,200605,201412,200902,201709,201604,201701,201201,200704,201807,201607,200903,201410,201609,201606,201505,201104,201704,201102,201801,200810,201109,201004,201210,201502,201301,200812,201803,201202,201209,200807,200712,201708,200907,201605,201105,201310,201602,201207,201304,201507,200601,201712,201208,200708,201010,200803,200811,201001,201802],"Y_PREVALENCE_1000PP":[0.00781,0.00881,0.00974,0.01332,0.00796,0.00669,0.00931,0.01096,0.01086,0.01551,0.01605,0.01143,0.00783,0.00991,0.01155,0.01199,0.0109,0.00992,0.00964,0.01093,0.01527,0.01106,0.0092,0.00806,0.00867,0.01137,0.00692,0.01103,0.00985,0.00897,0.01539,0.01119,0.00772,0.02871,0.0089,0.01251,0.01272,0.01186,0.00674,0.01634,0.01144,0.01104,0.03257,0.03158,0.01369,0.01053,0.01147,0.00896,0.01404,0.03028,0.01306,0.00894,0.01448,0.00875,0.01161,0.00835,0.01298,0.00736,0.00778,0.01367,0.01619,0.01053,0.00806,0.01014,0.01319,0.0102,0.01092,0.01065,0.01363,0.00859,0.00695,0.00782,0.01049,0.01661,0.01202,0.00887,0.00979,0.00826,0.0104,0.01138,0.01316,0.00793,0.01425,0.01541,0.0069,0.01113,0.00828,0.009,0.01192,0.0098,0.01137,0.01045,0.00945,0.01235,0.01076,0.01056,0.00878,0.01096,0.01026,0.01098,0.00945,0.0141,0.00961,0.01048,0.0184,0.01566,0.00942,0.00996,0.00787,0.01276,0.02189,0.00886,0.01284]},"LENGTH_OF_ERA":{"CATEGORY":"Length of era","MIN_VALUE":1,"P10_VALUE":1,"P25_VALUE":1,"MEDIAN_VALUE":1,"P75_VALUE":32,"P90_VALUE":91,"MAX_VALUE":305},"AGE_AT_FIRST_DIAGNOSIS":{"CATEGORY":[],"MIN_VALUE":[],"P10_VALUE":[],"P25_VALUE":[],"MEDIAN_VALUE":[],"P75_VALUE":[],"P90_VALUE":[],"MAX_VALUE":[]}}
