{"PREVALENCE_BY_GENDER_AGE_YEAR":{"TRELLIS_NAME":[],"SERIES_NAME":[],"X_CALENDAR_YEAR":[],"Y_PREVALENCE_1000PP":[]},"PREVALENCE_BY_MONTH":{"X_CALENDAR_MONTH":[201205,201712,201511,200104,201508,201002,201407,200509,201611,200604,201302,200004,201605,201608,200101,200504,201303,201206,201607,200301,200903,201208,201405,200801,200906,201505,200105,201808,201212,200109,201709,201701,200605,200612,201807,200812,200803,201006,200907,201801,200011,201606,201108,200012,201301,200009,201311,201105,201510,200303,201202,200311,200305,200502,201406,201412,201103,200808,201110,201401,200410,200905,201705,200901,200610,200510,200910,200302,201802,201310,201001,201810,200307,201107,201211,201411,200512,200711,200404,201502,200111,201308,200403,200204,200309,200804,200811,200005,200709,201804,200809,200209,200110,200006,200602,200308,200402,200705,201204,200407,200702,200207,201601,200210,200609,200508,201612,200911,201602,201706,200802,200704,201004,201309,200603,201009,200001,200212,201703,200912,200205,200304,200401,201409,200904,200701,200208,201111,201402,200707,200505,200406,200103,200601,201104,201012,201805,201305,201203,201008,200712,200710,200202,201610,201306,200703,200708,201609,200909,200112,201102,201312,201507,201711,201702,200007,201604,201506,200203,200312,201504,200806,201708,200511,201101,200507,201201,201809,200102,200411,200206,200902,200606,201109,200608,201501,201007,201811,201603,201509,200908,200805,200002,200501,200108,201209,201408,200211,201403,201710,200106,201812,201106,200607,201806,200506,201112,200008,201410,201005,201010,201803,201304,200706,201404,201011,201207,200409,201003,200405,200412,200003,200310,200807,200408,200611,201307,200810,200201,200306,201210,201512,201707,200010,201704,201503,200503],"Y_PREVALENCE_1000PP":[0.03392,0.04385,0.02664,0.22681,0.02237,0.03773,0.02509,0.10736,0.02829,0.02068,0.04423,0.55301,0.0137,0.02504,0.29589,0.03486,0.04193,0.03986,0.02492,0.1334,0.04918,0.04004,0.03118,0.05901,0.04935,0.0299,0.12216,0.04526,0.02972,0.24155,0.03348,0.03294,0.03296,0.02619,0.04896,0.06751,0.04524,0.04245,0.03184,0.02691,0.36527,0.02204,0.05391,0.46368,0.05602,0.19032,0.03304,0.04448,0.02918,0.11313,0.05806,0.06527,0.07351,0.09219,0.03752,0.04846,0.05679,0.03681,0.04375,0.04062,0.07581,0.02958,0.02354,0.04473,0.01571,0.0738,0.04299,0.16929,0.02728,0.03417,0.05095,0.05307,0.071,0.02175,0.04151,0.03813,0.08109,0.02776,0.11285,0.02571,0.23554,0.02549,0.13296,0.17925,0.10853,0.04945,0.07114,0.49955,0.02218,0.03794,0.0543,0.138,0.2324,0.42632,0.05589,0.07618,0.09252,0.01931,0.02451,0.06787,0.03078,0.10921,0.04031,0.08414,0.01896,0.06611,0.02419,0.04084,0.0324,0.02669,0.04563,0.03259,0.04677,0.03287,0.03094,0.04378,2.26458,0.21663,0.04062,0.06081,0.14477,0.07451,0.18857,0.03283,0.02735,0.02575,0.14171,0.03807,0.04323,0.02895,0.06881,0.04607,0.37735,0.05783,0.03301,0.0474,0.02514,0.03131,0.04074,0.03362,0.05618,0.02073,0.28669,0.0211,0.02778,0.03166,0.02863,0.02098,0.03853,0.22764,0.04421,0.04786,0.03144,0.0217,0.03171,0.30287,0.02727,0.03132,0.19533,0.12787,0.03626,0.03624,0.02865,0.05013,0.05993,0.06699,0.05329,0.05338,0.24002,0.06941,0.14993,0.05459,0.03327,0.04137,0.01942,0.04224,0.05147,0.0681,0.03798,0.03303,0.04507,0.03194,1.96261,0.11922,0.25115,0.02952,0.02014,0.13133,0.04832,0.01996,0.08697,0.10703,0.04685,0.02919,0.0376,0.06298,0.05664,0.47773,0.02914,0.04907,0.04611,0.03087,0.03604,0.01655,0.03605,0.04618,0.03173,0.05493,0.07335,0.14026,0.13686,0.41632,0.11964,0.04042,0.0947,0.02241,0.03148,0.04294,0.32872,0.12298,0.02958,0.02541,0.03289,0.37297,0.02339,0.03096,0.11607]},"LENGTH_OF_ERA":{"CATEGORY":"Length of era","MIN_VALUE":1,"P10_VALUE":1,"P25_VALUE":1,"MEDIAN_VALUE":1,"P75_VALUE":1,"P90_VALUE":1,"MAX_VALUE":93},"AGE_AT_FIRST_DIAGNOSIS":{"CATEGORY":[],"MIN_VALUE":[],"P10_VALUE":[],"P25_VALUE":[],"MEDIAN_VALUE":[],"P75_VALUE":[],"P90_VALUE":[],"MAX_VALUE":[]}}
