{"PREVALENCE_BY_GENDER_AGE_YEAR":{"TRELLIS_NAME":[],"SERIES_NAME":[],"X_CALENDAR_YEAR":[],"Y_PREVALENCE_1000PP":[]},"PREVALENCE_BY_MONTH":{"X_CALENDAR_MONTH":[200909,200811,200805,201411,201003,201006,200910,200905,200803,201208,201011,200809,200812,200906,201201,201101,201312,200804,201002,200807,201205,201504,201106,201306,201104,200911,200810,201303,201112,201309,201004,201007,201305,200902],"Y_PREVALENCE_1000PP":[0.0066,0.01095,0.00798,0.00763,0.01111,0.01005,0.00992,0.01096,0.0116,0.00942,0.01014,0.00776,0.01525,0.01097,0.00811,0.00905,0.00736,0.0092,0.00777,0.00674,0.00702,0.00907,0.008,0.00845,0.01366,0.00773,0.01431,0.00958,0.00694,0.0073,0.00891,0.00671,0.00964,0.00764]},"LENGTH_OF_ERA":{"CATEGORY":"Length of era","MIN_VALUE":1,"P10_VALUE":1,"P25_VALUE":1,"MEDIAN_VALUE":1,"P75_VALUE":32,"P90_VALUE":62,"MAX_VALUE":366},"AGE_AT_FIRST_DIAGNOSIS":{"CATEGORY":[],"MIN_VALUE":[],"P10_VALUE":[],"P25_VALUE":[],"MEDIAN_VALUE":[],"P75_VALUE":[],"P90_VALUE":[],"MAX_VALUE":[]}}
