{"PREVALENCE_BY_GENDER_AGE_YEAR":{"TRELLIS_NAME":[],"SERIES_NAME":[],"X_CALENDAR_YEAR":[],"Y_PREVALENCE_1000PP":[]},"PREVALENCE_BY_MONTH":{"X_CALENDAR_MONTH":[201105,201702,201707,201704,201211,201110,201401,201703,200709,201202,200905,201712,201809,200904,201408,200909,200603,201404,201605,200601,200803,200906,201210,201209,201802,201512,200903,201206,201505,201811,201207,201012,200810,201311,201101,201303,200701,200804,200604,201112,201308,201307,201306,201706,200806,201503,201812,201201,201010,201510,200607,201610,201104,201807,200608,201205,201507,201402,201607,201711,200611,201709,201302,201801,201509,200605,200808,200805,200602,201804,201002,201011,201310,201508,200910,200802,201109,201705,201008,201808,200606,201708,200811,201411,201606,200712,201312,200610,201305,201304,201603,200908,200912,201409,201309,200707,201003,201001,201504,201107,200902,201111,201407,200702,201406,200809,200708,201412,200801,201204,201604,201106,201301,201806,201007,201405,201208,200612,201009,201810,201506,200711,201701,200703,201609,201006,201103,201611,201601,201501,200609,201803,201108,200807,201410,201608,201502,201203,200812,201212,201005,200705,201004,200706,201102,201511,201612,200907,200911,200704,201710,201602,201805,201403,200901,200710],"Y_PREVALENCE_1000PP":[1.12789,1.96319,2.04696,1.73229,1.54063,1.20776,1.65564,2.18214,0.92172,1.3145,0.91151,2.04678,2.39651,1.00884,1.67794,0.9786,0.94837,1.5252,1.85806,1.58773,0.92794,1.08028,1.31825,1.46056,1.83226,1.82433,0.97262,1.35652,1.64054,4.09663,1.37145,1.18844,0.93478,1.59206,1.06752,1.54425,0.84712,1.02124,0.74796,1.19291,1.61937,1.60172,1.50712,2.13515,0.91179,1.92475,5.84488,1.03106,0.96489,1.70834,0.80337,1.85988,1.03691,2.42717,0.83961,1.37773,1.84337,1.40447,1.86449,2.16065,0.82079,2.17436,1.18812,2.26683,1.78355,0.81091,0.98386,0.93304,0.84874,2.0769,0.85122,1.12976,1.55984,1.77614,0.95575,0.88679,1.15492,2.02186,1.04669,2.8241,0.81909,2.17738,0.89423,1.55446,1.94612,0.9001,1.57442,0.78853,1.50912,1.45724,1.95057,0.86078,0.99835,1.74144,1.53383,0.92762,1.15587,1.01245,1.53473,1.18621,0.94884,1.27464,1.735,0.74399,1.6485,0.93749,0.95086,1.75203,1.03864,1.0982,1.99609,1.24105,1.55183,2.27302,1.08976,1.58372,1.48158,0.7898,1.09673,3.00783,1.71457,0.98492,1.90755,0.97622,1.95018,1.04787,1.27436,2.02841,1.82997,1.71384,0.85186,2.34953,1.27313,1.02407,1.64943,2.04522,1.46655,1.34669,0.97896,1.30662,1.05509,0.90897,0.93422,0.85424,0.96464,1.76882,2.01078,0.89926,1.0421,0.71312,1.92542,1.61994,2.28454,1.66389,0.90762,0.94874]},"LENGTH_OF_ERA":{"CATEGORY":"Length of era","MIN_VALUE":1,"P10_VALUE":1,"P25_VALUE":1,"MEDIAN_VALUE":1,"P75_VALUE":1,"P90_VALUE":1,"MAX_VALUE":337},"AGE_AT_FIRST_DIAGNOSIS":{"CATEGORY":[],"MIN_VALUE":[],"P10_VALUE":[],"P25_VALUE":[],"MEDIAN_VALUE":[],"P75_VALUE":[],"P90_VALUE":[],"MAX_VALUE":[]}}
