{"PREVALENCE_BY_GENDER_AGE_YEAR":{"TRELLIS_NAME":[],"SERIES_NAME":[],"X_CALENDAR_YEAR":[],"Y_PREVALENCE_1000PP":[]},"PREVALENCE_BY_MONTH":{"X_CALENDAR_MONTH":[201204,200207,201202,200910,201011,200906,201012,201206,201203,201009,201508,200811,200909,201512,200710,201205,200908,201510,201307,200206,200912,201004,201106,200903,201109,201101,200705,201007,201008,201111,201304,201302,200602,200805,200901,200109,200812,201005,201208,201104,200807,200810,201209,201001,201112,201108,201006,201103,201102,201105,201003,201002,200905,200902],"Y_PREVALENCE_1000PP":[0.00934,0.05461,0.00929,0.00882,0.01126,0.00877,0.01016,0.00938,0.00931,0.00674,0.00921,0.00766,0.01211,0.00802,0.00732,0.00702,0.0077,0.01194,0.00847,0.06559,0.00884,0.00891,0.00914,0.01093,0.01149,0.00792,0.00901,0.01007,0.01233,0.00923,0.00721,0.00837,0.01449,0.00684,0.012,0.07628,0.00871,0.01004,0.01296,0.00683,0.00674,0.00881,0.00708,0.01662,0.00809,0.00688,0.01229,0.00795,0.01134,0.00912,0.01223,0.00888,0.01205,0.00764]},"LENGTH_OF_ERA":{"CATEGORY":"Length of era","MIN_VALUE":1,"P10_VALUE":1,"P25_VALUE":1,"MEDIAN_VALUE":1,"P75_VALUE":1,"P90_VALUE":32,"MAX_VALUE":338},"AGE_AT_FIRST_DIAGNOSIS":{"CATEGORY":[],"MIN_VALUE":[],"P10_VALUE":[],"P25_VALUE":[],"MEDIAN_VALUE":[],"P75_VALUE":[],"P90_VALUE":[],"MAX_VALUE":[]}}
