{"PREVALENCE_BY_GENDER_AGE_YEAR":{"TRELLIS_NAME":[],"SERIES_NAME":[],"X_CALENDAR_YEAR":[],"Y_PREVALENCE_1000PP":[]},"PREVALENCE_BY_MONTH":{"X_CALENDAR_MONTH":[201809,201205,200403,201705,201708,201006,201009,200208,201305,200508,201011,201212,201106,200012,201510,201403,200711,200505,200603,200112,200904,200804,201610,200001,201811,201607,201609,200611,200601,201602,200708,201405,200412,200705,201107,201310,200507,201306,201603,200103,200511,201806,201312,200011,201612,200002,200709,200701,200907,200312,201503,201311,200706,200211,201605,200202,201807,201307,200912,200506,201702,201103,200902,201109,200205,200108,200903,200612,200111,200106,201301,201802,200307,200602,201001,201404,201412,200102,200512,200812,201808,201711,201203,200402,201812,200005,200510,201004,200809,200908,201507,200802,201210,200407,200306,201402,200411,200104,201111,200006,200105,200807,201805,201008,200405,201211,201209,201801,200404,201112,200610,201410,201511,200004,201304,201506,200207,200212,200604,200609,200209,200010,200606,201504,201201,200204,200702,200007,201208,200408,200607,201604,200905,200605,201105,200503,200301,201608,201701,201501,200303,201012,201710,200203,201110,200309,200406,201010,201202,201409,200703,201204,201406,201309,200305,200401,201703,200906,200302,201707,201308,201505,200502,201102,200806,201002,200704,201512,201408,201303,201502,201712,201606,200210,200409,201709,201007,200206,200008,201207,200608,200811,200304,201005,200803,200710,201810,201611,200909,201003,200810,201804,200311,200101,201411,200308,201108,201206,201401,201803,201704,201104,201302,200110,201508,200107,200410,200910,200911,201706,200504,201509,200109,200310,200501,200707,200808,200509,200901,200805,200201,200009,200801,201407,201101,201601,200712,200003],"Y_PREVALENCE_1000PP":[1.52332,1.45259,1.86742,1.44944,1.41138,1.15176,1.32686,2.17873,1.39591,1.33173,1.42825,1.40649,1.20448,4.46814,1.25075,1.36283,0.65902,1.59237,0.7354,2.83415,1.02087,0.73488,1.26055,36.04454,2.59036,1.28313,1.29406,0.55466,0.99628,1.53624,0.5277,1.25201,1.61595,0.54461,1.2675,1.20467,1.49779,1.20038,1.46225,3.87637,1.46297,1.49028,1.35967,4.20063,1.47856,16.42392,0.54342,0.60722,0.97941,1.77096,1.46291,1.2225,0.5767,2.25723,1.41136,2.22984,1.61054,1.25305,1.36762,1.49204,1.47888,1.4754,1.00235,1.16871,2.61545,2.98736,1.06442,0.57753,3.16802,3.24704,1.58877,1.66861,1.52649,0.66243,1.45885,1.37604,1.38989,3.76641,1.59485,1.20111,1.68722,1.49416,1.49451,1.88124,4.58842,8.76476,1.42992,1.30055,0.69259,1.09824,1.24201,0.90902,1.27446,1.51574,1.30218,1.34765,1.49491,3.6452,1.28964,6.74366,3.57312,0.74335,1.61242,1.40306,1.53113,1.22515,1.18782,1.79827,1.79373,1.39982,0.5114,1.15536,1.29598,8.73749,1.28064,1.24613,2.58464,2.16631,0.59803,0.48282,2.23391,5.17181,0.54501,1.24721,1.47708,2.48952,0.56334,5.75448,1.27666,1.49853,0.51459,1.39481,0.89398,0.54555,1.29781,1.75622,2.2285,1.28835,1.46074,1.59736,1.94589,1.53041,1.49243,2.93002,1.20085,1.62789,1.63542,1.3135,1.49333,1.15044,0.58837,1.29776,1.15695,1.11142,0.99976,1.69717,1.59453,0.90151,2.03914,1.42943,1.24305,1.29865,1.56726,1.35231,0.66034,1.30069,0.54755,1.39767,1.148,1.35856,1.20306,1.6772,1.22579,1.96037,1.51618,1.39074,1.31241,2.23013,5.79243,1.21515,0.55277,0.87233,0.95376,1.31385,0.84675,0.57071,1.89555,1.30277,1.05456,1.51041,0.80816,1.46818,1.76871,3.57037,1.28881,1.73135,1.3041,1.24748,1.49562,1.75321,1.45161,1.25658,1.25386,2.76432,1.25645,3.07147,1.48908,1.13985,1.23418,1.35375,1.56864,1.2247,2.69518,1.52205,1.88165,0.53492,0.72172,1.24629,1.03853,0.76764,3.04617,4.26862,0.8498,1.21187,1.64991,1.49945,0.65625,14.15487]},"LENGTH_OF_ERA":{"CATEGORY":"Length of era","MIN_VALUE":1,"P10_VALUE":1,"P25_VALUE":1,"MEDIAN_VALUE":1,"P75_VALUE":1,"P90_VALUE":31,"MAX_VALUE":338},"AGE_AT_FIRST_DIAGNOSIS":{"CATEGORY":[],"MIN_VALUE":[],"P10_VALUE":[],"P25_VALUE":[],"MEDIAN_VALUE":[],"P75_VALUE":[],"P90_VALUE":[],"MAX_VALUE":[]}}
