{"PREVALENCE_BY_GENDER_AGE_YEAR":{"TRELLIS_NAME":[],"SERIES_NAME":[],"X_CALENDAR_YEAR":[],"Y_PREVALENCE_1000PP":[]},"PREVALENCE_BY_MONTH":{"X_CALENDAR_MONTH":[201603,200212,200405,201802,200502,201001,201406,200504,200202,200308,201408,201103,200703,201008,201504,200609,201210,200309,201712,200908,201311,201509,201405,200008,201012,201308,201401,201006,200311,201104,200109,201601,201812,201409,201301,200307,201507,201212,200911,201510,200612,201110,201705,201303,200106,201506,201310,200707,201206,200401,201810,200902,200611,200412,200310,200801,201708,200706,201107,200306,201309,201202,201410,201607,201403,200907,200312,200503,200704,201305,201101,200711,200203,200103,200810,200002,200403,201608,200602,200710,201611,201404,200211,201801,200003,200712,201312,200709,200909,201004,201201,201207,200406,200004,201307,201612,200408,201602,200001,200303,201412,200204,200209,200607,200304,200208,200905,201807,200102,200912,200205,200305,201502,200910,201105,200802,200803,200807,201211,201304,200505,201609,201512,200101,200112,201703,201711,200402,200708,201007,200105,201805,200006,201702,200207,200206,201010,200210,201707,201106,200407,200404,201208,200005,200901,201203,201811,201709,201710,201511,201808,200806,201503,200510,201411,200601,201809,200409,200701,201204,201111,200705,201109,201209,200604,200603,200411,200906,200805,201606,200804,200512,201005,200110,200108,200506,200608,201704,200302,200104,200508,201306,200511,201407,201701,200610,201803,200605,200501,200809,201806,201009,200702,201011,200012,200111,201501,200011,201108,201505,200904,201804,200903,200507,200007,201003,201002,200201,200509,201112,201302,200808,201205,200811,201706,200107,201402,201508,200010,201605,200812,200301,200009,201610,201604,200410,201102,200606],"Y_PREVALENCE_1000PP":[0.85863,0.76222,0.80648,0.93538,0.69656,0.74881,0.70043,0.90632,0.93441,0.82412,0.65708,0.73486,0.38257,0.67351,0.71491,0.26694,0.68634,0.59689,0.93804,0.61233,0.68284,0.63547,0.71828,2.71707,0.77198,0.67979,0.75704,0.60325,0.83541,0.67723,0.9662,0.83168,2.69907,0.64404,0.87484,0.76679,0.71141,0.76804,0.71423,0.70031,0.35975,0.64245,0.85495,0.76554,1.07268,0.7255,0.68838,0.38263,0.68471,0.73544,1.21205,0.618,0.32355,0.98957,0.67794,0.61846,0.82632,0.4112,0.60341,0.73067,0.6391,0.75828,0.64989,0.6824,0.79787,0.59402,0.8695,0.77213,0.3181,0.72626,0.83117,0.46711,0.93555,1.38932,0.52629,6.92077,0.78565,0.76383,0.39539,0.39998,0.85578,0.67994,0.86185,1.05743,7.00805,0.51759,0.805,0.36844,0.57461,0.66364,0.72522,0.70277,0.75436,3.87104,0.7482,0.82253,0.71306,0.85992,38.68654,0.92015,0.80588,0.91614,0.78489,0.298,0.5514,0.95651,0.57737,0.91631,1.55087,0.79714,0.94581,0.5881,0.7005,0.63496,0.69566,0.62239,0.5614,0.56593,0.69382,0.7136,0.88465,0.74286,0.83994,1.85423,1.17236,0.94743,0.87573,0.90053,0.43062,0.68138,1.69494,0.94533,3.44935,0.9052,0.96469,0.97451,0.68037,0.79929,0.80443,0.68109,0.81443,0.76026,0.68779,3.54223,0.62944,0.77403,1.56075,0.79732,0.81684,0.69128,1.03912,0.48591,0.79725,0.66422,0.71558,0.49945,1.03715,0.85148,0.3524,0.67572,0.65981,0.35535,0.64813,0.64586,0.34813,0.43141,0.82754,0.55275,0.52583,0.71895,0.56697,0.8605,0.73165,1.27208,1.17644,0.78477,0.2958,0.79963,0.93877,1.29607,0.77448,0.58932,0.82947,0.67869,0.89649,0.27427,0.95703,0.36425,1.00562,0.49977,0.89383,0.67578,0.28903,0.71863,1.83362,0.91861,0.87676,1.68938,0.62051,0.74487,0.58648,0.9502,0.6863,0.6508,3.02867,0.79022,0.7014,1.13958,0.77018,0.80452,0.67056,0.47185,0.73214,0.54836,0.79179,1.20369,0.75473,0.64204,1.98916,0.866,0.73068,1.13779,2.20228,0.73579,0.79762,0.77974,0.74247,0.27726]},"LENGTH_OF_ERA":{"CATEGORY":"Length of era","MIN_VALUE":0,"P10_VALUE":1,"P25_VALUE":1,"MEDIAN_VALUE":1,"P75_VALUE":31,"P90_VALUE":62,"MAX_VALUE":6910},"AGE_AT_FIRST_DIAGNOSIS":{"CATEGORY":[],"MIN_VALUE":[],"P10_VALUE":[],"P25_VALUE":[],"MEDIAN_VALUE":[],"P75_VALUE":[],"P90_VALUE":[],"MAX_VALUE":[]}}
