{"PREVALENCE_BY_GENDER_AGE_YEAR":{"TRELLIS_NAME":[],"SERIES_NAME":[],"X_CALENDAR_YEAR":[],"Y_PREVALENCE_1000PP":[]},"PREVALENCE_BY_MONTH":{"X_CALENDAR_MONTH":[201401,201301,200602,201204,200601,201409,201503,200811,200910,201110,201601,201405,200706,200704,201111,201608,201802,201510,201803,201402,201203,201208,201207,201306,200707,200805,201406,200804,201505,201501,201004,201304,201808,201005,200909,200903,201701,201610,201310,200710,200912,200608,201506,201104,201708,200806,201609,201412,200708,200603,201706,200712,201103,201209,201702,201508,201308,201403,200902,200812,201202,201112,201212,201801,201011,200701,200809,200801,201804,201606,201302,201012,201007,201611,200606,200810,201602,200610,201711,200807,201211,201001,200901,200911,201707,201205,200711,200803,201101,200605,201206,200609,201709,200808,201307,201311,201303,201410,201407,201704,201105,200703,201107,201806,201309,201006,200904,201507,201109,201002,200607,201511,201805,201312,201003,200905,201807,200709,200702,201509,201008,200611,201811,201404,200906,201607,201102,201108,201411,201106,201703,201812,201504,201605,201009,201710,201010,201305,201512,201201,200604,201604,200612,201502,201809,200705,201712,201408,201603,201810,200908,200907,201705,201612,200802,201210],"Y_PREVALENCE_1000PP":[0.1194,0.14898,0.22978,0.1062,0.21292,0.15407,0.13803,0.1598,0.11795,0.14507,0.14511,0.17458,0.13113,0.10951,0.13381,0.16139,0.1444,0.17243,0.18523,0.11858,0.15364,0.18373,0.16688,0.15941,0.14474,0.1768,0.14759,0.17366,0.13389,0.14591,0.11135,0.13215,0.26974,0.12045,0.11778,0.13005,0.1518,0.16601,0.14646,0.14999,0.11609,0.17778,0.16963,0.11951,0.22467,0.14385,0.16368,0.11986,0.11699,0.17657,0.20314,0.16137,0.14084,0.17121,0.17729,0.21182,0.16388,0.15611,0.15068,0.12632,0.12077,0.1179,0.12365,0.14405,0.13179,0.13283,0.20279,0.18884,0.18971,0.17905,0.13746,0.12753,0.14209,0.17399,0.1616,0.16736,0.13229,0.14856,0.15965,0.20549,0.15181,0.11077,0.11454,0.10598,0.16896,0.16725,0.1557,0.15659,0.07916,0.178,0.14421,0.18817,0.18107,0.19075,0.1707,0.15297,0.14616,0.18749,0.17438,0.09941,0.14141,0.15567,0.17633,0.16236,0.13512,0.12288,0.10723,0.16115,0.11951,0.1021,0.16283,0.18381,0.21454,0.0994,0.12892,0.13914,0.22908,0.13308,0.12712,0.17307,0.15577,0.15828,0.29417,0.1156,0.12832,0.18548,0.10202,0.17893,0.16777,0.15313,0.19442,0.44209,0.15801,0.14936,0.12685,0.17657,0.14957,0.1373,0.14712,0.10774,0.15166,0.16361,0.11716,0.09254,0.21925,0.17381,0.14407,0.16238,0.14378,0.24411,0.13742,0.13286,0.16922,0.14658,0.1322,0.18224]},"LENGTH_OF_ERA":{"CATEGORY":"Length of era","MIN_VALUE":1,"P10_VALUE":1,"P25_VALUE":1,"MEDIAN_VALUE":1,"P75_VALUE":1,"P90_VALUE":30,"MAX_VALUE":732},"AGE_AT_FIRST_DIAGNOSIS":{"CATEGORY":[],"MIN_VALUE":[],"P10_VALUE":[],"P25_VALUE":[],"MEDIAN_VALUE":[],"P75_VALUE":[],"P90_VALUE":[],"MAX_VALUE":[]}}
