{"PREVALENCE_BY_GENDER_AGE_YEAR":{"TRELLIS_NAME":[],"SERIES_NAME":[],"X_CALENDAR_YEAR":[],"Y_PREVALENCE_1000PP":[]},"PREVALENCE_BY_MONTH":{"X_CALENDAR_MONTH":[200801,201409,200601,200605,200212,201310,200510,200007,200511,200103,200205,200202,200405,200901,200705,200002,200207,201603,200206,200905,200706,200508,200009,201406,201201,200606,200401,200603,200604,201209,200806,200101,200611,201008,200808,201607,200012,200807,200105,200408,200506,200410,200703,201102,200004,200609,200209,200809,200805,200910,201601,201002,201801,201805,201510,200307,201007,200902,200803,201402,200211,201104,201004,200301,201711,201207,201508,201502,201107,201804,200001,201212,200602,200210,201101,201511,201203,201109,201202,201308,200608,201412,200412,200710,201309,201105,201301,200109,200502,201612,200810,200507,200709,200402,200903,201111,201305,201011,201605,201001,200512,201411,201012,201112,200812,200702,200503,200010,201403,200704,200005,200708,201505,200305,200011,200509,201807,201602,200008,200404,201405,200908,201401,201705,200006,201307,200112,200312,200107,200911,201302,201701,200407,201211,201709,201708,200504,200308,201610,201609,201501,201108,201703,200909,201812,201702,200501,200111,200302,201003,201304,200411,201110,201507,200203,201009,201408,201506,201512,200208,200802,201809,200102,201707,200106,200607,201103,201407,200904,200304,201206,201311,200406,201006,200409,200403,201204,201005,200912,201306,200306,201312,201608,201208,200906,201503,200104,201106,200110,201010,201811,201504,200701,200610,200804,201802,200612,201404,200712,200108,200311,200201,201803,200310,200907,201410,200003,200711,200505,200309,201303,200707,200811,201509,201205,201210],"Y_PREVALENCE_1000PP":[0.02124,0.01137,0.04995,0.02307,0.08023,0.01343,0.06919,0.67304,0.06381,0.29159,0.17372,0.16989,0.07013,0.01745,0.01674,1.44613,0.05461,0.01085,0.08433,0.02848,0.01146,0.05195,0.54377,0.01501,0.03012,0.02218,0.08172,0.03459,0.01551,0.01299,0.02718,0.29589,0.01541,0.02129,0.01673,0.01523,0.54798,0.01797,0.24432,0.07799,0.0872,0.05415,0.02507,0.02267,1.05071,0.02188,0.12075,0.01995,0.02509,0.03748,0.01612,0.02996,0.01108,0.01676,0.01592,0.0497,0.03916,0.03166,0.0232,0.01482,0.09029,0.02049,0.01448,0.09416,0.01705,0.0282,0.01184,0.01157,0.02404,0.0132,3.20815,0.01546,0.03312,0.13462,0.03279,0.01199,0.03492,0.01609,0.03484,0.01457,0.02241,0.01275,0.12106,0.02805,0.01948,0.02623,0.01907,0.1907,0.0461,0.00854,0.02422,0.04307,0.02711,0.05551,0.02732,0.01846,0.03011,0.02027,0.01644,0.03655,0.11263,0.00763,0.0316,0.03583,0.02613,0.02409,0.09084,0.47243,0.01239,0.01956,0.6812,0.01742,0.0169,0.04411,0.45659,0.04201,0.01924,0.0081,0.53744,0.11285,0.01621,0.02419,0.01723,0.00883,0.65886,0.01332,0.17073,0.10229,0.2352,0.02097,0.02271,0.01432,0.09615,0.02016,0.01217,0.01206,0.05478,0.04155,0.01548,0.01119,0.02048,0.02867,0.01306,0.02532,0.02792,0.01153,0.0933,0.1531,0.07695,0.03779,0.02283,0.08542,0.02303,0.00917,0.17477,0.03031,0.01385,0.01957,0.01471,0.08857,0.02691,0.01335,0.31387,0.00897,0.20294,0.01843,0.04089,0.01129,0.01532,0.05216,0.02697,0.01958,0.08638,0.02458,0.0824,0.09669,0.0105,0.03123,0.03206,0.01691,0.08681,0.01841,0.0153,0.01884,0.02084,0.01419,0.34022,0.01943,0.13455,0.02924,0.02179,0.01166,0.02304,0.01714,0.0345,0.01284,0.0193,0.00994,0.04064,0.1454,0.08485,0.31777,0.01625,0.07311,0.02525,0.0152,1.45712,0.02293,0.04423,0.04748,0.01557,0.0151,0.03174,0.00793,0.02456,0.01893]},"LENGTH_OF_ERA":{"CATEGORY":"Length of era","MIN_VALUE":1,"P10_VALUE":1,"P25_VALUE":1,"MEDIAN_VALUE":1,"P75_VALUE":1,"P90_VALUE":1,"MAX_VALUE":93},"AGE_AT_FIRST_DIAGNOSIS":{"CATEGORY":[],"MIN_VALUE":[],"P10_VALUE":[],"P25_VALUE":[],"MEDIAN_VALUE":[],"P75_VALUE":[],"P90_VALUE":[],"MAX_VALUE":[]}}
