{"PREVALENCE_BY_GENDER_AGE_YEAR":{"TRELLIS_NAME":["70-79","70-79","70-79","70-79","70-79","80-89","70-79","70-79","80-89","70-79","80-89","70-79","70-79","60-69","90-99","60-69","80-89","80-89","80-89","60-69","50-59","70-79","90-99","70-79","60-69","80-89","70-79","70-79","80-89","80-89","90-99","60-69","70-79","70-79","80-89","80-89","70-79","90-99","80-89","70-79","80-89","80-89","80-89","70-79","80-89","70-79","80-89","90-99","70-79","80-89","70-79","80-89","80-89","70-79","70-79","80-89"],"SERIES_NAME":["MALE","FEMALE","FEMALE","MALE","FEMALE","FEMALE","FEMALE","MALE","MALE","FEMALE","FEMALE","MALE","FEMALE","MALE","FEMALE","FEMALE","MALE","FEMALE","MALE","FEMALE","MALE","MALE","FEMALE","FEMALE","MALE","FEMALE","FEMALE","MALE","MALE","FEMALE","FEMALE","MALE","FEMALE","MALE","FEMALE","MALE","MALE","FEMALE","FEMALE","FEMALE","MALE","MALE","FEMALE","MALE","MALE","FEMALE","FEMALE","FEMALE","FEMALE","MALE","MALE","MALE","FEMALE","MALE","FEMALE","MALE"],"X_CALENDAR_YEAR":[2001,2002,2005,2006,2006,2007,2007,2008,2008,2008,2008,2009,2009,2009,2009,2009,2009,2009,2010,2010,2010,2010,2010,2010,2010,2010,2011,2011,2011,2011,2011,2011,2012,2012,2012,2012,2013,2013,2013,2013,2013,2014,2014,2015,2015,2015,2015,2016,2016,2016,2016,2017,2017,2017,2017,2018],"Y_PREVALENCE_1000PP":[1.04289,0.39617,0.37915,0.17106,0.08872,0.15003,0.08196,0.08265,0.2289,0.11576,0.28117,0.154,0.13054,0.09446,1.42803,0.08851,0.28347,0.33752,0.85814,0.07249,0.0726,0.28889,0.90123,0.26933,0.16055,0.58605,0.1813,0.16423,0.37033,0.45105,0.77326,0.07916,0.26045,0.20085,0.26706,0.4386,0.09644,0.6151,0.22235,0.13528,0.15737,0.41061,0.16476,0.11979,0.17805,0.15695,0.25449,0.4565,0.157,0.15184,0.15804,0.25316,0.12868,0.1067,0.09323,0.20538]},"PREVALENCE_BY_MONTH":{"X_CALENDAR_MONTH":[201009,201507,201103,201312,200805,200902,201202,200602,201607,201508,201205,200912,200901,201106,201109,201008,200908,201209,201003,201706,201004,201403,200812,201108,200910,201112,201402,201006,201102,201208,201510,200907,200603,200911,201803,201206,200810,201701,201201,200803,200509,201407,201001,201301,201010,201007,201002,200710,201212,201107,201605,200809,201012,200906,201104,201005,201210,200905,201310,201011,201101,201105,201110,201203,201401],"Y_PREVALENCE_1000PP":[0.02133,0.01179,0.01136,0.00736,0.00798,0.00764,0.00813,0.01449,0.00831,0.00789,0.00936,0.01548,0.00655,0.008,0.01034,0.01345,0.01319,0.01181,0.01334,0.0089,0.02116,0.00867,0.01089,0.01262,0.00992,0.00809,0.00741,0.01341,0.0102,0.00942,0.00796,0.01208,0.01274,0.00662,0.00975,0.0129,0.00661,0.01002,0.00811,0.00696,0.02801,0.00878,0.0144,0.0143,0.01574,0.01678,0.01554,0.00732,0.01427,0.01145,0.00959,0.00776,0.02032,0.01535,0.01366,0.01338,0.00947,0.00876,0.00732,0.01014,0.01018,0.01483,0.00691,0.0128,0.00985]},"LENGTH_OF_ERA":{"CATEGORY":"Length of era","MIN_VALUE":1,"P10_VALUE":1,"P25_VALUE":1,"MEDIAN_VALUE":1,"P75_VALUE":1,"P90_VALUE":1,"MAX_VALUE":63},"AGE_AT_FIRST_DIAGNOSIS":{"CATEGORY":["FEMALE","MALE"],"MIN_VALUE":[39,12],"P10_VALUE":[62,59],"P25_VALUE":[72,68],"MEDIAN_VALUE":[79,76],"P75_VALUE":[85,82],"P90_VALUE":[90,88],"MAX_VALUE":[107,99]}}
