{"PREVALENCE_BY_GENDER_AGE_YEAR":{"TRELLIS_NAME":[],"SERIES_NAME":[],"X_CALENDAR_YEAR":[],"Y_PREVALENCE_1000PP":[]},"PREVALENCE_BY_MONTH":{"X_CALENDAR_MONTH":[200811,201310,201303,201609,201108,200902,201207,201608,201109,201304,200605,201706,201112,201311,201809,201803,201711,201012,200910,201212,201204,200904,200704,200702,200703,201510,201107,201307,201801,201704,200805,200901,201509,200708,201503,201404,200906,201202,200809,201405,201305,201604,201511,200807,201710,201407,200905,201010,201709,201008,201006,201502,201703,201408,201501,201802,200804,201406,201402,201306,201811,201210,201106,201603,201610,201806,201208,201612,201301,201312,200803,201607,201505,201004,201606,201007,200812,201308,201601,201309,201001,201205,201003,200603,201810,201808,201401,201302,201203,200606,200908,201805,201409,201209,201211,200806,200909,201707,201506,201705,201605,201708,200907,200912,201105,201508,201206,201005,201807,201701,201009],"Y_PREVALENCE_1000PP":[0.00657,0.01098,0.01677,0.01119,0.01032,0.0131,0.00705,0.01113,0.01379,0.01201,0.01813,0.0089,0.01272,0.01101,0.01525,0.01137,0.01705,0.00903,0.01102,0.00951,0.0105,0.01094,0.00782,0.00803,0.00792,0.01459,0.00916,0.01695,0.01266,0.00877,0.00684,0.00764,0.01585,0.00747,0.00774,0.00746,0.01206,0.00813,0.01219,0.00748,0.00964,0.01227,0.01066,0.00674,0.01228,0.01255,0.00657,0.01237,0.01369,0.01009,0.01117,0.01671,0.01886,0.00881,0.00896,0.01123,0.01035,0.0075,0.00865,0.00725,0.02179,0.01302,0.01257,0.01221,0.01125,0.01367,0.01531,0.02135,0.01192,0.00736,0.00696,0.01107,0.0091,0.01113,0.0124,0.00783,0.00653,0.0085,0.01344,0.01096,0.00997,0.00936,0.01111,0.01092,0.01698,0.01991,0.00862,0.00717,0.00815,0.00951,0.0066,0.01676,0.01137,0.00708,0.0083,0.0068,0.0066,0.01346,0.01435,0.01324,0.00822,0.01206,0.00878,0.00884,0.00912,0.01447,0.00821,0.00781,0.01224,0.00859,0.00786]},"LENGTH_OF_ERA":{"CATEGORY":"Length of era","MIN_VALUE":1,"P10_VALUE":1,"P25_VALUE":1,"MEDIAN_VALUE":1,"P75_VALUE":1,"P90_VALUE":1,"MAX_VALUE":93},"AGE_AT_FIRST_DIAGNOSIS":{"CATEGORY":[],"MIN_VALUE":[],"P10_VALUE":[],"P25_VALUE":[],"MEDIAN_VALUE":[],"P75_VALUE":[],"P90_VALUE":[],"MAX_VALUE":[]}}
