{"PREVALENCE_BY_GENDER_AGE_YEAR":{"TRELLIS_NAME":["70-79","50-59","10-19","30-39","60-69","20-29","40-49","60-69","20-29","50-59","70-79","30-39","10-19","40-49","50-59","10-19","60-69","30-39","20-29","70-79","40-49","60-69","50-59","20-29","10-19","40-49","70-79","30-39","60-69","30-39","50-59","10-19","40-49","70-79","20-29","60-69","70-79","50-59","20-29","10-19","40-49","30-39","60-69","30-39","70-79","10-19","40-49","50-59","20-29","50-59","80-89","40-49","10-19","20-29","60-69","30-39","50-59","70-79","80-89","60-69","20-29","40-49","10-19","50-59","30-39","70-79","70-79","80-89","30-39","10-19","50-59","60-69","40-49","20-29","20-29","40-49","50-59","70-79","60-69","90-99","30-39","80-89","10-19","20-29","30-39","40-49","50-59","60-69","70-79","50-59","10-19","80-89","70-79","30-39","20-29","40-49","60-69"],"SERIES_NAME":["FEMALE","FEMALE","FEMALE","FEMALE","FEMALE","FEMALE","FEMALE","FEMALE","FEMALE","FEMALE","FEMALE","FEMALE","FEMALE","FEMALE","FEMALE","FEMALE","FEMALE","FEMALE","FEMALE","FEMALE","FEMALE","FEMALE","FEMALE","FEMALE","FEMALE","FEMALE","FEMALE","FEMALE","FEMALE","FEMALE","FEMALE","FEMALE","FEMALE","FEMALE","FEMALE","FEMALE","FEMALE","FEMALE","FEMALE","FEMALE","FEMALE","FEMALE","FEMALE","FEMALE","FEMALE","FEMALE","FEMALE","MALE","FEMALE","FEMALE","FEMALE","FEMALE","FEMALE","FEMALE","FEMALE","FEMALE","FEMALE","FEMALE","FEMALE","FEMALE","FEMALE","FEMALE","FEMALE","FEMALE","FEMALE","FEMALE","FEMALE","FEMALE","FEMALE","FEMALE","FEMALE","FEMALE","FEMALE","FEMALE","FEMALE","FEMALE","FEMALE","FEMALE","FEMALE","FEMALE","FEMALE","FEMALE","FEMALE","FEMALE","FEMALE","FEMALE","FEMALE","FEMALE","FEMALE","FEMALE","FEMALE","FEMALE","FEMALE","FEMALE","FEMALE","FEMALE","FEMALE"],"X_CALENDAR_YEAR":[2006,2006,2006,2006,2006,2006,2006,2007,2007,2007,2007,2007,2007,2007,2008,2008,2008,2008,2008,2008,2008,2009,2009,2009,2009,2009,2009,2009,2010,2010,2010,2010,2010,2010,2010,2011,2011,2011,2011,2011,2011,2011,2012,2012,2012,2012,2012,2012,2012,2012,2013,2013,2013,2013,2013,2013,2013,2013,2014,2014,2014,2014,2014,2014,2014,2014,2015,2015,2015,2015,2015,2015,2015,2015,2016,2016,2016,2016,2016,2016,2016,2016,2016,2017,2017,2017,2017,2017,2017,2018,2018,2018,2018,2018,2018,2018,2018],"Y_PREVALENCE_1000PP":[0.14786,1.23513,0.91147,6.81818,0.39318,3.24542,4.47515,0.14648,2.43815,1.16287,0.09562,5.36701,1.03668,4.17835,1.41194,1.47371,0.35713,6.24012,4.24069,0.12862,4.8621,0.30345,1.25041,2.46378,1.29752,4.04388,0.07832,4.26159,0.31411,4.69484,1.37018,1.10662,4.47528,0.1616,2.35488,0.54068,0.09762,1.47036,2.39051,0.85922,4.78379,4.65012,0.42743,5.15407,0.15916,1.14566,5.68051,0.07699,2.45684,1.81575,0.12971,5.91385,1.67891,3.48665,0.54802,5.59084,1.90253,0.1954,0.14646,0.49828,3.16647,5.5623,2.225,1.7442,5.07933,0.21456,0.14125,0.10907,5.16946,1.73947,2.20368,0.51299,6.63666,2.77674,2.50828,6.36201,1.97568,0.2355,0.59526,0.39129,4.83684,0.16403,2.86205,4.90616,5.12521,5.80973,1.70709,0.62239,0.26416,2.1519,9.35551,0.20583,0.28055,6.17815,5.29695,5.60609,0.6135]},"PREVALENCE_BY_MONTH":{"X_CALENDAR_MONTH":[201406,201410,201704,201810,201802,201412,201201,201608,200603,200606,201312,201609,201402,201409,201511,201503,201411,201509,200902,201711,201303,201712,200608,201501,201108,201107,201502,201010,201106,200712,201005,201104,201102,201009,201308,201302,200806,201202,201804,200609,200801,201109,201505,201111,200807,200812,201210,200703,201709,201607,200612,200707,201803,200710,200705,200607,201801,200708,201209,201507,200706,200908,201605,201706,200809,201306,201512,201205,200810,201310,201101,201112,201110,200905,201510,201305,200803,201301,201401,200802,200711,200611,201408,201812,201612,201311,200709,200804,201508,201403,200909,201805,200911,200808,201610,201304,200907,201807,201007,200805,200704,201707,200602,200601,201806,201504,200605,201611,201307,201211,200910,201004,201506,201601,201703,201207,201003,201204,201602,201702,201708,200811,201008,201405,200906,200904,201208,201407,201604,201012,201103,201001,201809,201105,200912,201606,201404,201603,201701,200901,201203,201002,201006,201011,200604,200610,201212,201808,200702,200903,201710,201206,201705,201811,201309,200701],"Y_PREVALENCE_1000PP":[0.10506,0.11148,0.09648,0.10189,0.04332,0.08416,0.08341,0.13635,0.11468,0.14259,0.08835,0.10213,0.084,0.11744,0.11854,0.09933,0.09914,0.13872,0.09281,0.10695,0.12819,0.06264,0.13296,0.07168,0.1319,0.1374,0.06941,0.10009,0.10742,0.08846,0.07807,0.0774,0.04534,0.09654,0.1311,0.09323,0.11327,0.09986,0.08413,0.14878,0.13573,0.09423,0.1027,0.10382,0.16619,0.07296,0.08875,0.09762,0.09434,0.13703,0.08959,0.11579,0.09424,0.11951,0.08111,0.14286,0.10448,0.10454,0.10627,0.13625,0.1184,0.10554,0.10551,0.11862,0.13409,0.12076,0.10566,0.11812,0.12001,0.09642,0.07577,0.06358,0.09096,0.10079,0.11539,0.11201,0.11483,0.11323,0.09109,0.07838,0.09777,0.11766,0.11203,0.16287,0.08254,0.11625,0.1109,0.15871,0.12893,0.10531,0.07926,0.119,0.07175,0.15059,0.10129,0.10932,0.11968,0.12241,0.13202,0.13459,0.08083,0.10317,0.11593,0.11303,0.10767,0.11009,0.15987,0.10185,0.12349,0.10318,0.07386,0.08908,0.11483,0.08733,0.09141,0.12222,0.07669,0.11087,0.0648,0.07639,0.11309,0.12587,0.12663,0.11348,0.10529,0.08316,0.14133,0.1104,0.10226,0.0869,0.10336,0.09083,0.12202,0.1072,0.06744,0.11845,0.08577,0.08003,0.08736,0.08182,0.10359,0.08213,0.10613,0.07772,0.10858,0.11285,0.09036,0.14302,0.08296,0.10273,0.08752,0.1278,0.10595,0.14709,0.12295,0.1003]},"LENGTH_OF_ERA":{"CATEGORY":"Length of era","MIN_VALUE":1,"P10_VALUE":1,"P25_VALUE":1,"MEDIAN_VALUE":1,"P75_VALUE":1,"P90_VALUE":1,"MAX_VALUE":183},"AGE_AT_FIRST_DIAGNOSIS":{"CATEGORY":["FEMALE","MALE"],"MIN_VALUE":[7,10],"P10_VALUE":[28,28],"P25_VALUE":[36,42],"MEDIAN_VALUE":[43,58],"P75_VALUE":[50,73],"P90_VALUE":[57,83],"MAX_VALUE":[104,91]}}
