{"PREVALENCE_BY_GENDER_AGE_YEAR":{"TRELLIS_NAME":[],"SERIES_NAME":[],"X_CALENDAR_YEAR":[],"Y_PREVALENCE_1000PP":[]},"PREVALENCE_BY_MONTH":{"X_CALENDAR_MONTH":[200911,201507,201811,201209,200507,200901,201508,200602,200108,201212,201403,200909,200811,201702,200509,201710,200408,201805,200210,200512,201010,200902,201312,200706,201802,201604,201009,201603,201406,201709,200103,200612,201809,200006,201409,200211,200109,201305,200401,200912,200001,200908,201703,200604,200511,201806,200101,200809,201202,200107,200502,200311,201206,200212,201605,200708,200906,201109,201012,200112,201803,200504,201601,200302,200008,200010,201210,201006,200002,201706,200310,201402,201308,200304,201208,200312,200907,201611,200704,200009,201810,201001,200309,200306,200110,201108,201106,201410,201506,200205,201204,201303,200605,201412,200207,201111,200209,201007,201502,201609,200501,201812,200804,200807,200407,200603,200102,201401,200711,200705,200208,200710,200610,201808,200301,201701,201704,200104,200806,201104,200812,200905,200307,200007,200709,200803,200202,201002,201101,200203,200703,201503,201307,201705,200505,201205,200609,201011,201203,200105,200409,200111,200508,201602,200303,200406,200503,200510,200402,200802,201005,201304,201407,200608,200305,200903,201311,201511,201004,200707,201201,201807,200601,200805,201211,200701,201510,200606,201112,201610,200005,201301,201008,201306,200411,201708,200607,200004,200011,200910,201804,200308,200702,200712,200201,201309,200404,201512,201712,201003,201404,201501,201606,200012,201110,201302,201107,201612,201411,201405,201707,201408,201801,200106,201207,201103,200410,201105,200506,201102,200405,200801,201608,200403,200003,200412,201711,201607,201310,201504,200611,200206,201509,201505,200810,200904,200204,200808],"Y_PREVALENCE_1000PP":[0.63034,0.44414,0.80353,0.51008,0.40675,0.43963,0.4368,0.21736,0.54196,0.49935,0.49557,0.49426,0.39622,0.47134,0.35475,0.41303,0.51251,0.50619,0.63943,0.47305,0.57466,0.41382,0.5019,0.16423,0.48775,0.51129,0.68476,0.49917,0.46653,0.40931,0.60032,0.15713,0.50714,1.39524,0.45462,0.67306,0.85178,0.55041,0.38972,0.6512,5.47273,0.5035,0.49621,0.17751,0.4512,0.48878,0.78903,0.23603,0.62241,0.59493,0.48657,0.30675,0.53463,0.53757,0.47959,0.15557,0.43211,0.50908,0.70087,0.75122,0.46146,0.51292,0.51191,0.50786,0.95545,0.87026,0.51594,0.56527,2.0659,0.49079,0.47855,0.5188,0.47343,0.23844,0.61124,0.59458,0.45786,0.48376,0.15775,0.67972,0.56676,0.79866,0.54263,0.34725,0.86844,0.64803,0.52796,0.44466,0.47627,0.75279,0.55552,0.58224,0.1846,0.48583,0.74627,0.55023,0.67276,0.59075,0.47043,0.40011,0.56501,1.39607,0.23001,0.28072,0.47508,0.25848,0.73851,0.49485,0.23054,0.19184,0.77053,0.16585,0.13856,0.50508,0.59636,0.46543,0.43709,0.72904,0.23446,0.6317,0.51725,0.45137,0.568,0.9086,0.17128,0.21807,0.78575,0.61816,0.73166,0.72993,0.20975,0.51086,0.5218,0.43704,0.45216,0.57893,0.13274,0.6916,0.63785,0.77876,0.43398,0.88328,0.45336,0.54943,0.47516,0.43765,0.48952,0.48894,0.56746,0.22111,0.66139,0.50817,0.43281,0.16732,0.24259,0.49833,0.4332,0.44087,0.65807,0.17747,0.61748,0.44591,0.25498,0.23383,0.50287,0.19789,0.70031,0.14734,0.62766,0.42065,1.18074,0.64957,0.63541,0.47218,0.51254,0.478,0.14286,1.10601,0.73054,0.52914,0.48665,0.47785,0.13649,0.18887,0.98617,0.44189,0.51674,0.49888,0.52775,0.77355,0.52332,0.54525,0.43523,0.69551,0.50083,0.4566,0.52669,0.47103,0.41308,0.4801,0.5009,0.41036,0.56354,0.57983,0.53119,0.63718,0.39528,0.53714,0.47474,0.62911,0.50843,0.25258,0.43548,0.41095,1.94283,0.52637,0.48204,0.44986,0.4992,0.4248,0.17228,0.55285,0.4624,0.45368,0.26865,0.49019,0.84644,0.23983]},"LENGTH_OF_ERA":{"CATEGORY":"Length of era","MIN_VALUE":1,"P10_VALUE":1,"P25_VALUE":1,"MEDIAN_VALUE":1,"P75_VALUE":1,"P90_VALUE":32,"MAX_VALUE":701},"AGE_AT_FIRST_DIAGNOSIS":{"CATEGORY":[],"MIN_VALUE":[],"P10_VALUE":[],"P25_VALUE":[],"MEDIAN_VALUE":[],"P75_VALUE":[],"P90_VALUE":[],"MAX_VALUE":[]}}
