{"PREVALENCE_BY_GENDER_AGE_YEAR":{"TRELLIS_NAME":["40-49","50-59","50-59","50-59","30-39","50-59","60-69","40-49","30-39","50-59","50-59","40-49","40-49","50-59","60-69","40-49","30-39","60-69","60-69","10-19","50-59","10-19"],"SERIES_NAME":["FEMALE","FEMALE","MALE","FEMALE","MALE","FEMALE","MALE","FEMALE","FEMALE","FEMALE","MALE","MALE","FEMALE","MALE","FEMALE","MALE","MALE","FEMALE","MALE","MALE","MALE","FEMALE"],"X_CALENDAR_YEAR":[2005,2006,2007,2007,2008,2008,2008,2008,2009,2009,2009,2010,2010,2010,2010,2011,2011,2011,2013,2013,2014,2014],"Y_PREVALENCE_1000PP":[0.01963,0.01879,0.01727,0.02959,0.01466,0.02023,0.02007,0.01656,0.02019,0.02293,0.01671,0.01332,0.02319,0.01911,0.01886,0.01749,0.02436,0.02434,0.01876,0.01835,0.02141,0.02396]},"PREVALENCE_BY_MONTH":{"X_CALENDAR_MONTH":[200510,200511,200611,200711,200801,200804,200806,200810,200901,200903,200906,200907,200909,201007,201009,201011,201104,201105,201108,201205,201207,201307,201401,201404,201407,201504],"Y_PREVALENCE_1000PP":[0.00154,0.00175,0.00126,0.00273,0.00136,0.00116,0.00115,0.00133,0.00132,0.00113,0.00132,0.00132,0.00113,0.00153,0.00133,0.00131,0.00167,0.00111,0.00165,0.00109,0.00164,0.00111,0.00115,0.00115,0.00118,0.0013]},"PROCEDURE_FREQUENCY_DISTRIBUTION":{"Y_NUM_PERSONS":[0,0],"X_COUNT":[1,2]},"PROCEDURES_BY_TYPE":{"CONCEPT_NAME":"EHR order list entry","COUNT_VALUE":548},"AGE_AT_FIRST_OCCURRENCE":{"CATEGORY":["FEMALE","MALE"],"MIN_VALUE":[4,1],"P10_VALUE":[15,15],"P25_VALUE":[33,30],"MEDIAN_VALUE":[49,45],"P75_VALUE":[62,59],"P90_VALUE":[73,70],"MAX_VALUE":[94,83]}}
