{"PREVALENCE_BY_GENDER_AGE_YEAR":{"TRELLIS_NAME":["60-69","60-69","70-79","70-79","80-89","80-89","80-89","60-69"],"SERIES_NAME":["MALE","FEMALE","FEMALE","MALE","FEMALE","MALE","FEMALE","MALE"],"X_CALENDAR_YEAR":[2013,2013,2017,2017,2017,2017,2018,2018],"Y_PREVALENCE_1000PP":[0.01876,0.02732,0.04301,0.05502,0.1621,0.16625,0.15832,0.03313]},"PREVALENCE_BY_MONTH":{"X_CALENDAR_MONTH":[201309,201701,201708,201804,201806,201901],"Y_PREVALENCE_1000PP":[0.00852,0.00356,0.00971,0.00278,0.00248,0.00427]},"PROCEDURE_FREQUENCY_DISTRIBUTION":{"Y_NUM_PERSONS":[0,0,0,0,0],"X_COUNT":[1,2,3,4,5]},"PROCEDURES_BY_TYPE":{"CONCEPT_NAME":"EHR order list entry","COUNT_VALUE":255},"AGE_AT_FIRST_OCCURRENCE":{"CATEGORY":["FEMALE","MALE"],"MIN_VALUE":[23,29],"P10_VALUE":[49,49],"P25_VALUE":[61,61],"MEDIAN_VALUE":[72,71],"P75_VALUE":[82,82],"P90_VALUE":[86,87],"MAX_VALUE":[93,96]}}
