{"PREVALENCE_BY_GENDER_AGE_YEAR":{"TRELLIS_NAME":["80-89","70-79","60-69","60-69","50-59","70-79","50-59","80-89","60-69","70-79","70-79","60-69","80-89","50-59","70-79","60-69","80-89","60-69","60-69","60-69","70-79"],"SERIES_NAME":["MALE","MALE","MALE","FEMALE","FEMALE","FEMALE","MALE","FEMALE","MALE","FEMALE","MALE","FEMALE","FEMALE","MALE","FEMALE","MALE","FEMALE","FEMALE","MALE","FEMALE","FEMALE"],"X_CALENDAR_YEAR":[2013,2013,2013,2013,2013,2013,2013,2013,2014,2014,2014,2014,2014,2014,2015,2015,2015,2015,2016,2016,2016],"Y_PREVALENCE_1000PP":[0.07164,0.08431,0.06253,0.06072,0.02896,0.06994,0.02586,0.04873,0.03314,0.08526,0.06601,0.03856,0.09513,0.01606,0.05857,0.02525,0.04798,0.04541,0.04332,0.04193,0.07923]},"PREVALENCE_BY_MONTH":{"X_CALENDAR_MONTH":[201210,201302,201303,201304,201305,201306,201307,201308,201309,201310,201311,201401,201403,201404,201406,201407,201408,201409,201410,201502,201503,201504,201506,201602,201606,201607,201611],"Y_PREVALENCE_1000PP":[0.00109,0.00295,0.00148,0.00167,0.0013,0.00204,0.00222,0.00278,0.00259,0.00168,0.00151,0.00191,0.0023,0.00192,0.00174,0.00235,0.00158,0.00139,0.00121,0.00167,0.00129,0.0013,0.00135,0.00174,0.00154,0.00236,0.00164]},"PROCEDURE_FREQUENCY_DISTRIBUTION":{"Y_NUM_PERSONS":[0,0],"X_COUNT":[1,2]},"PROCEDURES_BY_TYPE":{"CONCEPT_NAME":"EHR order list entry","COUNT_VALUE":364},"AGE_AT_FIRST_OCCURRENCE":{"CATEGORY":["FEMALE","MALE"],"MIN_VALUE":[27,16],"P10_VALUE":[53,55],"P25_VALUE":[62,62],"MEDIAN_VALUE":[69,68],"P75_VALUE":[76,75],"P90_VALUE":[82,80],"MAX_VALUE":[94,89]}}
