{"PREVALENCE_BY_GENDER_AGE_YEAR":{"TRELLIS_NAME":["60-69","80-89","60-69","50-59","40-49","70-79","70-79","60-69","60-69","70-79","50-59","80-89","60-69","80-89","40-49","70-79","50-59","60-69","70-79","60-69","50-59","60-69","70-79","60-69","80-89","50-59","40-49","60-69","70-79","70-79","60-69","70-79","60-69","70-79","60-69"],"SERIES_NAME":["MALE","FEMALE","FEMALE","FEMALE","FEMALE","FEMALE","MALE","MALE","FEMALE","FEMALE","FEMALE","FEMALE","FEMALE","MALE","FEMALE","MALE","MALE","MALE","FEMALE","FEMALE","FEMALE","FEMALE","FEMALE","MALE","MALE","FEMALE","FEMALE","FEMALE","MALE","FEMALE","MALE","MALE","FEMALE","FEMALE","FEMALE"],"X_CALENDAR_YEAR":[2008,2009,2009,2009,2010,2010,2010,2010,2010,2011,2011,2011,2011,2011,2011,2011,2012,2012,2012,2012,2013,2013,2013,2013,2014,2014,2014,2014,2014,2014,2014,2015,2015,2015,2016],"Y_PREVALENCE_1000PP":[0.02676,0.04823,0.0226,0.0172,0.02782,0.03176,0.04177,0.02886,0.044,0.04917,0.02167,0.04809,0.0365,0.08414,0.02501,0.05631,0.01577,0.03763,0.04012,0.03049,0.01843,0.02429,0.04371,0.02189,0.08459,0.03261,0.01768,0.03213,0.05585,0.04936,0.01988,0.07138,0.03493,0.06345,0.02516]},"PREVALENCE_BY_MONTH":{"X_CALENDAR_MONTH":[200509,200607,200702,200709,200811,200902,200907,200910,200912,201002,201004,201005,201008,201009,201010,201011,201102,201103,201104,201105,201107,201110,201112,201201,201202,201204,201208,201304,201307,201309,201312,201401,201402,201405,201407,201408,201409,201410,201411,201412,201501,201505,201508,201509,201510,201602,201701],"Y_PREVALENCE_1000PP":[0.00154,0.0015,0.00124,0.0012,0.00171,0.00113,0.00113,0.00169,0.00152,0.00209,0.00152,0.00114,0.00114,0.00209,0.0017,0.00169,0.00205,0.0013,0.00148,0.00129,0.00202,0.00236,0.00128,0.002,0.00127,0.00145,0.00163,0.00148,0.0013,0.00167,0.00154,0.00134,0.00134,0.00192,0.00118,0.00197,0.00139,0.00222,0.00123,0.00249,0.00166,0.0013,0.00157,0.00202,0.00233,0.00149,0.00164]},"PROCEDURE_FREQUENCY_DISTRIBUTION":{"Y_NUM_PERSONS":[0,0],"X_COUNT":[1,2]},"PROCEDURES_BY_TYPE":{"CONCEPT_NAME":"EHR order list entry","COUNT_VALUE":779},"AGE_AT_FIRST_OCCURRENCE":{"CATEGORY":["FEMALE","MALE"],"MIN_VALUE":[17,6],"P10_VALUE":[37,37],"P25_VALUE":[48,53],"MEDIAN_VALUE":[63,66],"P75_VALUE":[75,75],"P90_VALUE":[82,82],"MAX_VALUE":[98,91]}}
