{"PREVALENCE_BY_GENDER_AGE_YEAR":{"TRELLIS_NAME":["30-39","20-29","20-29","30-39","20-29","30-39","30-39","20-29","30-39","20-29","20-29","30-39","30-39","20-29","30-39","20-29","30-39","20-29","20-29","30-39","20-29","30-39","20-29","30-39","20-29","30-39","30-39","30-39"],"SERIES_NAME":["FEMALE","FEMALE","FEMALE","FEMALE","FEMALE","FEMALE","FEMALE","FEMALE","FEMALE","FEMALE","FEMALE","FEMALE","FEMALE","FEMALE","FEMALE","FEMALE","FEMALE","FEMALE","FEMALE","FEMALE","FEMALE","FEMALE","FEMALE","FEMALE","FEMALE","FEMALE","FEMALE","FEMALE"],"X_CALENDAR_YEAR":[2003,2003,2004,2004,2005,2005,2006,2006,2007,2007,2008,2008,2009,2009,2010,2010,2011,2011,2012,2012,2013,2013,2014,2014,2015,2015,2016,2017],"Y_PREVALENCE_1000PP":[0.05588,0.05079,0.03631,0.05224,0.04067,0.07306,0.05551,0.03797,0.06584,0.04309,0.03866,0.05789,0.05552,0.04573,0.06026,0.05323,0.04958,0.04942,0.03448,0.04478,0.0222,0.02478,0.02884,0.02365,0.02322,0.0259,0.02024,0.02204]},"PREVALENCE_BY_MONTH":{"X_CALENDAR_MONTH":[200304,200508,200608,200610,200611,200705,200712,200806,200901,200905,200909,201006,201008,201012,201101,201103,201209,201404],"Y_PREVALENCE_1000PP":[0.00157,0.00133,0.00128,0.00127,0.00126,0.00123,0.00156,0.00115,0.00113,0.00113,0.00113,0.00115,0.00153,0.00131,0.00112,0.00111,0.00109,0.00115]},"PROCEDURE_FREQUENCY_DISTRIBUTION":{"Y_NUM_PERSONS":[0,0],"X_COUNT":[1,2]},"PROCEDURES_BY_TYPE":{"CONCEPT_NAME":"EHR order list entry","COUNT_VALUE":508},"AGE_AT_FIRST_OCCURRENCE":{"CATEGORY":"FEMALE","MIN_VALUE":16,"P10_VALUE":22,"P25_VALUE":26,"MEDIAN_VALUE":31,"P75_VALUE":34,"P90_VALUE":38,"MAX_VALUE":44}}
