{"PREVALENCE_BY_GENDER_AGE_YEAR":{"TRELLIS_NAME":["20-29","30-39","30-39","20-29","60-69","40-49","20-29","30-39","20-29"],"SERIES_NAME":["FEMALE","FEMALE","FEMALE","FEMALE","FEMALE","FEMALE","FEMALE","FEMALE","FEMALE"],"X_CALENDAR_YEAR":[2014,2014,2015,2015,2015,2016,2016,2016,2017],"Y_PREVALENCE_1000PP":[0.02098,0.01577,0.02014,0.02612,0.02096,0.02413,0.03826,0.03374,0.03114]},"PREVALENCE_BY_MONTH":{"X_CALENDAR_MONTH":[201408,201410,201411,201503,201603,201607],"Y_PREVALENCE_1000PP":[0.00138,0.00222,0.00163,0.00194,0.00174,0.00184]},"PROCEDURE_FREQUENCY_DISTRIBUTION":{"Y_NUM_PERSONS":[0,0],"X_COUNT":[1,2]},"PROCEDURES_BY_TYPE":{"CONCEPT_NAME":"EHR order list entry","COUNT_VALUE":173},"AGE_AT_FIRST_OCCURRENCE":{"CATEGORY":["MALE","FEMALE"],"MIN_VALUE":[10,16],"P10_VALUE":[26,22],"P25_VALUE":[34,26],"MEDIAN_VALUE":[40,36],"P75_VALUE":[54,54],"P90_VALUE":[61,65],"MAX_VALUE":[80,85]}}
