{"PREVALENCE_BY_GENDER_AGE_YEAR":{"TRELLIS_NAME":["0-9","0-9","0-9","0-9","0-9","0-9","0-9","0-9","0-9","0-9","0-9","0-9","0-9","0-9","0-9","0-9","0-9","0-9","0-9","0-9","0-9","0-9","0-9","0-9","0-9","0-9","0-9","0-9","0-9","0-9","0-9","0-9","0-9","0-9","0-9","0-9","0-9","0-9","0-9","0-9","0-9","0-9","0-9","0-9","0-9"],"SERIES_NAME":["FEMALE","FEMALE","MALE","MALE","FEMALE","FEMALE","MALE","MALE","FEMALE","FEMALE","MALE","FEMALE","MALE","FEMALE","MALE","MALE","FEMALE","FEMALE","MALE","MALE","FEMALE","MALE","FEMALE","MALE","FEMALE","MALE","FEMALE","FEMALE","MALE","MALE","FEMALE","FEMALE","MALE","FEMALE","MALE","MALE","FEMALE","FEMALE","MALE","MALE","FEMALE","MALE","FEMALE","FEMALE","MALE"],"X_CALENDAR_YEAR":[1997,1998,1998,1999,1999,2000,2000,2001,2001,2002,2002,2003,2003,2004,2004,2005,2005,2006,2006,2007,2007,2008,2008,2009,2009,2010,2010,2011,2011,2012,2012,2013,2013,2014,2014,2015,2015,2016,2016,2017,2017,2018,2018,2019,2019],"Y_PREVALENCE_1000PP":[0.15744,0.1581,0.12895,0.1994,0.18748,0.22347,0.22012,0.23247,0.2377,0.19078,0.29895,0.35602,0.31437,0.43816,0.46995,0.75684,0.90358,0.74551,0.89142,0.83729,0.91333,0.95973,0.93673,1.35089,1.22799,1.37859,1.26306,1.16863,1.25359,1.31813,1.24879,1.16393,1.16856,0.88498,1.01743,1.12062,1.11785,1.26436,1.34817,1.26703,1.21885,1.1327,1.13418,0.31131,0.37607]},"PREVALENCE_BY_MONTH":{"X_CALENDAR_MONTH":[199907,199908,199911,200001,200003,200004,200006,200010,200011,200012,200102,200103,200104,200105,200106,200108,200110,200111,200112,200201,200202,200203,200204,200205,200206,200207,200208,200209,200210,200211,200212,200301,200302,200303,200304,200305,200306,200307,200308,200309,200310,200311,200312,200401,200402,200403,200404,200405,200406,200407,200408,200409,200410,200411,200412,200501,200502,200503,200504,200505,200506,200507,200508,200509,200510,200511,200512,200601,200602,200603,200604,200605,200606,200607,200608,200609,200610,200611,200612,200701,200702,200703,200704,200705,200706,200707,200708,200709,200710,200711,200712,200801,200802,200803,200804,200805,200806,200807,200808,200809,200810,200811,200812,200901,200902,200903,200904,200905,200906,200907,200908,200909,200910,200911,200912,201001,201002,201003,201004,201005,201006,201007,201008,201009,201010,201011,201012,201101,201102,201103,201104,201105,201106,201107,201108,201109,201110,201111,201112,201201,201202,201203,201204,201205,201206,201207,201208,201209,201210,201211,201212,201301,201302,201303,201304,201305,201306,201307,201308,201309,201310,201311,201312,201401,201402,201403,201404,201405,201406,201407,201408,201409,201410,201411,201412,201501,201502,201503,201504,201505,201506,201507,201508,201509,201510,201511,201512,201601,201602,201603,201604,201605,201606,201607,201608,201609,201610,201611,201612,201701,201702,201703,201704,201705,201706,201707,201708,201709,201710,201711,201712,201801,201802,201803,201804,201805,201806,201807,201808,201809,201810,201811,201812,201901,201902,201903],"Y_PREVALENCE_1000PP":[0.00435,0.00368,0.0032,0.00495,0.00264,0.00304,0.00338,0.004,0.00277,0.00234,0.00326,0.00282,0.00383,0.00342,0.00268,0.00388,0.0031,0.00368,0.00182,0.00323,0.00262,0.0023,0.00195,0.00277,0.00248,0.00192,0.00219,0.00217,0.00215,0.00268,0.00403,0.00504,0.00423,0.00289,0.00367,0.00157,0.0039,0.00283,0.00231,0.00204,0.00458,0.00431,0.00429,0.00371,0.0037,0.00362,0.00404,0.0052,0.00516,0.00676,0.00581,0.00416,0.00322,0.00527,0.00688,0.0086,0.00384,0.00497,0.01015,0.00811,0.01008,0.006,0.01109,0.00725,0.00856,0.0105,0.01094,0.00671,0.0102,0.0117,0.00818,0.00687,0.01217,0.00534,0.0098,0.00849,0.00464,0.01071,0.00609,0.00769,0.00829,0.01429,0.00907,0.00839,0.00953,0.00663,0.00763,0.00996,0.01004,0.01034,0.00703,0.01084,0.00796,0.01031,0.01163,0.00987,0.00826,0.00957,0.0065,0.00989,0.01062,0.01232,0.00776,0.01226,0.01339,0.01299,0.01059,0.01018,0.01413,0.01711,0.01149,0.01258,0.0145,0.01473,0.01388,0.01363,0.01462,0.01103,0.01331,0.01353,0.01203,0.01509,0.01278,0.01842,0.01131,0.01593,0.01519,0.01196,0.01251,0.01317,0.00907,0.01586,0.0092,0.01431,0.01428,0.01129,0.01509,0.01459,0.01222,0.0171,0.01855,0.01726,0.00963,0.01202,0.01437,0.01221,0.01616,0.01052,0.0109,0.01353,0.01251,0.01358,0.01234,0.01018,0.01388,0.01188,0.01152,0.01408,0.01355,0.01408,0.01235,0.01299,0.01114,0.0105,0.00897,0.01072,0.00862,0.00785,0.01279,0.00921,0.01184,0.01229,0.01072,0.01144,0.01037,0.01515,0.01128,0.01252,0.01081,0.00951,0.01531,0.01416,0.01101,0.01102,0.01559,0.0123,0.01328,0.01509,0.01343,0.01445,0.0125,0.01391,0.01415,0.0168,0.01523,0.01421,0.01222,0.01834,0.01314,0.01671,0.01036,0.01446,0.01226,0.01769,0.01749,0.01258,0.01442,0.01329,0.01007,0.01508,0.01066,0.01759,0.01205,0.00988,0.01111,0.0108,0.01333,0.01387,0.01209,0.00799,0.01302,0.0115,0.00789,0.01575,0.01321,0.00826]},"PROCEDURE_FREQUENCY_DISTRIBUTION":{"Y_NUM_PERSONS":[0,0,0],"X_COUNT":[1,2,3]},"PROCEDURES_BY_TYPE":{"CONCEPT_NAME":"EHR order list entry","COUNT_VALUE":10309},"AGE_AT_FIRST_OCCURRENCE":{"CATEGORY":["MALE","FEMALE"],"MIN_VALUE":[0,0],"P10_VALUE":[0,0],"P25_VALUE":[0,0],"MEDIAN_VALUE":[0,0],"P75_VALUE":[0,0],"P90_VALUE":[1,1],"MAX_VALUE":[51,69]}}
