{"PREVALENCE_BY_GENDER_AGE_YEAR":{"TRELLIS_NAME":["0-9","0-9","0-9","0-9","0-9","0-9","0-9","0-9","0-9","0-9","10-19","0-9","70-79","0-9","10-19","10-19","60-69","60-69","40-49","50-59","70-79","60-69","0-9","10-19","10-19","0-9","70-79","80-89","10-19","0-9","50-59","60-69","0-9","10-19","70-79","60-69","0-9","0-9","10-19","70-79","60-69","10-19","10-19","60-69","70-79","50-59","0-9","0-9","70-79","60-69","50-59","10-19","40-49","60-69","60-69","70-79","50-59","40-49","0-9","0-9","70-79","10-19","10-19","50-59","0-9","70-79","60-69","20-29","40-49","10-19","0-9","10-19","50-59","60-69","50-59","50-59","0-9","60-69","0-9","10-19","10-19","50-59","70-79","70-79","0-9","0-9"],"SERIES_NAME":["FEMALE","MALE","FEMALE","MALE","MALE","FEMALE","FEMALE","MALE","FEMALE","MALE","MALE","MALE","FEMALE","FEMALE","MALE","FEMALE","FEMALE","FEMALE","FEMALE","FEMALE","FEMALE","MALE","MALE","MALE","FEMALE","FEMALE","MALE","MALE","MALE","MALE","MALE","MALE","FEMALE","FEMALE","MALE","FEMALE","FEMALE","MALE","MALE","FEMALE","MALE","FEMALE","FEMALE","FEMALE","MALE","MALE","FEMALE","MALE","FEMALE","MALE","FEMALE","MALE","FEMALE","MALE","FEMALE","MALE","MALE","FEMALE","MALE","FEMALE","FEMALE","MALE","FEMALE","FEMALE","MALE","MALE","MALE","MALE","MALE","MALE","FEMALE","FEMALE","MALE","FEMALE","FEMALE","MALE","MALE","FEMALE","FEMALE","MALE","FEMALE","FEMALE","FEMALE","MALE","FEMALE","MALE"],"X_CALENDAR_YEAR":[2006,2006,2007,2007,2008,2008,2009,2009,2010,2010,2010,2011,2011,2011,2011,2011,2011,2012,2012,2012,2012,2012,2012,2012,2012,2012,2012,2012,2013,2013,2013,2013,2013,2013,2014,2014,2014,2014,2014,2014,2014,2014,2015,2015,2015,2015,2015,2015,2015,2015,2015,2015,2015,2016,2016,2016,2016,2016,2016,2016,2016,2016,2016,2016,2017,2017,2017,2017,2017,2017,2017,2017,2017,2017,2017,2018,2018,2018,2018,2018,2018,2018,2018,2018,2019,2019],"Y_PREVALENCE_1000PP":[0.20628,0.15771,0.36936,0.33875,0.12652,0.11993,2.20148,2.19178,19.14815,18.98531,0.03372,17.28921,0.02682,17.52346,0.03633,0.02619,0.01825,0.03354,0.01383,0.03221,0.02675,0.04391,11.46434,0.03364,0.02617,11.52908,0.03559,0.07242,0.03976,10.07039,0.0181,0.03752,10.24849,0.02271,0.03046,0.03213,8.48828,8.43991,0.05828,0.03141,0.01988,0.04792,0.04457,0.05589,0.03843,0.02015,8.16682,8.25151,0.06345,0.0469,0.03507,0.02826,0.0255,0.06498,0.05451,0.05712,0.04045,0.02068,8.34473,8.47244,0.05094,0.05451,0.03505,0.05819,6.68108,0.09629,0.0884,0.02837,0.02268,0.04627,6.62894,0.03843,0.02977,0.05266,0.03399,0.03332,7.84941,0.08672,8.2774,0.05167,0.05344,0.05093,0.07505,0.04556,2.03306,1.98345]},"PREVALENCE_BY_MONTH":{"X_CALENDAR_MONTH":[200610,200611,200612,200701,200702,200703,200704,200705,200706,200707,200708,200709,200710,200801,200804,200807,200808,200809,200811,200812,200901,200902,200903,200904,200905,200906,200907,200908,200909,200910,200911,200912,201001,201002,201003,201004,201005,201006,201007,201008,201009,201010,201011,201012,201101,201102,201103,201104,201105,201106,201107,201108,201109,201110,201111,201112,201201,201202,201203,201204,201205,201206,201207,201208,201209,201210,201211,201212,201301,201302,201303,201304,201305,201306,201307,201308,201309,201310,201311,201312,201401,201402,201403,201404,201405,201406,201407,201408,201409,201410,201411,201412,201501,201502,201503,201504,201505,201506,201507,201508,201509,201510,201511,201512,201601,201602,201603,201604,201605,201606,201607,201608,201609,201610,201611,201612,201701,201702,201703,201704,201705,201706,201707,201708,201709,201710,201711,201712,201801,201802,201803,201804,201805,201806,201807,201808,201809,201810,201811,201812,201901,201902,201903],"Y_PREVALENCE_1000PP":[0.00317,0.01281,0.0042,0.00706,0.00684,0.00518,0.00598,0.00471,0.00426,0.00302,0.00221,0.00199,0.00118,0.00116,0.00155,0.00153,0.00153,0.00152,0.00189,0.0017,0.00113,0.00189,0.00226,0.00132,0.00207,0.00396,0.0032,0.00207,0.00526,0.00734,0.08553,0.15253,0.18868,0.18134,0.20415,0.20219,0.1929,0.22442,0.21773,0.20773,0.21454,0.19528,0.19732,0.16338,0.27381,0.2336,0.25111,0.19247,0.19417,0.18612,0.15635,0.152,0.15316,0.1496,0.16016,0.09975,0.15991,0.12804,0.13102,0.12033,0.1391,0.09565,0.12336,0.13528,0.11477,0.12349,0.11339,0.08263,0.16334,0.11051,0.10684,0.15062,0.10675,0.10253,0.11268,0.10023,0.09503,0.10943,0.09697,0.07315,0.12548,0.0975,0.10527,0.09635,0.09214,0.08312,0.0946,0.08171,0.08525,0.08816,0.08233,0.0759,0.10149,0.06937,0.08588,0.09424,0.09057,0.10671,0.10118,0.09529,0.09715,0.10147,0.10102,0.08166,0.10983,0.1035,0.09918,0.09971,0.09434,0.11344,0.09372,0.10071,0.09062,0.08362,0.08103,0.06134,0.089,0.07309,0.08675,0.06358,0.06675,0.08249,0.07312,0.08152,0.06614,0.07461,0.08985,0.05938,0.09905,0.08035,0.0902,0.08241,0.0981,0.09608,0.08576,0.0859,0.07827,0.09312,0.09,0.05591,0.08563,0.06078,0.07431]},"PROCEDURE_FREQUENCY_DISTRIBUTION":{"Y_NUM_PERSONS":[0,0,0],"X_COUNT":[1,2,3]},"PROCEDURES_BY_TYPE":{"CONCEPT_NAME":"EHR order list entry","COUNT_VALUE":63747},"AGE_AT_FIRST_OCCURRENCE":{"CATEGORY":["FEMALE","MALE"],"MIN_VALUE":[0,0],"P10_VALUE":[1,1],"P25_VALUE":[1,1],"MEDIAN_VALUE":[1,1],"P75_VALUE":[1,1],"P90_VALUE":[2,2],"MAX_VALUE":[95,91]}}
