{"PREVALENCE_BY_GENDER_AGE_YEAR":{"TRELLIS_NAME":["70-79","70-79","70-79","70-79","60-69","60-69","50-59","70-79","70-79","70-79"],"SERIES_NAME":["FEMALE","FEMALE","MALE","FEMALE","FEMALE","MALE","MALE","FEMALE","FEMALE","MALE"],"X_CALENDAR_YEAR":[2002,2003,2006,2006,2006,2006,2006,2007,2011,2018],"Y_PREVALENCE_1000PP":[0.04343,0.04759,0.03624,0.04086,0.02708,0.02357,0.02433,0.02842,0.02682,0.04556]},"PREVALENCE_BY_MONTH":{"X_CALENDAR_MONTH":[200205,200302,200310,200609,200710,200809,201007,201810],"Y_PREVALENCE_1000PP":[0.00194,0.00185,0.00153,0.00892,0.00118,0.00114,0.00115,0.00423]},"PROCEDURE_FREQUENCY_DISTRIBUTION":{"Y_NUM_PERSONS":[0,0,0],"X_COUNT":[1,2,3]},"PROCEDURES_BY_TYPE":{"CONCEPT_NAME":"EHR order list entry","COUNT_VALUE":533},"AGE_AT_FIRST_OCCURRENCE":{"CATEGORY":["FEMALE","MALE"],"MIN_VALUE":[0,0],"P10_VALUE":[29,12],"P25_VALUE":[49,45],"MEDIAN_VALUE":[65,61],"P75_VALUE":[77,74],"P90_VALUE":[84,81],"MAX_VALUE":[99,94]}}
