{"PREVALENCE_BY_GENDER_AGE_YEAR":{"TRELLIS_NAME":["50-59","80-89","70-79","60-69","70-79","60-69","50-59","50-59","70-79","60-69","50-59","60-69","70-79","70-79","50-59","60-69","70-79","60-69","70-79","50-59","50-59","60-69","60-69","70-79","50-59","60-69","50-59","70-79","60-69","50-59","60-69","50-59","70-79","60-69","70-79","70-79","50-59","60-69","70-79","60-69","60-69","70-79"],"SERIES_NAME":["FEMALE","FEMALE","FEMALE","FEMALE","MALE","MALE","FEMALE","FEMALE","MALE","FEMALE","FEMALE","MALE","MALE","FEMALE","MALE","MALE","FEMALE","MALE","MALE","FEMALE","MALE","FEMALE","MALE","FEMALE","MALE","FEMALE","FEMALE","FEMALE","MALE","MALE","MALE","MALE","MALE","FEMALE","MALE","FEMALE","FEMALE","MALE","FEMALE","FEMALE","MALE","FEMALE"],"X_CALENDAR_YEAR":[2001,2003,2003,2003,2003,2003,2003,2004,2004,2005,2005,2006,2006,2007,2007,2007,2008,2008,2008,2008,2008,2008,2009,2009,2009,2010,2010,2011,2011,2011,2012,2012,2012,2012,2013,2013,2014,2014,2014,2014,2016,2018],"Y_PREVALENCE_1000PP":[0.02659,0.06351,0.03569,0.02941,0.05036,0.02987,0.03662,0.0338,0.04596,0.03751,0.0194,0.03143,0.04832,0.03316,0.01727,0.02104,0.04141,0.02676,0.03208,0.01734,0.01689,0.02312,0.02295,0.03192,0.02507,0.01886,0.01684,0.02682,0.02184,0.02119,0.02195,0.0184,0.03559,0.0244,0.0496,0.03934,0.02174,0.02982,0.0359,0.01928,0.02599,0.04093]},"PREVALENCE_BY_MONTH":{"X_CALENDAR_MONTH":[200005,200111,200207,200209,200211,200302,200303,200304,200305,200307,200308,200310,200311,200402,200405,200412,200503,200505,200506,200508,200605,200607,200611,200706,200710,200802,200806,200807,200810,200812,200902,200905,201006,201008,201102,201106,201107,201111,201201,201202,201203,201204,201305,201310,201401,201402,201408,201409,201603,201606],"Y_PREVALENCE_1000PP":[0.00258,0.00246,0.00165,0.0019,0.00214,0.00158,0.00184,0.00183,0.00183,0.0018,0.0018,0.00178,0.00203,0.00173,0.00166,0.00138,0.00158,0.00135,0.00134,0.00155,0.0015,0.0015,0.00231,0.00162,0.00157,0.00175,0.00154,0.00191,0.00133,0.00132,0.00113,0.00132,0.00172,0.00114,0.00131,0.0011,0.00147,0.00109,0.00109,0.00109,0.00109,0.00109,0.00149,0.00206,0.00115,0.00134,0.00118,0.00159,0.00174,0.0018]},"PROCEDURE_FREQUENCY_DISTRIBUTION":{"Y_NUM_PERSONS":[0,0],"X_COUNT":[1,2]},"PROCEDURES_BY_TYPE":{"CONCEPT_NAME":"EHR order list entry","COUNT_VALUE":928},"AGE_AT_FIRST_OCCURRENCE":{"CATEGORY":["MALE","FEMALE"],"MIN_VALUE":[4,0],"P10_VALUE":[33,35],"P25_VALUE":[49,47],"MEDIAN_VALUE":[62,61],"P75_VALUE":[72,74],"P90_VALUE":[80,82],"MAX_VALUE":[92,97]}}
