{"PREVALENCE_BY_GENDER_AGE_YEAR":{"TRELLIS_NAME":["20-29","30-39","20-29","10-19","30-39","20-29","10-19","10-19","30-39","20-29","40-49","20-29","30-39","10-19","10-19","40-49","30-39","20-29","30-39","20-29","40-49","10-19","30-39","20-29","40-49","10-19","40-49","10-19","20-29","30-39","20-29","30-39","10-19","40-49","20-29","30-39","40-49","10-19","20-29","30-39","40-49","10-19","20-29","40-49","30-39","10-19","10-19","30-39","40-49","20-29","40-49","10-19","30-39","20-29","30-39","10-19","40-49","20-29","40-49","20-29","30-39","10-19","20-29","30-39"],"SERIES_NAME":["FEMALE","FEMALE","FEMALE","FEMALE","FEMALE","FEMALE","FEMALE","FEMALE","FEMALE","FEMALE","FEMALE","FEMALE","FEMALE","FEMALE","FEMALE","FEMALE","FEMALE","FEMALE","FEMALE","FEMALE","FEMALE","FEMALE","FEMALE","FEMALE","FEMALE","FEMALE","FEMALE","FEMALE","FEMALE","FEMALE","FEMALE","FEMALE","FEMALE","FEMALE","FEMALE","FEMALE","FEMALE","FEMALE","FEMALE","FEMALE","FEMALE","FEMALE","FEMALE","FEMALE","FEMALE","FEMALE","FEMALE","FEMALE","FEMALE","FEMALE","FEMALE","FEMALE","FEMALE","FEMALE","FEMALE","FEMALE","FEMALE","FEMALE","FEMALE","FEMALE","FEMALE","FEMALE","FEMALE","FEMALE"],"X_CALENDAR_YEAR":[2002,2003,2003,2003,2004,2004,2004,2005,2005,2005,2006,2006,2006,2006,2007,2007,2007,2007,2008,2008,2008,2008,2009,2009,2009,2009,2010,2010,2010,2010,2011,2011,2011,2011,2012,2012,2012,2012,2013,2013,2013,2013,2014,2014,2014,2014,2015,2015,2015,2015,2016,2016,2016,2016,2017,2017,2017,2017,2018,2018,2018,2018,2019,2019],"Y_PREVALENCE_1000PP":[0.02297,0.06471,0.09795,0.0432,0.10998,0.17495,0.04718,0.05711,0.21106,0.25025,0.0318,0.48778,0.40441,0.13134,0.18969,0.05133,0.42795,0.62211,0.49332,0.5799,0.03785,0.10661,0.61827,0.62752,0.04915,0.15219,0.05101,0.12752,0.66666,0.62766,0.65488,0.52307,0.16369,0.0523,0.61822,0.58714,0.05992,0.06542,0.62648,0.5477,0.05374,0.05839,0.53231,0.048,0.49925,0.05476,0.07057,0.44604,0.03967,0.48463,0.04826,0.06134,0.51624,0.51825,0.44447,0.06244,0.05097,0.4943,0.07167,0.74789,0.54116,0.05879,0.13124,0.11722]},"PREVALENCE_BY_MONTH":{"X_CALENDAR_MONTH":[200301,200305,200306,200307,200308,200401,200403,200404,200405,200406,200407,200408,200409,200410,200411,200412,200501,200502,200503,200504,200505,200506,200507,200508,200509,200510,200511,200512,200601,200602,200603,200604,200605,200606,200607,200608,200609,200610,200611,200612,200701,200702,200703,200704,200705,200706,200707,200708,200709,200710,200711,200712,200801,200802,200803,200804,200805,200806,200807,200808,200809,200810,200811,200812,200901,200902,200903,200904,200905,200906,200907,200908,200909,200910,200911,200912,201001,201002,201003,201004,201005,201006,201007,201008,201009,201010,201011,201012,201101,201102,201103,201104,201105,201106,201107,201108,201109,201110,201111,201112,201201,201202,201203,201204,201205,201206,201207,201208,201209,201210,201211,201212,201301,201302,201303,201304,201305,201306,201307,201308,201309,201310,201311,201312,201401,201402,201403,201404,201405,201406,201407,201408,201409,201410,201411,201412,201501,201502,201503,201504,201505,201506,201507,201508,201509,201510,201511,201512,201601,201602,201603,201604,201605,201606,201607,201608,201609,201610,201611,201612,201701,201702,201703,201704,201705,201706,201707,201708,201709,201710,201711,201712,201801,201802,201803,201804,201805,201806,201807,201808,201809,201810,201811,201812,201901,201902,201903],"Y_PREVALENCE_1000PP":[0.00159,0.00183,0.00156,0.0018,0.00257,0.00198,0.00193,0.0019,0.00189,0.00164,0.0028,0.00256,0.00278,0.00184,0.00183,0.00275,0.00249,0.00181,0.00249,0.00293,0.00225,0.00291,0.00467,0.002,0.00264,0.00439,0.00569,0.00569,0.00714,0.00412,0.00563,0.00517,0.00537,0.00705,0.00855,0.00703,0.00743,0.00802,0.0084,0.00651,0.00873,0.00767,0.00849,0.00784,0.00757,0.00832,0.00764,0.00763,0.00697,0.00964,0.00956,0.00839,0.01162,0.00563,0.0072,0.00814,0.00697,0.00749,0.00536,0.00708,0.00837,0.00873,0.00966,0.00492,0.01094,0.00471,0.00866,0.00813,0.00886,0.01111,0.00733,0.00772,0.00808,0.01055,0.01265,0.01179,0.00908,0.00589,0.01199,0.00989,0.00877,0.01012,0.00859,0.01049,0.00873,0.01037,0.00731,0.00957,0.0114,0.00728,0.0102,0.0074,0.00848,0.00773,0.00569,0.00604,0.00747,0.01127,0.01094,0.00875,0.00837,0.00673,0.00672,0.008,0.00765,0.00673,0.00674,0.00835,0.0078,0.01071,0.01225,0.00957,0.01138,0.00645,0.0063,0.00833,0.00854,0.0078,0.00741,0.00724,0.0076,0.01122,0.0113,0.00941,0.01184,0.0063,0.00632,0.009,0.00632,0.00853,0.00529,0.00592,0.00714,0.0093,0.00756,0.00643,0.00726,0.00564,0.00755,0.00497,0.00454,0.00608,0.00652,0.00697,0.0099,0.00745,0.00875,0.00762,0.00915,0.00796,0.00598,0.00775,0.00733,0.00566,0.00683,0.00641,0.00804,0.00733,0.01095,0.00712,0.01013,0.0056,0.00851,0.00627,0.00542,0.00321,0.00848,0.00589,0.00738,0.00503,0.00935,0.00731,0.00833,0.01113,0.01112,0.01049,0.00679,0.0093,0.00694,0.007,0.00894,0.01107,0.01084,0.01118,0.00787,0.00793,0.00363]},"PROCEDURE_FREQUENCY_DISTRIBUTION":{"Y_NUM_PERSONS":[0,0,0,0,0],"X_COUNT":[1,2,3,4,5]},"PROCEDURES_BY_TYPE":{"CONCEPT_NAME":"EHR order list entry","COUNT_VALUE":6684},"AGE_AT_FIRST_OCCURRENCE":{"CATEGORY":"FEMALE","MIN_VALUE":8,"P10_VALUE":20,"P25_VALUE":24,"MEDIAN_VALUE":29,"P75_VALUE":33,"P90_VALUE":37,"MAX_VALUE":87}}
