{"PREVALENCE_BY_GENDER_AGE_YEAR":{"TRELLIS_NAME":["50-59","60-69","40-49","60-69","50-59","30-39","60-69","40-49","40-49","50-59","60-69","30-39","50-59","50-59","20-29","40-49","50-59","30-39","50-59","50-59","40-49","30-39","40-49","30-39","40-49","50-59","40-49","30-39","50-59","60-69","40-49","50-59","40-49","40-49","60-69","50-59","30-39","40-49","50-59","40-49","60-69","50-59","30-39","30-39","30-39","50-59","40-49","60-69","50-59","50-59","60-69","30-39","60-69","50-59","40-49","60-69","40-49","40-49","60-69"],"SERIES_NAME":["MALE","FEMALE","FEMALE","MALE","FEMALE","FEMALE","FEMALE","FEMALE","MALE","MALE","FEMALE","FEMALE","MALE","FEMALE","FEMALE","FEMALE","MALE","FEMALE","FEMALE","FEMALE","FEMALE","MALE","FEMALE","FEMALE","MALE","FEMALE","MALE","FEMALE","FEMALE","FEMALE","FEMALE","MALE","MALE","FEMALE","FEMALE","FEMALE","MALE","FEMALE","FEMALE","MALE","MALE","MALE","FEMALE","MALE","FEMALE","FEMALE","MALE","MALE","MALE","FEMALE","FEMALE","MALE","MALE","FEMALE","FEMALE","FEMALE","FEMALE","FEMALE","MALE"],"X_CALENDAR_YEAR":[1999,1999,1999,2000,2000,2000,2000,2000,2000,2000,2001,2001,2001,2001,2002,2002,2002,2002,2002,2003,2003,2003,2004,2004,2004,2004,2005,2005,2005,2005,2005,2005,2006,2006,2006,2006,2007,2007,2007,2007,2007,2007,2007,2008,2008,2008,2009,2009,2009,2009,2009,2009,2010,2010,2010,2011,2011,2012,2012],"Y_PREVALENCE_1000PP":[0.04332,0.05905,0.10973,0.04756,0.09188,0.02641,0.05406,0.03222,0.03068,0.05027,0.03637,0.03117,0.03016,0.06203,0.03063,0.0216,0.0378,0.01846,0.03113,0.04029,0.04665,0.01721,0.03574,0.0165,0.02266,0.0507,0.01597,0.02435,0.0194,0.02501,0.02243,0.03768,0.01758,0.01855,0.02321,0.01879,0.01474,0.01466,0.02959,0.01857,0.02104,0.02879,0.02532,0.01466,0.01762,0.026,0.01565,0.01967,0.0195,0.03153,0.0226,0.01967,0.03207,0.02245,0.02319,0.01825,0.02274,0.01844,0.01882]},"PREVALENCE_BY_MONTH":{"X_CALENDAR_MONTH":[199901,199903,199909,199911,200002,200003,200005,200006,200007,200009,200010,200011,200103,200105,200106,200107,200201,200203,200207,200211,200302,200304,200305,200311,200401,200402,200403,200405,200407,200408,200409,200502,200503,200505,200508,200511,200606,200607,200703,200707,200708,200710,200711,200805,200811,200812,200901,200902,200903,200905,200907,200908,200909,200911,201006,201007,201010,201103,201203,201311,201403,201412,201510,201604],"Y_PREVALENCE_1000PP":[0.00552,0.0073,0.0035,0.00427,0.00359,0.00308,0.00301,0.00338,0.005,0.00282,0.0028,0.00277,0.00387,0.0024,0.00235,0.00298,0.00176,0.00172,0.00219,0.00241,0.00185,0.00183,0.00235,0.00152,0.00148,0.00222,0.00193,0.00142,0.00303,0.00163,0.00139,0.00181,0.00158,0.00225,0.002,0.00153,0.0015,0.0015,0.00166,0.00181,0.00141,0.00157,0.00215,0.00116,0.00189,0.00114,0.00132,0.00113,0.00132,0.00132,0.00113,0.00113,0.00113,0.00132,0.00134,0.00115,0.00132,0.0013,0.00127,0.00113,0.00115,0.00124,0.0014,0.0015]},"PROCEDURE_FREQUENCY_DISTRIBUTION":{"Y_NUM_PERSONS":[0,0,0],"X_COUNT":[1,2,3]},"PROCEDURES_BY_TYPE":{"CONCEPT_NAME":"EHR order list entry","COUNT_VALUE":1097},"AGE_AT_FIRST_OCCURRENCE":{"CATEGORY":["FEMALE","MALE"],"MIN_VALUE":[1,6],"P10_VALUE":[30,30],"P25_VALUE":[38,39],"MEDIAN_VALUE":[49,51],"P75_VALUE":[58,61],"P90_VALUE":[66,69],"MAX_VALUE":[85,86]}}
