{"PREVALENCE_BY_GENDER_AGE_YEAR":{"TRELLIS_NAME":["30-39","20-29","20-29","30-39","40-49","40-49","20-29","30-39","30-39","40-49","20-29","30-39","40-49","20-29","30-39","40-49","20-29","40-49","20-29","30-39","30-39","40-49","20-29","20-29","30-39"],"SERIES_NAME":["FEMALE","FEMALE","FEMALE","FEMALE","FEMALE","FEMALE","FEMALE","FEMALE","FEMALE","FEMALE","FEMALE","FEMALE","FEMALE","FEMALE","FEMALE","FEMALE","FEMALE","FEMALE","FEMALE","FEMALE","FEMALE","FEMALE","FEMALE","FEMALE","FEMALE"],"X_CALENDAR_YEAR":[2011,2011,2012,2012,2012,2013,2013,2013,2014,2014,2014,2015,2015,2015,2016,2016,2016,2017,2017,2017,2018,2018,2018,2019,2019],"Y_PREVALENCE_1000PP":[0.03471,0.03707,0.03448,0.05722,0.01844,0.02336,0.02466,0.03965,0.08408,0.03032,0.05244,0.08058,0.03967,0.06965,0.11135,0.04481,0.07304,0.05097,0.07006,0.10653,0.08609,0.03136,0.10558,0.03675,0.03751]},"PREVALENCE_BY_MONTH":{"X_CALENDAR_MONTH":[201106,201109,201201,201202,201203,201206,201311,201403,201408,201409,201410,201412,201502,201504,201509,201510,201512,201604,201605,201606,201607,201608,201611,201701,201702,201703,201704,201706,201708,201801,201803,201807,201809,201901,201902],"Y_PREVALENCE_1000PP":[0.0011,0.00146,0.00109,0.00109,0.00109,0.00127,0.00151,0.00172,0.00138,0.00119,0.00162,0.00145,0.00146,0.00151,0.00225,0.00186,0.00197,0.002,0.00177,0.00232,0.00184,0.00214,0.00219,0.00219,0.00196,0.00198,0.002,0.00175,0.00177,0.00185,0.00216,0.00284,0.00256,0.00197,0.0033]},"PROCEDURE_FREQUENCY_DISTRIBUTION":{"Y_NUM_PERSONS":[0,0],"X_COUNT":[1,2]},"PROCEDURES_BY_TYPE":{"CONCEPT_NAME":"EHR order list entry","COUNT_VALUE":461},"AGE_AT_FIRST_OCCURRENCE":{"CATEGORY":"FEMALE","MIN_VALUE":16,"P10_VALUE":22,"P25_VALUE":27,"MEDIAN_VALUE":32,"P75_VALUE":38,"P90_VALUE":42,"MAX_VALUE":49}}
