{"PREVALENCE_BY_GENDER_AGE_YEAR":{"TRELLIS_NAME":["50-59","40-49","60-69","30-39","20-29","50-59","60-69","30-39","40-49","20-29","40-49","30-39"],"SERIES_NAME":["FEMALE","FEMALE","FEMALE","FEMALE","FEMALE","FEMALE","FEMALE","FEMALE","FEMALE","FEMALE","FEMALE","FEMALE"],"X_CALENDAR_YEAR":[2006,2006,2006,2006,2006,2007,2007,2007,2007,2007,2012,2014],"Y_PREVALENCE_1000PP":[0.12525,0.19873,0.03869,0.14537,0.07886,0.12132,0.03799,0.15447,0.18331,0.08079,0.01383,0.01577]},"PREVALENCE_BY_MONTH":{"X_CALENDAR_MONTH":[200605,200606,200607,200608,200609,200610,200611,200612,200701,200702,200703,200704,200705,201412],"Y_PREVALENCE_1000PP":[0.00387,0.00513,0.00256,0.0017,0.0034,0.00929,0.01008,0.00797,0.01351,0.00767,0.00787,0.00845,0.00696,0.0027]},"PROCEDURE_FREQUENCY_DISTRIBUTION":{"Y_NUM_PERSONS":[0,0],"X_COUNT":[1,2]},"PROCEDURES_BY_TYPE":{"CONCEPT_NAME":"EHR order list entry","COUNT_VALUE":624},"AGE_AT_FIRST_OCCURRENCE":{"CATEGORY":["MALE","FEMALE"],"MIN_VALUE":[39,2],"P10_VALUE":[46,28],"P25_VALUE":[59,35],"MEDIAN_VALUE":[70,42],"P75_VALUE":[78,51],"P90_VALUE":[83,59],"MAX_VALUE":[87,89]}}
