{"PREVALENCE_BY_GENDER_AGE_YEAR":{"TRELLIS_NAME":["60-69","50-59","50-59","60-69","40-49","50-59","60-69","40-49","50-59","20-29","60-69","40-49","40-49","60-69","50-59","60-69","50-59","60-69","60-69","60-69","70-79","50-59","40-49","50-59"],"SERIES_NAME":["FEMALE","FEMALE","FEMALE","FEMALE","FEMALE","FEMALE","FEMALE","FEMALE","FEMALE","FEMALE","FEMALE","MALE","FEMALE","FEMALE","FEMALE","FEMALE","FEMALE","FEMALE","FEMALE","FEMALE","FEMALE","FEMALE","FEMALE","FEMALE"],"X_CALENDAR_YEAR":[2003,2003,2004,2006,2006,2006,2007,2007,2007,2008,2008,2009,2009,2010,2010,2011,2012,2012,2013,2014,2015,2015,2015,2017],"Y_PREVALENCE_1000PP":[0.02941,0.02564,0.02366,0.02321,0.0159,0.01879,0.02072,0.022,0.02367,0.01546,0.04954,0.01342,0.01404,0.02514,0.02526,0.02129,0.01879,0.02135,0.0334,0.01928,0.03417,0.01753,0.01983,0.02644]},"PREVALENCE_BY_MONTH":{"X_CALENDAR_MONTH":[200604,200709,200801,200805,200904,200906,201003,201008,201106,201302,201309],"Y_PREVALENCE_1000PP":[0.00151,0.00139,0.00116,0.00116,0.00113,0.00113,0.00114,0.00114,0.00147,0.00111,0.00111]},"PROCEDURE_FREQUENCY_DISTRIBUTION":{"Y_NUM_PERSONS":[0,0],"X_COUNT":[1,2]},"PROCEDURES_BY_TYPE":{"CONCEPT_NAME":"EHR order list entry","COUNT_VALUE":604},"AGE_AT_FIRST_OCCURRENCE":{"CATEGORY":["FEMALE","MALE"],"MIN_VALUE":[2,2],"P10_VALUE":[33,20],"P25_VALUE":[44,38],"MEDIAN_VALUE":[55,51],"P75_VALUE":[63,64],"P90_VALUE":[73,71],"MAX_VALUE":[95,87]}}
