{"PREVALENCE_BY_GENDER_AGE_YEAR":{"TRELLIS_NAME":["40-49","20-29","30-39","20-29","40-49","30-39","20-29","30-39","40-49","30-39","20-29","60-69","30-39","40-49","20-29","20-29","40-49","30-39","20-29","20-29"],"SERIES_NAME":["FEMALE","FEMALE","FEMALE","FEMALE","FEMALE","FEMALE","FEMALE","FEMALE","FEMALE","FEMALE","FEMALE","FEMALE","FEMALE","FEMALE","FEMALE","FEMALE","FEMALE","FEMALE","FEMALE","FEMALE"],"X_CALENDAR_YEAR":[2007,2007,2008,2009,2009,2009,2010,2010,2011,2011,2011,2011,2012,2012,2012,2013,2014,2014,2014,2015],"Y_PREVALENCE_1000PP":[0.022,0.02424,0.0151,0.03557,0.01872,0.02271,0.03042,0.03515,0.01364,0.02975,0.02965,0.01825,0.02985,0.01613,0.03202,0.02466,0.01516,0.01577,0.01573,0.01741]},"PREVALENCE_BY_MONTH":{"X_CALENDAR_MONTH":[200701,200902,200912,201007,201008,201101,201105,201210],"Y_PREVALENCE_1000PP":[0.00125,0.00132,0.00152,0.00115,0.00134,0.00112,0.00148,0.00109]},"PROCEDURE_FREQUENCY_DISTRIBUTION":{"Y_NUM_PERSONS":[0,0],"X_COUNT":[1,2]},"PROCEDURES_BY_TYPE":{"CONCEPT_NAME":"EHR order list entry","COUNT_VALUE":323},"AGE_AT_FIRST_OCCURRENCE":{"CATEGORY":"FEMALE","MIN_VALUE":3,"P10_VALUE":25,"P25_VALUE":28,"MEDIAN_VALUE":36,"P75_VALUE":48,"P90_VALUE":63,"MAX_VALUE":86}}
