{"PREVALENCE_BY_GENDER_AGE_YEAR":{"TRELLIS_NAME":["30-39","30-39","30-39","20-29","30-39","30-39","30-39","30-39","30-39","20-29","30-39","20-29","30-39","20-29","30-39"],"SERIES_NAME":["FEMALE","FEMALE","FEMALE","FEMALE","FEMALE","FEMALE","FEMALE","FEMALE","FEMALE","FEMALE","FEMALE","FEMALE","FEMALE","FEMALE","FEMALE"],"X_CALENDAR_YEAR":[2008,2009,2010,2011,2011,2012,2013,2014,2015,2016,2016,2017,2017,2018,2018],"Y_PREVALENCE_1000PP":[0.02014,0.02019,0.01757,0.02224,0.02231,0.02239,0.01735,0.01839,0.02302,0.02783,0.02024,0.02335,0.07347,0.0308,0.0328]},"PREVALENCE_BY_MONTH":{"X_CALENDAR_MONTH":[],"Y_PREVALENCE_1000PP":[]},"PROCEDURE_FREQUENCY_DISTRIBUTION":{"Y_NUM_PERSONS":[0,0],"X_COUNT":[1,2]},"PROCEDURES_BY_TYPE":{"CONCEPT_NAME":"EHR order list entry","COUNT_VALUE":315},"AGE_AT_FIRST_OCCURRENCE":{"CATEGORY":["FEMALE","MALE"],"MIN_VALUE":[20,23],"P10_VALUE":[26,46],"P25_VALUE":[30,55],"MEDIAN_VALUE":[35,64],"P75_VALUE":[45,75],"P90_VALUE":[72,82],"MAX_VALUE":[95,89]}}
