{"PREVALENCE_BY_GENDER_AGE_YEAR":{"TRELLIS_NAME":["50-59","70-79","60-69","60-69","60-69","60-69","70-79","60-69","70-79","50-59","70-79","70-79","80-89","70-79","70-79","80-89","60-69","70-79","70-79","80-89","70-79","50-59","60-69","80-89","50-59","70-79","80-89","60-69","60-69","70-79","80-89","50-59","60-69","70-79","60-69","80-89","80-89","70-79","70-79","50-59","50-59","70-79","70-79","60-69","50-59","80-89","80-89","50-59","80-89","70-79","60-69","70-79","60-69","70-79","60-69","80-89"],"SERIES_NAME":["FEMALE","MALE","FEMALE","MALE","MALE","FEMALE","MALE","MALE","FEMALE","MALE","MALE","MALE","FEMALE","FEMALE","FEMALE","MALE","FEMALE","FEMALE","MALE","FEMALE","FEMALE","FEMALE","FEMALE","FEMALE","MALE","MALE","MALE","FEMALE","MALE","FEMALE","MALE","MALE","MALE","MALE","FEMALE","FEMALE","MALE","MALE","FEMALE","FEMALE","MALE","FEMALE","MALE","FEMALE","FEMALE","FEMALE","MALE","MALE","FEMALE","MALE","FEMALE","FEMALE","MALE","MALE","MALE","FEMALE"],"X_CALENDAR_YEAR":[2004,2005,2005,2005,2006,2006,2006,2007,2007,2007,2007,2008,2008,2008,2009,2010,2010,2010,2011,2011,2011,2011,2011,2012,2012,2012,2012,2012,2012,2012,2013,2013,2013,2013,2013,2014,2014,2014,2014,2014,2014,2015,2015,2015,2015,2015,2015,2015,2016,2016,2016,2016,2016,2017,2017,2018],"Y_PREVALENCE_1000PP":[0.02028,0.03799,0.02501,0.02959,0.02357,0.03095,0.05435,0.02104,0.03316,0.02015,0.04441,0.09091,0.04168,0.05062,0.03192,0.07586,0.03143,0.02722,0.03072,0.04809,0.03129,0.01625,0.02738,0.04137,0.01577,0.05084,0.10346,0.03354,0.02509,0.03121,0.07164,0.01551,0.02189,0.05455,0.02732,0.04391,0.06344,0.06093,0.02692,0.01902,0.02141,0.03905,0.06039,0.02445,0.01753,0.08797,0.07992,0.02015,0.07694,0.06347,0.03354,0.03962,0.03033,0.04815,0.03929,0.07307]},"PREVALENCE_BY_MONTH":{"X_CALENDAR_MONTH":[200307,200509,200605,200606,200608,200610,200611,200703,200709,200710,200711,200804,200808,200809,200811,200902,200911,201007,201010,201011,201101,201103,201106,201107,201110,201112,201202,201203,201205,201207,201208,201209,201211,201301,201302,201304,201308,201401,201403,201404,201405,201407,201409,201410,201501,201502,201503,201504,201506,201507,201508,201509,201511,201512,201602,201603,201604,201606,201608,201701,201709,201712,201801],"Y_PREVALENCE_1000PP":[0.00154,0.00132,0.00129,0.00128,0.00234,0.00127,0.00126,0.00166,0.00139,0.00118,0.00137,0.00136,0.00191,0.00133,0.00114,0.00132,0.00132,0.00172,0.00113,0.00112,0.00112,0.0013,0.0011,0.00128,0.00127,0.00128,0.00255,0.00145,0.00146,0.00146,0.00182,0.00181,0.00165,0.0011,0.00147,0.00167,0.0013,0.00134,0.00172,0.00153,0.00153,0.00176,0.00139,0.00121,0.00228,0.00188,0.00237,0.0013,0.00158,0.00135,0.00202,0.0018,0.00142,0.00148,0.00174,0.00174,0.0025,0.00232,0.0016,0.00192,0.00177,0.00213,0.00185]},"PROCEDURE_FREQUENCY_DISTRIBUTION":{"Y_NUM_PERSONS":[0,0,0,0,0,0,0,0,0,0,0],"X_COUNT":[1,2,3,4,5,6,7,8,9,10,11]},"PROCEDURES_BY_TYPE":{"CONCEPT_NAME":"EHR order list entry","COUNT_VALUE":984},"AGE_AT_FIRST_OCCURRENCE":{"CATEGORY":["FEMALE","MALE"],"MIN_VALUE":[2,1],"P10_VALUE":[38,47],"P25_VALUE":[53,59],"MEDIAN_VALUE":[65,70],"P75_VALUE":[77,78],"P90_VALUE":[84,84],"MAX_VALUE":[96,93]}}
