{"AGE_AT_FIRST_EXPOSURE":{"CATEGORY":["MALE","FEMALE"],"MIN_VALUE":[18,19],"P10_VALUE":[25,34],"P25_VALUE":[38,43],"MEDIAN_VALUE":[50,55],"P75_VALUE":[64,66],"P90_VALUE":[73,80],"MAX_VALUE":[95,97]},"DAYS_SUPPLY_DISTRIBUTION":{"CATEGORY":"Days supply","MIN_VALUE":0,"P10_VALUE":5,"P25_VALUE":14,"MEDIAN_VALUE":35,"P75_VALUE":70,"P90_VALUE":112,"MAX_VALUE":364},"DRUGS_BY_TYPE":{"CONCEPT_NAME":"EHR","COUNT_VALUE":3260},"PREVALENCE_BY_GENDER_AGE_YEAR":{"TRELLIS_NAME":["40-49","40-49","30-39","60-69","60-69","50-59","50-59","60-69","50-59","40-49","40-49","70-79","20-29","50-59","30-39","60-69","30-39","80-89","70-79","60-69","80-89","20-29","50-59","30-39","70-79","30-39","70-79","80-89","50-59","60-69","40-49","20-29","40-49"],"SERIES_NAME":["MALE","FEMALE","FEMALE","MALE","FEMALE","MALE","FEMALE","FEMALE","FEMALE","FEMALE","MALE","FEMALE","FEMALE","MALE","FEMALE","MALE","MALE","FEMALE","MALE","MALE","MALE","MALE","MALE","FEMALE","FEMALE","MALE","MALE","FEMALE","FEMALE","FEMALE","MALE","FEMALE","FEMALE"],"X_CALENDAR_YEAR":[2016,2016,2016,2016,2016,2016,2016,2017,2017,2017,2017,2017,2017,2017,2017,2017,2017,2017,2017,2018,2018,2018,2018,2018,2018,2018,2018,2018,2018,2018,2018,2018,2018],"Y_PREVALENCE_1000PP":[0.24983,0.25215,0.4206,0.0789,0.13662,0.10083,0.17961,0.22722,0.32964,0.50615,0.60692,0.17093,0.39934,0.20888,0.37502,0.09585,0.68361,0.2206,0.17783,0.30769,0.15404,1.04439,0.68117,2.0952,0.52993,1.7146,0.3269,0.71106,1.17251,0.82147,1.37471,2.00642,2.03358]},"PREVALENCE_BY_MONTH":{"X_CALENDAR_MONTH":[201512,201601,201603,201604,201605,201606,201607,201608,201609,201610,201611,201612,201701,201702,201703,201704,201705,201706,201707,201708,201709,201710,201711,201712,201801,201802,201803,201804,201805,201806,201807,201808,201809,201810,201811,201812],"Y_PREVALENCE_1000PP":[0.00802,0.00806,0.01356,0.01091,0.00959,0.01928,0.01799,0.04174,0.04197,0.05065,0.058,0.05123,0.05728,0.0663,0.06529,0.05847,0.05003,0.05634,0.0613,0.08444,0.06999,0.05835,0.0713,0.08143,0.10289,0.09787,0.11699,0.13857,0.17096,0.2085,0.22208,0.2987,0.31458,0.3927,0.52842,0.79576]},"DRUG_FREQUENCY_DISTRIBUTION":{"Y_NUM_PERSONS":[0,0,0,0,0,0,0,0,0,0,0,0,0,0,0,0,0,0,0,0,0,0,0,0,0,0,0,0,0,0],"X_COUNT":[1,2,3,4,5,6,7,8,9,10,11,12,13,14,15,16,17,18,19,20,22,23,24,25,26,27,28,29,31,33]},"QUANTITY_DISTRIBUTION":{"CATEGORY":[],"MIN_VALUE":[],"P10_VALUE":[],"P25_VALUE":[],"MEDIAN_VALUE":[],"P75_VALUE":[],"P90_VALUE":[],"MAX_VALUE":[]},"REFILLS_DISTRIBUTION":{"CATEGORY":[],"MIN_VALUE":[],"P10_VALUE":[],"P25_VALUE":[],"MEDIAN_VALUE":[],"P75_VALUE":[],"P90_VALUE":[],"MAX_VALUE":[]}}
