{"AGE_AT_FIRST_EXPOSURE":{"CATEGORY":["MALE","FEMALE"],"MIN_VALUE":[22,40],"P10_VALUE":[54,57],"P25_VALUE":[60,61],"MEDIAN_VALUE":[65,66],"P75_VALUE":[76,75],"P90_VALUE":[82,82],"MAX_VALUE":[89,91]},"DAYS_SUPPLY_DISTRIBUTION":{"CATEGORY":"Days supply","MIN_VALUE":0,"P10_VALUE":14,"P25_VALUE":21,"MEDIAN_VALUE":28,"P75_VALUE":42,"P90_VALUE":56,"MAX_VALUE":98},"DRUGS_BY_TYPE":{"CONCEPT_NAME":"EHR","COUNT_VALUE":2176},"PREVALENCE_BY_GENDER_AGE_YEAR":{"TRELLIS_NAME":["70-79","70-79","60-69","80-89","60-69","50-59","60-69","70-79","70-79","80-89","50-59","50-59","60-69","50-59","80-89","60-69","70-79","80-89","70-79","60-69"],"SERIES_NAME":["MALE","FEMALE","FEMALE","FEMALE","MALE","FEMALE","FEMALE","FEMALE","MALE","FEMALE","FEMALE","MALE","MALE","FEMALE","MALE","MALE","MALE","FEMALE","FEMALE","FEMALE"],"X_CALENDAR_YEAR":[2016,2016,2016,2016,2016,2016,2017,2017,2017,2017,2017,2017,2017,2018,2018,2018,2018,2018,2018,2018],"Y_PREVALENCE_1000PP":[0.12292,0.1256,0.20492,0.18226,0.11836,0.13735,0.37541,0.13985,0.1067,0.25736,0.18837,0.13292,0.20539,0.19312,0.30807,0.337,0.12713,0.39296,0.32731,0.58231]},"PREVALENCE_BY_MONTH":{"X_CALENDAR_MONTH":[201603,201604,201605,201606,201607,201608,201609,201610,201611,201612,201701,201702,201703,201704,201705,201706,201707,201708,201709,201710,201711,201712,201801,201802,201803,201804,201805,201806,201807,201808,201809,201810,201811,201812],"Y_PREVALENCE_1000PP":[0.0095,0.02182,0.02878,0.04132,0.04014,0.05148,0.04896,0.05065,0.06224,0.07969,0.08593,0.07207,0.08415,0.07748,0.0721,0.06672,0.06878,0.07238,0.08521,0.07216,0.07595,0.083,0.10289,0.08664,0.09912,0.10228,0.1056,0.12647,0.12066,0.13939,0.12774,0.17618,0.19339,0.37694]},"DRUG_FREQUENCY_DISTRIBUTION":{"Y_NUM_PERSONS":[0,0,0,0,0,0,0,0,0,0,0,0,0,0,0,0,0,0,0,0,0,0,0,0,0,0],"X_COUNT":[1,2,3,4,5,6,7,8,9,10,11,12,13,14,15,16,17,18,19,20,21,22,23,24,25,26]},"QUANTITY_DISTRIBUTION":{"CATEGORY":[],"MIN_VALUE":[],"P10_VALUE":[],"P25_VALUE":[],"MEDIAN_VALUE":[],"P75_VALUE":[],"P90_VALUE":[],"MAX_VALUE":[]},"REFILLS_DISTRIBUTION":{"CATEGORY":[],"MIN_VALUE":[],"P10_VALUE":[],"P25_VALUE":[],"MEDIAN_VALUE":[],"P75_VALUE":[],"P90_VALUE":[],"MAX_VALUE":[]}}
