{"AGE_AT_FIRST_EXPOSURE":{"CATEGORY":["MALE","FEMALE"],"MIN_VALUE":[22,29],"P10_VALUE":[37,32],"P25_VALUE":[43,38],"MEDIAN_VALUE":[48,53],"P75_VALUE":[59,60],"P90_VALUE":[69,67],"MAX_VALUE":[80,90]},"DAYS_SUPPLY_DISTRIBUTION":{"CATEGORY":"Days supply","MIN_VALUE":1,"P10_VALUE":28,"P25_VALUE":56,"MEDIAN_VALUE":84,"P75_VALUE":112,"P90_VALUE":182,"MAX_VALUE":266},"DRUGS_BY_TYPE":{"CONCEPT_NAME":"EHR","COUNT_VALUE":727},"PREVALENCE_BY_GENDER_AGE_YEAR":{"TRELLIS_NAME":["40-49","40-49","30-39","50-59","50-59","40-49","60-69","50-59","60-69","40-49","30-39"],"SERIES_NAME":["MALE","MALE","FEMALE","FEMALE","MALE","MALE","FEMALE","MALE","FEMALE","MALE","FEMALE"],"X_CALENDAR_YEAR":[2015,2016,2017,2017,2017,2017,2017,2018,2018,2018,2018],"Y_PREVALENCE_1000PP":[0.19362,0.28552,0.25001,0.07064,0.13292,0.32369,0.06915,0.18164,0.10398,0.44187,0.37606]},"PREVALENCE_BY_MONTH":{"X_CALENDAR_MONTH":[201602,201603,201605,201608,201609,201610,201611,201612,201701,201702,201703,201704,201705,201706,201707,201708,201709,201710,201711,201712,201801,201802,201803,201804,201805,201806,201807,201808,201809,201810,201811,201812],"Y_PREVALENCE_1000PP":[0.0081,0.0095,0.00822,0.00835,0.01819,0.0211,0.01839,0.01423,0.02291,0.02739,0.02757,0.02339,0.02354,0.02817,0.02691,0.02563,0.02739,0.03839,0.03255,0.03289,0.03166,0.04492,0.02925,0.03794,0.04358,0.03247,0.03497,0.05069,0.05529,0.03821,0.07627,0.12099]},"DRUG_FREQUENCY_DISTRIBUTION":{"Y_NUM_PERSONS":[0,0,0,0,0,0,0,0,0,0,0,0,0,0,0,0,0,0,0,0,0],"X_COUNT":[1,2,3,4,5,6,7,8,9,10,11,12,14,15,16,17,18,19,22,23,24]},"QUANTITY_DISTRIBUTION":{"CATEGORY":[],"MIN_VALUE":[],"P10_VALUE":[],"P25_VALUE":[],"MEDIAN_VALUE":[],"P75_VALUE":[],"P90_VALUE":[],"MAX_VALUE":[]},"REFILLS_DISTRIBUTION":{"CATEGORY":[],"MIN_VALUE":[],"P10_VALUE":[],"P25_VALUE":[],"MEDIAN_VALUE":[],"P75_VALUE":[],"P90_VALUE":[],"MAX_VALUE":[]}}
