{"AGE_AT_FIRST_EXPOSURE":{"CATEGORY":["MALE","FEMALE"],"MIN_VALUE":[7,8],"P10_VALUE":[24,26],"P25_VALUE":[39,38],"MEDIAN_VALUE":[51,49],"P75_VALUE":[62,59],"P90_VALUE":[72,70],"MAX_VALUE":[96,105]},"DAYS_SUPPLY_DISTRIBUTION":{"CATEGORY":"Days supply","MIN_VALUE":1,"P10_VALUE":4,"P25_VALUE":5,"MEDIAN_VALUE":5,"P75_VALUE":5,"P90_VALUE":7,"MAX_VALUE":99},"DRUGS_BY_TYPE":{"CONCEPT_NAME":"EHR","COUNT_VALUE":40984},"PREVALENCE_BY_GENDER_AGE_YEAR":{"TRELLIS_NAME":["20-29","0-9","80-89","60-69","40-49","20-29","50-59","40-49","60-69","10-19","90-99","70-79","70-79","50-59","10-19","80-89","30-39","30-39","30-39","50-59","50-59","90-99","0-9","80-89","40-49","20-29","70-79","30-39","90-99","10-19","80-89","60-69","70-79","40-49","10-19","20-29","60-69","60-69","70-79","50-59","80-89","20-29","50-59","90-99","90-99","40-49","30-39","30-39","70-79","40-49","60-69","80-89","10-19","10-19","20-29","70-79","20-29","40-49","50-59","40-49","60-69","70-79","80-89","60-69","10-19","80-89","30-39","30-39","20-29","10-19","50-59"],"SERIES_NAME":["FEMALE","MALE","MALE","FEMALE","FEMALE","MALE","MALE","MALE","MALE","MALE","FEMALE","MALE","FEMALE","FEMALE","FEMALE","FEMALE","MALE","FEMALE","FEMALE","FEMALE","MALE","FEMALE","MALE","MALE","FEMALE","FEMALE","MALE","MALE","MALE","FEMALE","FEMALE","MALE","FEMALE","MALE","MALE","MALE","FEMALE","FEMALE","FEMALE","MALE","FEMALE","MALE","FEMALE","MALE","FEMALE","FEMALE","FEMALE","MALE","MALE","MALE","MALE","MALE","FEMALE","MALE","FEMALE","MALE","MALE","MALE","MALE","FEMALE","FEMALE","FEMALE","MALE","MALE","FEMALE","FEMALE","FEMALE","MALE","FEMALE","MALE","FEMALE"],"X_CALENDAR_YEAR":[2006,2006,2006,2006,2006,2006,2006,2006,2006,2006,2006,2006,2006,2006,2006,2006,2006,2006,2007,2007,2007,2007,2007,2007,2007,2007,2007,2007,2007,2007,2007,2007,2007,2007,2007,2007,2007,2008,2008,2008,2008,2008,2008,2008,2008,2008,2008,2008,2008,2008,2008,2008,2008,2008,2008,2009,2009,2009,2009,2009,2009,2009,2009,2009,2009,2009,2009,2009,2009,2009,2009],"Y_PREVALENCE_1000PP":[13.02738,1.84559,3.30505,8.7646,15.27274,12.28673,10.68373,13.02891,7.34603,10.26912,2.03114,5.13189,5.24907,12.63456,13.61123,3.0271,14.59949,15.32258,15.68205,13.30949,10.56194,1.78344,2.63968,3.24933,15.94007,13.01542,5.22733,14.25499,2.59163,11.74903,2.77562,8.09815,5.49158,13.98911,9.4666,10.61257,9.37482,12.10269,6.89398,12.80969,3.56865,15.12712,15.8605,2.11193,2.36616,19.37457,18.73717,16.82751,6.83243,16.50813,10.06538,3.2046,17.38113,12.16727,17.37853,1.42799,2.50039,4.64456,2.99679,4.39018,2.85747,1.78842,0.88192,2.42889,3.1717,0.71722,3.65787,3.74975,2.63976,1.6959,4.02042]},"PREVALENCE_BY_MONTH":{"X_CALENDAR_MONTH":[200601,200602,200603,200604,200605,200606,200607,200608,200609,200610,200611,200612,200701,200702,200703,200704,200705,200706,200707,200708,200709,200710,200711,200712,200801,200802,200803,200804,200805,200806,200807,200808,200809,200810,200811,200812,200901,200902,200903],"Y_PREVALENCE_1000PP":[1.54304,1.29588,1.3725,1.14263,1.1356,1.17874,1.04454,1.15782,1.27196,1.22994,1.29282,1.20331,1.24019,1.12267,1.2084,0.97646,1.09565,0.94462,1.15165,1.12385,0.96731,1.07191,1.62101,1.45474,1.7232,1.76189,1.69001,1.63652,1.46001,1.14058,1.46761,1.21812,1.19236,1.35317,1.3397,1.61817,1.3778,1.31135,0.3956]},"DRUG_FREQUENCY_DISTRIBUTION":{"Y_NUM_PERSONS":[2,1,0,0,0,0,0,0,0,0,0,0,0,0,0,0,0,0,0,0,0,0,0],"X_COUNT":[1,2,3,4,5,6,7,8,9,10,11,12,13,14,15,16,17,18,19,21,22,23,24]},"QUANTITY_DISTRIBUTION":{"CATEGORY":[],"MIN_VALUE":[],"P10_VALUE":[],"P25_VALUE":[],"MEDIAN_VALUE":[],"P75_VALUE":[],"P90_VALUE":[],"MAX_VALUE":[]},"REFILLS_DISTRIBUTION":{"CATEGORY":[],"MIN_VALUE":[],"P10_VALUE":[],"P25_VALUE":[],"MEDIAN_VALUE":[],"P75_VALUE":[],"P90_VALUE":[],"MAX_VALUE":[]}}
