{"AGE_AT_FIRST_EXPOSURE":{"CATEGORY":["MALE","FEMALE"],"MIN_VALUE":[7,7],"P10_VALUE":[28,27],"P25_VALUE":[44,41],"MEDIAN_VALUE":[56,53],"P75_VALUE":[69,69],"P90_VALUE":[78,79],"MAX_VALUE":[104,105]},"DAYS_SUPPLY_DISTRIBUTION":{"CATEGORY":"Days supply","MIN_VALUE":0,"P10_VALUE":3,"P25_VALUE":3,"MEDIAN_VALUE":5,"P75_VALUE":7,"P90_VALUE":28,"MAX_VALUE":364},"DRUGS_BY_TYPE":{"CONCEPT_NAME":"EHR","COUNT_VALUE":82744},"PREVALENCE_BY_GENDER_AGE_YEAR":{"TRELLIS_NAME":["60-69","90-99","20-29","30-39","30-39","10-19","50-59","90-99","0-9","0-9","40-49","70-79","70-79","80-89","40-49","10-19","80-89","60-69","50-59","20-29","30-39","0-9","50-59","0-9","10-19","60-69","90-99","80-89","40-49","70-79","20-29","30-39","60-69","90-99","20-29","40-49","10-19","50-59","80-89","70-79","70-79","40-49","70-79","20-29","60-69","80-89","20-29","50-59","60-69","30-39","50-59","40-49","90-99","10-19","100-109","80-89","10-19","30-39","90-99","90-99","80-89","60-69","10-19","10-19","40-49","30-39","60-69","40-49","90-99","70-79","50-59","70-79","30-39","20-29","80-89","20-29","50-59","80-89","50-59","60-69","30-39","50-59","30-39","40-49","20-29","40-49","70-79","60-69","70-79"],"SERIES_NAME":["FEMALE","MALE","FEMALE","FEMALE","MALE","MALE","FEMALE","FEMALE","MALE","FEMALE","FEMALE","FEMALE","MALE","MALE","MALE","FEMALE","FEMALE","MALE","MALE","MALE","MALE","FEMALE","FEMALE","MALE","MALE","FEMALE","MALE","MALE","FEMALE","MALE","MALE","FEMALE","MALE","FEMALE","FEMALE","MALE","FEMALE","MALE","FEMALE","FEMALE","MALE","FEMALE","FEMALE","MALE","FEMALE","MALE","FEMALE","FEMALE","MALE","MALE","MALE","MALE","FEMALE","MALE","FEMALE","FEMALE","FEMALE","FEMALE","MALE","MALE","MALE","MALE","FEMALE","MALE","MALE","FEMALE","FEMALE","FEMALE","FEMALE","FEMALE","FEMALE","MALE","MALE","FEMALE","FEMALE","MALE","MALE","FEMALE","FEMALE","FEMALE","FEMALE","MALE","MALE","FEMALE","FEMALE","MALE","FEMALE","MALE","MALE"],"X_CALENDAR_YEAR":[2006,2006,2006,2006,2006,2006,2006,2006,2006,2006,2006,2006,2006,2006,2006,2006,2006,2006,2006,2006,2007,2007,2007,2007,2007,2007,2007,2007,2007,2007,2007,2007,2007,2007,2007,2007,2007,2007,2007,2007,2008,2008,2008,2008,2008,2008,2008,2008,2008,2008,2008,2008,2008,2008,2008,2008,2008,2008,2008,2009,2009,2009,2009,2009,2009,2009,2009,2009,2009,2009,2009,2009,2009,2009,2009,2009,2009,2010,2010,2010,2010,2010,2010,2010,2010,2010,2010,2010,2010],"Y_PREVALENCE_1000PP":[21.37907,18.56764,36.79664,25.07331,21.26732,11.33144,24.11331,16.9262,1.84559,5.25465,25.23774,20.55271,15.65226,15.63733,19.45957,24.67035,22.01258,17.49381,17.51029,22.66361,18.77575,4.49691,21.01961,3.07963,10.18741,20.08262,19.25213,16.92027,21.42272,16.10746,20.78089,22.52549,15.63519,19.10828,29.32951,17.84627,17.08052,17.34326,22.25501,20.96909,17.06729,21.85308,22.26395,21.52994,20.27697,17.52722,27.38435,20.40816,16.72569,18.72099,17.26071,17.46439,18.23918,8.84515,14.98929,22.57981,16.68762,20.25095,15.5755,4.48096,5.13402,4.5744,3.26782,2.05293,4.42339,4.40364,5.61379,5.55196,6.56893,6.13545,5.2361,4.49397,3.94711,6.04212,6.66596,5.00078,4.11464,0.16167,0.30352,0.21746,0.13305,0.2057,0.24169,0.29598,0.36699,0.16296,0.29626,0.22744,0.15889]},"PREVALENCE_BY_MONTH":{"X_CALENDAR_MONTH":[200601,200602,200603,200604,200605,200606,200607,200608,200609,200610,200611,200612,200701,200702,200703,200704,200705,200706,200707,200708,200709,200710,200711,200712,200801,200802,200803,200804,200805,200806,200807,200808,200809,200810,200811,200812,200901,200902,200903,200904,200905,200906,200907,200908,200909,200910,200911,200912,201001,201002,201003,201004,201005],"Y_PREVALENCE_1000PP":[4.04556,3.15277,3.07265,2.46104,2.61731,2.65691,2.39937,2.35449,2.38784,2.35846,2.36433,2.32529,2.48444,2.01117,2.28356,2.13153,2.19259,2.00001,2.09312,2.12574,2.03814,2.19503,2.09657,2.24367,2.18941,1.9362,2.22474,2.24259,2.16948,2.27323,2.29181,2.24326,2.2318,2.44539,2.29959,2.42726,2.06724,2.23508,0.77809,0.0755,0.04273,0.05922,0.056,0.05167,0.04954,0.06173,0.07617,0.08513,0.06535,0.0455,0.05891,0.05345,0.01004]},"DRUG_FREQUENCY_DISTRIBUTION":{"Y_NUM_PERSONS":[5,1,1,0,0,0,0,0,0,0,0,0,0,0,0,0,0,0,0,0,0,0,0,0,0,0,0,0,0,0,0,0,0,0,0,0,0,0,0],"X_COUNT":[1,2,3,4,5,6,7,8,9,10,11,12,13,14,15,16,17,18,19,20,21,22,23,24,25,26,27,28,29,30,32,34,36,37,38,39,42,43,48]},"QUANTITY_DISTRIBUTION":{"CATEGORY":[],"MIN_VALUE":[],"P10_VALUE":[],"P25_VALUE":[],"MEDIAN_VALUE":[],"P75_VALUE":[],"P90_VALUE":[],"MAX_VALUE":[]},"REFILLS_DISTRIBUTION":{"CATEGORY":[],"MIN_VALUE":[],"P10_VALUE":[],"P25_VALUE":[],"MEDIAN_VALUE":[],"P75_VALUE":[],"P90_VALUE":[],"MAX_VALUE":[]}}
