{"AGE_AT_FIRST_EXPOSURE":{"CATEGORY":["MALE","FEMALE"],"MIN_VALUE":[29,16],"P10_VALUE":[53,53],"P25_VALUE":[59,59],"MEDIAN_VALUE":[66,66],"P75_VALUE":[74,77],"P90_VALUE":[80,83],"MAX_VALUE":[90,93]},"DAYS_SUPPLY_DISTRIBUTION":{"CATEGORY":"Days supply","MIN_VALUE":0,"P10_VALUE":0,"P25_VALUE":1,"MEDIAN_VALUE":1,"P75_VALUE":1,"P90_VALUE":4,"MAX_VALUE":140},"DRUGS_BY_TYPE":{"CONCEPT_NAME":"EHR","COUNT_VALUE":6243},"PREVALENCE_BY_GENDER_AGE_YEAR":{"TRELLIS_NAME":["60-69","50-59","50-59","60-69","50-59","70-79","60-69","70-79","50-59","70-79","50-59","60-69","70-79","50-59","50-59","60-69","70-79","70-79","70-79","50-59","60-69","60-69","70-79","60-69","50-59","60-69","80-89","70-79","50-59","60-69","60-69","50-59","70-79","60-69","80-89","50-59","60-69","80-89","70-79","70-79","50-59","50-59","70-79","70-79","80-89","60-69","60-69","50-59","50-59","80-89","80-89","60-69","60-69","70-79","60-69","50-59","80-89","70-79","80-89","60-69","70-79","50-59"],"SERIES_NAME":["FEMALE","FEMALE","MALE","MALE","MALE","MALE","MALE","FEMALE","MALE","MALE","FEMALE","FEMALE","MALE","FEMALE","MALE","FEMALE","FEMALE","FEMALE","MALE","MALE","MALE","FEMALE","MALE","FEMALE","MALE","MALE","FEMALE","MALE","MALE","FEMALE","MALE","FEMALE","FEMALE","MALE","FEMALE","MALE","FEMALE","MALE","FEMALE","MALE","MALE","FEMALE","MALE","FEMALE","FEMALE","MALE","FEMALE","FEMALE","MALE","MALE","FEMALE","MALE","FEMALE","MALE","FEMALE","MALE","FEMALE","MALE","MALE","MALE","FEMALE","FEMALE"],"X_CALENDAR_YEAR":[2007,2007,2007,2008,2008,2009,2009,2010,2010,2010,2010,2010,2011,2011,2011,2011,2011,2012,2012,2012,2012,2012,2013,2013,2013,2013,2013,2014,2014,2014,2014,2014,2014,2015,2015,2015,2015,2015,2015,2015,2016,2016,2016,2016,2016,2016,2016,2017,2017,2017,2017,2017,2017,2017,2018,2018,2018,2018,2018,2018,2018,2018],"Y_PREVALENCE_1000PP":[0.08789,0.05863,0.10575,0.1362,0.06937,0.084,0.09446,0.09427,0.0726,0.11556,0.07805,0.12081,0.11944,0.05251,0.07471,0.08053,0.09762,0.10128,0.1236,0.08982,0.15676,0.1096,0.27325,0.12647,0.08014,0.23492,0.12971,0.21407,0.11315,0.19321,0.15674,0.10205,0.15326,0.23365,0.1636,0.16787,0.09865,0.17805,0.20403,0.22246,0.11764,0.07396,0.21071,0.1099,0.18226,0.24987,0.12686,0.08241,0.13292,0.17722,0.1103,0.24647,0.08891,0.12448,0.14558,0.15894,0.18712,0.23609,0.17971,0.21978,0.1091,0.11035]},"PREVALENCE_BY_MONTH":{"X_CALENDAR_MONTH":[200704,200705,200706,200707,200708,200709,200710,200711,200712,200801,200802,200803,200804,200805,200806,200807,200808,200809,200810,200811,200812,200901,200902,200903,200904,200908,200909,200910,200911,200912,201001,201003,201004,201005,201006,201007,201008,201009,201010,201011,201012,201101,201102,201103,201104,201105,201106,201107,201108,201109,201110,201111,201112,201201,201202,201203,201204,201205,201206,201207,201208,201209,201210,201211,201212,201301,201302,201303,201304,201305,201306,201307,201308,201309,201310,201311,201312,201401,201402,201403,201404,201405,201406,201407,201408,201409,201410,201411,201412,201501,201502,201503,201504,201505,201506,201507,201508,201509,201510,201511,201512,201601,201602,201603,201604,201605,201606,201607,201608,201609,201610,201611,201612,201701,201702,201703,201704,201705,201706,201707,201708,201709,201710,201711,201712,201801,201802,201803,201804,201805,201806,201807,201808,201809,201810,201811,201812],"Y_PREVALENCE_1000PP":[0.01173,0.00901,0.014,0.01259,0.01369,0.01232,0.01219,0.00845,0.00837,0.00708,0.00936,0.01044,0.01265,0.01141,0.01246,0.01011,0.00781,0.00665,0.00661,0.00985,0.01089,0.01091,0.00983,0.01311,0.01094,0.0066,0.01101,0.01102,0.01104,0.01216,0.00886,0.00667,0.00779,0.00892,0.01341,0.01902,0.01793,0.01684,0.02024,0.0214,0.01806,0.02036,0.0136,0.0159,0.01252,0.01369,0.01143,0.01145,0.01606,0.01839,0.01497,0.01269,0.01156,0.01158,0.0151,0.0163,0.01867,0.02339,0.02462,0.02468,0.03062,0.02952,0.0284,0.03321,0.02972,0.03099,0.03586,0.02995,0.03124,0.0277,0.03019,0.02906,0.03035,0.03409,0.0354,0.01713,0.02209,0.02708,0.02347,0.02973,0.03853,0.03118,0.02752,0.03638,0.03147,0.0341,0.04054,0.03813,0.04208,0.0448,0.0347,0.0387,0.03367,0.0325,0.03523,0.04061,0.03552,0.03303,0.03581,0.02664,0.02675,0.02418,0.0405,0.03662,0.04227,0.04659,0.04407,0.04153,0.03757,0.04057,0.03658,0.03678,0.03273,0.03723,0.03459,0.03047,0.02924,0.03384,0.03114,0.03888,0.03167,0.04108,0.03531,0.0372,0.03758,0.04274,0.0369,0.04387,0.05444,0.05196,0.0564,0.05771,0.06698,0.06673,0.08278,0.09533,0.12099]},"DRUG_FREQUENCY_DISTRIBUTION":{"Y_NUM_PERSONS":[0,0,0,0,0,0,0,0,0,0,0,0,0,0,0,0,0,0,0,0,0,0,0,0,0,0,0,0,0,0,0,0,0,0,0,0,0,0,0,0,0,0,0,0,0],"X_COUNT":[1,2,3,4,5,6,7,8,9,10,11,12,13,14,15,16,17,18,19,20,21,22,23,24,25,26,27,28,29,30,31,32,33,34,35,36,41,43,44,45,47,48,50,53,58]},"QUANTITY_DISTRIBUTION":{"CATEGORY":[],"MIN_VALUE":[],"P10_VALUE":[],"P25_VALUE":[],"MEDIAN_VALUE":[],"P75_VALUE":[],"P90_VALUE":[],"MAX_VALUE":[]},"REFILLS_DISTRIBUTION":{"CATEGORY":[],"MIN_VALUE":[],"P10_VALUE":[],"P25_VALUE":[],"MEDIAN_VALUE":[],"P75_VALUE":[],"P90_VALUE":[],"MAX_VALUE":[]}}
