{"AGE_AT_FIRST_EXPOSURE":{"CATEGORY":["MALE","FEMALE"],"MIN_VALUE":[29,13],"P10_VALUE":[40,30],"P25_VALUE":[44,39],"MEDIAN_VALUE":[60,52],"P75_VALUE":[69,63],"P90_VALUE":[76,77],"MAX_VALUE":[81,88]},"DAYS_SUPPLY_DISTRIBUTION":{"CATEGORY":"Days supply","MIN_VALUE":0,"P10_VALUE":2,"P25_VALUE":3,"MEDIAN_VALUE":14,"P75_VALUE":84,"P90_VALUE":133,"MAX_VALUE":280},"DRUGS_BY_TYPE":{"CONCEPT_NAME":"EHR","COUNT_VALUE":1559},"PREVALENCE_BY_GENDER_AGE_YEAR":{"TRELLIS_NAME":["40-49","50-59","50-59","50-59","50-59","50-59","50-59","50-59","50-59"],"SERIES_NAME":["FEMALE","FEMALE","FEMALE","FEMALE","FEMALE","FEMALE","FEMALE","FEMALE","FEMALE"],"X_CALENDAR_YEAR":[2006,2007,2008,2009,2012,2013,2014,2015,2016],"Y_PREVALENCE_1000PP":[0.09106,0.05863,0.0693,0.0521,0.07051,0.05359,0.09278,0.09794,0.08452]},"PREVALENCE_BY_MONTH":{"X_CALENDAR_MONTH":[200602,200604,200605,200606,200608,200609,200701,200702,200703,200704,200809,200812,200901,200903,200907,200908,200911,201004,201005,201007,201009,201010,201011,201101,201104,201105,201107,201110,201203,201204,201205,201207,201209,201210,201211,201212,201301,201305,201307,201309,201311,201312,201402,201403,201404,201405,201406,201407,201408,201409,201411,201501,201502,201503,201505,201506,201507,201509,201510,201511,201512,201601,201602,201603,201604,201605,201606,201608,201609,201611,201612,201702,201703,201705,201706,201707,201709,201711,201712,201801,201802,201803,201804,201806,201807,201808,201810,201812],"Y_PREVALENCE_1000PP":[0.01863,0.01206,0.01319,0.00951,0.00896,0.00875,0.00813,0.0107,0.00792,0.01043,0.00665,0.00762,0.00982,0.00765,0.00878,0.0066,0.00662,0.00668,0.00669,0.00783,0.00898,0.00675,0.00676,0.00679,0.00911,0.00798,0.0103,0.00806,0.00815,0.00817,0.00702,0.01058,0.00827,0.0071,0.00712,0.00713,0.00715,0.01084,0.0109,0.01096,0.01101,0.00982,0.00741,0.00867,0.01243,0.01122,0.00876,0.00753,0.00881,0.00884,0.0089,0.01024,0.009,0.01032,0.0078,0.00783,0.01179,0.00925,0.00928,0.01199,0.01204,0.01075,0.0135,0.01356,0.01363,0.00959,0.01102,0.0153,0.00979,0.01273,0.00854,0.01153,0.01016,0.00883,0.01186,0.00897,0.01065,0.01085,0.01253,0.01583,0.00963,0.00975,0.0099,0.01025,0.01224,0.01267,0.01486,0.03257]},"DRUG_FREQUENCY_DISTRIBUTION":{"Y_NUM_PERSONS":[0,0,0,0,0,0,0,0,0,0,0,0,0,0,0,0,0,0,0,0,0,0,0,0,0,0,0,0,0,0,0,0,0,0],"X_COUNT":[1,2,3,4,5,6,7,8,9,10,11,12,13,14,15,16,17,18,19,20,21,22,24,27,29,33,34,35,36,38,39,41,46,49]},"QUANTITY_DISTRIBUTION":{"CATEGORY":[],"MIN_VALUE":[],"P10_VALUE":[],"P25_VALUE":[],"MEDIAN_VALUE":[],"P75_VALUE":[],"P90_VALUE":[],"MAX_VALUE":[]},"REFILLS_DISTRIBUTION":{"CATEGORY":[],"MIN_VALUE":[],"P10_VALUE":[],"P25_VALUE":[],"MEDIAN_VALUE":[],"P75_VALUE":[],"P90_VALUE":[],"MAX_VALUE":[]}}
