{"AGE_AT_FIRST_EXPOSURE":{"CATEGORY":["MALE","FEMALE"],"MIN_VALUE":[21,20],"P10_VALUE":[48,48],"P25_VALUE":[55,56],"MEDIAN_VALUE":[62,63],"P75_VALUE":[69,69],"P90_VALUE":[75,76],"MAX_VALUE":[103,93]},"DAYS_SUPPLY_DISTRIBUTION":{"CATEGORY":"Days supply","MIN_VALUE":0,"P10_VALUE":3,"P25_VALUE":42,"MEDIAN_VALUE":107,"P75_VALUE":119,"P90_VALUE":168,"MAX_VALUE":364},"DRUGS_BY_TYPE":{"CONCEPT_NAME":"EHR","COUNT_VALUE":14697},"PREVALENCE_BY_GENDER_AGE_YEAR":{"TRELLIS_NAME":["40-49","70-79","60-69","60-69","30-39","30-39","50-59","80-89","50-59","80-89","70-79","40-49","40-49","80-89","40-49","30-39","70-79","50-59","30-39","50-59","60-69","20-29","20-29","70-79","60-69","80-89","30-39","40-49","80-89","70-79","50-59","20-29","20-29","30-39","70-79","50-59","40-49","60-69","80-89","60-69"],"SERIES_NAME":["FEMALE","MALE","MALE","FEMALE","MALE","FEMALE","FEMALE","MALE","MALE","FEMALE","FEMALE","MALE","FEMALE","FEMALE","MALE","FEMALE","MALE","FEMALE","MALE","MALE","MALE","MALE","FEMALE","FEMALE","FEMALE","MALE","MALE","FEMALE","FEMALE","FEMALE","FEMALE","FEMALE","MALE","FEMALE","MALE","MALE","MALE","FEMALE","MALE","MALE"],"X_CALENDAR_YEAR":[2016,2016,2016,2016,2016,2016,2016,2016,2016,2016,2016,2016,2017,2017,2017,2017,2017,2017,2017,2017,2017,2017,2017,2017,2017,2017,2018,2018,2018,2018,2018,2018,2018,2018,2018,2018,2018,2018,2018,2018],"Y_PREVALENCE_1000PP":[0.40732,0.66726,1.11782,0.71235,0.37517,0.24535,0.63391,0.20245,1.5797,0.27338,0.5652,1.28484,1.45243,0.69856,3.88428,0.70836,3.07649,2.29574,1.49152,5.71559,4.31318,0.3701,0.57048,1.67822,2.46982,1.08861,2.88364,2.85801,1.62796,4.02126,4.60728,1.1236,0.52219,1.23563,6.44716,10.98951,7.16811,4.85603,2.4389,9.20147]},"PREVALENCE_BY_MONTH":{"X_CALENDAR_MONTH":[201602,201603,201604,201605,201606,201607,201608,201609,201610,201611,201612,201701,201702,201703,201704,201705,201706,201707,201708,201709,201710,201711,201712,201801,201802,201803,201804,201805,201806,201807,201808,201809,201810,201811,201812],"Y_PREVALENCE_1000PP":[0.0135,0.02306,0.03136,0.0644,0.06198,0.09412,0.13357,0.1329,0.14209,0.19237,0.23054,0.25205,0.26522,0.36998,0.31284,0.43262,0.4982,0.44857,0.59712,0.59799,0.62184,0.68198,0.6452,0.81523,0.7605,0.95541,0.88256,1.07439,1.08353,1.08593,1.298,1.30598,1.62597,2.2526,3.39245]},"DRUG_FREQUENCY_DISTRIBUTION":{"Y_NUM_PERSONS":[0,0,0,0,0,0,0,0,0,0,0,0,0,0,0,0,0,0,0,0,0,0,0,0,0,0,0,0,0,0,0,0,0,0,0],"X_COUNT":[1,2,3,4,5,6,7,8,9,10,11,12,13,14,15,16,17,18,19,20,21,22,23,24,25,27,28,29,30,31,33,34,35,42,45]},"QUANTITY_DISTRIBUTION":{"CATEGORY":[],"MIN_VALUE":[],"P10_VALUE":[],"P25_VALUE":[],"MEDIAN_VALUE":[],"P75_VALUE":[],"P90_VALUE":[],"MAX_VALUE":[]},"REFILLS_DISTRIBUTION":{"CATEGORY":[],"MIN_VALUE":[],"P10_VALUE":[],"P25_VALUE":[],"MEDIAN_VALUE":[],"P75_VALUE":[],"P90_VALUE":[],"MAX_VALUE":[]}}
