{"AGE_AT_FIRST_EXPOSURE":{"CATEGORY":["MALE","FEMALE"],"MIN_VALUE":[17,13],"P10_VALUE":[49,48],"P25_VALUE":[58,61],"MEDIAN_VALUE":[68,75],"P75_VALUE":[77,83],"P90_VALUE":[82,88],"MAX_VALUE":[96,98]},"DAYS_SUPPLY_DISTRIBUTION":{"CATEGORY":"Days supply","MIN_VALUE":0,"P10_VALUE":0,"P25_VALUE":1,"MEDIAN_VALUE":1,"P75_VALUE":1,"P90_VALUE":2,"MAX_VALUE":99},"DRUGS_BY_TYPE":{"CONCEPT_NAME":"EHR","COUNT_VALUE":1836},"PREVALENCE_BY_GENDER_AGE_YEAR":{"TRELLIS_NAME":["70-79","40-49","50-59","60-69","50-59","40-49","60-69","70-79","60-69","70-79","60-69","50-59","60-69","70-79","70-79","60-69","50-59","50-59","80-89","60-69","60-69","50-59","70-79","80-89","70-79","60-69","70-79","50-59","80-89","70-79","60-69","60-69","80-89","70-79","80-89","70-79","80-89","70-79","80-89","80-89","60-69","70-79","70-79","80-89","70-79","70-79","80-89","60-69","90-99","80-89","80-89","70-79","70-79","80-89"],"SERIES_NAME":["FEMALE","FEMALE","MALE","FEMALE","FEMALE","MALE","MALE","MALE","MALE","MALE","FEMALE","MALE","MALE","FEMALE","MALE","FEMALE","MALE","FEMALE","FEMALE","MALE","FEMALE","MALE","FEMALE","MALE","MALE","FEMALE","FEMALE","MALE","FEMALE","MALE","MALE","MALE","FEMALE","MALE","FEMALE","FEMALE","FEMALE","MALE","FEMALE","MALE","MALE","FEMALE","MALE","FEMALE","MALE","FEMALE","MALE","MALE","FEMALE","FEMALE","FEMALE","FEMALE","MALE","MALE"],"X_CALENDAR_YEAR":[2006,2006,2006,2006,2006,2006,2006,2006,2007,2007,2007,2007,2008,2008,2008,2008,2008,2009,2009,2009,2009,2009,2009,2009,2009,2010,2010,2010,2010,2010,2010,2011,2011,2011,2013,2013,2014,2014,2015,2015,2016,2016,2016,2016,2017,2017,2017,2017,2017,2017,2018,2018,2018,2018],"Y_PREVALENCE_1000PP":[0.16265,0.11708,0.38266,0.19659,0.11331,0.14663,0.27334,0.11974,0.12132,0.13676,0.08789,0.15863,0.24516,0.18007,0.19285,0.13227,0.11561,0.06947,0.12657,0.18891,0.17701,0.1427,0.10443,0.22048,0.252,0.08457,0.14813,0.1331,0.2425,0.20222,0.17392,0.07916,0.11767,0.11944,0.11118,0.09018,0.12815,0.11527,0.19996,0.15262,0.09206,0.1884,0.19316,0.21871,0.16005,0.10877,0.17722,0.10954,0.61877,0.29413,0.2994,0.14028,0.16345,0.17971]},"PREVALENCE_BY_MONTH":{"X_CALENDAR_MONTH":[200601,200602,200603,200604,200605,200606,200607,200608,200609,200611,200612,200703,200705,200708,200710,200711,200712,200801,200802,200803,200804,200805,200806,200807,200808,200809,200810,200811,200812,200901,200902,200903,200904,200906,200907,200908,200909,200910,200911,200912,201001,201002,201003,201004,201005,201006,201007,201008,201009,201010,201011,201101,201103,201105,201401,201404,201412,201510,201601,201603,201604,201605,201606,201611,201612,201701,201702,201704,201706,201708,201712,201802,201803,201805,201807,201812],"Y_PREVALENCE_1000PP":[0.04206,0.01242,0.03823,0.01723,0.01978,0.02218,0.02919,0.01942,0.01459,0.01401,0.01378,0.00923,0.00901,0.01245,0.00854,0.01086,0.01076,0.00708,0.01053,0.01276,0.0092,0.01369,0.0068,0.01235,0.01673,0.01219,0.01541,0.01095,0.00871,0.01091,0.0131,0.01202,0.00985,0.01755,0.00878,0.01319,0.02202,0.01433,0.00662,0.01437,0.00997,0.0111,0.01778,0.01002,0.00669,0.01005,0.00783,0.01233,0.00898,0.009,0.01126,0.00792,0.01136,0.0114,0.00985,0.00746,0.00765,0.00796,0.00941,0.01085,0.00818,0.00959,0.00964,0.01132,0.00996,0.01146,0.01586,0.00877,0.01483,0.00905,0.0094,0.01444,0.013,0.01006,0.01049,0.02792]},"DRUG_FREQUENCY_DISTRIBUTION":{"Y_NUM_PERSONS":[0,0,0,0,0,0,0,0,0,0,0,0,0,0,0,0,0,0,0,0],"X_COUNT":[1,2,3,4,5,6,7,8,9,11,12,13,14,15,16,17,19,20,21,29]},"QUANTITY_DISTRIBUTION":{"CATEGORY":[],"MIN_VALUE":[],"P10_VALUE":[],"P25_VALUE":[],"MEDIAN_VALUE":[],"P75_VALUE":[],"P90_VALUE":[],"MAX_VALUE":[]},"REFILLS_DISTRIBUTION":{"CATEGORY":[],"MIN_VALUE":[],"P10_VALUE":[],"P25_VALUE":[],"MEDIAN_VALUE":[],"P75_VALUE":[],"P90_VALUE":[],"MAX_VALUE":[]}}
