{"AGE_AT_FIRST_EXPOSURE":{"CATEGORY":["MALE","FEMALE"],"MIN_VALUE":[20,26],"P10_VALUE":[47,45],"P25_VALUE":[55,59],"MEDIAN_VALUE":[64,66],"P75_VALUE":[72,72],"P90_VALUE":[80,81],"MAX_VALUE":[89,91]},"PREVALENCE_BY_GENDER_AGE_YEAR":{"TRELLIS_NAME":["60-69","50-59","50-59","70-79","60-69","60-69","50-59","70-79","40-49","60-69","70-79","80-89","60-69","70-79","60-69","40-49","50-59","80-89","60-69","60-69","50-59","70-79","70-79","60-69","50-59","80-89"],"SERIES_NAME":["MALE","MALE","MALE","MALE","MALE","FEMALE","MALE","MALE","MALE","MALE","FEMALE","MALE","FEMALE","MALE","MALE","MALE","MALE","FEMALE","FEMALE","FEMALE","FEMALE","FEMALE","MALE","MALE","MALE","MALE"],"X_CALENDAR_YEAR":[2014,2014,2015,2015,2015,2015,2016,2016,2016,2016,2016,2016,2016,2017,2017,2017,2017,2017,2017,2018,2018,2018,2018,2018,2018,2018],"Y_PREVALENCE_1000PP":[0.11755,0.09901,0.10683,0.1369,0.18173,0.09865,0.18486,0.14048,0.21414,0.24987,0.1413,0.25307,0.15613,0.16005,0.16431,0.32369,0.20888,0.1103,0.10867,0.11438,0.08277,0.12469,0.21793,0.26374,0.27247,0.17971]},"PREVALENCE_BY_MONTH":{"X_CALENDAR_MONTH":[201602,201705,201702,201810,201503,201612,201610,201708,201808,201803,201601,201504,201809,201802,201605,201510,201811,201801,201701,201609,201611,201712,201508,201805,201608,201709,201606,201711,201409,201405,201509,201812,201506,201502,201501,201710],"Y_PREVALENCE_1000PP":[0.01215,0.01619,0.01297,0.0191,0.00774,0.01138,0.01548,0.01508,0.01267,0.013,0.01209,0.00777,0.02288,0.02086,0.01096,0.00796,0.03269,0.01266,0.01146,0.01959,0.01556,0.01566,0.01316,0.01173,0.00974,0.00913,0.00826,0.01395,0.00758,0.00748,0.00793,0.02792,0.00783,0.00771,0.00768,0.01535]},"LENGTH_OF_ERA":{"CATEGORY":"Length of Era","MIN_VALUE":0,"P10_VALUE":3,"P25_VALUE":4,"MEDIAN_VALUE":21,"P75_VALUE":64,"P90_VALUE":209,"MAX_VALUE":1490}}
