{"AGE_AT_FIRST_EXPOSURE":{"CATEGORY":["MALE","FEMALE"],"MIN_VALUE":[22,21],"P10_VALUE":[44,36],"P25_VALUE":[54,44],"MEDIAN_VALUE":[60,56],"P75_VALUE":[68,63],"P90_VALUE":[73,69],"MAX_VALUE":[84,78]},"PREVALENCE_BY_GENDER_AGE_YEAR":{"TRELLIS_NAME":["50-59","50-59","40-49","60-69","50-59","50-59","60-69","50-59","60-69","70-79","60-69","70-79","60-69","50-59","60-69","50-59"],"SERIES_NAME":["MALE","FEMALE","MALE","FEMALE","FEMALE","MALE","MALE","MALE","FEMALE","MALE","MALE","MALE","FEMALE","FEMALE","MALE","MALE"],"X_CALENDAR_YEAR":[2015,2015,2016,2016,2016,2016,2016,2017,2017,2017,2017,2018,2018,2018,2018,2018],"Y_PREVALENCE_1000PP":[0.09157,0.06856,0.21414,0.09758,0.09509,0.21847,0.24987,0.18989,0.07903,0.12448,0.178,0.16345,0.07279,0.16553,0.11722,0.27247]},"PREVALENCE_BY_MONTH":{"X_CALENDAR_MONTH":[201802,201803,201708,201601,201703,201810,201605,201508,201512,201507,201608,201812,201604,201712,201807,201706,201603,201609,201801,201610,201704,201702,201804,201809,201811],"Y_PREVALENCE_1000PP":[0.00963,0.01137,0.01508,0.00941,0.01161,0.02547,0.00822,0.00789,0.00802,0.00917,0.01113,0.02792,0.01636,0.01253,0.01049,0.01186,0.00814,0.00839,0.02058,0.01266,0.01608,0.00865,0.01155,0.01144,0.01907]},"LENGTH_OF_ERA":{"CATEGORY":"Length of Era","MIN_VALUE":0,"P10_VALUE":0,"P25_VALUE":1,"MEDIAN_VALUE":1,"P75_VALUE":60,"P90_VALUE":93,"MAX_VALUE":215}}
