{"AGE_AT_FIRST_EXPOSURE":{"CATEGORY":["MALE","FEMALE"],"MIN_VALUE":[22,40],"P10_VALUE":[52,57],"P25_VALUE":[59,61],"MEDIAN_VALUE":[65,66],"P75_VALUE":[76,73],"P90_VALUE":[82,82],"MAX_VALUE":[89,91]},"PREVALENCE_BY_GENDER_AGE_YEAR":{"TRELLIS_NAME":["50-59","60-69","50-59","80-89","70-79","60-69","80-89","80-89","70-79","60-69","60-69","50-59"],"SERIES_NAME":["MALE","MALE","FEMALE","FEMALE","FEMALE","FEMALE","MALE","FEMALE","FEMALE","FEMALE","MALE","FEMALE"],"X_CALENDAR_YEAR":[2017,2017,2017,2017,2017,2017,2018,2018,2018,2018,2018,2018],"Y_PREVALENCE_1000PP":[0.13292,0.13693,0.1766,0.18383,0.13985,0.32602,0.23105,0.28068,0.23379,0.35354,0.21978,0.08277]},"PREVALENCE_BY_MONTH":{"X_CALENDAR_MONTH":[201804,201805,201712,201803,201810,201806,201706,201703,201705,201811,201809,201801,201707,201708,201709,201808,201807,201704,201812],"Y_PREVALENCE_1000PP":[0.01485,0.01509,0.01723,0.013,0.02759,0.02222,0.01038,0.02031,0.01619,0.02996,0.01525,0.01741,0.01944,0.01206,0.01065,0.01629,0.01749,0.03508,0.05584]},"LENGTH_OF_ERA":{"CATEGORY":"Length of Era","MIN_VALUE":0,"P10_VALUE":25,"P25_VALUE":66,"MEDIAN_VALUE":157,"P75_VALUE":302,"P90_VALUE":499,"MAX_VALUE":686}}
