{"AGE_AT_FIRST_EXPOSURE":{"CATEGORY":["MALE","FEMALE"],"MIN_VALUE":[23,21],"P10_VALUE":[58,57],"P25_VALUE":[67,66],"MEDIAN_VALUE":[77,77],"P75_VALUE":[84,84],"P90_VALUE":[88,88],"MAX_VALUE":[100,103]},"PREVALENCE_BY_GENDER_AGE_YEAR":{"TRELLIS_NAME":["60-69","80-89","70-79","60-69","90-99","60-69","70-79","50-59","50-59","80-89","80-89","40-49","80-89","30-39","80-89","60-69","90-99","40-49","60-69","70-79","50-59","50-59","70-79","50-59","60-69","90-99","80-89","80-89","70-79","90-99","50-59","60-69","70-79","40-49","90-99","50-59","80-89","40-49","50-59","80-89","60-69","70-79","70-79","60-69","40-49","30-39","50-59","80-89","70-79","70-79","90-99","90-99","80-89","60-69","60-69","50-59","70-79","50-59","80-89","90-99","50-59","80-89","90-99","60-69","70-79","40-49","60-69"],"SERIES_NAME":["FEMALE","FEMALE","FEMALE","FEMALE","FEMALE","MALE","MALE","MALE","FEMALE","FEMALE","MALE","FEMALE","MALE","FEMALE","FEMALE","FEMALE","FEMALE","FEMALE","MALE","MALE","MALE","FEMALE","FEMALE","FEMALE","FEMALE","MALE","MALE","FEMALE","MALE","FEMALE","MALE","MALE","FEMALE","FEMALE","FEMALE","FEMALE","FEMALE","FEMALE","MALE","MALE","MALE","FEMALE","MALE","FEMALE","FEMALE","FEMALE","MALE","MALE","FEMALE","MALE","MALE","FEMALE","FEMALE","FEMALE","MALE","FEMALE","MALE","MALE","MALE","MALE","FEMALE","FEMALE","FEMALE","FEMALE","FEMALE","FEMALE","MALE"],"X_CALENDAR_YEAR":[2012,2012,2013,2013,2013,2013,2013,2013,2013,2013,2013,2013,2014,2014,2014,2014,2014,2014,2014,2014,2014,2014,2014,2015,2015,2015,2015,2015,2015,2015,2015,2015,2015,2015,2016,2016,2016,2016,2016,2016,2016,2016,2016,2016,2017,2017,2017,2017,2017,2017,2017,2017,2017,2017,2017,2017,2018,2018,2018,2018,2018,2018,2018,2018,2018,2018,2018],"Y_PREVALENCE_1000PP":[0.1096,0.24799,0.61626,0.41102,0.99954,0.11746,0.22503,0.09349,0.26796,1.20442,0.36719,0.2648,0.69291,0.21847,2.12361,0.85419,1.86849,0.30369,0.24816,0.34581,0.09901,0.37111,1.54789,0.53868,1.20356,0.94892,1.01745,3.29019,0.46204,2.24002,0.15261,0.3375,1.96186,0.36773,2.54337,0.67617,3.68156,0.5431,0.13444,1.13881,0.31562,2.74751,0.54435,1.39544,0.55016,0.25001,0.1709,1.56962,3.06119,0.48015,2.47015,4.08391,5.62521,1.59056,0.28755,0.75347,0.83541,0.29517,1.89977,2.09726,1.11733,7.67201,6.50965,2.09007,4.17712,0.54962,0.42491]},"PREVALENCE_BY_MONTH":{"X_CALENDAR_MONTH":[201812,201211,201401,201703,201609,201809,201507,201402,201411,201711,201604,201612,201210,201307,201810,201706,201212,201606,201804,201705,201709,201504,201408,201310,201806,201801,201605,201603,201409,201511,201808,201509,201502,201404,201406,201803,201607,201608,201410,201306,201301,201308,201302,201512,201602,201707,201505,201303,201407,201510,201412,201501,201611,201506,201811,201708,201701,201712,201312,201802,201807,201503,201710,201508,201702,201601,201405,201309,201403,201305,201610,201704,201311,201304,201805],"Y_PREVALENCE_1000PP":[0.591,0.01423,0.04062,0.1654,0.11052,0.20781,0.09302,0.04076,0.05465,0.1736,0.09271,0.13234,0.01065,0.03753,0.29293,0.14234,0.01427,0.10192,0.18641,0.14274,0.11412,0.06346,0.05539,0.02563,0.25806,0.23112,0.12743,0.10445,0.0783,0.07059,0.25163,0.0938,0.08098,0.04599,0.05128,0.19173,0.08028,0.12383,0.06968,0.02657,0.02265,0.03642,0.02271,0.10299,0.08775,0.13008,0.0689,0.00958,0.06273,0.0955,0.07778,0.0896,0.12589,0.10569,0.38951,0.14777,0.116,0.18636,0.03559,0.17488,0.25006,0.1032,0.17504,0.09867,0.15567,0.1048,0.06235,0.0353,0.04336,0.03011,0.11255,0.11549,0.0465,0.02523,0.23466]},"LENGTH_OF_ERA":{"CATEGORY":"Length of Era","MIN_VALUE":0,"P10_VALUE":1,"P25_VALUE":37,"MEDIAN_VALUE":168,"P75_VALUE":351,"P90_VALUE":716,"MAX_VALUE":2359}}
