{"AGE_AT_FIRST_EXPOSURE":{"CATEGORY":["MALE","FEMALE"],"MIN_VALUE":[41,28],"P10_VALUE":[60,50],"P25_VALUE":[69,57],"MEDIAN_VALUE":[76,70],"P75_VALUE":[81,80],"P90_VALUE":[87,85],"MAX_VALUE":[94,90]},"PREVALENCE_BY_GENDER_AGE_YEAR":{"TRELLIS_NAME":["70-79","70-79","60-69","80-89","70-79","50-59","60-69","80-89","70-79","80-89"],"SERIES_NAME":["MALE","MALE","FEMALE","MALE","FEMALE","FEMALE","MALE","FEMALE","MALE","MALE"],"X_CALENDAR_YEAR":[2006,2017,2017,2017,2018,2018,2018,2018,2018,2018],"Y_PREVALENCE_1000PP":[0.11974,0.19561,0.05928,0.20253,0.1091,0.15174,0.13187,0.24326,0.56299,0.53913]},"PREVALENCE_BY_MONTH":{"X_CALENDAR_MONTH":[201812,201708,201710,201711,201609,201807,201811,201809,200602,201810,201804,201712,201808,201805,200601,201709,201803,201806],"Y_PREVALENCE_1000PP":[0.06515,0.00905,0.01535,0.01085,0.00839,0.01224,0.01907,0.02478,0.01656,0.01274,0.0231,0.0094,0.01991,0.02347,0.01577,0.00913,0.02112,0.01196]},"LENGTH_OF_ERA":{"CATEGORY":"Length of Era","MIN_VALUE":3,"P10_VALUE":84,"P25_VALUE":126,"MEDIAN_VALUE":224,"P75_VALUE":364,"P90_VALUE":617,"MAX_VALUE":1476}}
